  0
SECTION
  2
HEADER
  9
$ACADVER
  1
AC1032
  9
$ACADMAINTVER
 90
4
  9
$DWGCODEPAGE
  3
ANSI_1252
  9
$LASTSAVEDBY
  1
ezdxf
  9
$REQUIREDVERSIONS
160
0
  9
$INSBASE
 10
0.0
 20
0.0
 30
0.0
  9
$EXTMIN
 10
1e+20
 20
1e+20
 30
1e+20
  9
$EXTMAX
 10
-1e+20
 20
-1e+20
 30
-1e+20
  9
$LIMMIN
 10
0.0
 20
0.0
  9
$LIMMAX
 10
420.0
 20
297.0
  9
$ORTHOMODE
 70
0
  9
$REGENMODE
 70
1
  9
$FILLMODE
 70
1
  9
$QTEXTMODE
 70
0
  9
$MIRRTEXT
 70
1
  9
$LTSCALE
 40
1.0
  9
$ATTMODE
 70
1
  9
$TEXTSIZE
 40
2.5
  9
$TRACEWID
 40
1.0
  9
$TEXTSTYLE
  7
OpenSans
  9
$CLAYER
  8
0
  9
$CELTYPE
  6
ByLayer
  9
$CECOLOR
 62
256
  9
$CELTSCALE
 40
1.0
  9
$DISPSILH
 70
0
  9
$DIMSCALE
 40
1.0
  9
$DIMASZ
 40
0.175
  9
$DIMEXO
 40
0.125
  9
$DIMDLI
 40
3.75
  9
$DIMRND
 40
0.0
  9
$DIMDLE
 40
0.0
  9
$DIMEXE
 40
0.375
  9
$DIMTP
 40
0.0
  9
$DIMTM
 40
0.0
  9
$DIMTXT
 40
0.25
  9
$DIMCEN
 40
2.5
  9
$DIMTSZ
 40
0.0
  9
$DIMTOL
 70
0
  9
$DIMLIM
 70
0
  9
$DIMTIH
 70
0
  9
$DIMTOH
 70
0
  9
$DIMSE1
 70
0
  9
$DIMSE2
 70
0
  9
$DIMTAD
 70
1
  9
$DIMZIN
 70
12
  9
$DIMBLK
  1
ARCHTICK
  9
$DIMASO
 70
1
  9
$DIMSHO
 70
1
  9
$DIMPOST
  1

  9
$DIMAPOST
  1

  9
$DIMALT
 70
0
  9
$DIMALTD
 70
3
  9
$DIMALTF
 40
0.03937007874
  9
$DIMLFAC
 40
100.0
  9
$DIMTOFL
 70
1
  9
$DIMTVP
 40
0.0
  9
$DIMTIX
 70
0
  9
$DIMSOXD
 70
0
  9
$DIMSAH
 70
0
  9
$DIMBLK1
  1

  9
$DIMBLK2
  1

  9
$DIMSTYLE
  2
EZDXF
  9
$DIMCLRD
 70
0
  9
$DIMCLRE
 70
0
  9
$DIMCLRT
 70
0
  9
$DIMTFAC
 40
0.5
  9
$DIMGAP
 40
0.1
  9
$DIMJUST
 70
0
  9
$DIMSD1
 70
0
  9
$DIMSD2
 70
0
  9
$DIMTOLJ
 70
0
  9
$DIMTZIN
 70
8
  9
$DIMALTZ
 70
0
  9
$DIMALTTZ
 70
0
  9
$DIMUPT
 70
1
  9
$DIMDEC
 70
2
  9
$DIMTDEC
 70
2
  9
$DIMALTU
 70
2
  9
$DIMALTTD
 70
3
  9
$DIMTXSTY
  7
OpenSansCondensed-Light
  9
$DIMAUNIT
 70
0
  9
$DIMADEC
 70
2
  9
$DIMALTRND
 40
0.0
  9
$DIMAZIN
 70
3
  9
$DIMDSEP
 70
46
  9
$DIMATFIT
 70
3
  9
$DIMFRAC
 70
0
  9
$DIMLDRBLK
  1

  9
$DIMLUNIT
 70
2
  9
$DIMLWD
 70
-2
  9
$DIMLWE
 70
-2
  9
$DIMTMOVE
 70
2
  9
$DIMFXL
 40
1.0
  9
$DIMFXLON
 70
0
  9
$DIMJOGANG
 40
0.785398163397
  9
$DIMTFILL
 70
0
  9
$DIMTFILLCLR
 70
0
  9
$DIMARCSYM
 70
0
  9
$DIMLTYPE
  6

  9
$DIMLTEX1
  6

  9
$DIMLTEX2
  6

  9
$DIMTXTDIRECTION
 70
0
  9
$LUNITS
 70
2
  9
$LUPREC
 70
4
  9
$SKETCHINC
 40
1.0
  9
$FILLETRAD
 40
10.0
  9
$AUNITS
 70
0
  9
$AUPREC
 70
2
  9
$MENU
  1
.
  9
$ELEVATION
 40
0.0
  9
$PELEVATION
 40
0.0
  9
$THICKNESS
 40
0.0
  9
$LIMCHECK
 70
0
  9
$CHAMFERA
 40
0.0
  9
$CHAMFERB
 40
0.0
  9
$CHAMFERC
 40
0.0
  9
$CHAMFERD
 40
0.0
  9
$SKPOLY
 70
0
  9
$TDCREATE
 40
2461310.6975115743
  9
$TDUCREATE
 40
2458532.153996898
  9
$TDUPDATE
 40
2461310.6975115743
  9
$TDUUPDATE
 40
2458532.1544311
  9
$TDINDWG
 40
0.0
  9
$TDUSRTIMER
 40
0.0
  9
$USRTIMER
 70
1
  9
$ANGBASE
 50
0.0
  9
$ANGDIR
 70
0
  9
$PDMODE
 70
0
  9
$PDSIZE
 40
0.0
  9
$PLINEWID
 40
0.0
  9
$SPLFRAME
 70
0
  9
$SPLINETYPE
 70
6
  9
$SPLINESEGS
 70
8
  9
$HANDSEED
  5
241
  9
$SURFTAB1
 70
6
  9
$SURFTAB2
 70
6
  9
$SURFTYPE
 70
6
  9
$SURFU
 70
6
  9
$SURFV
 70
6
  9
$UCSBASE
  2

  9
$UCSNAME
  2

  9
$UCSORG
 10
0.0
 20
0.0
 30
0.0
  9
$UCSXDIR
 10
1.0
 20
0.0
 30
0.0
  9
$UCSYDIR
 10
0.0
 20
1.0
 30
0.0
  9
$UCSORTHOREF
  2

  9
$UCSORTHOVIEW
 70
0
  9
$UCSORGTOP
 10
0.0
 20
0.0
 30
0.0
  9
$UCSORGBOTTOM
 10
0.0
 20
0.0
 30
0.0
  9
$UCSORGLEFT
 10
0.0
 20
0.0
 30
0.0
  9
$UCSORGRIGHT
 10
0.0
 20
0.0
 30
0.0
  9
$UCSORGFRONT
 10
0.0
 20
0.0
 30
0.0
  9
$UCSORGBACK
 10
0.0
 20
0.0
 30
0.0
  9
$PUCSBASE
  2

  9
$PUCSNAME
  2

  9
$PUCSORG
 10
0.0
 20
0.0
 30
0.0
  9
$PUCSXDIR
 10
1.0
 20
0.0
 30
0.0
  9
$PUCSYDIR
 10
0.0
 20
1.0
 30
0.0
  9
$PUCSORTHOREF
  2

  9
$PUCSORTHOVIEW
 70
0
  9
$PUCSORGTOP
 10
0.0
 20
0.0
 30
0.0
  9
$PUCSORGBOTTOM
 10
0.0
 20
0.0
 30
0.0
  9
$PUCSORGLEFT
 10
0.0
 20
0.0
 30
0.0
  9
$PUCSORGRIGHT
 10
0.0
 20
0.0
 30
0.0
  9
$PUCSORGFRONT
 10
0.0
 20
0.0
 30
0.0
  9
$PUCSORGBACK
 10
0.0
 20
0.0
 30
0.0
  9
$USERI1
 70
0
  9
$USERI2
 70
0
  9
$USERI3
 70
0
  9
$USERI4
 70
0
  9
$USERI5
 70
0
  9
$USERR1
 40
0.0
  9
$USERR2
 40
0.0
  9
$USERR3
 40
0.0
  9
$USERR4
 40
0.0
  9
$USERR5
 40
0.0
  9
$WORLDVIEW
 70
1
  9
$SHADEDGE
 70
3
  9
$SHADEDIF
 70
70
  9
$TILEMODE
 70
1
  9
$MAXACTVP
 70
64
  9
$PINSBASE
 10
0.0
 20
0.0
 30
0.0
  9
$PLIMCHECK
 70
0
  9
$PEXTMIN
 10
1e+20
 20
1e+20
 30
1e+20
  9
$PEXTMAX
 10
-1e+20
 20
-1e+20
 30
-1e+20
  9
$PLIMMIN
 10
0.0
 20
0.0
  9
$PLIMMAX
 10
420.0
 20
297.0
  9
$UNITMODE
 70
0
  9
$VISRETAIN
 70
1
  9
$PLINEGEN
 70
0
  9
$PSLTSCALE
 70
1
  9
$TREEDEPTH
 70
3020
  9
$CMLSTYLE
  2
Standard
  9
$CMLJUST
 70
0
  9
$CMLSCALE
 40
20.0
  9
$PROXYGRAPHICS
 70
1
  9
$MEASUREMENT
 70
1
  9
$CELWEIGHT
370
-1
  9
$ENDCAPS
280
0
  9
$JOINSTYLE
280
0
  9
$LWDISPLAY
290
0
  9
$INSUNITS
 70
4
  9
$HYPERLINKBASE
  1

  9
$STYLESHEET
  1

  9
$XEDIT
290
1
  9
$CEPSNTYPE
380
0
  9
$PSTYLEMODE
290
1
  9
$FINGERPRINTGUID
  2
{63472E91-36DD-48D6-A5EB-BF61C3F9BCE3}
  9
$VERSIONGUID
  2
{4CAF6AF6-DA30-4CE1-AFD5-DAFD28A257AC}
  9
$EXTNAMES
290
1
  9
$PSVPSCALE
 40
0.0
  9
$OLESTARTUP
290
0
  9
$SORTENTS
280
127
  9
$INDEXCTL
280
0
  9
$HIDETEXT
280
1
  9
$XCLIPFRAME
280
1
  9
$HALOGAP
280
0
  9
$OBSCOLOR
 70
257
  9
$OBSLTYPE
280
0
  9
$INTERSECTIONDISPLAY
280
0
  9
$INTERSECTIONCOLOR
 70
257
  9
$DIMASSOC
280
2
  9
$PROJECTNAME
  1

  9
$CAMERADISPLAY
290
0
  9
$LENSLENGTH
 40
50.0
  9
$CAMERAHEIGHT
 40
0.0
  9
$STEPSPERSEC
 40
24.0
  9
$STEPSIZE
 40
100.0
  9
$3DDWFPREC
 40
2.0
  9
$PSOLWIDTH
 40
0.005
  9
$PSOLHEIGHT
 40
0.08
  9
$LOFTANG1
 40
1.570796326795
  9
$LOFTANG2
 40
1.570796326795
  9
$LOFTMAG1
 40
0.0
  9
$LOFTMAG2
 40
0.0
  9
$LOFTPARAM
 70
7
  9
$LOFTNORMALS
280
1
  9
$LATITUDE
 40
37.795
  9
$LONGITUDE
 40
-122.394
  9
$NORTHDIRECTION
 40
0.0
  9
$TIMEZONE
 70
-8000
  9
$LIGHTGLYPHDISPLAY
280
1
  9
$TILEMODELIGHTSYNCH
280
1
  9
$CMATERIAL
347
20
  9
$SOLIDHIST
280
0
  9
$SHOWHIST
280
1
  9
$DWFFRAME
280
2
  9
$DGNFRAME
280
2
  9
$REALWORLDSCALE
290
1
  9
$INTERFERECOLOR
 62
256
  9
$CSHADOW
280
0
  9
$SHADOWPLANELOCATION
 40
0.0
  0
ENDSEC
  0
SECTION
  2
CLASSES
  0
CLASS
  1
ACDBDICTIONARYWDFLT
  2
AcDbDictionaryWithDefault
  3
ObjectDBX Classes
 90
0
 91
0
280
0
281
0
  0
CLASS
  1
SUN
  2
AcDbSun
  3
SCENEOE
 90
1153
 91
0
280
0
281
0
  0
CLASS
  1
VISUALSTYLE
  2
AcDbVisualStyle
  3
ObjectDBX Classes
 90
4095
 91
0
280
0
281
0
  0
CLASS
  1
MATERIAL
  2
AcDbMaterial
  3
ObjectDBX Classes
 90
1153
 91
0
280
0
281
0
  0
CLASS
  1
SCALE
  2
AcDbScale
  3
ObjectDBX Classes
 90
1153
 91
0
280
0
281
0
  0
CLASS
  1
TABLESTYLE
  2
AcDbTableStyle
  3
ObjectDBX Classes
 90
4095
 91
0
280
0
281
0
  0
CLASS
  1
MLEADERSTYLE
  2
AcDbMLeaderStyle
  3
ACDB_MLEADERSTYLE_CLASS
 90
4095
 91
0
280
0
281
0
  0
CLASS
  1
DICTIONARYVAR
  2
AcDbDictionaryVar
  3
ObjectDBX Classes
 90
0
 91
0
280
0
281
0
  0
CLASS
  1
CELLSTYLEMAP
  2
AcDbCellStyleMap
  3
ObjectDBX Classes
 90
1152
 91
0
280
0
281
0
  0
CLASS
  1
MENTALRAYRENDERSETTINGS
  2
AcDbMentalRayRenderSettings
  3
SCENEOE
 90
1024
 91
0
280
0
281
0
  0
CLASS
  1
ACDBDETAILVIEWSTYLE
  2
AcDbDetailViewStyle
  3
ObjectDBX Classes
 90
1025
 91
0
280
0
281
0
  0
CLASS
  1
ACDBSECTIONVIEWSTYLE
  2
AcDbSectionViewStyle
  3
ObjectDBX Classes
 90
1025
 91
0
280
0
281
0
  0
CLASS
  1
RASTERVARIABLES
  2
AcDbRasterVariables
  3
ISM
 90
0
 91
0
280
0
281
0
  0
CLASS
  1
LAYOUT
  2
AcDbLayout
  3
ObjectDBX Classes
 90
0
 91
0
280
0
281
0
  0
CLASS
  1
ACDBPLACEHOLDER
  2
AcDbPlaceHolder
  3
ObjectDBX Classes
 90
0
 91
0
280
0
281
0
  0
ENDSEC
  0
SECTION
  2
TABLES
  0
TABLE
  2
VPORT
  5
8
330
0
100
AcDbSymbolTable
 70
1
  0
VPORT
  5
23
330
8
100
AcDbSymbolTableRecord
100
AcDbViewportTableRecord
  2
*Active
 70
0
 10
0.0
 20
0.0
 11
1.0
 21
1.0
 12
0.0
 22
0.0
 13
0.0
 23
0.0
 14
0.5
 24
0.5
 15
0.5
 25
0.5
 16
0.0
 26
0.0
 36
1.0
 17
0.0
 27
0.0
 37
0.0
 40
1000.0
 41
1.34
 42
50.0
 43
0.0
 44
0.0
 50
0.0
 51
0.0
 71
0
 72
1000
 73
1
 74
3
 75
0
 76
0
 77
0
 78
0
281
0
 65
0
146
0.0
  0
ENDTAB
  0
TABLE
  2
LTYPE
  5
2
330
0
100
AcDbSymbolTable
 70
21
  0
LTYPE
  5
24
330
2
100
AcDbSymbolTableRecord
100
AcDbLinetypeTableRecord
  2
ByBlock
 70
0
  3

 72
65
 73
0
 40
0.0
  0
LTYPE
  5
25
330
2
100
AcDbSymbolTableRecord
100
AcDbLinetypeTableRecord
  2
ByLayer
 70
0
  3

 72
65
 73
0
 40
0.0
  0
LTYPE
  5
26
330
2
100
AcDbSymbolTableRecord
100
AcDbLinetypeTableRecord
  2
Continuous
 70
0
  3

 72
65
 73
0
 40
0.0
  0
LTYPE
  5
2F
330
2
100
AcDbSymbolTableRecord
100
AcDbLinetypeTableRecord
  2
CENTER
 70
0
  3
Center ____ _ ____ _ ____ _ ____ _ ____ _ ____
 72
65
 73
4
 40
5.08
 49
3.175
 74
0
 49
-0.635
 74
0
 49
0.635
 74
0
 49
-0.635
 74
0
  0
LTYPE
  5
30
330
2
100
AcDbSymbolTableRecord
100
AcDbLinetypeTableRecord
  2
CENTERX2
 70
0
  3
Center (2x) ________  __  ________  __  ________
 72
65
 73
4
 40
8.89
 49
6.35
 74
0
 49
-0.635
 74
0
 49
1.27
 74
0
 49
-0.635
 74
0
  0
LTYPE
  5
31
330
2
100
AcDbSymbolTableRecord
100
AcDbLinetypeTableRecord
  2
CENTER2
 70
0
  3
Center (.5x) ____ _ ____ _ ____ _ ____ _ ____
 72
65
 73
4
 40
2.54
 49
1.587
 74
0
 49
-0.318
 74
0
 49
0.318
 74
0
 49
-0.318
 74
0
  0
LTYPE
  5
32
330
2
100
AcDbSymbolTableRecord
100
AcDbLinetypeTableRecord
  2
DASHED
 70
0
  3
Dashed __ __ __ __ __ __ __ __ __ __ __ __ __ _
 72
65
 73
2
 40
1.524
 49
1.27
 74
0
 49
-0.254
 74
0
  0
LTYPE
  5
33
330
2
100
AcDbSymbolTableRecord
100
AcDbLinetypeTableRecord
  2
DASHEDX2
 70
0
  3
Dashed (2x) ____  ____  ____  ____  ____  ____
 72
65
 73
2
 40
3.048
 49
2.54
 74
0
 49
-0.508
 74
0
  0
LTYPE
  5
34
330
2
100
AcDbSymbolTableRecord
100
AcDbLinetypeTableRecord
  2
DASHED2
 70
0
  3
Dashed (.5x) _ _ _ _ _ _ _ _ _ _ _ _ _ _
 72
65
 73
2
 40
0.762
 49
0.635
 74
0
 49
-0.127
 74
0
  0
LTYPE
  5
35
330
2
100
AcDbSymbolTableRecord
100
AcDbLinetypeTableRecord
  2
PHANTOM
 70
0
  3
Phantom ______  __  __  ______  __  __  ______
 72
65
 73
6
 40
6.35
 49
3.175
 74
0
 49
-0.635
 74
0
 49
0.635
 74
0
 49
-0.635
 74
0
 49
0.635
 74
0
 49
-0.635
 74
0
  0
LTYPE
  5
36
330
2
100
AcDbSymbolTableRecord
100
AcDbLinetypeTableRecord
  2
PHANTOMX2
 70
0
  3
Phantom (2x)____________    ____    ____    ____________
 72
65
 73
6
 40
10.795
 49
6.35
 74
0
 49
-0.635
 74
0
 49
1.27
 74
0
 49
-0.635
 74
0
 49
1.27
 74
0
 49
-0.635
 74
0
  0
LTYPE
  5
37
330
2
100
AcDbSymbolTableRecord
100
AcDbLinetypeTableRecord
  2
PHANTOM2
 70
0
  3
Phantom (.5x) ___ _ _ ___ _ _ ___ _ _ ___ _ _ ___
 72
65
 73
6
 40
3.175
 49
1.587
 74
0
 49
-0.318
 74
0
 49
0.318
 74
0
 49
-0.318
 74
0
 49
0.318
 74
0
 49
-0.318
 74
0
  0
LTYPE
  5
38
330
2
100
AcDbSymbolTableRecord
100
AcDbLinetypeTableRecord
  2
DASHDOT
 70
0
  3
Dash dot __ . __ . __ . __ . __ . __ . __ . __
 72
65
 73
4
 40
3.556
 49
2.54
 74
0
 49
-0.508
 74
0
 49
0.0
 74
0
 49
-0.508
 74
0
  0
LTYPE
  5
39
330
2
100
AcDbSymbolTableRecord
100
AcDbLinetypeTableRecord
  2
DASHDOTX2
 70
0
  3
Dash dot (2x) ____  .  ____  .  ____  .  ____
 72
65
 73
4
 40
6.096
 49
5.08
 74
0
 49
-0.508
 74
0
 49
0.0
 74
0
 49
-0.508
 74
0
  0
LTYPE
  5
3A
330
2
100
AcDbSymbolTableRecord
100
AcDbLinetypeTableRecord
  2
DASHDOT2
 70
0
  3
Dash dot (.5x) _ . _ . _ . _ . _ . _ . _ . _
 72
65
 73
4
 40
1.778
 49
1.27
 74
0
 49
-0.254
 74
0
 49
0.0
 74
0
 49
-0.254
 74
0
  0
LTYPE
  5
3B
330
2
100
AcDbSymbolTableRecord
100
AcDbLinetypeTableRecord
  2
DOT
 70
0
  3
Dot .  .  .  .  .  .  .  .  .  .  .  .  .  .  .  .
 72
65
 73
2
 40
0.508
 49
0.0
 74
0
 49
-0.508
 74
0
  0
LTYPE
  5
3C
330
2
100
AcDbSymbolTableRecord
100
AcDbLinetypeTableRecord
  2
DOTX2
 70
0
  3
Dot (2x) .    .    .    .    .    .    .    . 
 72
65
 73
2
 40
1.016
 49
0.0
 74
0
 49
-1.016
 74
0
  0
LTYPE
  5
3D
330
2
100
AcDbSymbolTableRecord
100
AcDbLinetypeTableRecord
  2
DOT2
 70
0
  3
Dot (.5) . . . . . . . . . . . . . . . . . . . 
 72
65
 73
2
 40
0.254
 49
0.0
 74
0
 49
-0.254
 74
0
  0
LTYPE
  5
3E
330
2
100
AcDbSymbolTableRecord
100
AcDbLinetypeTableRecord
  2
DIVIDE
 70
0
  3
Divide __ . . __ . . __ . . __ . . __ . . __
 72
65
 73
6
 40
4.064
 49
2.54
 74
0
 49
-0.508
 74
0
 49
0.0
 74
0
 49
-0.508
 74
0
 49
0.0
 74
0
 49
-0.508
 74
0
  0
LTYPE
  5
3F
330
2
100
AcDbSymbolTableRecord
100
AcDbLinetypeTableRecord
  2
DIVIDEX2
 70
0
  3
Divide (2x) ____  . .  ____  . .  ____  . .  ____
 72
65
 73
6
 40
6.604
 49
5.08
 74
0
 49
-0.508
 74
0
 49
0.0
 74
0
 49
-0.508
 74
0
 49
0.0
 74
0
 49
-0.508
 74
0
  0
LTYPE
  5
40
330
2
100
AcDbSymbolTableRecord
100
AcDbLinetypeTableRecord
  2
DIVIDE2
 70
0
  3
Divide(.5x) _ . _ . _ . _ . _ . _ . _ . _
 72
65
 73
6
 40
2.032
 49
1.27
 74
0
 49
-0.254
 74
0
 49
0.0
 74
0
 49
-0.254
 74
0
 49
0.0
 74
0
 49
-0.254
 74
0
  0
ENDTAB
  0
TABLE
  2
LAYER
  5
1
330
0
100
AcDbSymbolTable
 70
4
  0
LAYER
  5
27
330
1
100
AcDbSymbolTableRecord
100
AcDbLayerTableRecord
  2
0
 70
0
 62
7
  6
Continuous
370
-3
390
13
347
21
  0
LAYER
  5
28
330
1
100
AcDbSymbolTableRecord
100
AcDbLayerTableRecord
  2
Defpoints
 70
0
 62
7
  6
Continuous
290
0
370
-3
390
13
347
21
  0
LAYER
  5
8A
330
1
100
AcDbSymbolTableRecord
100
AcDbLayerTableRecord
  2
LIB-PLAN
 70
0
 62
7
  6
Continuous
370
-3
390
13
347
21
  0
LAYER
  5
8B
330
1
100
AcDbSymbolTableRecord
100
AcDbLayerTableRecord
  2
LIB-ANNOTATION
 70
0
 62
8
  6
Continuous
370
-3
390
13
347
21
  0
ENDTAB
  0
TABLE
  2
STYLE
  5
5
330
0
100
AcDbSymbolTable
 70
26
  0
STYLE
  5
29
330
5
100
AcDbSymbolTableRecord
100
AcDbTextStyleTableRecord
  2
Standard
 70
0
 40
0.0
 41
1.0
 50
0.0
 71
0
 42
2.5
  3
txt
  4

  0
STYLE
  5
41
330
5
100
AcDbSymbolTableRecord
100
AcDbTextStyleTableRecord
  2
OpenSans-Light
 70
0
 40
0.0
 41
1.0
 50
0.0
 71
0
 42
2.5
  3
OpenSans-Light.ttf
  4

  0
STYLE
  5
42
330
5
100
AcDbSymbolTableRecord
100
AcDbTextStyleTableRecord
  2
OpenSans-Light-Italic
 70
0
 40
0.0
 41
1.0
 50
0.0
 71
0
 42
2.5
  3
OpenSans-LightItalic.ttf
  4

  0
STYLE
  5
43
330
5
100
AcDbSymbolTableRecord
100
AcDbTextStyleTableRecord
  2
OpenSans
 70
0
 40
0.0
 41
1.0
 50
0.0
 71
0
 42
2.5
  3
OpenSans-Regular.ttf
  4

  0
STYLE
  5
44
330
5
100
AcDbSymbolTableRecord
100
AcDbTextStyleTableRecord
  2
OpenSans-Italic
 70
0
 40
0.0
 41
1.0
 50
0.0
 71
0
 42
2.5
  3
OpenSans-Italic.ttf
  4

  0
STYLE
  5
45
330
5
100
AcDbSymbolTableRecord
100
AcDbTextStyleTableRecord
  2
OpenSans-SemiBold
 70
0
 40
0.0
 41
1.0
 50
0.0
 71
0
 42
2.5
  3
OpenSans-SemiBold.ttf
  4

  0
STYLE
  5
46
330
5
100
AcDbSymbolTableRecord
100
AcDbTextStyleTableRecord
  2
OpenSans-SemiBoldItalic
 70
0
 40
0.0
 41
1.0
 50
0.0
 71
0
 42
2.5
  3
OpenSans-SemiBoldItalic.ttf
  4

  0
STYLE
  5
47
330
5
100
AcDbSymbolTableRecord
100
AcDbTextStyleTableRecord
  2
OpenSans-Bold
 70
0
 40
0.0
 41
1.0
 50
0.0
 71
0
 42
2.5
  3
OpenSans-Bold.ttf
  4

  0
STYLE
  5
48
330
5
100
AcDbSymbolTableRecord
100
AcDbTextStyleTableRecord
  2
OpenSans-BoldItalic
 70
0
 40
0.0
 41
1.0
 50
0.0
 71
0
 42
2.5
  3
OpenSans-BoldItalic.ttf
  4

  0
STYLE
  5
49
330
5
100
AcDbSymbolTableRecord
100
AcDbTextStyleTableRecord
  2
OpenSans-ExtraBold
 70
0
 40
0.0
 41
1.0
 50
0.0
 71
0
 42
2.5
  3
OpenSans-ExtraBold.ttf
  4

  0
STYLE
  5
4A
330
5
100
AcDbSymbolTableRecord
100
AcDbTextStyleTableRecord
  2
OpenSans-ExtraBoldItalic
 70
0
 40
0.0
 41
1.0
 50
0.0
 71
0
 42
2.5
  3
OpenSans-ExtraBoldItalic.ttf
  4

  0
STYLE
  5
4B
330
5
100
AcDbSymbolTableRecord
100
AcDbTextStyleTableRecord
  2
OpenSansCondensed-Bold
 70
0
 40
0.0
 41
1.0
 50
0.0
 71
0
 42
2.5
  3
OpenSansCondensed-Bold.ttf
  4

  0
STYLE
  5
4C
330
5
100
AcDbSymbolTableRecord
100
AcDbTextStyleTableRecord
  2
OpenSansCondensed-Light
 70
0
 40
0.0
 41
1.0
 50
0.0
 71
0
 42
2.5
  3
OpenSansCondensed-Light.ttf
  4

  0
STYLE
  5
4D
330
5
100
AcDbSymbolTableRecord
100
AcDbTextStyleTableRecord
  2
OpenSansCondensed-Italic
 70
0
 40
0.0
 41
1.0
 50
0.0
 71
0
 42
2.5
  3
OpenSansCondensed-LightItalic.ttf
  4

  0
STYLE
  5
4E
330
5
100
AcDbSymbolTableRecord
100
AcDbTextStyleTableRecord
  2
LiberationSans
 70
0
 40
0.0
 41
1.0
 50
0.0
 71
0
 42
2.5
  3
LiberationSans-Regular.ttf
  4

  0
STYLE
  5
4F
330
5
100
AcDbSymbolTableRecord
100
AcDbTextStyleTableRecord
  2
LiberationSans-Bold
 70
0
 40
0.0
 41
1.0
 50
0.0
 71
0
 42
2.5
  3
LiberationSans-Bold.ttf
  4

  0
STYLE
  5
50
330
5
100
AcDbSymbolTableRecord
100
AcDbTextStyleTableRecord
  2
LiberationSans-BoldItalic
 70
0
 40
0.0
 41
1.0
 50
0.0
 71
0
 42
2.5
  3
LiberationSans-BoldItalic.ttf
  4

  0
STYLE
  5
51
330
5
100
AcDbSymbolTableRecord
100
AcDbTextStyleTableRecord
  2
LiberationSans-Italic
 70
0
 40
0.0
 41
1.0
 50
0.0
 71
0
 42
2.5
  3
LiberationSans-Italic.ttf
  4

  0
STYLE
  5
52
330
5
100
AcDbSymbolTableRecord
100
AcDbTextStyleTableRecord
  2
LiberationSerif
 70
0
 40
0.0
 41
1.0
 50
0.0
 71
0
 42
2.5
  3
LiberationSerif-Regular.ttf
  4

  0
STYLE
  5
53
330
5
100
AcDbSymbolTableRecord
100
AcDbTextStyleTableRecord
  2
LiberationSerif-Bold
 70
0
 40
0.0
 41
1.0
 50
0.0
 71
0
 42
2.5
  3
LiberationSerif-Bold.ttf
  4

  0
STYLE
  5
54
330
5
100
AcDbSymbolTableRecord
100
AcDbTextStyleTableRecord
  2
LiberationSerif-BoldItalic
 70
0
 40
0.0
 41
1.0
 50
0.0
 71
0
 42
2.5
  3
LiberationSerif-BoldItalic.ttf
  4

  0
STYLE
  5
55
330
5
100
AcDbSymbolTableRecord
100
AcDbTextStyleTableRecord
  2
LiberationSerif-Italic
 70
0
 40
0.0
 41
1.0
 50
0.0
 71
0
 42
2.5
  3
LiberationSerif-Italic.ttf
  4

  0
STYLE
  5
56
330
5
100
AcDbSymbolTableRecord
100
AcDbTextStyleTableRecord
  2
LiberationMono
 70
0
 40
0.0
 41
1.0
 50
0.0
 71
0
 42
2.5
  3
LiberationMono-Regular.ttf
  4

  0
STYLE
  5
57
330
5
100
AcDbSymbolTableRecord
100
AcDbTextStyleTableRecord
  2
LiberationMono-Bold
 70
0
 40
0.0
 41
1.0
 50
0.0
 71
0
 42
2.5
  3
LiberationMono-Bold.ttf
  4

  0
STYLE
  5
58
330
5
100
AcDbSymbolTableRecord
100
AcDbTextStyleTableRecord
  2
LiberationMono-BoldItalic
 70
0
 40
0.0
 41
1.0
 50
0.0
 71
0
 42
2.5
  3
LiberationMono-BoldItalic.ttf
  4

  0
STYLE
  5
59
330
5
100
AcDbSymbolTableRecord
100
AcDbTextStyleTableRecord
  2
LiberationMono-Italic
 70
0
 40
0.0
 41
1.0
 50
0.0
 71
0
 42
2.5
  3
LiberationMono-Italic.ttf
  4

  0
ENDTAB
  0
TABLE
  2
VIEW
  5
7
330
0
100
AcDbSymbolTable
 70
0
  0
ENDTAB
  0
TABLE
  2
UCS
  5
6
330
0
100
AcDbSymbolTable
 70
0
  0
ENDTAB
  0
TABLE
  2
APPID
  5
3
330
0
100
AcDbSymbolTable
 70
3
  0
APPID
  5
2A
330
3
100
AcDbSymbolTableRecord
100
AcDbRegAppTableRecord
  2
ACAD
 70
0
  0
APPID
  5
23E
330
3
100
AcDbSymbolTableRecord
100
AcDbRegAppTableRecord
  2
HATCHBACKGROUNDCOLOR
 70
0
  0
APPID
  5
23F
330
3
100
AcDbSymbolTableRecord
100
AcDbRegAppTableRecord
  2
EZDXF
 70
0
  0
ENDTAB
  0
TABLE
  2
DIMSTYLE
  5
4
330
0
100
AcDbSymbolTable
 70
12
100
AcDbDimStyleTable
  0
DIMSTYLE
105
2B
330
4
100
AcDbSymbolTableRecord
100
AcDbDimStyleTableRecord
  2
Standard
 70
0
 40
1.0
 41
2.5
 42
0.625
 43
3.75
 44
1.25
 45
0.0
 46
0.0
 47
0.0
 48
0.0
 49
2.5
140
2.5
141
2.5
142
0.0
143
0.03937007874
144
1.0
145
0.0
146
1.0
147
0.625
148
0.0
 69
0
 70
0
 71
0
 72
0
 73
0
 74
0
 75
0
 76
0
 77
1
 78
8
 79
3
170
0
171
3
172
1
173
0
174
0
175
0
176
0
177
0
178
0
179
2
271
2
272
2
273
2
274
3
275
0
276
0
277
2
278
44
279
0
280
0
281
0
282
0
283
0
284
8
285
0
286
0
288
0
289
3
290
0
371
-2
372
-2
  0
DIMSTYLE
105
73
330
4
100
AcDbSymbolTableRecord
100
AcDbDimStyleTableRecord
  2
EZDXF
 70
0
 40
1.0
 41
0.175
 42
0.125
 43
3.75
 44
0.375
 45
0.0
 46
0.0
 47
0.0
 48
0.0
 49
2.5
140
0.25
141
2.5
142
0.0
143
0.03937007874
144
100.0
145
0.0
146
0.5
147
0.1
148
0.0
 69
0
 70
0
 71
0
 72
0
 73
0
 74
0
 75
0
 76
0
 77
1
 78
12
 79
3
170
0
171
3
172
1
173
0
174
0
175
0
176
0
177
0
178
0
179
2
271
2
272
2
273
2
274
3
275
0
276
0
277
2
278
46
279
2
280
0
281
0
282
0
283
0
284
8
285
0
286
0
288
1
289
3
290
0
340
4C
342
74
371
-2
372
-2
  0
DIMSTYLE
105
7C
330
4
100
AcDbSymbolTableRecord
100
AcDbDimStyleTableRecord
  2
EZ_M_100_H25_CM
 70
0
 40
1.0
 41
0.25
 42
0.125
 43
3.75
 44
0.375
 45
0.0
 46
0.0
 47
0.0
 48
0.0
 49
2.5
140
0.25
141
2.5
142
0.125
143
0.03937007874
144
100.0
145
0.0
146
0.5
147
0.1
148
0.0
 69
0
 70
0
 71
0
 72
0
 73
0
 74
0
 75
0
 76
0
 77
1
 78
12
 79
3
170
0
171
3
172
1
173
0
174
0
175
0
176
0
177
0
178
0
179
2
271
2
272
2
273
2
274
3
275
0
276
0
277
2
278
46
279
2
280
0
281
0
282
0
283
0
284
8
285
0
286
0
288
1
289
3
290
0
340
4C
371
-2
372
-2
  0
DIMSTYLE
105
7D
330
4
100
AcDbSymbolTableRecord
100
AcDbDimStyleTableRecord
  2
EZ_M_50_H25_CM
 70
0
 40
1.0
 41
0.125
 42
0.0625
 43
3.75
 44
0.1875
 45
0.0
 46
0.0
 47
0.0
 48
0.0
 49
2.5
140
0.125
141
2.5
142
0.0625
143
0.03937007874
144
100.0
145
0.0
146
0.5
147
0.05
148
0.0
 69
0
 70
0
 71
0
 72
0
 73
0
 74
0
 75
0
 76
0
 77
1
 78
12
 79
3
170
0
171
3
172
1
173
0
174
0
175
0
176
0
177
0
178
0
179
2
271
2
272
2
273
2
274
3
275
0
276
0
277
2
278
46
279
2
280
0
281
0
282
0
283
0
284
8
285
0
286
0
288
1
289
3
290
0
340
4C
371
-2
372
-2
  0
DIMSTYLE
105
7E
330
4
100
AcDbSymbolTableRecord
100
AcDbDimStyleTableRecord
  2
EZ_M_25_H25_CM
 70
0
 40
1.0
 41
0.0625
 42
0.03125
 43
3.75
 44
0.09375
 45
0.0
 46
0.0
 47
0.0
 48
0.0
 49
2.5
140
0.0625
141
2.5
142
0.03125
143
0.03937007874
144
100.0
145
0.0
146
0.5
147
0.025
148
0.0
 69
0
 70
0
 71
0
 72
0
 73
0
 74
0
 75
0
 76
0
 77
1
 78
12
 79
3
170
0
171
3
172
1
173
0
174
0
175
0
176
0
177
0
178
0
179
2
271
2
272
2
273
2
274
3
275
0
276
0
277
2
278
46
279
2
280
0
281
0
282
0
283
0
284
8
285
0
286
0
288
1
289
3
290
0
340
4C
371
-2
372
-2
  0
DIMSTYLE
105
7F
330
4
100
AcDbSymbolTableRecord
100
AcDbDimStyleTableRecord
  2
EZ_M_20_H25_CM
 70
0
 40
1.0
 41
0.05
 42
0.025
 43
3.75
 44
0.07500000000000001
 45
0.0
 46
0.0
 47
0.0
 48
0.0
 49
2.5
140
0.05
141
2.5
142
0.025
143
0.03937007874
144
100.0
145
0.0
146
0.5
147
0.020000000000000004
148
0.0
 69
0
 70
0
 71
0
 72
0
 73
0
 74
0
 75
0
 76
0
 77
1
 78
12
 79
3
170
0
171
3
172
1
173
0
174
0
175
0
176
0
177
0
178
0
179
2
271
2
272
2
273
2
274
3
275
0
276
0
277
2
278
46
279
2
280
0
281
0
282
0
283
0
284
8
285
0
286
0
288
1
289
3
290
0
340
4C
371
-2
372
-2
  0
DIMSTYLE
105
80
330
4
100
AcDbSymbolTableRecord
100
AcDbDimStyleTableRecord
  2
EZ_M_10_H25_CM
 70
0
 40
1.0
 41
0.025
 42
0.0125
 43
3.75
 44
0.037500000000000006
 45
0.0
 46
0.0
 47
0.0
 48
0.0
 49
2.5
140
0.025
141
2.5
142
0.0125
143
0.03937007874
144
100.0
145
0.0
146
0.5
147
0.010000000000000002
148
0.0
 69
0
 70
0
 71
0
 72
0
 73
0
 74
0
 75
0
 76
0
 77
1
 78
12
 79
3
170
0
171
3
172
1
173
0
174
0
175
0
176
0
177
0
178
0
179
2
271
2
272
2
273
2
274
3
275
0
276
0
277
2
278
46
279
2
280
0
281
0
282
0
283
0
284
8
285
0
286
0
288
1
289
3
290
0
340
4C
371
-2
372
-2
  0
DIMSTYLE
105
81
330
4
100
AcDbSymbolTableRecord
100
AcDbDimStyleTableRecord
  2
EZ_M_5_H25_CM
 70
0
 40
1.0
 41
0.0125
 42
0.00625
 43
3.75
 44
0.018750000000000003
 45
0.0
 46
0.0
 47
0.0
 48
0.0
 49
2.5
140
0.0125
141
2.5
142
0.00625
143
0.03937007874
144
100.0
145
0.0
146
0.5
147
0.005000000000000001
148
0.0
 69
0
 70
0
 71
0
 72
0
 73
0
 74
0
 75
0
 76
0
 77
1
 78
12
 79
3
170
0
171
3
172
1
173
0
174
0
175
0
176
0
177
0
178
0
179
2
271
2
272
2
273
2
274
3
275
0
276
0
277
2
278
46
279
2
280
0
281
0
282
0
283
0
284
8
285
0
286
0
288
1
289
3
290
0
340
4C
371
-2
372
-2
  0
DIMSTYLE
105
82
330
4
100
AcDbSymbolTableRecord
100
AcDbDimStyleTableRecord
  2
EZ_M_1_H25_CM
 70
0
 40
1.0
 41
0.0025
 42
0.00125
 43
3.75
 44
0.00375
 45
0.0
 46
0.0
 47
0.0
 48
0.0
 49
2.5
140
0.0025
141
2.5
142
0.00125
143
0.03937007874
144
100.0
145
0.0
146
0.5
147
0.001
148
0.0
 69
0
 70
0
 71
0
 72
0
 73
0
 74
0
 75
0
 76
0
 77
1
 78
12
 79
3
170
0
171
3
172
1
173
0
174
0
175
0
176
0
177
0
178
0
179
2
271
2
272
2
273
2
274
3
275
0
276
0
277
2
278
46
279
2
280
0
281
0
282
0
283
0
284
8
285
0
286
0
288
1
289
3
290
0
340
4C
371
-2
372
-2
  0
DIMSTYLE
105
83
330
4
100
AcDbSymbolTableRecord
100
AcDbDimStyleTableRecord
  2
EZ_RADIUS
 70
0
 40
1.0
 41
0.25
 42
0.125
 43
3.75
 44
0.375
 45
0.0
 46
0.0
 47
0.0
 48
0.0
 49
2.5
140
0.25
141
0.0
142
0.0
143
0.03937007874
144
100.0
145
0.0
146
0.5
147
0.1
148
0.0
 69
0
 70
0
 71
0
 72
0
 73
0
 74
0
 75
0
 76
0
 77
1
 78
12
 79
3
170
0
171
3
172
0
173
0
174
0
175
0
176
0
177
0
178
0
179
2
271
2
272
2
273
2
274
3
275
0
276
0
277
2
278
46
279
1
280
0
281
0
282
0
283
0
284
8
285
0
286
0
288
1
289
3
290
0
340
4C
342
84
371
-2
372
-2
  0
DIMSTYLE
105
88
330
4
100
AcDbSymbolTableRecord
100
AcDbDimStyleTableRecord
  2
EZ_RADIUS_INSIDE
 70
0
 40
1.0
 41
0.25
 42
0.125
 43
3.75
 44
0.375
 45
0.0
 46
0.0
 47
0.0
 48
0.0
 49
2.5
140
0.25
141
0.0
142
0.0
143
0.03937007874
144
100.0
145
0.0
146
0.5
147
0.1
148
0.0
 69
0
 70
0
 71
0
 72
0
 73
0
 74
0
 75
0
 76
0
 77
0
 78
12
 79
3
170
0
171
3
172
0
173
0
174
1
175
0
176
0
177
0
178
0
179
2
271
2
272
2
273
2
274
3
275
0
276
0
277
2
278
46
279
0
280
0
281
0
282
0
283
0
284
8
285
0
286
0
288
1
289
0
290
0
340
4C
342
84
371
-2
372
-2
  0
DIMSTYLE
105
89
330
4
100
AcDbSymbolTableRecord
100
AcDbDimStyleTableRecord
  2
EZ_CURVED
 70
0
 40
1.0
 41
0.25
 42
0.125
 43
3.75
 44
0.375
 45
0.0
 46
0.0
 47
0.0
 48
0.0
 49
2.5
140
0.25
141
2.5
142
0.0
143
0.03937007874
144
100.0
145
0.0
146
0.5
147
0.1
148
0.0
 69
0
 70
0
 71
0
 72
0
 73
0
 74
0
 75
0
 76
0
 77
1
 78
12
 79
2
 90
2
170
0
171
3
172
1
173
0
174
0
175
0
176
0
177
0
178
0
179
2
271
2
272
2
273
2
274
3
275
0
276
0
277
2
278
46
279
2
280
0
281
0
282
0
283
0
284
8
285
0
286
0
288
1
289
3
290
0
340
4C
371
-2
372
-2
  0
ENDTAB
  0
TABLE
  2
BLOCK_RECORD
  5
9
330
0
100
AcDbSymbolTable
 70
21
  0
BLOCK_RECORD
  5
17
330
9
100
AcDbSymbolTableRecord
100
AcDbBlockTableRecord
  2
*Model_Space
340
1A
 70
0
280
1
281
0
  0
BLOCK_RECORD
  5
1B
330
9
100
AcDbSymbolTableRecord
100
AcDbBlockTableRecord
  2
*Paper_Space
340
1E
 70
0
280
1
281
0
  0
BLOCK_RECORD
  5
74
330
9
100
AcDbSymbolTableRecord
100
AcDbBlockTableRecord
  2
_ARCHTICK
340
0
 70
0
280
1
281
0
  0
BLOCK_RECORD
  5
78
330
9
100
AcDbSymbolTableRecord
100
AcDbBlockTableRecord
  2
_CLOSEDFILLED
340
0
 70
0
280
1
281
0
  0
BLOCK_RECORD
  5
84
330
9
100
AcDbSymbolTableRecord
100
AcDbBlockTableRecord
  2
_CLOSEDBLANK
340
0
 70
0
280
1
281
0
  0
BLOCK_RECORD
  5
8C
330
9
100
AcDbSymbolTableRecord
100
AcDbBlockTableRecord
  2
BED_1800x2100_PLAN
340
0
 70
0
280
1
281
0
  0
BLOCK_RECORD
  5
AF
330
9
100
AcDbSymbolTableRecord
100
AcDbBlockTableRecord
  2
BED_1500x2000_PLAN
340
0
 70
0
280
1
281
0
  0
BLOCK_RECORD
  5
D2
330
9
100
AcDbSymbolTableRecord
100
AcDbBlockTableRecord
  2
BED_900x2000_PLAN
340
0
 70
0
280
1
281
0
  0
BLOCK_RECORD
  5
EC
330
9
100
AcDbSymbolTableRecord
100
AcDbBlockTableRecord
  2
SOFA_3S_2200x900_PLAN
340
0
 70
0
280
1
281
0
  0
BLOCK_RECORD
  5
10C
330
9
100
AcDbSymbolTableRecord
100
AcDbBlockTableRecord
  2
SOFA_2S_1800x850_PLAN
340
0
 70
0
280
1
281
0
  0
BLOCK_RECORD
  5
129
330
9
100
AcDbSymbolTableRecord
100
AcDbBlockTableRecord
  2
LOUNGE_CHAIR_900x900_PLAN
340
0
 70
0
280
1
281
0
  0
BLOCK_RECORD
  5
14C
330
9
100
AcDbSymbolTableRecord
100
AcDbBlockTableRecord
  2
DESK_1700x800_PLAN
340
0
 70
0
280
1
281
0
  0
BLOCK_RECORD
  5
153
330
9
100
AcDbSymbolTableRecord
100
AcDbBlockTableRecord
  2
DINING_TABLE_1500x600_PLAN
340
0
 70
0
280
1
281
0
  0
BLOCK_RECORD
  5
168
330
9
100
AcDbSymbolTableRecord
100
AcDbBlockTableRecord
  2
DINING_CHAIR_450x500_PLAN
340
0
 70
0
280
1
281
0
  0
BLOCK_RECORD
  5
178
330
9
100
AcDbSymbolTableRecord
100
AcDbBlockTableRecord
  2
WC_STD_450x700_PLAN
340
0
 70
0
280
1
281
0
  0
BLOCK_RECORD
  5
189
330
9
100
AcDbSymbolTableRecord
100
AcDbBlockTableRecord
  2
VANITY_600x500_PLAN
340
0
 70
0
280
1
281
0
  0
BLOCK_RECORD
  5
1C9
330
9
100
AcDbSymbolTableRecord
100
AcDbBlockTableRecord
  2
VANITY_900x500_PLAN
340
0
 70
0
280
1
281
0
  0
BLOCK_RECORD
  5
209
330
9
100
AcDbSymbolTableRecord
100
AcDbBlockTableRecord
  2
SHOWER_900x1200_PLAN
340
0
 70
0
280
1
281
0
  0
BLOCK_RECORD
  5
219
330
9
100
AcDbSymbolTableRecord
100
AcDbBlockTableRecord
  2
WARDROBE_D600_PLAN
340
0
 70
0
280
1
281
0
  0
BLOCK_RECORD
  5
220
330
9
100
AcDbSymbolTableRecord
100
AcDbBlockTableRecord
  2
WASHER_600x650_PLAN
340
0
 70
0
280
1
281
0
  0
BLOCK_RECORD
  5
22F
330
9
100
AcDbSymbolTableRecord
100
AcDbBlockTableRecord
  2
DRYER_600x650_PLAN
340
0
 70
0
280
1
281
0
  0
ENDTAB
  0
ENDSEC
  0
SECTION
  2
BLOCKS
  0
BLOCK
  5
18
330
17
100
AcDbEntity
  8
0
100
AcDbBlockBegin
  2
*Model_Space
 70
0
 10
0.0
 20
0.0
 30
0.0
  3
*Model_Space
  1

  0
ENDBLK
  5
19
330
17
100
AcDbEntity
  8
0
100
AcDbBlockEnd
  0
BLOCK
  5
1C
330
1B
100
AcDbEntity
  8
0
100
AcDbBlockBegin
  2
*Paper_Space
 70
0
 10
0.0
 20
0.0
 30
0.0
  3
*Paper_Space
  1

  0
ENDBLK
  5
1D
330
1B
100
AcDbEntity
  8
0
100
AcDbBlockEnd
  0
BLOCK
  5
75
330
74
100
AcDbEntity
  8
0
100
AcDbBlockBegin
  2
_ARCHTICK
 70
0
 10
0.0
 20
0.0
 30
0.0
  3
_ARCHTICK
  1

  0
LWPOLYLINE
  5
77
330
74
100
AcDbEntity
  8
0
  6
BYBLOCK
 62
0
100
AcDbPolyline
 90
2
 70
0
 43
0.15
 10
-0.5
 20
-0.5
 10
0.5
 20
0.5
  0
ENDBLK
  5
76
330
74
100
AcDbEntity
  8
0
100
AcDbBlockEnd
  0
BLOCK
  5
79
330
78
100
AcDbEntity
  8
0
100
AcDbBlockBegin
  2
_CLOSEDFILLED
 70
0
 10
0.0
 20
0.0
 30
0.0
  3
_CLOSEDFILLED
  1

  0
SOLID
  5
7B
330
78
100
AcDbEntity
  8
0
  6
BYBLOCK
 62
0
100
AcDbTrace
 10
-1.0
 20
0.16439898372402537
 30
0.0
 11
0.0
 21
0.0
 31
0.0
 12
-1.0
 22
-0.16439898372402537
 32
0.0
 13
-1.0
 23
-0.16439898372402537
 33
0.0
  0
ENDBLK
  5
7A
330
78
100
AcDbEntity
  8
0
100
AcDbBlockEnd
  0
BLOCK
  5
85
330
84
100
AcDbEntity
  8
0
100
AcDbBlockBegin
  2
_CLOSEDBLANK
 70
0
 10
0.0
 20
0.0
 30
0.0
  3
_CLOSEDBLANK
  1

  0
LWPOLYLINE
  5
87
330
84
100
AcDbEntity
  8
0
  6
BYBLOCK
 62
0
100
AcDbPolyline
 90
3
 70
1
 10
-1.0
 20
0.16439898372402537
 10
0.0
 20
0.0
 10
-1.0
 20
-0.16439898372402537
  0
ENDBLK
  5
86
330
84
100
AcDbEntity
  8
0
100
AcDbBlockEnd
  0
BLOCK
  5
8D
330
8C
100
AcDbEntity
  8
0
100
AcDbBlockBegin
  2
BED_1800x2100_PLAN
 70
0
 10
0.0
 20
0.0
 30
0.0
  3
BED_1800x2100_PLAN
  1

  0
LWPOLYLINE
  5
8F
330
8C
100
AcDbEntity
  8
LIB-PLAN
100
AcDbPolyline
 90
33
 70
0
 10
-876.3157894736843
 20
-38.650306748466264
 10
-877.4779186024915
 20
-38.68134407324096
 10
-878.6372480604371
 20
-38.77438127593113
 10
-879.7909849213113
 20
-38.92919422176638
 10
-880.936349731961
 20
-39.14540995280019
 10
-882.0705832082352
 20
-39.42250758639826
 10
-883.1909528823426
 20
-39.75981957009032
 10
-884.2947596856052
 20
-40.15653328976266
 10
-885.3793444507522
 20
-40.61169302731655
 10
-886.4420943180857
 20
-41.12420226307692
 10
-887.4804490300894
 20
-41.692826317404354
 10
-888.4919070993132
 20
-42.31619532514637
 10
-889.4740318346749
 20
-42.99280753576264
 10
-890.4244572116629
 20
-43.72103293117357
 10
-891.3408935722969
 20
-44.49911715261659
 10
-892.2211331411136
 20
-45.32518572705014
 10
-893.063055343892
 20
-46.197248582923315
 10
-893.8646319163017
 20
-47.11320484443266
 10
-894.6239317901701
 20
-48.07084789271589
 10
-895.3391257455943
 20
-49.06787068179006
 10
-896.0084908176918
 20
-50.10187129642743
 10
-896.630414447375
 20
-51.170358738579566
 10
-897.2033983661453
 20
-52.27075892840987
 10
-897.7260622055553
 20
-53.40042090547739
 10
-898.1971468226358
 20
-54.55662321513266
 10
-898.6155173332821
 20
-55.73658046474035
 10
-898.9801658462892
 20
-56.937450033934105
 10
-899.2902138914498
 20
-58.15633892273798
 10
-899.544914535866
 20
-59.390310721056814
 10
-899.7436541833764
 20
-60.63639268274528
 10
-899.8859540527626
 20
-61.89158288721377
 10
-899.9714713311752
 20
-63.152857471318065
 10
-900.0
 20
-64.41717791411044
  0
LINE
  5
90
330
8C
100
AcDbEntity
  8
LIB-PLAN
100
AcDbLine
 10
-900.0
 20
-2074.2331288343557
 30
0.0
 11
-900.0
 21
-64.41717791411044
 31
0.0
  0
LWPOLYLINE
  5
91
330
8C
100
AcDbEntity
  8
LIB-PLAN
100
AcDbPolyline
 90
33
 70
0
 10
-900.0
 20
-2074.2331288343557
 10
-899.9714713311752
 20
-2075.497449277148
 10
-899.8859540527626
 20
-2076.7587238612523
 10
-899.7436541833764
 20
-2078.0139140657207
 10
-899.544914535866
 20
-2079.2599960274097
 10
-899.2902138914498
 20
-2080.493967825728
 10
-898.9801658462892
 20
-2081.712856714532
 10
-898.6155173332821
 20
-2082.9137262837257
 10
-898.1971468226358
 20
-2084.093683533333
 10
-897.7260622055553
 20
-2085.249885842989
 10
-897.2033983661453
 20
-2086.3795478200564
 10
-896.630414447375
 20
-2087.4799480098864
 10
-896.0084908176918
 20
-2088.548435452039
 10
-895.3391257455943
 20
-2089.582436066676
 10
-894.6239317901701
 20
-2090.57945885575
 10
-893.8646319163017
 20
-2091.5371019040335
 10
-893.063055343892
 20
-2092.453058165543
 10
-892.2211331411136
 20
-2093.325121021416
 10
-891.340893572297
 20
-2094.1511895958497
 10
-890.4244572116629
 20
-2094.929273817293
 10
-889.4740318346749
 20
-2095.6574992127034
 10
-888.4919070993132
 20
-2096.33411142332
 10
-887.4804490300894
 20
-2096.957480431062
 10
-886.4420943180858
 20
-2097.526104485389
 10
-885.3793444507522
 20
-2098.0386137211494
 10
-884.2947596856052
 20
-2098.493773458704
 10
-883.1909528823426
 20
-2098.8904871783757
 10
-882.0705832082352
 20
-2099.227799162068
 10
-880.936349731961
 20
-2099.5048967956664
 10
-879.7909849213113
 20
-2099.7211125267
 10
-878.6372480604371
 20
-2099.875925472535
 10
-877.4779186024915
 20
-2099.968962675225
 10
-876.3157894736843
 20
-2100.0
  0
LINE
  5
92
330
8C
100
AcDbEntity
  8
LIB-PLAN
100
AcDbLine
 10
900.0
 20
-2074.2331288343557
 30
0.0
 11
900.0
 21
-64.41717791411044
 31
0.0
  0
LWPOLYLINE
  5
93
330
8C
100
AcDbEntity
  8
LIB-PLAN
100
AcDbPolyline
 90
33
 70
0
 10
900.0
 20
-64.41717791411044
 10
899.9714713311752
 20
-63.152857471318065
 10
899.8859540527626
 20
-61.89158288721378
 10
899.7436541833764
 20
-60.63639268274528
 10
899.544914535866
 20
-59.39031072105682
 10
899.2902138914498
 20
-58.15633892273799
 10
898.9801658462892
 20
-56.937450033934105
 10
898.6155173332821
 20
-55.73658046474034
 10
898.1971468226358
 20
-54.55662321513266
 10
897.7260622055553
 20
-53.4004209054774
 10
897.2033983661453
 20
-52.27075892840988
 10
896.630414447375
 20
-51.170358738579566
 10
896.0084908176918
 20
-50.10187129642743
 10
895.3391257455943
 20
-49.06787068179006
 10
894.6239317901701
 20
-48.07084789271589
 10
893.8646319163017
 20
-47.11320484443266
 10
893.063055343892
 20
-46.197248582923315
 10
892.2211331411136
 20
-45.32518572705014
 10
891.3408935722969
 20
-44.4991171526166
 10
890.4244572116629
 20
-43.721032931173575
 10
889.4740318346749
 20
-42.992807535762644
 10
888.4919070993132
 20
-42.31619532514637
 10
887.4804490300894
 20
-41.692826317404354
 10
886.4420943180857
 20
-41.12420226307692
 10
885.3793444507522
 20
-40.61169302731655
 10
884.2947596856052
 20
-40.15653328976266
 10
883.1909528823426
 20
-39.75981957009033
 10
882.0705832082352
 20
-39.42250758639826
 10
880.936349731961
 20
-39.14540995280019
 10
879.7909849213113
 20
-38.92919422176638
 10
878.6372480604371
 20
-38.77438127593113
 10
877.4779186024915
 20
-38.68134407324096
 10
876.3157894736843
 20
-38.650306748466264
  0
LWPOLYLINE
  5
94
330
8C
100
AcDbEntity
  8
LIB-PLAN
100
AcDbPolyline
 90
33
 70
0
 10
876.3157894736843
 20
-2100.0
 10
877.4779186024915
 20
-2099.968962675225
 10
878.6372480604371
 20
-2099.875925472535
 10
879.7909849213113
 20
-2099.7211125267
 10
880.936349731961
 20
-2099.5048967956664
 10
882.0705832082352
 20
-2099.227799162068
 10
883.1909528823426
 20
-2098.8904871783757
 10
884.2947596856052
 20
-2098.493773458704
 10
885.3793444507522
 20
-2098.0386137211494
 10
886.4420943180857
 20
-2097.526104485389
 10
887.4804490300894
 20
-2096.957480431062
 10
888.4919070993132
 20
-2096.33411142332
 10
889.4740318346749
 20
-2095.6574992127034
 10
890.4244572116629
 20
-2094.929273817293
 10
891.3408935722969
 20
-2094.1511895958497
 10
892.2211331411136
 20
-2093.325121021416
 10
893.063055343892
 20
-2092.453058165543
 10
893.8646319163017
 20
-2091.5371019040335
 10
894.6239317901701
 20
-2090.57945885575
 10
895.3391257455943
 20
-2089.582436066676
 10
896.0084908176918
 20
-2088.548435452039
 10
896.630414447375
 20
-2087.4799480098864
 10
897.2033983661453
 20
-2086.3795478200564
 10
897.7260622055553
 20
-2085.249885842989
 10
898.1971468226358
 20
-2084.093683533333
 10
898.6155173332821
 20
-2082.9137262837257
 10
898.9801658462892
 20
-2081.712856714532
 10
899.2902138914498
 20
-2080.493967825728
 10
899.544914535866
 20
-2079.259996027409
 10
899.7436541833764
 20
-2078.0139140657207
 10
899.8859540527626
 20
-2076.7587238612523
 10
899.9714713311752
 20
-2075.497449277148
 10
900.0
 20
-2074.2331288343557
  0
LINE
  5
95
330
8C
100
AcDbEntity
  8
LIB-PLAN
100
AcDbLine
 10
876.3157894736843
 20
-2100.0
 30
0.0
 11
-876.3157894736843
 21
-2100.0
 31
0.0
  0
LINE
  5
96
330
8C
100
AcDbEntity
  8
LIB-PLAN
100
AcDbLine
 10
-876.3157894736843
 20
-38.65030674846626
 30
0.0
 11
876.3157894736843
 21
-38.65030674846626
 31
0.0
  0
LINE
  5
97
330
8C
100
AcDbEntity
  8
LIB-PLAN
100
AcDbLine
 10
-900.0
 20
-605.5214723926381
 30
0.0
 11
900.0
 21
-605.5214723926381
 31
0.0
  0
LINE
  5
98
330
8C
100
AcDbEntity
  8
LIB-PLAN
100
AcDbLine
 10
-900.0
 20
-708.5889570552148
 30
0.0
 11
900.0
 21
-708.5889570552148
 31
0.0
  0
LWPOLYLINE
  5
99
330
8C
100
AcDbEntity
  8
LIB-PLAN
100
AcDbPolyline
 90
33
 70
0
 10
47.36842105263158
 20
-90.18404907975462
 10
46.20629192382431
 20
-90.2150864045293
 10
45.04696246587883
 20
-90.30812360721947
 10
43.89322560500459
 20
-90.46293655305473
 10
42.74786079435486
 20
-90.67915228408854
 10
41.613627318080596
 20
-90.9562499176866
 10
40.493257643973266
 20
-91.29356190137867
 10
39.38945084071058
 20
-91.690275621051
 10
38.304866075563666
 20
-92.14543535860489
 10
37.242116208230165
 20
-92.65794459436526
 10
36.20376149622637
 20
-93.22656864869269
 10
35.19230342700264
 20
-93.8499376564347
 10
34.21017869164101
 20
-94.52654986705097
 10
33.2597533146529
 20
-95.2547752624619
 10
32.343316954018924
 20
-96.03285948390493
 10
31.463077385202194
 20
-96.85892805833849
 10
30.621155182423873
 20
-97.73099091421166
 10
29.819578610014133
 20
-98.646947175721
 10
29.060278736145705
 20
-99.60459022400424
 10
28.34508478072157
 20
-100.6016130130784
 10
27.675719708623927
 20
-101.63561362771577
 10
27.053796078940927
 20
-102.7041010698679
 10
26.480812160170544
 20
-103.80450125969821
 10
25.95814832076056
 20
-104.93416323676574
 10
25.48706370368005
 20
-106.090365546421
 10
25.06869319303372
 20
-107.2703227960287
 10
24.704044680026634
 20
-108.47119236522244
 10
24.393996634866063
 20
-109.69008125402634
 10
24.139295990449803
 20
-110.92405305234514
 10
23.9405563429394
 20
-112.17013501403363
 10
23.798256473553234
 20
-113.42532521850212
 10
23.712739195140653
 20
-114.68659980260641
 10
23.68421052631579
 20
-115.95092024539878
  0
LWPOLYLINE
  5
9A
330
8C
100
AcDbEntity
  8
LIB-PLAN
100
AcDbPolyline
 90
33
 70
0
 10
23.68421052631579
 20
-528.2208588957055
 10
23.712739195140653
 20
-529.4851793384978
 10
23.79825647355323
 20
-530.7464539226022
 10
23.9405563429394
 20
-532.0016441270707
 10
24.139295990449803
 20
-533.2477260887591
 10
24.393996634866063
 20
-534.4816978870779
 10
24.70404468002663
 20
-535.7005867758819
 10
25.06869319303372
 20
-536.9014563450755
 10
25.487063703680047
 20
-538.0814135946833
 10
25.95814832076055
 20
-539.2376159043384
 10
26.48081216017054
 20
-540.367277881406
 10
27.05379607894092
 20
-541.4676780712364
 10
27.675719708623927
 20
-542.5361655133885
 10
28.345084780721567
 20
-543.5701661280258
 10
29.0602787361457
 20
-544.5671889171
 10
29.819578610014126
 20
-545.5248319653832
 10
30.621155182423873
 20
-546.4407882268926
 10
31.463077385202194
 20
-547.3128510827659
 10
32.34331695401892
 20
-548.1389196571993
 10
33.259753314652905
 20
-548.9170038786424
 10
34.210178691641005
 20
-549.6452292740532
 10
35.19230342700264
 20
-550.3218414846696
 10
36.20376149622636
 20
-550.9452104924115
 10
37.24211620823015
 20
-551.513834546739
 10
38.30486607556365
 20
-552.0263437824993
 10
39.38945084071058
 20
-552.4815035200533
 10
40.49325764397326
 20
-552.8782172397256
 10
41.61362731808059
 20
-553.2155292234178
 10
42.74786079435485
 20
-553.4926268570157
 10
43.893225605004595
 20
-553.7088425880495
 10
45.046962465878835
 20
-553.8636555338848
 10
46.20629192382431
 20
-553.956692736575
 10
47.368421052631575
 20
-553.9877300613497
  0
LINE
  5
9B
330
8C
100
AcDbEntity
  8
LIB-PLAN
100
AcDbLine
 10
23.68421052631579
 20
-528.2208588957055
 30
0.0
 11
23.68421052631579
 21
-115.95092024539878
 31
0.0
  0
LINE
  5
9C
330
8C
100
AcDbEntity
  8
LIB-PLAN
100
AcDbLine
 10
118.42105263157896
 20
-553.9877300613498
 30
0.0
 11
118.42105263157896
 21
-90.1840490797546
 31
0.0
  0
LINE
  5
9D
330
8C
100
AcDbEntity
  8
LIB-PLAN
100
AcDbLine
 10
852.6315789473684
 20
-528.2208588957055
 30
0.0
 11
852.6315789473684
 21
-115.95092024539878
 31
0.0
  0
LWPOLYLINE
  5
9E
330
8C
100
AcDbEntity
  8
LIB-PLAN
100
AcDbPolyline
 90
33
 70
0
 10
852.6315789473684
 20
-115.95092024539878
 10
852.6030502785436
 20
-114.68659980260641
 10
852.517533000131
 20
-113.42532521850212
 10
852.3752331307448
 20
-112.17013501403363
 10
852.1764934832345
 20
-110.92405305234516
 10
851.9217928388183
 20
-109.69008125402634
 10
851.6117447936576
 20
-108.47119236522245
 10
851.2470962806506
 20
-107.27032279602868
 10
850.8287257700042
 20
-106.09036554642101
 10
850.3576411529237
 20
-104.93416323676574
 10
849.8349773135137
 20
-103.80450125969823
 10
849.2619933947434
 20
-102.70410106986792
 10
848.6400697650603
 20
-101.63561362771577
 10
847.9707046929627
 20
-100.6016130130784
 10
847.2555107375385
 20
-99.60459022400424
 10
846.4962108636702
 20
-98.646947175721
 10
845.6946342912604
 20
-97.73099091421166
 10
844.852712088482
 20
-96.85892805833849
 10
843.9724725196653
 20
-96.03285948390494
 10
843.0560361590314
 20
-95.25477526246192
 10
842.1056107820433
 20
-94.52654986705099
 10
841.1234860466816
 20
-93.8499376564347
 10
840.1120279774578
 20
-93.22656864869269
 10
839.0736732654541
 20
-92.65794459436526
 10
838.0109233981207
 20
-92.14543535860489
 10
836.9263386329737
 20
-91.690275621051
 10
835.822531829711
 20
-91.29356190137868
 10
834.7021621556037
 20
-90.9562499176866
 10
833.5679286793294
 20
-90.67915228408854
 10
832.4225638686797
 20
-90.46293655305473
 10
831.2688270078055
 20
-90.30812360721947
 10
830.10949754986
 20
-90.2150864045293
 10
828.9473684210527
 20
-90.18404907975462
  0
LWPOLYLINE
  5
9F
330
8C
100
AcDbEntity
  8
LIB-PLAN
100
AcDbPolyline
 90
33
 70
0
 10
828.9473684210527
 20
-553.9877300613497
 10
830.10949754986
 20
-553.956692736575
 10
831.2688270078055
 20
-553.8636555338848
 10
832.4225638686797
 20
-553.7088425880495
 10
833.5679286793294
 20
-553.4926268570157
 10
834.7021621556037
 20
-553.2155292234178
 10
835.822531829711
 20
-552.8782172397256
 10
836.9263386329737
 20
-552.4815035200533
 10
838.0109233981207
 20
-552.0263437824993
 10
839.0736732654541
 20
-551.513834546739
 10
840.1120279774578
 20
-550.9452104924115
 10
841.1234860466816
 20
-550.3218414846696
 10
842.1056107820433
 20
-549.6452292740532
 10
843.0560361590314
 20
-548.9170038786424
 10
843.9724725196653
 20
-548.1389196571993
 10
844.852712088482
 20
-547.3128510827659
 10
845.6946342912604
 20
-546.4407882268926
 10
846.4962108636702
 20
-545.5248319653832
 10
847.2555107375385
 20
-544.5671889171
 10
847.9707046929627
 20
-543.5701661280258
 10
848.6400697650603
 20
-542.5361655133885
 10
849.2619933947434
 20
-541.4676780712364
 10
849.8349773135137
 20
-540.367277881406
 10
850.3576411529237
 20
-539.2376159043384
 10
850.8287257700042
 20
-538.0814135946833
 10
851.2470962806506
 20
-536.9014563450755
 10
851.6117447936576
 20
-535.7005867758819
 10
851.9217928388183
 20
-534.4816978870779
 10
852.1764934832345
 20
-533.2477260887591
 10
852.3752331307448
 20
-532.0016441270707
 10
852.517533000131
 20
-530.7464539226022
 10
852.6030502785436
 20
-529.4851793384978
 10
852.6315789473684
 20
-528.2208588957055
  0
LINE
  5
A0
330
8C
100
AcDbEntity
  8
LIB-PLAN
100
AcDbLine
 10
47.36842105263158
 20
-90.1840490797546
 30
0.0
 11
828.9473684210527
 21
-90.1840490797546
 31
0.0
  0
LINE
  5
A1
330
8C
100
AcDbEntity
  8
LIB-PLAN
100
AcDbLine
 10
828.9473684210527
 20
-553.9877300613498
 30
0.0
 11
47.36842105263158
 21
-553.9877300613498
 31
0.0
  0
LWPOLYLINE
  5
A2
330
8C
100
AcDbEntity
  8
LIB-PLAN
100
AcDbPolyline
 90
33
 70
0
 10
-828.9473684210527
 20
-90.18404907975462
 10
-830.10949754986
 20
-90.2150864045293
 10
-831.2688270078055
 20
-90.30812360721947
 10
-832.4225638686797
 20
-90.46293655305473
 10
-833.5679286793294
 20
-90.67915228408854
 10
-834.7021621556037
 20
-90.9562499176866
 10
-835.822531829711
 20
-91.29356190137867
 10
-836.9263386329737
 20
-91.690275621051
 10
-838.0109233981207
 20
-92.14543535860489
 10
-839.0736732654541
 20
-92.65794459436526
 10
-840.1120279774578
 20
-93.22656864869269
 10
-841.1234860466816
 20
-93.8499376564347
 10
-842.1056107820433
 20
-94.52654986705097
 10
-843.0560361590314
 20
-95.2547752624619
 10
-843.9724725196653
 20
-96.03285948390493
 10
-844.852712088482
 20
-96.85892805833849
 10
-845.6946342912604
 20
-97.73099091421166
 10
-846.4962108636702
 20
-98.646947175721
 10
-847.2555107375385
 20
-99.60459022400424
 10
-847.9707046929627
 20
-100.6016130130784
 10
-848.6400697650603
 20
-101.63561362771577
 10
-849.2619933947434
 20
-102.7041010698679
 10
-849.8349773135137
 20
-103.80450125969821
 10
-850.3576411529237
 20
-104.93416323676574
 10
-850.8287257700042
 20
-106.090365546421
 10
-851.2470962806506
 20
-107.2703227960287
 10
-851.6117447936576
 20
-108.47119236522244
 10
-851.9217928388183
 20
-109.69008125402634
 10
-852.1764934832345
 20
-110.92405305234514
 10
-852.3752331307448
 20
-112.17013501403363
 10
-852.517533000131
 20
-113.42532521850212
 10
-852.6030502785436
 20
-114.68659980260641
 10
-852.6315789473684
 20
-115.95092024539878
  0
LWPOLYLINE
  5
A3
330
8C
100
AcDbEntity
  8
LIB-PLAN
100
AcDbPolyline
 90
33
 70
0
 10
-852.6315789473684
 20
-528.2208588957055
 10
-852.6030502785436
 20
-529.4851793384978
 10
-852.517533000131
 20
-530.7464539226022
 10
-852.3752331307448
 20
-532.0016441270707
 10
-852.1764934832345
 20
-533.2477260887591
 10
-851.9217928388183
 20
-534.4816978870779
 10
-851.6117447936576
 20
-535.7005867758819
 10
-851.2470962806506
 20
-536.9014563450755
 10
-850.8287257700042
 20
-538.0814135946833
 10
-850.3576411529237
 20
-539.2376159043384
 10
-849.8349773135137
 20
-540.367277881406
 10
-849.2619933947434
 20
-541.4676780712364
 10
-848.6400697650603
 20
-542.5361655133885
 10
-847.9707046929627
 20
-543.5701661280258
 10
-847.2555107375385
 20
-544.5671889171
 10
-846.4962108636702
 20
-545.5248319653832
 10
-845.6946342912604
 20
-546.4407882268926
 10
-844.852712088482
 20
-547.3128510827659
 10
-843.9724725196654
 20
-548.1389196571993
 10
-843.0560361590314
 20
-548.9170038786424
 10
-842.1056107820433
 20
-549.6452292740532
 10
-841.1234860466816
 20
-550.3218414846696
 10
-840.1120279774578
 20
-550.9452104924115
 10
-839.0736732654542
 20
-551.513834546739
 10
-838.0109233981207
 20
-552.0263437824993
 10
-836.9263386329737
 20
-552.4815035200533
 10
-835.822531829711
 20
-552.8782172397256
 10
-834.7021621556037
 20
-553.2155292234178
 10
-833.5679286793294
 20
-553.4926268570157
 10
-832.4225638686797
 20
-553.7088425880495
 10
-831.2688270078055
 20
-553.8636555338848
 10
-830.10949754986
 20
-553.956692736575
 10
-828.9473684210527
 20
-553.9877300613497
  0
LINE
  5
A4
330
8C
100
AcDbEntity
  8
LIB-PLAN
100
AcDbLine
 10
-852.6315789473684
 20
-528.2208588957055
 30
0.0
 11
-852.6315789473684
 21
-115.95092024539878
 31
0.0
  0
LINE
  5
A5
330
8C
100
AcDbEntity
  8
LIB-PLAN
100
AcDbLine
 10
-757.8947368421053
 20
-553.9877300613498
 30
0.0
 11
-757.8947368421053
 21
-90.1840490797546
 31
0.0
  0
LINE
  5
A6
330
8C
100
AcDbEntity
  8
LIB-PLAN
100
AcDbLine
 10
-23.68421052631579
 20
-528.2208588957055
 30
0.0
 11
-23.68421052631579
 21
-115.95092024539878
 31
0.0
  0
LWPOLYLINE
  5
A7
330
8C
100
AcDbEntity
  8
LIB-PLAN
100
AcDbPolyline
 90
33
 70
0
 10
-23.68421052631579
 20
-115.95092024539878
 10
-23.712739195140653
 20
-114.68659980260641
 10
-23.79825647355323
 20
-113.42532521850212
 10
-23.9405563429394
 20
-112.17013501403363
 10
-24.139295990449803
 20
-110.92405305234516
 10
-24.393996634866063
 20
-109.69008125402634
 10
-24.704044680026634
 20
-108.47119236522245
 10
-25.06869319303372
 20
-107.27032279602868
 10
-25.48706370368005
 20
-106.09036554642101
 10
-25.958148320760554
 20
-104.93416323676574
 10
-26.48081216017054
 20
-103.80450125969823
 10
-27.053796078940923
 20
-102.70410106986792
 10
-27.67571970862393
 20
-101.63561362771577
 10
-28.345084780721567
 20
-100.6016130130784
 10
-29.060278736145705
 20
-99.60459022400424
 10
-29.819578610014123
 20
-98.646947175721
 10
-30.621155182423873
 20
-97.73099091421166
 10
-31.463077385202194
 20
-96.85892805833849
 10
-32.343316954018924
 20
-96.03285948390494
 10
-33.2597533146529
 20
-95.25477526246192
 10
-34.210178691641
 20
-94.52654986705099
 10
-35.19230342700264
 20
-93.8499376564347
 10
-36.20376149622636
 20
-93.22656864869269
 10
-37.24211620823016
 20
-92.65794459436526
 10
-38.30486607556366
 20
-92.14543535860489
 10
-39.38945084071057
 20
-91.690275621051
 10
-40.49325764397326
 20
-91.29356190137868
 10
-41.613627318080596
 20
-90.9562499176866
 10
-42.74786079435486
 20
-90.67915228408854
 10
-43.89322560500459
 20
-90.46293655305473
 10
-45.04696246587883
 20
-90.30812360721947
 10
-46.20629192382431
 20
-90.2150864045293
 10
-47.36842105263158
 20
-90.18404907975462
  0
LWPOLYLINE
  5
A8
330
8C
100
AcDbEntity
  8
LIB-PLAN
100
AcDbPolyline
 90
33
 70
0
 10
-47.36842105263159
 20
-553.9877300613497
 10
-46.20629192382432
 20
-553.956692736575
 10
-45.04696246587883
 20
-553.8636555338848
 10
-43.893225605004595
 20
-553.7088425880495
 10
-42.747860794354864
 20
-553.4926268570157
 10
-41.613627318080596
 20
-553.2155292234178
 10
-40.49325764397326
 20
-552.8782172397256
 10
-39.38945084071059
 20
-552.4815035200533
 10
-38.304866075563666
 20
-552.0263437824993
 10
-37.242116208230165
 20
-551.513834546739
 10
-36.20376149622638
 20
-550.9452104924115
 10
-35.19230342700264
 20
-550.3218414846696
 10
-34.210178691641005
 20
-549.6452292740532
 10
-33.259753314652905
 20
-548.9170038786424
 10
-32.343316954018924
 20
-548.1389196571993
 10
-31.463077385202194
 20
-547.3128510827659
 10
-30.621155182423873
 20
-546.4407882268926
 10
-29.819578610014126
 20
-545.5248319653832
 10
-29.060278736145705
 20
-544.5671889171
 10
-28.345084780721567
 20
-543.5701661280258
 10
-27.67571970862393
 20
-542.5361655133885
 10
-27.053796078940927
 20
-541.4676780712364
 10
-26.480812160170544
 20
-540.367277881406
 10
-25.958148320760554
 20
-539.2376159043384
 10
-25.48706370368005
 20
-538.0814135946833
 10
-25.06869319303372
 20
-536.9014563450755
 10
-24.704044680026634
 20
-535.7005867758819
 10
-24.393996634866063
 20
-534.4816978870779
 10
-24.139295990449803
 20
-533.2477260887591
 10
-23.9405563429394
 20
-532.0016441270707
 10
-23.79825647355323
 20
-530.7464539226022
 10
-23.712739195140653
 20
-529.4851793384978
 10
-23.68421052631579
 20
-528.2208588957055
  0
LINE
  5
A9
330
8C
100
AcDbEntity
  8
LIB-PLAN
100
AcDbLine
 10
-828.9473684210527
 20
-90.1840490797546
 30
0.0
 11
-47.36842105263158
 21
-90.1840490797546
 31
0.0
  0
LINE
  5
AA
330
8C
100
AcDbEntity
  8
LIB-PLAN
100
AcDbLine
 10
-47.36842105263158
 20
-553.9877300613498
 30
0.0
 11
-828.9473684210527
 21
-553.9877300613498
 31
0.0
  0
LINE
  5
AB
330
8C
100
AcDbEntity
  8
LIB-PLAN
100
AcDbLine
 10
-900.0
 20
-38.65030674846626
 30
0.0
 11
-900.0
 21
0.0
 31
0.0
  0
LINE
  5
AC
330
8C
100
AcDbEntity
  8
LIB-PLAN
100
AcDbLine
 10
-900.0
 20
-38.65030674846626
 30
0.0
 11
900.0
 21
-38.65030674846626
 31
0.0
  0
LINE
  5
AD
330
8C
100
AcDbEntity
  8
LIB-PLAN
100
AcDbLine
 10
900.0
 20
-38.65030674846626
 30
0.0
 11
900.0
 21
0.0
 31
0.0
  0
LINE
  5
AE
330
8C
100
AcDbEntity
  8
LIB-PLAN
100
AcDbLine
 10
-900.0
 20
0.0
 30
0.0
 11
900.0
 21
0.0
 31
0.0
  0
ENDBLK
  5
8E
330
8C
100
AcDbEntity
  8
0
100
AcDbBlockEnd
  0
BLOCK
  5
B0
330
AF
100
AcDbEntity
  8
0
100
AcDbBlockBegin
  2
BED_1500x2000_PLAN
 70
0
 10
0.0
 20
0.0
 30
0.0
  3
BED_1500x2000_PLAN
  1

  0
LWPOLYLINE
  5
B2
330
AF
100
AcDbEntity
  8
LIB-PLAN
100
AcDbPolyline
 90
33
 70
0
 10
-724.9999999999999
 20
-36.809815950920246
 10
-726.2266918581853
 20
-36.839375307848535
 10
-727.450428508239
 20
-36.92798216755345
 10
-728.668261861384
 20
-37.07542306834893
 10
-729.8772580504032
 20
-37.28134281219066
 10
-731.0745044975815
 20
-37.545245320379294
 10
-732.2571169313616
 20
-37.86649482865745
 10
-733.4222463348054
 20
-38.24431741882158
 10
-734.5670858091272
 20
-38.67780288315861
 10
-735.688877335757
 20
-39.16590691721611
 10
-736.7849184206499
 20
-39.70745363562319
 10
-737.8525686048305
 20
-40.3011384049013
 10
-738.88925582549
 20
-40.9455309864406
 10
-739.8924826123107
 20
-41.63907898207006
 10
-740.859832104091
 20
-42.38011157392056
 10
-741.7889738711754
 20
-43.16684354957156
 10
-742.6776695296636
 20
-43.99737960278411
 10
-743.523778133874
 20
-44.86971889945967
 10
-744.3252613340683
 20
-45.78175989782466
 10
-745.0801882870161
 20
-46.73130541122863
 10
-745.7867403075635
 20
-47.71606790135946
 10
-746.4432152500068
 20
-48.733674989123394
 10
-747.0480316087088
 20
-49.78167516991416
 10
-747.599732328086
 20
-50.857543719502274
 10
-748.0969883127821
 20
-51.95868877631681
 10
-748.5386016295754
 20
-53.082457585467
 10
-748.9235083933052
 20
-54.22614288946105
 10
-749.2507813298636
 20
-55.38698945022665
 10
-749.5196320100807
 20
-56.56220068672077
 10
-749.7294127491194
 20
-57.74894541213836
 10
-749.8796181668049
 20
-58.944364654489306
 10
-749.9698864051293
 20
-60.14557854411244
 10
-749.9999999999999
 20
-61.34969325153374
  0
LINE
  5
B3
330
AF
100
AcDbEntity
  8
LIB-PLAN
100
AcDbLine
 10
-724.9999999999999
 20
-36.80981595092024
 30
0.0
 11
724.9999999999999
 21
-36.80981595092024
 31
0.0
  0
LWPOLYLINE
  5
B4
330
AF
100
AcDbEntity
  8
LIB-PLAN
100
AcDbPolyline
 90
33
 70
0
 10
749.9999999999999
 20
-61.34969325153374
 10
749.9698864051293
 20
-60.14557854411244
 10
749.8796181668049
 20
-58.94436465448931
 10
749.7294127491194
 20
-57.74894541213836
 10
749.5196320100807
 20
-56.56220068672078
 10
749.2507813298636
 20
-55.38698945022666
 10
748.9235083933052
 20
-54.22614288946105
 10
748.5386016295754
 20
-53.08245758546699
 10
748.0969883127821
 20
-51.95868877631681
 10
747.599732328086
 20
-50.85754371950228
 10
747.0480316087088
 20
-49.781675169914166
 10
746.4432152500068
 20
-48.733674989123394
 10
745.7867403075635
 20
-47.71606790135946
 10
745.0801882870161
 20
-46.73130541122863
 10
744.3252613340683
 20
-45.78175989782466
 10
743.523778133874
 20
-44.86971889945967
 10
742.6776695296636
 20
-43.99737960278411
 10
741.7889738711754
 20
-43.16684354957156
 10
740.859832104091
 20
-42.380111573920566
 10
739.8924826123107
 20
-41.63907898207007
 10
738.88925582549
 20
-40.94553098644061
 10
737.8525686048305
 20
-40.3011384049013
 10
736.7849184206499
 20
-39.70745363562319
 10
735.688877335757
 20
-39.16590691721611
 10
734.5670858091272
 20
-38.67780288315861
 10
733.4222463348054
 20
-38.24431741882158
 10
732.2571169313616
 20
-37.86649482865746
 10
731.0745044975815
 20
-37.545245320379294
 10
729.8772580504032
 20
-37.28134281219066
 10
728.668261861384
 20
-37.07542306834893
 10
727.450428508239
 20
-36.92798216755345
 10
726.2266918581853
 20
-36.839375307848535
 10
724.9999999999999
 20
-36.809815950920246
  0
LINE
  5
B5
330
AF
100
AcDbEntity
  8
LIB-PLAN
100
AcDbLine
 10
750.0
 20
-61.34969325153374
 30
0.0
 11
750.0
 21
-1975.4601226993864
 31
0.0
  0
LWPOLYLINE
  5
B6
330
AF
100
AcDbEntity
  8
LIB-PLAN
100
AcDbPolyline
 90
33
 70
0
 10
724.9999999999999
 20
-2000.0
 10
726.2266918581853
 20
-1999.9704406430717
 10
727.450428508239
 20
-1999.8818337833666
 10
728.668261861384
 20
-1999.734392882571
 10
729.8772580504032
 20
-1999.5284731387296
 10
731.0745044975815
 20
-1999.2645706305407
 10
732.2571169313616
 20
-1998.9433211222627
 10
733.4222463348054
 20
-1998.5654985320987
 10
734.5670858091272
 20
-1998.1320130677616
 10
735.688877335757
 20
-1997.643909033704
 10
736.7849184206499
 20
-1997.1023623152971
 10
737.8525686048305
 20
-1996.5086775460186
 10
738.88925582549
 20
-1995.8642849644796
 10
739.8924826123107
 20
-1995.1707369688502
 10
740.859832104091
 20
-1994.4297043769996
 10
741.7889738711754
 20
-1993.6429724013487
 10
742.6776695296636
 20
-1992.8124363481363
 10
743.523778133874
 20
-1991.9400970514605
 10
744.3252613340683
 20
-1991.0280560530953
 10
745.0801882870161
 20
-1990.0785105396913
 10
745.7867403075635
 20
-1989.0937480495609
 10
746.4432152500068
 20
-1988.0761409617965
 10
747.0480316087088
 20
-1987.028140781006
 10
747.599732328086
 20
-1985.952272231418
 10
748.0969883127821
 20
-1984.851127174603
 10
748.5386016295754
 20
-1983.727358365453
 10
748.9235083933052
 20
-1982.583673061459
 10
749.2507813298636
 20
-1981.4228265006934
 10
749.5196320100807
 20
-1980.247615264199
 10
749.7294127491194
 20
-1979.0608705387817
 10
749.8796181668049
 20
-1977.8654512964308
 10
749.9698864051293
 20
-1976.6642374068078
 10
749.9999999999999
 20
-1975.4601226993864
  0
LINE
  5
B7
330
AF
100
AcDbEntity
  8
LIB-PLAN
100
AcDbLine
 10
724.9999999999999
 20
-2000.0
 30
0.0
 11
-724.9999999999999
 21
-2000.0
 31
0.0
  0
LINE
  5
B8
330
AF
100
AcDbEntity
  8
LIB-PLAN
100
AcDbLine
 10
-750.0
 20
-1975.4601226993864
 30
0.0
 11
-750.0
 21
-61.34969325153374
 31
0.0
  0
LWPOLYLINE
  5
B9
330
AF
100
AcDbEntity
  8
LIB-PLAN
100
AcDbPolyline
 90
33
 70
0
 10
-749.9999999999999
 20
-1975.4601226993864
 10
-749.9698864051293
 20
-1976.6642374068078
 10
-749.8796181668049
 20
-1977.8654512964308
 10
-749.7294127491194
 20
-1979.0608705387817
 10
-749.5196320100807
 20
-1980.2476152641996
 10
-749.2507813298636
 20
-1981.4228265006934
 10
-748.9235083933052
 20
-1982.583673061459
 10
-748.5386016295754
 20
-1983.727358365453
 10
-748.0969883127821
 20
-1984.851127174603
 10
-747.599732328086
 20
-1985.952272231418
 10
-747.0480316087088
 20
-1987.028140781006
 10
-746.4432152500068
 20
-1988.0761409617965
 10
-745.7867403075635
 20
-1989.0937480495609
 10
-745.0801882870161
 20
-1990.0785105396913
 10
-744.3252613340683
 20
-1991.0280560530953
 10
-743.523778133874
 20
-1991.9400970514605
 10
-742.6776695296636
 20
-1992.8124363481363
 10
-741.7889738711754
 20
-1993.6429724013487
 10
-740.8598321040911
 20
-1994.4297043769996
 10
-739.8924826123107
 20
-1995.1707369688502
 10
-738.88925582549
 20
-1995.8642849644796
 10
-737.8525686048305
 20
-1996.5086775460186
 10
-736.7849184206499
 20
-1997.1023623152971
 10
-735.6888773357571
 20
-1997.643909033704
 10
-734.5670858091272
 20
-1998.1320130677616
 10
-733.4222463348054
 20
-1998.5654985320987
 10
-732.2571169313616
 20
-1998.9433211222627
 10
-731.0745044975815
 20
-1999.2645706305407
 10
-729.8772580504032
 20
-1999.5284731387296
 10
-728.668261861384
 20
-1999.734392882571
 10
-727.450428508239
 20
-1999.8818337833666
 10
-726.2266918581853
 20
-1999.9704406430717
 10
-724.9999999999999
 20
-2000.0
  0
LWPOLYLINE
  5
BA
330
AF
100
AcDbEntity
  8
LIB-PLAN
100
AcDbPolyline
 90
33
 70
0
 10
-675.0
 20
-85.88957055214725
 10
-676.2266918581854
 20
-85.91912990907552
 10
-677.450428508239
 20
-86.00773676878045
 10
-678.668261861384
 20
-86.15517766957592
 10
-679.8772580504032
 20
-86.36109741341765
 10
-681.0745044975815
 20
-86.62499992160629
 10
-682.2571169313616
 20
-86.94624942988445
 10
-683.4222463348054
 20
-87.32407202004858
 10
-684.5670858091272
 20
-87.7575574843856
 10
-685.688877335757
 20
-88.2456615184431
 10
-686.7849184206499
 20
-88.78720823685019
 10
-687.8525686048305
 20
-89.38089300612829
 10
-688.8892558254901
 20
-90.0252855876676
 10
-689.8924826123108
 20
-90.71883358329706
 10
-690.8598321040911
 20
-91.45986617514755
 10
-691.7889738711754
 20
-92.24659815079855
 10
-692.6776695296636
 20
-93.0771342040111
 10
-693.523778133874
 20
-93.94947350068666
 10
-694.3252613340684
 20
-94.86151449905165
 10
-695.0801882870161
 20
-95.81106001245561
 10
-695.7867403075636
 20
-96.79582250258645
 10
-696.4432152500068
 20
-97.81342959035038
 10
-697.0480316087088
 20
-98.86142977114116
 10
-697.599732328086
 20
-99.93729832072927
 10
-698.0969883127821
 20
-101.0384433775438
 10
-698.5386016295755
 20
-102.16221218669399
 10
-698.9235083933052
 20
-103.30589749068804
 10
-699.2507813298636
 20
-104.46674405145365
 10
-699.5196320100807
 20
-105.64195528794775
 10
-699.7294127491194
 20
-106.82870001336535
 10
-699.8796181668049
 20
-108.0241192557163
 10
-699.9698864051293
 20
-109.22533314533943
 10
-700.0
 20
-110.42944785276073
  0
LWPOLYLINE
  5
BB
330
AF
100
AcDbEntity
  8
LIB-PLAN
100
AcDbPolyline
 90
33
 70
0
 10
-700.0
 20
-503.06748466257665
 10
-699.9698864051293
 20
-504.2715993699979
 10
-699.8796181668049
 20
-505.4728132596211
 10
-699.7294127491194
 20
-506.66823250197206
 10
-699.5196320100807
 20
-507.8549772273896
 10
-699.2507813298636
 20
-509.0301884638837
 10
-698.9235083933052
 20
-510.19103502464935
 10
-698.5386016295755
 20
-511.3347203286434
 10
-698.0969883127821
 20
-512.4584891377935
 10
-697.599732328086
 20
-513.5596341946081
 10
-697.0480316087088
 20
-514.6355027441962
 10
-696.4432152500068
 20
-515.683502924987
 10
-695.7867403075636
 20
-516.701110012751
 10
-695.0801882870161
 20
-517.6858725028817
 10
-694.3252613340684
 20
-518.6354180162857
 10
-693.523778133874
 20
-519.5474590146507
 10
-692.6776695296636
 20
-520.4197983113263
 10
-691.7889738711754
 20
-521.2503343645388
 10
-690.8598321040912
 20
-522.0370663401898
 10
-689.8924826123108
 20
-522.7780989320403
 10
-688.8892558254901
 20
-523.4716469276698
 10
-687.8525686048305
 20
-524.1160395092091
 10
-686.7849184206499
 20
-524.7097242784872
 10
-685.6888773357571
 20
-525.2512709968943
 10
-684.5670858091272
 20
-525.7393750309517
 10
-683.4222463348054
 20
-526.1728604952888
 10
-682.2571169313616
 20
-526.5506830854529
 10
-681.0745044975815
 20
-526.8719325937311
 10
-679.8772580504032
 20
-527.1358351019197
 10
-678.668261861384
 20
-527.3417548457614
 10
-677.450428508239
 20
-527.4891957465569
 10
-676.2266918581854
 20
-527.5778026062618
 10
-675.0
 20
-527.6073619631901
  0
LINE
  5
BC
330
AF
100
AcDbEntity
  8
LIB-PLAN
100
AcDbLine
 10
-700.0
 20
-503.06748466257665
 30
0.0
 11
-700.0
 21
-110.42944785276073
 31
0.0
  0
LINE
  5
BD
330
AF
100
AcDbEntity
  8
LIB-PLAN
100
AcDbLine
 10
-599.9999999999999
 20
-527.6073619631902
 30
0.0
 11
-599.9999999999999
 21
-85.88957055214723
 31
0.0
  0
LWPOLYLINE
  5
BE
330
AF
100
AcDbEntity
  8
LIB-PLAN
100
AcDbPolyline
 90
33
 70
0
 10
50.0
 20
-85.88957055214725
 10
48.773308141814546
 20
-85.91912990907552
 10
47.54957149176098
 20
-86.00773676878045
 10
46.331738138615954
 20
-86.15517766957592
 10
45.122741949596794
 20
-86.36109741341765
 10
43.9254955024184
 20
-86.62499992160629
 10
42.74288306863845
 20
-86.94624942988445
 10
41.5777536651945
 20
-87.32407202004858
 10
40.43291419087276
 20
-87.7575574843856
 10
39.31112266424295
 20
-88.2456615184431
 10
38.215081579350056
 20
-88.78720823685019
 10
37.147431395169455
 20
-89.38089300612829
 10
36.11074417450995
 20
-90.0252855876676
 10
35.107517387689164
 20
-90.71883358329706
 10
34.14016789590886
 20
-91.45986617514755
 10
33.211026128824535
 20
-92.24659815079855
 10
32.32233047033631
 20
-93.0771342040111
 10
31.47622186612603
 20
-93.94947350068666
 10
30.674738665931574
 20
-94.86151449905165
 10
29.91981171298388
 20
-95.81106001245561
 10
29.213259692436363
 20
-96.79582250258645
 10
28.5567847499932
 20
-97.81342959035038
 10
27.95196839129113
 20
-98.86142977114116
 10
27.400267671913923
 20
-99.93729832072927
 10
26.90301168721783
 20
-101.0384433775438
 10
26.46139837042448
 20
-102.16221218669399
 10
26.07649160669478
 20
-103.30589749068804
 10
25.7492186701364
 20
-104.46674405145365
 10
25.480367989919237
 20
-105.64195528794775
 10
25.270587250880475
 20
-106.82870001336535
 10
25.12038183319508
 20
-108.0241192557163
 10
25.030113594870688
 20
-109.22533314533943
 10
25.0
 20
-110.42944785276073
  0
LWPOLYLINE
  5
BF
330
AF
100
AcDbEntity
  8
LIB-PLAN
100
AcDbPolyline
 90
33
 70
0
 10
25.0
 20
-503.06748466257665
 10
25.030113594870688
 20
-504.2715993699979
 10
25.120381833195076
 20
-505.4728132596211
 10
25.270587250880475
 20
-506.66823250197206
 10
25.480367989919237
 20
-507.8549772273896
 10
25.7492186701364
 20
-509.0301884638837
 10
26.076491606694777
 20
-510.19103502464935
 10
26.46139837042448
 20
-511.3347203286434
 10
26.903011687217827
 20
-512.4584891377935
 10
27.400267671913912
 20
-513.5596341946081
 10
27.951968391291125
 20
-514.6355027441962
 10
28.55678474999319
 20
-515.683502924987
 10
29.213259692436363
 20
-516.701110012751
 10
29.919811712983876
 20
-517.6858725028817
 10
30.67473866593157
 20
-518.6354180162857
 10
31.47622186612602
 20
-519.5474590146507
 10
32.32233047033631
 20
-520.4197983113263
 10
33.211026128824535
 20
-521.2503343645388
 10
34.14016789590885
 20
-522.0370663401898
 10
35.10751738768917
 20
-522.7780989320403
 10
36.110744174509946
 20
-523.4716469276698
 10
37.147431395169455
 20
-524.1160395092091
 10
38.21508157935005
 20
-524.7097242784872
 10
39.31112266424294
 20
-525.2512709968943
 10
40.43291419087274
 20
-525.7393750309517
 10
41.5777536651945
 20
-526.1728604952888
 10
42.74288306863844
 20
-526.5506830854529
 10
43.92549550241839
 20
-526.8719325937311
 10
45.12274194959679
 20
-527.1358351019197
 10
46.33173813861596
 20
-527.3417548457614
 10
47.549571491760986
 20
-527.4891957465569
 10
48.773308141814546
 20
-527.5778026062618
 10
49.99999999999999
 20
-527.6073619631901
  0
LINE
  5
C0
330
AF
100
AcDbEntity
  8
LIB-PLAN
100
AcDbLine
 10
25.0
 20
-503.06748466257665
 30
0.0
 11
25.0
 21
-110.42944785276073
 31
0.0
  0
LINE
  5
C1
330
AF
100
AcDbEntity
  8
LIB-PLAN
100
AcDbLine
 10
125.0
 20
-527.6073619631902
 30
0.0
 11
125.0
 21
-85.88957055214723
 31
0.0
  0
LWPOLYLINE
  5
C2
330
AF
100
AcDbEntity
  8
LIB-PLAN
100
AcDbPolyline
 90
33
 70
0
 10
700.0
 20
-110.42944785276073
 10
699.9698864051293
 20
-109.22533314533943
 10
699.8796181668049
 20
-108.0241192557163
 10
699.7294127491194
 20
-106.82870001336535
 10
699.5196320100807
 20
-105.64195528794777
 10
699.2507813298636
 20
-104.46674405145365
 10
698.9235083933052
 20
-103.30589749068805
 10
698.5386016295755
 20
-102.16221218669398
 10
698.0969883127821
 20
-101.03844337754381
 10
697.599732328086
 20
-99.93729832072927
 10
697.0480316087088
 20
-98.86142977114118
 10
696.4432152500068
 20
-97.8134295903504
 10
695.7867403075636
 20
-96.79582250258645
 10
695.0801882870161
 20
-95.81106001245561
 10
694.3252613340684
 20
-94.86151449905165
 10
693.523778133874
 20
-93.94947350068666
 10
692.6776695296636
 20
-93.0771342040111
 10
691.7889738711754
 20
-92.24659815079855
 10
690.8598321040911
 20
-91.45986617514757
 10
689.8924826123108
 20
-90.71883358329707
 10
688.8892558254901
 20
-90.02528558766761
 10
687.8525686048305
 20
-89.38089300612829
 10
686.7849184206499
 20
-88.78720823685019
 10
685.688877335757
 20
-88.2456615184431
 10
684.5670858091272
 20
-87.7575574843856
 10
683.4222463348054
 20
-87.32407202004858
 10
682.2571169313616
 20
-86.94624942988446
 10
681.0745044975815
 20
-86.62499992160629
 10
679.8772580504032
 20
-86.36109741341765
 10
678.668261861384
 20
-86.15517766957592
 10
677.450428508239
 20
-86.00773676878045
 10
676.2266918581854
 20
-85.91912990907552
 10
675.0
 20
-85.88957055214725
  0
LWPOLYLINE
  5
C3
330
AF
100
AcDbEntity
  8
LIB-PLAN
100
AcDbPolyline
 90
33
 70
0
 10
675.0
 20
-527.6073619631901
 10
676.2266918581854
 20
-527.5778026062618
 10
677.450428508239
 20
-527.4891957465569
 10
678.668261861384
 20
-527.3417548457614
 10
679.8772580504032
 20
-527.1358351019197
 10
681.0745044975815
 20
-526.8719325937311
 10
682.2571169313616
 20
-526.5506830854529
 10
683.4222463348054
 20
-526.1728604952888
 10
684.5670858091272
 20
-525.7393750309517
 10
685.688877335757
 20
-525.2512709968943
 10
686.7849184206499
 20
-524.7097242784872
 10
687.8525686048305
 20
-524.1160395092091
 10
688.8892558254901
 20
-523.4716469276698
 10
689.8924826123108
 20
-522.7780989320403
 10
690.8598321040911
 20
-522.0370663401898
 10
691.7889738711754
 20
-521.2503343645388
 10
692.6776695296636
 20
-520.4197983113263
 10
693.523778133874
 20
-519.5474590146507
 10
694.3252613340684
 20
-518.6354180162857
 10
695.0801882870161
 20
-517.6858725028817
 10
695.7867403075636
 20
-516.701110012751
 10
696.4432152500068
 20
-515.683502924987
 10
697.0480316087088
 20
-514.6355027441962
 10
697.599732328086
 20
-513.5596341946081
 10
698.0969883127821
 20
-512.4584891377935
 10
698.5386016295755
 20
-511.3347203286434
 10
698.9235083933052
 20
-510.19103502464935
 10
699.2507813298636
 20
-509.0301884638837
 10
699.5196320100807
 20
-507.8549772273896
 10
699.7294127491194
 20
-506.66823250197206
 10
699.8796181668049
 20
-505.4728132596211
 10
699.9698864051293
 20
-504.2715993699979
 10
700.0
 20
-503.06748466257665
  0
LINE
  5
C4
330
AF
100
AcDbEntity
  8
LIB-PLAN
100
AcDbLine
 10
700.0
 20
-110.42944785276073
 30
0.0
 11
700.0
 21
-503.06748466257665
 31
0.0
  0
LWPOLYLINE
  5
C5
330
AF
100
AcDbEntity
  8
LIB-PLAN
100
AcDbPolyline
 90
33
 70
0
 10
-25.0
 20
-110.42944785276073
 10
-25.030113594870688
 20
-109.22533314533943
 10
-25.120381833195076
 20
-108.0241192557163
 10
-25.270587250880475
 20
-106.82870001336535
 10
-25.480367989919237
 20
-105.64195528794777
 10
-25.7492186701364
 20
-104.46674405145365
 10
-26.07649160669478
 20
-103.30589749068805
 10
-26.46139837042448
 20
-102.16221218669398
 10
-26.90301168721783
 20
-101.03844337754381
 10
-27.400267671913916
 20
-99.93729832072927
 10
-27.951968391291125
 20
-98.86142977114118
 10
-28.556784749993195
 20
-97.8134295903504
 10
-29.213259692436367
 20
-96.79582250258645
 10
-29.919811712983876
 20
-95.81106001245561
 10
-30.674738665931574
 20
-94.86151449905165
 10
-31.476221866126018
 20
-93.94947350068666
 10
-32.32233047033631
 20
-93.0771342040111
 10
-33.211026128824535
 20
-92.24659815079855
 10
-34.14016789590886
 20
-91.45986617514757
 10
-35.107517387689164
 20
-90.71883358329707
 10
-36.11074417450994
 20
-90.02528558766761
 10
-37.147431395169455
 20
-89.38089300612829
 10
-38.21508157935005
 20
-88.78720823685019
 10
-39.311122664242944
 20
-88.2456615184431
 10
-40.43291419087275
 20
-87.7575574843856
 10
-41.57775366519449
 20
-87.32407202004858
 10
-42.74288306863844
 20
-86.94624942988446
 10
-43.9254955024184
 20
-86.62499992160629
 10
-45.122741949596794
 20
-86.36109741341765
 10
-46.331738138615954
 20
-86.15517766957592
 10
-47.54957149176098
 20
-86.00773676878045
 10
-48.773308141814546
 20
-85.91912990907552
 10
-50.0
 20
-85.88957055214725
  0
LWPOLYLINE
  5
C6
330
AF
100
AcDbEntity
  8
LIB-PLAN
100
AcDbPolyline
 90
33
 70
0
 10
-50.00000000000001
 20
-527.6073619631901
 10
-48.77330814181455
 20
-527.5778026062618
 10
-47.54957149176098
 20
-527.4891957465569
 10
-46.33173813861596
 20
-527.3417548457614
 10
-45.1227419495968
 20
-527.1358351019197
 10
-43.9254955024184
 20
-526.8719325937311
 10
-42.74288306863844
 20
-526.5506830854529
 10
-41.57775366519451
 20
-526.1728604952888
 10
-40.43291419087276
 20
-525.7393750309517
 10
-39.31112266424295
 20
-525.2512709968943
 10
-38.21508157935006
 20
-524.7097242784872
 10
-37.147431395169455
 20
-524.1160395092091
 10
-36.110744174509946
 20
-523.4716469276698
 10
-35.10751738768917
 20
-522.7780989320403
 10
-34.14016789590886
 20
-522.0370663401898
 10
-33.211026128824535
 20
-521.2503343645388
 10
-32.32233047033631
 20
-520.4197983113263
 10
-31.47622186612602
 20
-519.5474590146507
 10
-30.674738665931574
 20
-518.6354180162857
 10
-29.919811712983876
 20
-517.6858725028817
 10
-29.213259692436367
 20
-516.701110012751
 10
-28.5567847499932
 20
-515.683502924987
 10
-27.95196839129113
 20
-514.6355027441962
 10
-27.400267671913916
 20
-513.5596341946081
 10
-26.90301168721783
 20
-512.4584891377935
 10
-26.46139837042448
 20
-511.3347203286434
 10
-26.07649160669478
 20
-510.19103502464935
 10
-25.7492186701364
 20
-509.0301884638837
 10
-25.480367989919237
 20
-507.8549772273896
 10
-25.270587250880475
 20
-506.66823250197206
 10
-25.120381833195076
 20
-505.4728132596211
 10
-25.030113594870688
 20
-504.2715993699979
 10
-25.0
 20
-503.06748466257665
  0
LINE
  5
C7
330
AF
100
AcDbEntity
  8
LIB-PLAN
100
AcDbLine
 10
-25.0
 20
-110.42944785276073
 30
0.0
 11
-25.0
 21
-503.06748466257665
 31
0.0
  0
LINE
  5
C8
330
AF
100
AcDbEntity
  8
LIB-PLAN
100
AcDbLine
 10
-675.0
 20
-85.88957055214723
 30
0.0
 11
-50.0
 21
-85.88957055214723
 31
0.0
  0
LINE
  5
C9
330
AF
100
AcDbEntity
  8
LIB-PLAN
100
AcDbLine
 10
675.0
 20
-527.6073619631902
 30
0.0
 11
50.0
 21
-527.6073619631902
 31
0.0
  0
LINE
  5
CA
330
AF
100
AcDbEntity
  8
LIB-PLAN
100
AcDbLine
 10
-50.0
 20
-527.6073619631902
 30
0.0
 11
-675.0
 21
-527.6073619631902
 31
0.0
  0
LINE
  5
CB
330
AF
100
AcDbEntity
  8
LIB-PLAN
100
AcDbLine
 10
50.0
 20
-85.88957055214723
 30
0.0
 11
675.0
 21
-85.88957055214723
 31
0.0
  0
LINE
  5
CC
330
AF
100
AcDbEntity
  8
LIB-PLAN
100
AcDbLine
 10
-750.0
 20
-576.6871165644171
 30
0.0
 11
750.0
 21
-576.6871165644171
 31
0.0
  0
LINE
  5
CD
330
AF
100
AcDbEntity
  8
LIB-PLAN
100
AcDbLine
 10
-750.0
 20
-674.8466257668712
 30
0.0
 11
750.0
 21
-674.8466257668712
 31
0.0
  0
LINE
  5
CE
330
AF
100
AcDbEntity
  8
LIB-PLAN
100
AcDbLine
 10
-750.0
 20
-36.80981595092024
 30
0.0
 11
-750.0
 21
0.0
 31
0.0
  0
LINE
  5
CF
330
AF
100
AcDbEntity
  8
LIB-PLAN
100
AcDbLine
 10
-750.0
 20
-36.80981595092024
 30
0.0
 11
750.0
 21
-36.80981595092024
 31
0.0
  0
LINE
  5
D0
330
AF
100
AcDbEntity
  8
LIB-PLAN
100
AcDbLine
 10
-750.0
 20
0.0
 30
0.0
 11
750.0
 21
0.0
 31
0.0
  0
LINE
  5
D1
330
AF
100
AcDbEntity
  8
LIB-PLAN
100
AcDbLine
 10
750.0
 20
-36.80981595092024
 30
0.0
 11
750.0
 21
0.0
 31
0.0
  0
ENDBLK
  5
B1
330
AF
100
AcDbEntity
  8
0
100
AcDbBlockEnd
  0
BLOCK
  5
D3
330
D2
100
AcDbEntity
  8
0
100
AcDbBlockBegin
  2
BED_900x2000_PLAN
 70
0
 10
0.0
 20
0.0
 30
0.0
  3
BED_900x2000_PLAN
  1

  0
LWPOLYLINE
  5
D5
330
D2
100
AcDbEntity
  8
LIB-PLAN
100
AcDbPolyline
 90
33
 70
0
 10
-426.92307692307696
 20
-39.735099337748345
 10
-428.0554078690943
 20
-39.76700778264444
 10
-429.18501093068215
 20
-39.86265624709412
 10
-430.3091647951237
 20
-40.02181430556871
 10
-431.4251612772953
 20
-40.24409853236475
 10
-432.53031184392154
 20
-40.5289734253101
 10
-433.6219540904876
 20
-40.87575269583552
 10
-434.6974581552051
 20
-41.28360092230409
 10
-435.75423305457906
 20
-41.751535562614926
 10
-436.78973292531424
 20
-42.27842932123328
 10
-437.801463157523
 20
-42.86301286494424
 10
-438.786986404459
 20
-43.50387788078749
 10
-439.74392845429855
 20
-44.19948046880674
 10
-440.66998394982545
 20
-44.94814486143987
 10
-441.562921942238
 20
-45.748067460589745
 10
-442.42059126570047
 20
-46.59732118265009
 10
-443.2409257196896
 20
-47.493860101018605
 10
-444.0219490466529
 20
-48.43552437491342
 10
-444.7617796929863
 20
-49.420045452618666
 10
-445.45863534186105
 20
-50.445051536624284
 10
-446.11083720698184
 20
-51.508073297493986
 10
-446.7168140769294
 20
-52.60654982269611
 10
-447.27510610034665
 20
-53.73783478606628
 10
-447.7843683028487
 20
-54.89920282303888
 10
-448.2433738271836
 20
-56.08785609628901
 10
-448.65101688883897
 20
-57.300931035967686
 10
-449.00631543997406
 20
-58.53550523829239
 10
-449.30841353525875
 20
-59.7886045058738
 10
-449.55658339392073
 20
-61.057210012817784
 10
-449.75022715303345
 20
-62.33826557734141
 10
-449.88887830782
 20
-63.62868502438249
 10
-449.972202835504
 20
-64.92535962046574
 10
-450.0
 20
-66.2251655629139
  0
LWPOLYLINE
  5
D6
330
D2
100
AcDbEntity
  8
LIB-PLAN
100
AcDbPolyline
 90
33
 70
0
 10
-450.0
 20
-1973.5099337748343
 10
-449.972202835504
 20
-1974.8097397172826
 10
-449.88887830782
 20
-1976.1064143133656
 10
-449.75022715303345
 20
-1977.3968337604067
 10
-449.55658339392073
 20
-1978.6778893249304
 10
-449.30841353525875
 20
-1979.9464948318746
 10
-449.00631543997406
 20
-1981.199594099456
 10
-448.65101688883897
 20
-1982.4341683017806
 10
-448.2433738271836
 20
-1983.6472432414594
 10
-447.7843683028487
 20
-1984.8358965147092
 10
-447.27510610034665
 20
-1985.9972645516818
 10
-446.7168140769294
 20
-1987.128549515052
 10
-446.11083720698184
 20
-1988.2270260402543
 10
-445.45863534186105
 20
-1989.290047801124
 10
-444.7617796929863
 20
-1990.3150538851296
 10
-444.02194904665294
 20
-1991.2995749628349
 10
-443.2409257196896
 20
-1992.2412392367296
 10
-442.42059126570047
 20
-1993.137778155098
 10
-441.562921942238
 20
-1993.9870318771584
 10
-440.6699839498254
 20
-1994.7869544763084
 10
-439.74392845429855
 20
-1995.5356188689416
 10
-438.786986404459
 20
-1996.2312214569608
 10
-437.801463157523
 20
-1996.872086472804
 10
-436.78973292531424
 20
-1997.4566700165149
 10
-435.75423305457906
 20
-1997.9835637751332
 10
-434.6974581552051
 20
-1998.4514984154441
 10
-433.6219540904876
 20
-1998.8593466419127
 10
-432.53031184392154
 20
-1999.2061259124382
 10
-431.4251612772953
 20
-1999.4910008053835
 10
-430.3091647951237
 20
-1999.7132850321796
 10
-429.18501093068215
 20
-1999.872443090654
 10
-428.0554078690943
 20
-1999.968091555104
 10
-426.92307692307696
 20
-2000.0
  0
LINE
  5
D7
330
D2
100
AcDbEntity
  8
LIB-PLAN
100
AcDbLine
 10
-450.0
 20
-66.2251655629139
 30
0.0
 11
-450.0
 21
-1973.5099337748343
 31
0.0
  0
LINE
  5
D8
330
D2
100
AcDbEntity
  8
LIB-PLAN
100
AcDbLine
 10
450.0
 20
-66.2251655629139
 30
0.0
 11
450.0
 21
-1973.5099337748343
 31
0.0
  0
LWPOLYLINE
  5
D9
330
D2
100
AcDbEntity
  8
LIB-PLAN
100
AcDbPolyline
 90
33
 70
0
 10
450.0
 20
-66.2251655629139
 10
449.972202835504
 20
-64.92535962046574
 10
449.88887830782
 20
-63.6286850243825
 10
449.75022715303345
 20
-62.33826557734141
 10
449.55658339392073
 20
-61.05721001281779
 10
449.30841353525875
 20
-59.788604505873806
 10
449.00631543997406
 20
-58.53550523829239
 10
448.65101688883897
 20
-57.30093103596768
 10
448.2433738271836
 20
-56.08785609628901
 10
447.7843683028487
 20
-54.899202823038884
 10
447.27510610034665
 20
-53.73783478606629
 10
446.7168140769294
 20
-52.60654982269611
 10
446.11083720698184
 20
-51.508073297493986
 10
445.45863534186105
 20
-50.445051536624284
 10
444.7617796929863
 20
-49.420045452618666
 10
444.02194904665294
 20
-48.43552437491342
 10
443.2409257196896
 20
-47.493860101018605
 10
442.42059126570047
 20
-46.59732118265009
 10
441.562921942238
 20
-45.74806746058975
 10
440.66998394982545
 20
-44.94814486143988
 10
439.74392845429855
 20
-44.19948046880675
 10
438.786986404459
 20
-43.50387788078749
 10
437.801463157523
 20
-42.86301286494424
 10
436.78973292531424
 20
-42.27842932123328
 10
435.75423305457906
 20
-41.751535562614926
 10
434.6974581552051
 20
-41.28360092230409
 10
433.6219540904876
 20
-40.87575269583553
 10
432.53031184392154
 20
-40.5289734253101
 10
431.4251612772953
 20
-40.24409853236475
 10
430.3091647951237
 20
-40.02181430556871
 10
429.18501093068215
 20
-39.86265624709412
 10
428.0554078690943
 20
-39.76700778264444
 10
426.92307692307696
 20
-39.735099337748345
  0
LWPOLYLINE
  5
DA
330
D2
100
AcDbEntity
  8
LIB-PLAN
100
AcDbPolyline
 90
33
 70
0
 10
426.92307692307696
 20
-2000.0
 10
428.0554078690943
 20
-1999.968091555104
 10
429.18501093068215
 20
-1999.872443090654
 10
430.3091647951237
 20
-1999.7132850321796
 10
431.4251612772953
 20
-1999.4910008053835
 10
432.53031184392154
 20
-1999.2061259124382
 10
433.6219540904876
 20
-1998.8593466419127
 10
434.6974581552051
 20
-1998.4514984154441
 10
435.75423305457906
 20
-1997.9835637751332
 10
436.78973292531424
 20
-1997.4566700165149
 10
437.801463157523
 20
-1996.872086472804
 10
438.786986404459
 20
-1996.2312214569608
 10
439.74392845429855
 20
-1995.5356188689416
 10
440.66998394982545
 20
-1994.7869544763084
 10
441.562921942238
 20
-1993.9870318771584
 10
442.42059126570047
 20
-1993.137778155098
 10
443.2409257196896
 20
-1992.2412392367296
 10
444.02194904665294
 20
-1991.2995749628349
 10
444.7617796929863
 20
-1990.3150538851296
 10
445.45863534186105
 20
-1989.290047801124
 10
446.11083720698184
 20
-1988.2270260402543
 10
446.7168140769294
 20
-1987.128549515052
 10
447.27510610034665
 20
-1985.9972645516818
 10
447.7843683028487
 20
-1984.8358965147092
 10
448.2433738271836
 20
-1983.6472432414594
 10
448.65101688883897
 20
-1982.4341683017806
 10
449.00631543997406
 20
-1981.199594099456
 10
449.30841353525875
 20
-1979.9464948318746
 10
449.55658339392073
 20
-1978.6778893249304
 10
449.75022715303345
 20
-1977.3968337604067
 10
449.88887830782
 20
-1976.1064143133656
 10
449.972202835504
 20
-1974.8097397172826
 10
450.0
 20
-1973.5099337748343
  0
LINE
  5
DB
330
D2
100
AcDbEntity
  8
LIB-PLAN
100
AcDbLine
 10
-426.92307692307696
 20
-1999.9999999999998
 30
0.0
 11
426.92307692307696
 21
-1999.9999999999998
 31
0.0
  0
LINE
  5
DC
330
D2
100
AcDbEntity
  8
LIB-PLAN
100
AcDbLine
 10
-426.92307692307696
 20
-39.73509933774834
 30
0.0
 11
426.92307692307696
 21
-39.73509933774834
 31
0.0
  0
LINE
  5
DD
330
D2
100
AcDbEntity
  8
LIB-PLAN
100
AcDbLine
 10
-450.0
 20
-622.5165562913907
 30
0.0
 11
450.0
 21
-622.5165562913907
 31
0.0
  0
LINE
  5
DE
330
D2
100
AcDbEntity
  8
LIB-PLAN
100
AcDbLine
 10
-450.0
 20
-728.476821192053
 30
0.0
 11
450.0
 21
-728.476821192053
 31
0.0
  0
LWPOLYLINE
  5
DF
330
D2
100
AcDbEntity
  8
LIB-PLAN
100
AcDbPolyline
 90
33
 70
0
 10
-253.84615384615384
 20
-92.71523178807948
 10
-254.9784847921712
 20
-92.74714023297555
 10
-256.10808785375906
 20
-92.84278869742525
 10
-257.2322417182006
 20
-93.00194675589984
 10
-258.3482382003722
 20
-93.22423098269587
 10
-259.45338876699844
 20
-93.50910587564123
 10
-260.5450310135645
 20
-93.85588514616664
 10
-261.620535078282
 20
-94.26373337263522
 10
-262.67730997765597
 20
-94.73166801294605
 10
-263.71280984839115
 20
-95.2585617715644
 10
-264.7245400805999
 20
-95.84314531527536
 10
-265.7100633275359
 20
-96.48401033111861
 10
-266.66700537737546
 20
-97.17961291913787
 10
-267.59306087290236
 20
-97.92827731177098
 10
-268.4859988653149
 20
-98.72819991092086
 10
-269.3436681887774
 20
-99.57745363298122
 10
-270.1640026427665
 20
-100.47399255134972
 10
-270.9450259697298
 20
-101.41565682524454
 10
-271.6848566160632
 20
-102.40017790294979
 10
-272.38171226493796
 20
-103.42518398695539
 10
-273.03391413005875
 20
-104.48820574782509
 10
-273.6398910000063
 20
-105.58668227302722
 10
-274.19818302342355
 20
-106.7179672363974
 10
-274.7074452259256
 20
-107.87933527337
 10
-275.1664507502605
 20
-109.06798854662013
 10
-275.5740938119159
 20
-110.2810634862988
 10
-275.92939236305097
 20
-111.5156376886235
 10
-276.23149045833566
 20
-112.76873695620492
 10
-276.47966031699764
 20
-114.0373424631489
 10
-276.6733040761103
 20
-115.31839802767253
 10
-276.8119552308969
 20
-116.60881747471362
 10
-276.8952797585809
 20
-117.90549207079687
 10
-276.9230769230769
 20
-119.20529801324503
  0
LWPOLYLINE
  5
E0
330
D2
100
AcDbEntity
  8
LIB-PLAN
100
AcDbPolyline
 90
33
 70
0
 10
-276.9230769230769
 20
-543.046357615894
 10
-276.8952797585809
 20
-544.346163558342
 10
-276.8119552308969
 20
-545.6428381544254
 10
-276.6733040761103
 20
-546.9332576014665
 10
-276.47966031699764
 20
-548.2143131659901
 10
-276.23149045833566
 20
-549.482918672934
 10
-275.92939236305097
 20
-550.7360179405155
 10
-275.5740938119159
 20
-551.9705921428401
 10
-275.1664507502605
 20
-553.1836670825189
 10
-274.7074452259256
 20
-554.3723203557689
 10
-274.19818302342355
 20
-555.5336883927415
 10
-273.6398910000063
 20
-556.6649733561118
 10
-273.03391413005875
 20
-557.7634498813139
 10
-272.38171226493796
 20
-558.8264716421835
 10
-271.6848566160632
 20
-559.8514777261892
 10
-270.94502596972984
 20
-560.8359988038944
 10
-270.1640026427665
 20
-561.7776630777893
 10
-269.3436681887774
 20
-562.6742019961578
 10
-268.4859988653149
 20
-563.5234557182181
 10
-267.5930608729023
 20
-564.323378317368
 10
-266.66700537737546
 20
-565.0720427100011
 10
-265.7100633275359
 20
-565.7676452980204
 10
-264.7245400805999
 20
-566.4085103138636
 10
-263.71280984839115
 20
-566.9930938575745
 10
-262.67730997765597
 20
-567.5199876161929
 10
-261.620535078282
 20
-567.9879222565038
 10
-260.5450310135645
 20
-568.3957704829724
 10
-259.45338876699844
 20
-568.7425497534979
 10
-258.3482382003722
 20
-569.0274246464431
 10
-257.2322417182006
 20
-569.2497088732391
 10
-256.10808785375906
 20
-569.4088669317138
 10
-254.9784847921712
 20
-569.5045153961635
 10
-253.84615384615384
 20
-569.5364238410594
  0
LINE
  5
E1
330
D2
100
AcDbEntity
  8
LIB-PLAN
100
AcDbLine
 10
-276.9230769230769
 20
-543.046357615894
 30
0.0
 11
-276.9230769230769
 21
-119.20529801324503
 31
0.0
  0
LINE
  5
E2
330
D2
100
AcDbEntity
  8
LIB-PLAN
100
AcDbLine
 10
-184.6153846153846
 20
-569.5364238410596
 30
0.0
 11
-184.6153846153846
 21
-92.71523178807946
 31
0.0
  0
LWPOLYLINE
  5
E3
330
D2
100
AcDbEntity
  8
LIB-PLAN
100
AcDbPolyline
 90
33
 70
0
 10
276.9230769230769
 20
-119.20529801324503
 10
276.8952797585809
 20
-117.90549207079687
 10
276.8119552308969
 20
-116.60881747471362
 10
276.6733040761103
 20
-115.31839802767253
 10
276.47966031699764
 20
-114.03734246314892
 10
276.23149045833566
 20
-112.76873695620492
 10
275.92939236305097
 20
-111.51563768862351
 10
275.5740938119159
 20
-110.28106348629879
 10
275.1664507502605
 20
-109.06798854662014
 10
274.7074452259256
 20
-107.87933527337
 10
274.19818302342355
 20
-106.71796723639741
 10
273.6398910000063
 20
-105.58668227302724
 10
273.03391413005875
 20
-104.48820574782509
 10
272.38171226493796
 20
-103.42518398695539
 10
271.6848566160632
 20
-102.40017790294979
 10
270.94502596972984
 20
-101.41565682524454
 10
270.1640026427665
 20
-100.47399255134972
 10
269.3436681887774
 20
-99.57745363298122
 10
268.4859988653149
 20
-98.72819991092088
 10
267.59306087290236
 20
-97.928277311771
 10
266.66700537737546
 20
-97.17961291913788
 10
265.7100633275359
 20
-96.48401033111861
 10
264.7245400805999
 20
-95.84314531527536
 10
263.71280984839115
 20
-95.2585617715644
 10
262.67730997765597
 20
-94.73166801294605
 10
261.620535078282
 20
-94.26373337263522
 10
260.5450310135645
 20
-93.85588514616666
 10
259.45338876699844
 20
-93.50910587564123
 10
258.3482382003722
 20
-93.22423098269587
 10
257.2322417182006
 20
-93.00194675589984
 10
256.10808785375906
 20
-92.84278869742525
 10
254.9784847921712
 20
-92.74714023297555
 10
253.84615384615384
 20
-92.71523178807948
  0
LWPOLYLINE
  5
E4
330
D2
100
AcDbEntity
  8
LIB-PLAN
100
AcDbPolyline
 90
33
 70
0
 10
253.84615384615384
 20
-569.5364238410594
 10
254.9784847921712
 20
-569.5045153961635
 10
256.10808785375906
 20
-569.4088669317138
 10
257.2322417182006
 20
-569.2497088732391
 10
258.3482382003722
 20
-569.0274246464431
 10
259.45338876699844
 20
-568.7425497534979
 10
260.5450310135645
 20
-568.3957704829724
 10
261.620535078282
 20
-567.9879222565038
 10
262.67730997765597
 20
-567.5199876161929
 10
263.71280984839115
 20
-566.9930938575745
 10
264.7245400805999
 20
-566.4085103138636
 10
265.7100633275359
 20
-565.7676452980204
 10
266.66700537737546
 20
-565.0720427100011
 10
267.59306087290236
 20
-564.323378317368
 10
268.4859988653149
 20
-563.5234557182181
 10
269.3436681887774
 20
-562.6742019961578
 10
270.1640026427665
 20
-561.7776630777893
 10
270.94502596972984
 20
-560.8359988038944
 10
271.6848566160632
 20
-559.8514777261892
 10
272.38171226493796
 20
-558.8264716421835
 10
273.03391413005875
 20
-557.7634498813139
 10
273.6398910000063
 20
-556.6649733561118
 10
274.19818302342355
 20
-555.5336883927415
 10
274.7074452259256
 20
-554.3723203557689
 10
275.1664507502605
 20
-553.1836670825189
 10
275.5740938119159
 20
-551.9705921428401
 10
275.92939236305097
 20
-550.7360179405155
 10
276.23149045833566
 20
-549.482918672934
 10
276.47966031699764
 20
-548.2143131659901
 10
276.6733040761103
 20
-546.9332576014665
 10
276.8119552308969
 20
-545.6428381544254
 10
276.8952797585809
 20
-544.346163558342
 10
276.9230769230769
 20
-543.046357615894
  0
LINE
  5
E5
330
D2
100
AcDbEntity
  8
LIB-PLAN
100
AcDbLine
 10
276.9230769230769
 20
-119.20529801324503
 30
0.0
 11
276.9230769230769
 21
-543.046357615894
 31
0.0
  0
LINE
  5
E6
330
D2
100
AcDbEntity
  8
LIB-PLAN
100
AcDbLine
 10
-253.84615384615384
 20
-92.71523178807946
 30
0.0
 11
253.84615384615384
 21
-92.71523178807946
 31
0.0
  0
LINE
  5
E7
330
D2
100
AcDbEntity
  8
LIB-PLAN
100
AcDbLine
 10
253.84615384615384
 20
-569.5364238410596
 30
0.0
 11
-253.84615384615384
 21
-569.5364238410596
 31
0.0
  0
LINE
  5
E8
330
D2
100
AcDbEntity
  8
LIB-PLAN
100
AcDbLine
 10
-450.0
 20
-39.73509933774834
 30
0.0
 11
-450.0
 21
0.0
 31
0.0
  0
LINE
  5
E9
330
D2
100
AcDbEntity
  8
LIB-PLAN
100
AcDbLine
 10
450.0
 20
-39.73509933774834
 30
0.0
 11
450.0
 21
0.0
 31
0.0
  0
LINE
  5
EA
330
D2
100
AcDbEntity
  8
LIB-PLAN
100
AcDbLine
 10
-450.0
 20
-39.73509933774834
 30
0.0
 11
450.0
 21
-39.73509933774834
 31
0.0
  0
LINE
  5
EB
330
D2
100
AcDbEntity
  8
LIB-PLAN
100
AcDbLine
 10
-450.0
 20
0.0
 30
0.0
 11
450.0
 21
0.0
 31
0.0
  0
ENDBLK
  5
D4
330
D2
100
AcDbEntity
  8
0
100
AcDbBlockEnd
  0
BLOCK
  5
ED
330
EC
100
AcDbEntity
  8
0
100
AcDbBlockBegin
  2
SOFA_3S_2200x900_PLAN
 70
0
 10
0.0
 20
0.0
 30
0.0
  3
SOFA_3S_2200x900_PLAN
  1

  0
LWPOLYLINE
  5
EF
330
EC
100
AcDbEntity
  8
LIB-PLAN
100
AcDbPolyline
 90
33
 70
0
 10
-1100.0
 20
-849.9999999999999
 10
-1099.9397728102585
 20
-852.4533837163709
 10
-1099.7592363336098
 20
-854.900857016478
 10
-1099.458825498239
 20
-857.336523722768
 10
-1099.0392640201615
 20
-859.7545161008063
 10
-1098.5015626597274
 20
-862.1490089951632
 10
-1097.8470167866105
 20
-864.514233862723
 10
-1097.077203259151
 20
-866.844492669611
 10
-1096.1939766255643
 20
-869.1341716182544
 10
-1095.199464656172
 20
-871.377754671514
 10
-1094.0960632174176
 20
-873.5698368412998
 10
-1092.8864305000136
 20
-875.7051372096611
 10
-1091.5734806151272
 20
-877.77851165098
 10
-1090.1603765740322
 20
-879.7849652246216
 10
-1088.6505226681368
 20
-881.7196642081822
 10
-1087.047556267748
 20
-883.577947742351
 10
-1085.3553390593274
 20
-885.3553390593273
 10
-1083.5779477423507
 20
-887.0475562677478
 10
-1081.7196642081824
 20
-888.6505226681368
 10
-1079.7849652246216
 20
-890.1603765740322
 10
-1077.7785116509801
 20
-891.5734806151272
 10
-1075.7051372096612
 20
-892.8864305000135
 10
-1073.5698368412998
 20
-894.0960632174176
 10
-1071.3777546715141
 20
-895.199464656172
 10
-1069.1341716182544
 20
-896.1939766255642
 10
-1066.844492669611
 20
-897.0772032591509
 10
-1064.5142338627231
 20
-897.8470167866104
 10
-1062.149008995163
 20
-898.5015626597271
 10
-1059.7545161008063
 20
-899.0392640201615
 10
-1057.336523722768
 20
-899.458825498239
 10
-1054.900857016478
 20
-899.7592363336098
 10
-1052.4533837163708
 20
-899.9397728102585
 10
-1050.0
 20
-899.9999999999999
  0
LINE
  5
F0
330
EC
100
AcDbEntity
  8
LIB-PLAN
100
AcDbLine
 10
-950.0
 20
-900.0
 30
0.0
 11
-1050.0
 21
-900.0
 31
0.0
  0
LINE
  5
F1
330
EC
100
AcDbEntity
  8
LIB-PLAN
100
AcDbLine
 10
-900.0
 20
-849.9999999999999
 30
0.0
 11
-900.0
 21
-299.99999999999994
 31
0.0
  0
LWPOLYLINE
  5
F2
330
EC
100
AcDbEntity
  8
LIB-PLAN
100
AcDbPolyline
 90
33
 70
0
 10
-950.0
 20
-899.9999999999999
 10
-947.5466162836291
 20
-899.9397728102585
 10
-945.0991429835219
 20
-899.7592363336098
 10
-942.6634762772319
 20
-899.458825498239
 10
-940.2454838991936
 20
-899.0392640201615
 10
-937.8509910048367
 20
-898.5015626597271
 10
-935.4857661372769
 20
-897.8470167866104
 10
-933.1555073303889
 20
-897.0772032591509
 10
-930.8658283817455
 20
-896.1939766255643
 10
-928.6222453284859
 20
-895.199464656172
 10
-926.4301631587001
 20
-894.0960632174176
 10
-924.2948627903388
 20
-892.8864305000135
 10
-922.2214883490199
 20
-891.5734806151272
 10
-920.2150347753783
 20
-890.1603765740322
 10
-918.2803357918177
 20
-888.6505226681368
 10
-916.422052257649
 20
-887.047556267748
 10
-914.6446609406726
 20
-885.3553390593273
 10
-912.9524437322519
 20
-883.577947742351
 10
-911.3494773318631
 20
-881.7196642081822
 10
-909.8396234259677
 20
-879.7849652246216
 10
-908.4265193848728
 20
-877.77851165098
 10
-907.1135694999864
 20
-875.7051372096611
 10
-905.9039367825823
 20
-873.5698368412998
 10
-904.8005353438278
 20
-871.377754671514
 10
-903.8060233744355
 20
-869.1341716182544
 10
-902.922796740849
 20
-866.844492669611
 10
-902.1529832133895
 20
-864.514233862723
 10
-901.4984373402727
 20
-862.1490089951632
 10
-900.9607359798384
 20
-859.7545161008063
 10
-900.5411745017609
 20
-857.336523722768
 10
-900.2407636663901
 20
-854.900857016478
 10
-900.0602271897413
 20
-852.4533837163709
 10
-900.0
 20
-849.9999999999999
  0
LWPOLYLINE
  5
F3
330
EC
100
AcDbEntity
  8
LIB-PLAN
100
AcDbPolyline
 90
33
 70
0
 10
-1100.0
 20
-250.0
 10
-1099.9397728102585
 20
-252.4533837163709
 10
-1099.7592363336098
 20
-254.900857016478
 10
-1099.458825498239
 20
-257.3365237227681
 10
-1099.0392640201615
 20
-259.7545161008064
 10
-1098.5015626597274
 20
-262.1490089951632
 10
-1097.8470167866105
 20
-264.51423386272313
 10
-1097.077203259151
 20
-266.84449266961104
 10
-1096.1939766255643
 20
-269.13417161825447
 10
-1095.199464656172
 20
-271.37775467151414
 10
-1094.0960632174176
 20
-273.5698368412999
 10
-1092.8864305000136
 20
-275.70513720966113
 10
-1091.5734806151272
 20
-277.77851165098014
 10
-1090.1603765740322
 20
-279.78496522462166
 10
-1088.6505226681368
 20
-281.7196642081823
 10
-1087.047556267748
 20
-283.57794774235094
 10
-1085.3553390593274
 20
-285.3553390593274
 10
-1083.5779477423507
 20
-287.04755626774795
 10
-1081.7196642081824
 20
-288.6505226681369
 10
-1079.7849652246216
 20
-290.1603765740322
 10
-1077.7785116509801
 20
-291.57348061512727
 10
-1075.7051372096612
 20
-292.8864305000136
 10
-1073.5698368412998
 20
-294.09606321741774
 10
-1071.3777546715141
 20
-295.19946465617215
 10
-1069.1341716182544
 20
-296.19397662556435
 10
-1066.844492669611
 20
-297.0772032591511
 10
-1064.5142338627231
 20
-297.8470167866105
 10
-1062.149008995163
 20
-298.5015626597272
 10
-1059.7545161008063
 20
-299.0392640201615
 10
-1057.336523722768
 20
-299.45882549823904
 10
-1054.900857016478
 20
-299.75923633360986
 10
-1052.4533837163708
 20
-299.9397728102586
 10
-1050.0
 20
-300.0
  0
LINE
  5
F4
330
EC
100
AcDbEntity
  8
LIB-PLAN
100
AcDbLine
 10
-1100.0
 20
-849.9999999999999
 30
0.0
 11
-1100.0
 21
-250.0
 31
0.0
  0
LWPOLYLINE
  5
F5
330
EC
100
AcDbEntity
  8
LIB-PLAN
100
AcDbPolyline
 90
33
 70
0
 10
-1050.0
 20
0.0
 10
-1052.4533837163708
 20
-0.06022718974137984
 10
-1054.900857016478
 20
-0.2407636663901547
 10
-1057.336523722768
 20
-0.5411745017609525
 10
-1059.7545161008063
 20
-0.960735979838475
 10
-1062.149008995163
 20
-1.4984373402727988
 10
-1064.5142338627231
 20
-2.1529832133895535
 10
-1066.844492669611
 20
-2.922796740848962
 10
-1069.1341716182544
 20
-3.8060233744356617
 10
-1071.377754671514
 20
-4.800535343827826
 10
-1073.5698368412998
 20
-5.903936782582249
 10
-1075.7051372096612
 20
-7.1135694999863945
 10
-1077.7785116509801
 20
-8.42651938487273
 10
-1079.7849652246216
 20
-9.83962342596775
 10
-1081.7196642081822
 20
-11.349477331863147
 10
-1083.5779477423507
 20
-12.952443732252044
 10
-1085.3553390593274
 20
-14.64466094067262
 10
-1087.047556267748
 20
-16.422052257649074
 10
-1088.6505226681368
 20
-18.280335791817727
 10
-1090.1603765740322
 20
-20.215034775378328
 10
-1091.5734806151272
 20
-22.22148834901989
 10
-1092.8864305000136
 20
-24.29486279033891
 10
-1094.0960632174176
 20
-26.430163158700108
 10
-1095.199464656172
 20
-28.622245328485878
 10
-1096.1939766255643
 20
-30.865828381745505
 10
-1097.077203259151
 20
-33.155507330389
 10
-1097.8470167866105
 20
-35.48576613727688
 10
-1098.5015626597274
 20
-37.8509910048368
 10
-1099.0392640201615
 20
-40.245483899193566
 10
-1099.458825498239
 20
-42.66347627723191
 10
-1099.7592363336098
 20
-45.09914298352196
 10
-1099.9397728102585
 20
-47.5466162836291
 10
-1100.0
 20
-49.99999999999999
  0
LINE
  5
F6
330
EC
100
AcDbEntity
  8
LIB-PLAN
100
AcDbLine
 10
-1100.0
 20
-250.0
 30
0.0
 11
-1100.0
 21
-100.0
 31
0.0
  0
LINE
  5
F7
330
EC
100
AcDbEntity
  8
LIB-PLAN
100
AcDbLine
 10
-1100.0
 20
-100.0
 30
0.0
 11
-1100.0
 21
-50.0
 31
0.0
  0
LINE
  5
F8
330
EC
100
AcDbEntity
  8
LIB-PLAN
100
AcDbLine
 10
-299.99999999999994
 20
-849.9999999999999
 30
0.0
 11
-299.99999999999994
 21
-299.99999999999994
 31
0.0
  0
LWPOLYLINE
  5
F9
330
EC
100
AcDbEntity
  8
LIB-PLAN
100
AcDbPolyline
 90
33
 70
0
 10
-350.0
 20
-899.9999999999999
 10
-347.5466162836291
 20
-899.9397728102585
 10
-345.099142983522
 20
-899.7592363336098
 10
-342.6634762772319
 20
-899.458825498239
 10
-340.2454838991936
 20
-899.0392640201615
 10
-337.8509910048368
 20
-898.5015626597271
 10
-335.48576613727687
 20
-897.8470167866104
 10
-333.15550733038896
 20
-897.0772032591509
 10
-330.8658283817455
 20
-896.1939766255643
 10
-328.62224532848586
 20
-895.199464656172
 10
-326.43016315870005
 20
-894.0960632174176
 10
-324.29486279033887
 20
-892.8864305000135
 10
-322.22148834901986
 20
-891.5734806151272
 10
-320.21503477537834
 20
-890.1603765740322
 10
-318.2803357918177
 20
-888.6505226681368
 10
-316.42205225764906
 20
-887.047556267748
 10
-314.6446609406726
 20
-885.3553390593273
 10
-312.95244373225205
 20
-883.577947742351
 10
-311.3494773318631
 20
-881.7196642081822
 10
-309.8396234259677
 20
-879.7849652246216
 10
-308.4265193848727
 20
-877.77851165098
 10
-307.1135694999864
 20
-875.7051372096611
 10
-305.90393678258226
 20
-873.5698368412998
 10
-304.80053534382785
 20
-871.377754671514
 10
-303.80602337443565
 20
-869.1341716182544
 10
-302.9227967408489
 20
-866.844492669611
 10
-302.1529832133895
 20
-864.514233862723
 10
-301.4984373402728
 20
-862.1490089951632
 10
-300.96073597983843
 20
-859.7545161008063
 10
-300.54117450176096
 20
-857.336523722768
 10
-300.24076366639014
 20
-854.900857016478
 10
-300.0602271897414
 20
-852.4533837163709
 10
-299.99999999999994
 20
-849.9999999999999
  0
LWPOLYLINE
  5
FA
330
EC
100
AcDbEntity
  8
LIB-PLAN
100
AcDbPolyline
 90
33
 70
0
 10
-899.9999999999999
 20
-849.9999999999999
 10
-899.9397728102585
 20
-852.4533837163709
 10
-899.7592363336098
 20
-854.900857016478
 10
-899.458825498239
 20
-857.336523722768
 10
-899.0392640201615
 20
-859.7545161008063
 10
-898.5015626597271
 20
-862.1490089951632
 10
-897.8470167866104
 20
-864.514233862723
 10
-897.0772032591509
 20
-866.844492669611
 10
-896.1939766255643
 20
-869.1341716182544
 10
-895.199464656172
 20
-871.377754671514
 10
-894.0960632174176
 20
-873.5698368412998
 10
-892.8864305000135
 20
-875.7051372096611
 10
-891.5734806151272
 20
-877.77851165098
 10
-890.1603765740322
 20
-879.7849652246216
 10
-888.6505226681368
 20
-881.7196642081822
 10
-887.047556267748
 20
-883.577947742351
 10
-885.3553390593273
 20
-885.3553390593273
 10
-883.577947742351
 20
-887.0475562677478
 10
-881.7196642081822
 20
-888.6505226681368
 10
-879.7849652246215
 20
-890.1603765740322
 10
-877.77851165098
 20
-891.5734806151272
 10
-875.7051372096611
 20
-892.8864305000135
 10
-873.5698368412998
 20
-894.0960632174176
 10
-871.377754671514
 20
-895.199464656172
 10
-869.1341716182544
 20
-896.1939766255642
 10
-866.844492669611
 20
-897.0772032591509
 10
-864.514233862723
 20
-897.8470167866104
 10
-862.1490089951632
 20
-898.5015626597271
 10
-859.7545161008063
 20
-899.0392640201615
 10
-857.336523722768
 20
-899.458825498239
 10
-854.900857016478
 20
-899.7592363336098
 10
-852.4533837163709
 20
-899.9397728102585
 10
-849.9999999999999
 20
-899.9999999999999
  0
LWPOLYLINE
  5
FB
330
EC
100
AcDbEntity
  8
LIB-PLAN
100
AcDbPolyline
 90
33
 70
0
 10
-300.0
 20
-849.9999999999999
 10
-299.9397728102586
 20
-852.4533837163709
 10
-299.75923633360986
 20
-854.900857016478
 10
-299.45882549823904
 20
-857.336523722768
 10
-299.0392640201615
 20
-859.7545161008063
 10
-298.5015626597272
 20
-862.1490089951632
 10
-297.8470167866105
 20
-864.514233862723
 10
-297.0772032591511
 20
-866.844492669611
 10
-296.19397662556435
 20
-869.1341716182544
 10
-295.19946465617215
 20
-871.377754671514
 10
-294.09606321741774
 20
-873.5698368412998
 10
-292.88643050001366
 20
-875.7051372096611
 10
-291.57348061512727
 20
-877.77851165098
 10
-290.1603765740322
 20
-879.7849652246216
 10
-288.6505226681369
 20
-881.7196642081822
 10
-287.04755626774795
 20
-883.577947742351
 10
-285.35533905932743
 20
-885.3553390593273
 10
-283.57794774235094
 20
-887.0475562677478
 10
-281.7196642081823
 20
-888.6505226681368
 10
-279.78496522462166
 20
-890.1603765740322
 10
-277.77851165098014
 20
-891.5734806151272
 10
-275.70513720966113
 20
-892.8864305000135
 10
-273.5698368412999
 20
-894.0960632174176
 10
-271.37775467151414
 20
-895.199464656172
 10
-269.1341716182545
 20
-896.1939766255642
 10
-266.84449266961104
 20
-897.0772032591509
 10
-264.51423386272313
 20
-897.8470167866104
 10
-262.14900899516323
 20
-898.5015626597271
 10
-259.7545161008064
 20
-899.0392640201615
 10
-257.3365237227681
 20
-899.458825498239
 10
-254.900857016478
 20
-899.7592363336098
 10
-252.4533837163709
 20
-899.9397728102585
 10
-250.0
 20
-899.9999999999999
  0
LWPOLYLINE
  5
FC
330
EC
100
AcDbEntity
  8
LIB-PLAN
100
AcDbPolyline
 90
33
 70
0
 10
1050.0
 20
-899.9999999999999
 10
1052.4533837163708
 20
-899.9397728102585
 10
1054.900857016478
 20
-899.7592363336098
 10
1057.336523722768
 20
-899.458825498239
 10
1059.7545161008063
 20
-899.0392640201615
 10
1062.149008995163
 20
-898.5015626597271
 10
1064.5142338627231
 20
-897.8470167866104
 10
1066.844492669611
 20
-897.0772032591509
 10
1069.1341716182544
 20
-896.1939766255643
 10
1071.377754671514
 20
-895.199464656172
 10
1073.5698368412998
 20
-894.0960632174176
 10
1075.7051372096612
 20
-892.8864305000135
 10
1077.7785116509801
 20
-891.5734806151272
 10
1079.7849652246216
 20
-890.1603765740322
 10
1081.7196642081822
 20
-888.6505226681368
 10
1083.5779477423507
 20
-887.047556267748
 10
1085.3553390593274
 20
-885.3553390593273
 10
1087.047556267748
 20
-883.577947742351
 10
1088.6505226681368
 20
-881.7196642081822
 10
1090.1603765740322
 20
-879.7849652246216
 10
1091.5734806151272
 20
-877.77851165098
 10
1092.8864305000136
 20
-875.7051372096611
 10
1094.0960632174176
 20
-873.5698368412998
 10
1095.199464656172
 20
-871.377754671514
 10
1096.1939766255643
 20
-869.1341716182544
 10
1097.077203259151
 20
-866.844492669611
 10
1097.8470167866105
 20
-864.514233862723
 10
1098.5015626597274
 20
-862.1490089951632
 10
1099.0392640201615
 20
-859.7545161008063
 10
1099.458825498239
 20
-857.336523722768
 10
1099.7592363336098
 20
-854.900857016478
 10
1099.9397728102585
 20
-852.4533837163709
 10
1100.0
 20
-849.9999999999999
  0
LINE
  5
FD
330
EC
100
AcDbEntity
  8
LIB-PLAN
100
AcDbLine
 10
900.0
 20
-299.99999999999994
 30
0.0
 11
900.0
 21
-849.9999999999999
 31
0.0
  0
LINE
  5
FE
330
EC
100
AcDbEntity
  8
LIB-PLAN
100
AcDbLine
 10
1050.0
 20
-900.0
 30
0.0
 11
950.0
 21
-900.0
 31
0.0
  0
LWPOLYLINE
  5
FF
330
EC
100
AcDbEntity
  8
LIB-PLAN
100
AcDbPolyline
 90
33
 70
0
 10
900.0
 20
-849.9999999999999
 10
900.0602271897413
 20
-852.4533837163709
 10
900.2407636663901
 20
-854.900857016478
 10
900.5411745017609
 20
-857.336523722768
 10
900.9607359798384
 20
-859.7545161008063
 10
901.4984373402727
 20
-862.1490089951632
 10
902.1529832133895
 20
-864.514233862723
 10
902.922796740849
 20
-866.844492669611
 10
903.8060233744355
 20
-869.1341716182544
 10
904.8005353438278
 20
-871.377754671514
 10
905.9039367825823
 20
-873.5698368412998
 10
907.1135694999864
 20
-875.7051372096611
 10
908.4265193848728
 20
-877.77851165098
 10
909.8396234259677
 20
-879.7849652246216
 10
911.3494773318631
 20
-881.7196642081822
 10
912.9524437322519
 20
-883.577947742351
 10
914.6446609406726
 20
-885.3553390593273
 10
916.422052257649
 20
-887.0475562677478
 10
918.2803357918177
 20
-888.6505226681368
 10
920.2150347753783
 20
-890.1603765740322
 10
922.2214883490199
 20
-891.5734806151272
 10
924.2948627903388
 20
-892.8864305000135
 10
926.4301631587001
 20
-894.0960632174176
 10
928.6222453284859
 20
-895.199464656172
 10
930.8658283817455
 20
-896.1939766255642
 10
933.1555073303889
 20
-897.0772032591509
 10
935.4857661372769
 20
-897.8470167866104
 10
937.8509910048367
 20
-898.5015626597271
 10
940.2454838991936
 20
-899.0392640201615
 10
942.6634762772319
 20
-899.458825498239
 10
945.0991429835219
 20
-899.7592363336098
 10
947.5466162836291
 20
-899.9397728102585
 10
950.0
 20
-899.9999999999999
  0
LWPOLYLINE
  5
100
330
EC
100
AcDbEntity
  8
LIB-PLAN
100
AcDbPolyline
 90
33
 70
0
 10
1050.0
 20
-300.0
 10
1052.4533837163708
 20
-299.9397728102586
 10
1054.900857016478
 20
-299.75923633360986
 10
1057.336523722768
 20
-299.45882549823904
 10
1059.7545161008063
 20
-299.0392640201615
 10
1062.149008995163
 20
-298.5015626597272
 10
1064.5142338627231
 20
-297.8470167866105
 10
1066.844492669611
 20
-297.0772032591511
 10
1069.1341716182544
 20
-296.19397662556435
 10
1071.377754671514
 20
-295.19946465617215
 10
1073.5698368412998
 20
-294.09606321741774
 10
1075.7051372096612
 20
-292.8864305000136
 10
1077.7785116509801
 20
-291.57348061512727
 10
1079.7849652246216
 20
-290.1603765740322
 10
1081.7196642081822
 20
-288.6505226681369
 10
1083.5779477423507
 20
-287.04755626774795
 10
1085.3553390593274
 20
-285.3553390593274
 10
1087.047556267748
 20
-283.57794774235094
 10
1088.6505226681368
 20
-281.7196642081823
 10
1090.1603765740322
 20
-279.78496522462166
 10
1091.5734806151272
 20
-277.77851165098014
 10
1092.8864305000136
 20
-275.70513720966113
 10
1094.0960632174176
 20
-273.5698368412999
 10
1095.199464656172
 20
-271.37775467151414
 10
1096.1939766255643
 20
-269.13417161825447
 10
1097.077203259151
 20
-266.84449266961104
 10
1097.8470167866105
 20
-264.51423386272313
 10
1098.5015626597274
 20
-262.14900899516323
 10
1099.0392640201615
 20
-259.7545161008064
 10
1099.458825498239
 20
-257.3365237227681
 10
1099.7592363336098
 20
-254.90085701647806
 10
1099.9397728102585
 20
-252.4533837163709
 10
1100.0
 20
-250.0
  0
LINE
  5
101
330
EC
100
AcDbEntity
  8
LIB-PLAN
100
AcDbLine
 10
1100.0
 20
-250.0
 30
0.0
 11
1100.0
 21
-849.9999999999999
 31
0.0
  0
LINE
  5
102
330
EC
100
AcDbEntity
  8
LIB-PLAN
100
AcDbLine
 10
1100.0
 20
-50.0
 30
0.0
 11
1100.0
 21
-250.0
 31
0.0
  0
LWPOLYLINE
  5
103
330
EC
100
AcDbEntity
  8
LIB-PLAN
100
AcDbPolyline
 90
33
 70
0
 10
1100.0
 20
-50.0
 10
1099.9397728102585
 20
-47.5466162836291
 10
1099.7592363336098
 20
-45.099142983521965
 10
1099.458825498239
 20
-42.66347627723191
 10
1099.0392640201615
 20
-40.24548389919358
 10
1098.5015626597274
 20
-37.85099100483681
 10
1097.8470167866105
 20
-35.48576613727688
 10
1097.077203259151
 20
-33.15550733038899
 10
1096.1939766255643
 20
-30.86582838174551
 10
1095.199464656172
 20
-28.622245328485896
 10
1094.0960632174176
 20
-26.43016315870012
 10
1092.8864305000136
 20
-24.294862790338918
 10
1091.5734806151272
 20
-22.22148834901989
 10
1090.1603765740322
 20
-20.21503477537833
 10
1088.6505226681368
 20
-18.280335791817727
 10
1087.047556267748
 20
-16.42205225764908
 10
1085.3553390593274
 20
-14.644660940672628
 10
1083.5779477423507
 20
-12.952443732252044
 10
1081.7196642081822
 20
-11.349477331863154
 10
1079.7849652246216
 20
-9.839623425967757
 10
1077.7785116509801
 20
-8.426519384872737
 10
1075.7051372096612
 20
-7.1135694999863945
 10
1073.5698368412998
 20
-5.903936782582256
 10
1071.3777546715141
 20
-4.800535343827832
 10
1069.1341716182544
 20
-3.8060233744356617
 10
1066.844492669611
 20
-2.922796740848962
 10
1064.5142338627231
 20
-2.1529832133895606
 10
1062.149008995163
 20
-1.4984373402727988
 10
1059.7545161008063
 20
-0.960735979838475
 10
1057.336523722768
 20
-0.5411745017609525
 10
1054.900857016478
 20
-0.2407636663901617
 10
1052.4533837163708
 20
-0.06022718974137984
 10
1050.0
 20
0.0
  0
LWPOLYLINE
  5
104
330
EC
100
AcDbEntity
  8
LIB-PLAN
100
AcDbPolyline
 90
33
 70
0
 10
849.9999999999999
 20
-899.9999999999999
 10
852.4533837163709
 20
-899.9397728102585
 10
854.900857016478
 20
-899.7592363336098
 10
857.336523722768
 20
-899.458825498239
 10
859.7545161008063
 20
-899.0392640201615
 10
862.1490089951632
 20
-898.5015626597271
 10
864.514233862723
 20
-897.8470167866104
 10
866.844492669611
 20
-897.0772032591509
 10
869.1341716182544
 20
-896.1939766255643
 10
871.377754671514
 20
-895.199464656172
 10
873.5698368412998
 20
-894.0960632174176
 10
875.7051372096611
 20
-892.8864305000135
 10
877.77851165098
 20
-891.5734806151272
 10
879.7849652246216
 20
-890.1603765740322
 10
881.7196642081822
 20
-888.6505226681368
 10
883.577947742351
 20
-887.047556267748
 10
885.3553390593273
 20
-885.3553390593273
 10
887.047556267748
 20
-883.577947742351
 10
888.6505226681368
 20
-881.7196642081822
 10
890.1603765740322
 20
-879.7849652246216
 10
891.5734806151272
 20
-877.77851165098
 10
892.8864305000135
 20
-875.7051372096611
 10
894.0960632174176
 20
-873.5698368412998
 10
895.199464656172
 20
-871.377754671514
 10
896.1939766255643
 20
-869.1341716182544
 10
897.0772032591509
 20
-866.844492669611
 10
897.8470167866104
 20
-864.514233862723
 10
898.5015626597271
 20
-862.1490089951632
 10
899.0392640201615
 20
-859.7545161008063
 10
899.458825498239
 20
-857.336523722768
 10
899.7592363336098
 20
-854.900857016478
 10
899.9397728102585
 20
-852.4533837163709
 10
899.9999999999999
 20
-849.9999999999999
  0
LINE
  5
105
330
EC
100
AcDbEntity
  8
LIB-PLAN
100
AcDbLine
 10
299.99999999999994
 20
-849.9999999999999
 30
0.0
 11
299.99999999999994
 21
-299.99999999999994
 31
0.0
  0
LWPOLYLINE
  5
106
330
EC
100
AcDbEntity
  8
LIB-PLAN
100
AcDbPolyline
 90
33
 70
0
 10
250.0
 20
-899.9999999999999
 10
252.4533837163709
 20
-899.9397728102585
 10
254.900857016478
 20
-899.7592363336098
 10
257.3365237227681
 20
-899.458825498239
 10
259.7545161008064
 20
-899.0392640201615
 10
262.1490089951632
 20
-898.5015626597271
 10
264.51423386272313
 20
-897.8470167866104
 10
266.84449266961104
 20
-897.0772032591509
 10
269.13417161825447
 20
-896.1939766255643
 10
271.37775467151414
 20
-895.199464656172
 10
273.5698368412999
 20
-894.0960632174176
 10
275.70513720966113
 20
-892.8864305000135
 10
277.77851165098014
 20
-891.5734806151272
 10
279.78496522462166
 20
-890.1603765740322
 10
281.7196642081823
 20
-888.6505226681368
 10
283.5779477423509
 20
-887.047556267748
 10
285.3553390593274
 20
-885.3553390593273
 10
287.04755626774795
 20
-883.577947742351
 10
288.6505226681369
 20
-881.7196642081822
 10
290.1603765740322
 20
-879.7849652246216
 10
291.57348061512727
 20
-877.77851165098
 10
292.8864305000136
 20
-875.7051372096611
 10
294.09606321741774
 20
-873.5698368412998
 10
295.19946465617215
 20
-871.377754671514
 10
296.19397662556435
 20
-869.1341716182544
 10
297.0772032591511
 20
-866.844492669611
 10
297.8470167866105
 20
-864.514233862723
 10
298.5015626597272
 20
-862.1490089951632
 10
299.0392640201615
 20
-859.7545161008063
 10
299.45882549823904
 20
-857.336523722768
 10
299.75923633360986
 20
-854.900857016478
 10
299.9397728102586
 20
-852.4533837163709
 10
300.0
 20
-849.9999999999999
  0
LWPOLYLINE
  5
107
330
EC
100
AcDbEntity
  8
LIB-PLAN
100
AcDbPolyline
 90
33
 70
0
 10
299.99999999999994
 20
-849.9999999999999
 10
300.0602271897414
 20
-852.4533837163709
 10
300.24076366639014
 20
-854.900857016478
 10
300.54117450176096
 20
-857.336523722768
 10
300.96073597983843
 20
-859.7545161008063
 10
301.4984373402728
 20
-862.1490089951632
 10
302.1529832133895
 20
-864.514233862723
 10
302.9227967408489
 20
-866.844492669611
 10
303.80602337443565
 20
-869.1341716182544
 10
304.8005353438278
 20
-871.377754671514
 10
305.9039367825822
 20
-873.5698368412998
 10
307.11356949998634
 20
-875.7051372096611
 10
308.4265193848727
 20
-877.77851165098
 10
309.8396234259677
 20
-879.7849652246216
 10
311.3494773318631
 20
-881.7196642081822
 10
312.95244373225205
 20
-883.577947742351
 10
314.64466094067257
 20
-885.3553390593273
 10
316.422052257649
 20
-887.0475562677478
 10
318.2803357918177
 20
-888.6505226681368
 10
320.21503477537834
 20
-890.1603765740322
 10
322.22148834901986
 20
-891.5734806151272
 10
324.29486279033887
 20
-892.8864305000135
 10
326.43016315870005
 20
-894.0960632174176
 10
328.62224532848586
 20
-895.199464656172
 10
330.8658283817454
 20
-896.1939766255642
 10
333.15550733038896
 20
-897.0772032591509
 10
335.48576613727687
 20
-897.8470167866104
 10
337.85099100483677
 20
-898.5015626597271
 10
340.2454838991936
 20
-899.0392640201615
 10
342.6634762772319
 20
-899.458825498239
 10
345.099142983522
 20
-899.7592363336098
 10
347.5466162836291
 20
-899.9397728102585
 10
350.0
 20
-899.9999999999999
  0
LINE
  5
108
330
EC
100
AcDbEntity
  8
LIB-PLAN
100
AcDbLine
 10
-1050.0
 20
0.0
 30
0.0
 11
1050.0
 21
0.0
 31
0.0
  0
LINE
  5
109
330
EC
100
AcDbEntity
  8
LIB-PLAN
100
AcDbLine
 10
-1100.0
 20
-100.0
 30
0.0
 11
1100.0
 21
-100.0
 31
0.0
  0
LINE
  5
10A
330
EC
100
AcDbEntity
  8
LIB-PLAN
100
AcDbLine
 10
-1050.0
 20
-299.99999999999994
 30
0.0
 11
1050.0
 21
-299.99999999999994
 31
0.0
  0
LINE
  5
10B
330
EC
100
AcDbEntity
  8
LIB-PLAN
100
AcDbLine
 10
849.9999999999999
 20
-900.0
 30
0.0
 11
-950.0
 21
-900.0
 31
0.0
  0
ENDBLK
  5
EE
330
EC
100
AcDbEntity
  8
0
100
AcDbBlockEnd
  0
BLOCK
  5
10D
330
10C
100
AcDbEntity
  8
0
100
AcDbBlockBegin
  2
SOFA_2S_1800x850_PLAN
 70
0
 10
0.0
 20
0.0
 30
0.0
  3
SOFA_2S_1800x850_PLAN
  1

  0
LWPOLYLINE
  5
10F
330
10C
100
AcDbEntity
  8
LIB-PLAN
100
AcDbPolyline
 90
33
 70
0
 10
-900.0
 20
-802.7777777777777
 10
-899.932244411541
 20
-805.0948623987947
 10
-899.7291408753111
 20
-807.406364960007
 10
-899.391178685519
 20
-809.7067168492808
 10
-898.9191720226818
 20
-811.9903763174282
 10
-898.3142579921931
 20
-814.2518418287652
 10
-897.5778938849368
 20
-816.485665314794
 10
-896.7118536665449
 20
-818.686465299077
 10
-895.7182237037599
 20
-820.8489398616848
 10
-894.5993977381937
 20
-822.9678794119855
 10
-893.3580711195949
 20
-825.0381792390053
 10
-891.9972343125153
 20
-827.0548518091243
 10
-890.5201656920182
 20
-829.0130387814812
 10
-888.9304236457863
 20
-830.9080227121426
 10
-887.231838001654
 20
-832.7352384188388
 10
-885.4285008012165
 20
-834.490283978887
 10
-883.5247564417433
 20
-836.1689313338092
 10
-881.5251912101448
 20
-837.7671364750952
 10
-879.4346222342051
 20
-839.2810491865737
 10
-877.2580858776993
 20
-840.7070223199192
 10
-875.0008256073527
 20
-842.0416205809535
 10
-872.6682793608687
 20
-843.2816288055683
 10
-870.2660664464623
 20
-844.4240597053389
 10
-867.7999740054534
 20
-845.4661610641625
 10
-865.2759430705364
 20
-846.4054223685885
 10
-862.7000542533124
 20
-847.2395808558648
 10
-860.0785130955635
 20
-847.966626965132
 10
-857.4176351195587
 20
-848.5848091786312
 10
-854.7238306134072
 20
-849.0926382412636
 10
-852.003589188114
 20
-849.4888907483368
 10
-849.2634641435378
 20
-849.7726120928537
 10
-846.5100566809173
 20
-849.9431187652442
 10
-843.75
 20
-849.9999999999999
  0
LINE
  5
110
330
10C
100
AcDbEntity
  8
LIB-PLAN
100
AcDbLine
 10
-731.25
 20
-850.0
 30
0.0
 11
-843.75
 21
-850.0
 31
0.0
  0
LINE
  5
111
330
10C
100
AcDbEntity
  8
LIB-PLAN
100
AcDbLine
 10
-674.9999999999999
 20
-802.7777777777777
 30
0.0
 11
-674.9999999999999
 21
-283.3333333333333
 31
0.0
  0
LWPOLYLINE
  5
112
330
10C
100
AcDbEntity
  8
LIB-PLAN
100
AcDbPolyline
 90
33
 70
0
 10
-731.25
 20
-849.9999999999999
 10
-728.4899433190827
 20
-849.9431187652442
 10
-725.7365358564622
 20
-849.7726120928537
 10
-722.996410811886
 20
-849.4888907483368
 10
-720.2761693865928
 20
-849.0926382412636
 10
-717.5823648804413
 20
-848.5848091786312
 10
-714.9214869044365
 20
-847.966626965132
 10
-712.2999457466876
 20
-847.2395808558648
 10
-709.7240569294637
 20
-846.4054223685886
 10
-707.2000259945466
 20
-845.4661610641625
 10
-704.7339335535377
 20
-844.4240597053389
 10
-702.3317206391313
 20
-843.2816288055683
 10
-699.9991743926473
 20
-842.0416205809535
 10
-697.7419141223006
 20
-840.7070223199192
 10
-695.5653777657949
 20
-839.2810491865737
 10
-693.4748087898552
 20
-837.7671364750953
 10
-691.4752435582567
 20
-836.1689313338092
 10
-689.5714991987835
 20
-834.490283978887
 10
-687.768161998346
 20
-832.7352384188388
 10
-686.0695763542137
 20
-830.9080227121426
 10
-684.4798343079818
 20
-829.0130387814812
 10
-683.0027656874847
 20
-827.0548518091243
 10
-681.6419288804051
 20
-825.0381792390053
 10
-680.4006022618063
 20
-822.9678794119855
 10
-679.2817762962401
 20
-820.8489398616848
 10
-678.2881463334551
 20
-818.686465299077
 10
-677.4221061150632
 20
-816.485665314794
 10
-676.6857420078069
 20
-814.2518418287652
 10
-676.0808279773182
 20
-811.9903763174282
 10
-675.6088213144811
 20
-809.7067168492808
 10
-675.2708591246889
 20
-807.406364960007
 10
-675.067755588459
 20
-805.0948623987947
 10
-675.0
 20
-802.7777777777777
  0
LWPOLYLINE
  5
113
330
10C
100
AcDbEntity
  8
LIB-PLAN
100
AcDbPolyline
 90
33
 70
0
 10
-900.0
 20
-236.11111111111111
 10
-899.932244411541
 20
-238.42819573212805
 10
-899.7291408753111
 20
-240.73969829334035
 10
-899.391178685519
 20
-243.04005018261432
 10
-898.9191720226818
 20
-245.32370965076163
 10
-898.3142579921931
 20
-247.58517516209855
 10
-897.5778938849368
 20
-249.8189986481274
 10
-896.7118536665449
 20
-252.0197986324104
 10
-895.7182237037599
 20
-254.18227319501813
 10
-894.5993977381937
 20
-256.3012127453189
 10
-893.3580711195949
 20
-258.3715125723388
 10
-891.9972343125153
 20
-260.3881851424577
 10
-890.5201656920182
 20
-262.3463721148146
 10
-888.9304236457863
 20
-264.24135604547604
 10
-887.231838001654
 20
-266.06857175217215
 10
-885.4285008012165
 20
-267.82361731222034
 10
-883.5247564417433
 20
-269.5022646671425
 10
-881.5251912101448
 20
-271.1004698084286
 10
-879.4346222342051
 20
-272.61438251990705
 10
-877.2580858776993
 20
-274.0403556532527
 10
-875.0008256073527
 20
-275.3749539142869
 10
-872.6682793608687
 20
-276.6149621389017
 10
-870.2660664464623
 20
-277.7573930386723
 10
-867.7999740054534
 20
-278.79949439749595
 10
-865.2759430705364
 20
-279.7387557019219
 10
-862.7000542533124
 20
-280.57291418919823
 10
-860.0785130955635
 20
-281.2999602984654
 10
-857.4176351195587
 20
-281.91814251196456
 10
-854.7238306134072
 20
-282.425971574597
 10
-852.003589188114
 20
-282.8222240816702
 10
-849.2634641435378
 20
-283.10594542618713
 10
-846.5100566809173
 20
-283.2764520985776
 10
-843.75
 20
-283.33333333333337
  0
LINE
  5
114
330
10C
100
AcDbEntity
  8
LIB-PLAN
100
AcDbLine
 10
-900.0
 20
-802.7777777777777
 30
0.0
 11
-900.0
 21
-236.11111111111111
 31
0.0
  0
LWPOLYLINE
  5
115
330
10C
100
AcDbEntity
  8
LIB-PLAN
100
AcDbPolyline
 90
33
 70
0
 10
-843.75
 20
0.0
 10
-846.5100566809173
 20
-0.05688123475574763
 10
-849.2634641435378
 20
-0.22738790714625723
 10
-852.003589188114
 20
-0.5111092516631218
 10
-854.7238306134072
 20
-0.9073617587363375
 10
-857.4176351195587
 20
-1.4151908213687545
 10
-860.0785130955635
 20
-2.0333730348679118
 10
-862.7000542533124
 20
-2.760419144135131
 10
-865.2759430705364
 20
-3.594577631411458
 10
-867.7999740054534
 20
-4.533838935837391
 10
-870.2660664464623
 20
-5.575940294661012
 10
-872.6682793608687
 20
-6.718371194431595
 10
-875.0008256073527
 20
-7.958379419046467
 10
-877.2580858776995
 20
-9.292977680080654
 10
-879.4346222342051
 20
-10.718950813426305
 10
-881.5251912101448
 20
-12.232863524904708
 10
-883.5247564417433
 20
-13.83106866619081
 10
-885.4285008012164
 20
-15.509716021113015
 10
-887.231838001654
 20
-17.26476158116119
 10
-888.9304236457863
 20
-19.091977287857308
 10
-890.5201656920182
 20
-20.986961218518786
 10
-891.9972343125153
 20
-22.945148190875635
 10
-893.3580711195949
 20
-24.961820760994545
 10
-894.5993977381937
 20
-27.03212058801444
 10
-895.7182237037599
 20
-29.1510601383152
 10
-896.7118536665449
 20
-31.313534700922947
 10
-897.5778938849368
 20
-33.514334685205945
 10
-898.3142579921931
 20
-35.748158171234756
 10
-898.9191720226818
 20
-38.00962368257171
 10
-899.391178685519
 20
-40.29328315071903
 10
-899.7291408753111
 20
-42.59363503999296
 10
-899.932244411541
 20
-44.90513760120526
 10
-900.0
 20
-47.222222222222214
  0
LINE
  5
116
330
10C
100
AcDbEntity
  8
LIB-PLAN
100
AcDbLine
 10
-900.0
 20
-236.11111111111111
 30
0.0
 11
-900.0
 21
-94.44444444444444
 31
0.0
  0
LINE
  5
117
330
10C
100
AcDbEntity
  8
LIB-PLAN
100
AcDbLine
 10
-900.0
 20
-94.44444444444444
 30
0.0
 11
-900.0
 21
-47.22222222222222
 31
0.0
  0
LWPOLYLINE
  5
118
330
10C
100
AcDbEntity
  8
LIB-PLAN
100
AcDbPolyline
 90
33
 70
0
 10
843.75
 20
-849.9999999999999
 10
846.5100566809173
 20
-849.9431187652442
 10
849.2634641435378
 20
-849.7726120928537
 10
852.003589188114
 20
-849.4888907483368
 10
854.7238306134072
 20
-849.0926382412636
 10
857.4176351195587
 20
-848.5848091786312
 10
860.0785130955635
 20
-847.966626965132
 10
862.7000542533124
 20
-847.2395808558648
 10
865.2759430705364
 20
-846.4054223685886
 10
867.7999740054534
 20
-845.4661610641625
 10
870.2660664464623
 20
-844.4240597053389
 10
872.6682793608687
 20
-843.2816288055683
 10
875.0008256073527
 20
-842.0416205809535
 10
877.2580858776995
 20
-840.7070223199192
 10
879.4346222342051
 20
-839.2810491865737
 10
881.5251912101448
 20
-837.7671364750953
 10
883.5247564417433
 20
-836.1689313338092
 10
885.4285008012165
 20
-834.490283978887
 10
887.231838001654
 20
-832.7352384188388
 10
888.9304236457863
 20
-830.9080227121426
 10
890.5201656920182
 20
-829.0130387814812
 10
891.9972343125153
 20
-827.0548518091243
 10
893.3580711195949
 20
-825.0381792390053
 10
894.5993977381937
 20
-822.9678794119855
 10
895.7182237037599
 20
-820.8489398616848
 10
896.7118536665449
 20
-818.686465299077
 10
897.5778938849368
 20
-816.485665314794
 10
898.3142579921931
 20
-814.2518418287652
 10
898.9191720226818
 20
-811.9903763174282
 10
899.391178685519
 20
-809.7067168492808
 10
899.7291408753111
 20
-807.406364960007
 10
899.932244411541
 20
-805.0948623987947
 10
900.0
 20
-802.7777777777777
  0
LINE
  5
119
330
10C
100
AcDbEntity
  8
LIB-PLAN
100
AcDbLine
 10
674.9999999999999
 20
-283.3333333333333
 30
0.0
 11
674.9999999999999
 21
-802.7777777777777
 31
0.0
  0
LINE
  5
11A
330
10C
100
AcDbEntity
  8
LIB-PLAN
100
AcDbLine
 10
843.75
 20
-850.0
 30
0.0
 11
731.25
 21
-850.0
 31
0.0
  0
LWPOLYLINE
  5
11B
330
10C
100
AcDbEntity
  8
LIB-PLAN
100
AcDbPolyline
 90
33
 70
0
 10
675.0
 20
-802.7777777777777
 10
675.067755588459
 20
-805.0948623987947
 10
675.2708591246889
 20
-807.406364960007
 10
675.6088213144811
 20
-809.7067168492808
 10
676.0808279773182
 20
-811.9903763174282
 10
676.6857420078069
 20
-814.2518418287652
 10
677.4221061150632
 20
-816.485665314794
 10
678.2881463334551
 20
-818.686465299077
 10
679.2817762962401
 20
-820.8489398616848
 10
680.4006022618063
 20
-822.9678794119855
 10
681.6419288804051
 20
-825.0381792390053
 10
683.0027656874847
 20
-827.0548518091243
 10
684.4798343079818
 20
-829.0130387814812
 10
686.0695763542137
 20
-830.9080227121426
 10
687.768161998346
 20
-832.7352384188388
 10
689.5714991987835
 20
-834.490283978887
 10
691.4752435582567
 20
-836.1689313338092
 10
693.4748087898552
 20
-837.7671364750952
 10
695.5653777657949
 20
-839.2810491865737
 10
697.7419141223006
 20
-840.7070223199192
 10
699.9991743926473
 20
-842.0416205809535
 10
702.3317206391313
 20
-843.2816288055683
 10
704.7339335535377
 20
-844.4240597053389
 10
707.2000259945466
 20
-845.4661610641625
 10
709.7240569294637
 20
-846.4054223685885
 10
712.2999457466876
 20
-847.2395808558648
 10
714.9214869044365
 20
-847.966626965132
 10
717.5823648804413
 20
-848.5848091786312
 10
720.2761693865928
 20
-849.0926382412636
 10
722.996410811886
 20
-849.4888907483368
 10
725.7365358564622
 20
-849.7726120928537
 10
728.4899433190827
 20
-849.9431187652442
 10
731.25
 20
-849.9999999999999
  0
LWPOLYLINE
  5
11C
330
10C
100
AcDbEntity
  8
LIB-PLAN
100
AcDbPolyline
 90
33
 70
0
 10
843.75
 20
-283.33333333333337
 10
846.5100566809173
 20
-283.2764520985776
 10
849.2634641435378
 20
-283.10594542618713
 10
852.003589188114
 20
-282.8222240816702
 10
854.7238306134072
 20
-282.425971574597
 10
857.4176351195587
 20
-281.91814251196456
 10
860.0785130955635
 20
-281.2999602984654
 10
862.7000542533124
 20
-280.57291418919823
 10
865.2759430705364
 20
-279.7387557019219
 10
867.7999740054534
 20
-278.79949439749595
 10
870.2660664464623
 20
-277.7573930386723
 10
872.6682793608687
 20
-276.6149621389017
 10
875.0008256073527
 20
-275.3749539142869
 10
877.2580858776995
 20
-274.0403556532527
 10
879.4346222342051
 20
-272.61438251990705
 10
881.5251912101448
 20
-271.1004698084286
 10
883.5247564417433
 20
-269.5022646671425
 10
885.4285008012165
 20
-267.82361731222034
 10
887.231838001654
 20
-266.06857175217215
 10
888.9304236457863
 20
-264.24135604547604
 10
890.5201656920182
 20
-262.3463721148146
 10
891.9972343125153
 20
-260.3881851424577
 10
893.3580711195949
 20
-258.3715125723388
 10
894.5993977381937
 20
-256.3012127453189
 10
895.7182237037599
 20
-254.18227319501813
 10
896.7118536665449
 20
-252.0197986324104
 10
897.5778938849368
 20
-249.8189986481274
 10
898.3142579921931
 20
-247.5851751620986
 10
898.9191720226818
 20
-245.32370965076163
 10
899.391178685519
 20
-243.04005018261432
 10
899.7291408753111
 20
-240.7396982933404
 10
899.932244411541
 20
-238.42819573212805
 10
900.0
 20
-236.11111111111111
  0
LINE
  5
11D
330
10C
100
AcDbEntity
  8
LIB-PLAN
100
AcDbLine
 10
900.0
 20
-236.11111111111111
 30
0.0
 11
900.0
 21
-802.7777777777777
 31
0.0
  0
LINE
  5
11E
330
10C
100
AcDbEntity
  8
LIB-PLAN
100
AcDbLine
 10
900.0
 20
-47.22222222222222
 30
0.0
 11
900.0
 21
-236.11111111111111
 31
0.0
  0
LWPOLYLINE
  5
11F
330
10C
100
AcDbEntity
  8
LIB-PLAN
100
AcDbPolyline
 90
33
 70
0
 10
900.0
 20
-47.22222222222222
 10
899.932244411541
 20
-44.90513760120526
 10
899.7291408753111
 20
-42.59363503999297
 10
899.391178685519
 20
-40.29328315071903
 10
898.9191720226818
 20
-38.009623682571714
 10
898.3142579921931
 20
-35.748158171234756
 10
897.5778938849368
 20
-33.514334685205945
 10
896.7118536665449
 20
-31.31353470092294
 10
895.7182237037599
 20
-29.151060138315206
 10
894.5993977381937
 20
-27.032120588014457
 10
893.3580711195949
 20
-24.961820760994556
 10
891.9972343125153
 20
-22.945148190875642
 10
890.5201656920182
 20
-20.986961218518786
 10
888.9304236457863
 20
-19.09197728785731
 10
887.231838001654
 20
-17.26476158116119
 10
885.4285008012165
 20
-15.509716021113022
 10
883.5247564417433
 20
-13.831068666190815
 10
881.5251912101448
 20
-12.232863524904708
 10
879.4346222342051
 20
-10.71895081342631
 10
877.2580858776995
 20
-9.292977680080659
 10
875.0008256073527
 20
-7.958379419046474
 10
872.6682793608687
 20
-6.718371194431595
 10
870.2660664464623
 20
-5.575940294661019
 10
867.7999740054534
 20
-4.533838935837397
 10
865.2759430705364
 20
-3.594577631411458
 10
862.7000542533124
 20
-2.760419144135131
 10
860.0785130955635
 20
-2.0333730348679184
 10
857.4176351195587
 20
-1.4151908213687545
 10
854.7238306134072
 20
-0.9073617587363375
 10
852.003589188114
 20
-0.5111092516631218
 10
849.2634641435378
 20
-0.22738790714626383
 10
846.5100566809173
 20
-0.05688123475574763
 10
843.75
 20
0.0
  0
LINE
  5
120
330
10C
100
AcDbEntity
  8
LIB-PLAN
100
AcDbLine
 10
-843.75
 20
0.0
 30
0.0
 11
843.75
 21
0.0
 31
0.0
  0
LINE
  5
121
330
10C
100
AcDbEntity
  8
LIB-PLAN
100
AcDbLine
 10
-843.75
 20
-283.3333333333333
 30
0.0
 11
843.75
 21
-283.3333333333333
 31
0.0
  0
LINE
  5
122
330
10C
100
AcDbEntity
  8
LIB-PLAN
100
AcDbLine
 10
-900.0
 20
-94.44444444444444
 30
0.0
 11
900.0
 21
-94.44444444444444
 31
0.0
  0
LINE
  5
123
330
10C
100
AcDbEntity
  8
LIB-PLAN
100
AcDbLine
 10
731.25
 20
-850.0
 30
0.0
 11
-731.25
 21
-850.0
 31
0.0
  0
LINE
  5
124
330
10C
100
AcDbEntity
  8
LIB-PLAN
100
AcDbLine
 10
0.0
 20
-802.7777777777777
 30
0.0
 11
0.0
 21
-283.3333333333333
 31
0.0
  0
LWPOLYLINE
  5
125
330
10C
100
AcDbEntity
  8
LIB-PLAN
100
AcDbPolyline
 90
33
 70
0
 10
-56.25000000000001
 20
-849.9999999999999
 10
-53.48994331908274
 20
-849.9431187652442
 10
-50.73653585646222
 20
-849.7726120928537
 10
-47.996410811885916
 20
-849.4888907483368
 10
-45.2761693865928
 20
-849.0926382412636
 10
-42.58236488044141
 20
-848.5848091786312
 10
-39.92148690443649
 20
-847.966626965132
 10
-37.299945746687634
 20
-847.2395808558648
 10
-34.72405692946371
 20
-846.4054223685886
 10
-32.200025994546635
 20
-845.4661610641625
 10
-29.733933553537636
 20
-844.4240597053389
 10
-27.33172063913128
 20
-843.2816288055683
 10
-24.999174392647376
 20
-842.0416205809535
 10
-22.741914122300628
 20
-840.7070223199192
 10
-20.565377765794945
 20
-839.2810491865737
 10
-18.474808789855217
 20
-837.7671364750953
 10
-16.475243558256707
 20
-836.1689313338092
 10
-14.57149919878355
 20
-834.490283978887
 10
-12.768161998346047
 20
-832.7352384188388
 10
-11.06957635421372
 20
-830.9080227121426
 10
-9.479834307981829
 20
-829.0130387814812
 10
-8.002765687484702
 20
-827.0548518091243
 10
-6.641928880405037
 20
-825.0381792390053
 10
-5.400602261806312
 20
-822.9678794119855
 10
-4.281776296240119
 20
-820.8489398616848
 10
-3.2881463334550824
 20
-818.686465299077
 10
-2.4221061150632557
 20
-816.485665314794
 10
-1.6857420078068988
 20
-814.2518418287652
 10
-1.0808279773182843
 20
-811.9903763174282
 10
-0.6088213144810716
 20
-809.7067168492808
 10
-0.27085912468892404
 20
-807.406364960007
 10
-0.06775558845905232
 20
-805.0948623987947
 10
0.0
 20
-802.7777777777777
  0
LWPOLYLINE
  5
126
330
10C
100
AcDbEntity
  8
LIB-PLAN
100
AcDbPolyline
 90
33
 70
0
 10
-674.9999999999999
 20
-802.7777777777777
 10
-674.9322444115409
 20
-805.0948623987947
 10
-674.729140875311
 20
-807.406364960007
 10
-674.3911786855189
 20
-809.7067168492808
 10
-673.9191720226817
 20
-811.9903763174282
 10
-673.314257992193
 20
-814.2518418287652
 10
-672.5778938849368
 20
-816.485665314794
 10
-671.7118536665448
 20
-818.686465299077
 10
-670.7182237037599
 20
-820.8489398616848
 10
-669.5993977381936
 20
-822.9678794119855
 10
-668.3580711195949
 20
-825.0381792390053
 10
-666.9972343125153
 20
-827.0548518091243
 10
-665.520165692018
 20
-829.0130387814812
 10
-663.9304236457863
 20
-830.9080227121426
 10
-662.231838001654
 20
-832.7352384188388
 10
-660.4285008012165
 20
-834.490283978887
 10
-658.5247564417432
 20
-836.1689313338092
 10
-656.5251912101448
 20
-837.7671364750952
 10
-654.434622234205
 20
-839.2810491865737
 10
-652.2580858776993
 20
-840.7070223199192
 10
-650.0008256073526
 20
-842.0416205809535
 10
-647.6682793608687
 20
-843.2816288055683
 10
-645.2660664464623
 20
-844.4240597053389
 10
-642.7999740054534
 20
-845.4661610641625
 10
-640.2759430705363
 20
-846.4054223685885
 10
-637.7000542533124
 20
-847.2395808558648
 10
-635.0785130955634
 20
-847.966626965132
 10
-632.4176351195586
 20
-848.5848091786312
 10
-629.7238306134071
 20
-849.0926382412636
 10
-627.003589188114
 20
-849.4888907483368
 10
-624.2634641435377
 20
-849.7726120928537
 10
-621.5100566809173
 20
-849.9431187652442
 10
-618.75
 20
-849.9999999999999
  0
LWPOLYLINE
  5
127
330
10C
100
AcDbEntity
  8
LIB-PLAN
100
AcDbPolyline
 90
33
 70
0
 10
0.0
 20
-802.7777777777777
 10
0.06775558845905232
 20
-805.0948623987947
 10
0.27085912468892404
 20
-807.406364960007
 10
0.6088213144810716
 20
-809.7067168492808
 10
1.0808279773182843
 20
-811.9903763174282
 10
1.6857420078068988
 20
-814.2518418287652
 10
2.4221061150632477
 20
-816.485665314794
 10
3.2881463334550824
 20
-818.686465299077
 10
4.281776296240111
 20
-820.8489398616848
 10
5.400602261806304
 20
-822.9678794119855
 10
6.64192888040503
 20
-825.0381792390053
 10
8.002765687484686
 20
-827.0548518091243
 10
9.479834307981822
 20
-829.0130387814812
 10
11.06957635421372
 20
-830.9080227121426
 10
12.76816199834604
 20
-832.7352384188388
 10
14.57149919878355
 20
-834.490283978887
 10
16.47524355825669
 20
-836.1689313338092
 10
18.4748087898552
 20
-837.7671364750952
 10
20.56537776579492
 20
-839.2810491865737
 10
22.74191412230064
 20
-840.7070223199192
 10
24.999174392647376
 20
-842.0416205809535
 10
27.331720639131273
 20
-843.2816288055683
 10
29.733933553537618
 20
-844.4240597053389
 10
32.20002599454661
 20
-845.4661610641625
 10
34.724056929463664
 20
-846.4054223685885
 10
37.29994574668763
 20
-847.2395808558648
 10
39.921486904436485
 20
-847.966626965132
 10
42.58236488044139
 20
-848.5848091786312
 10
45.27616938659276
 20
-849.0926382412636
 10
47.996410811885916
 20
-849.4888907483368
 10
50.736535856462226
 20
-849.7726120928537
 10
53.48994331908273
 20
-849.9431187652442
 10
56.24999999999999
 20
-849.9999999999999
  0
LWPOLYLINE
  5
128
330
10C
100
AcDbEntity
  8
LIB-PLAN
100
AcDbPolyline
 90
33
 70
0
 10
618.75
 20
-849.9999999999999
 10
621.5100566809173
 20
-849.9431187652442
 10
624.2634641435377
 20
-849.7726120928537
 10
627.003589188114
 20
-849.4888907483368
 10
629.7238306134071
 20
-849.0926382412636
 10
632.4176351195586
 20
-848.5848091786312
 10
635.0785130955634
 20
-847.966626965132
 10
637.7000542533124
 20
-847.2395808558648
 10
640.2759430705363
 20
-846.4054223685886
 10
642.7999740054534
 20
-845.4661610641625
 10
645.2660664464623
 20
-844.4240597053389
 10
647.6682793608687
 20
-843.2816288055683
 10
650.0008256073526
 20
-842.0416205809535
 10
652.2580858776994
 20
-840.7070223199192
 10
654.434622234205
 20
-839.2810491865737
 10
656.5251912101448
 20
-837.7671364750953
 10
658.5247564417432
 20
-836.1689313338092
 10
660.4285008012165
 20
-834.490283978887
 10
662.231838001654
 20
-832.7352384188388
 10
663.9304236457863
 20
-830.9080227121426
 10
665.520165692018
 20
-829.0130387814812
 10
666.9972343125153
 20
-827.0548518091243
 10
668.3580711195949
 20
-825.0381792390053
 10
669.5993977381936
 20
-822.9678794119855
 10
670.7182237037599
 20
-820.8489398616848
 10
671.7118536665448
 20
-818.686465299077
 10
672.5778938849368
 20
-816.485665314794
 10
673.314257992193
 20
-814.2518418287652
 10
673.9191720226817
 20
-811.9903763174282
 10
674.3911786855189
 20
-809.7067168492808
 10
674.729140875311
 20
-807.406364960007
 10
674.9322444115409
 20
-805.0948623987947
 10
674.9999999999999
 20
-802.7777777777777
  0
ENDBLK
  5
10E
330
10C
100
AcDbEntity
  8
0
100
AcDbBlockEnd
  0
BLOCK
  5
12A
330
129
100
AcDbEntity
  8
0
100
AcDbBlockBegin
  2
LOUNGE_CHAIR_900x900_PLAN
 70
0
 10
0.0
 20
0.0
 30
0.0
  3
LOUNGE_CHAIR_900x900_PLAN
  1

  0
LWPOLYLINE
  5
12C
330
129
100
AcDbEntity
  8
LIB-PLAN
100
AcDbPolyline
 90
33
 70
0
 10
-360.07902040654636
 20
338.01078513649173
 10
-360.00361967175587
 20
335.28762005169017
 10
-359.78183279020527
 20
332.5745779564631
 10
-359.4144727416619
 20
329.8816037506879
 10
-358.9028861174329
 20
327.2185687735876
 10
-358.2489481843141
 20
324.5952346194494
 10
-357.4550560106304
 20
322.02121735562196
 10
-356.5241196795665
 20
319.50595227395587
 10
-355.4595516219953
 20
317.0586593048924
 10
-354.26525410790475
 20
314.68830922097885
 10
-352.94560494227727
 20
312.40359075369514
 10
-351.5054414178509
 20
310.2128787441265
 10
-349.9500425835879
 20
308.12420344423015
 10
-348.28510989384586
 20
306.14522108122424
 10
-346.5167463091837
 20
304.28318579299855
 10
-344.6514339254109
 20
302.5449230374189
 10
-342.69601021288196
 20
300.9368045729978
 10
-340.6576429531337
 20
299.46472510264
 10
-338.54380396473726
 20
298.1340806660789
 10
-336.36224171467495
 20
296.9497488602073
 10
-334.1209529156375
 20
295.9160709598075
 10
-331.82815321335386
 20
295.03683600421755
 10
-329.49224707140326
 20
294.3152669082672
 10
-327.1217969638975
 20
293.754008648393
 10
-324.7254919889619
 20
293.3551185672399
 10
-322.3121160180643
 20
293.1200588322863
 10
-319.89051549794385
 20
293.0496910761377
 10
-317.46956702316515
 20
293.1442732381348
 10
-315.0581447981617
 20
293.40345861885385
 10
-312.6650881080416
 20
293.8262971509643
 10
-310.29916891739225
 20
294.41123888178623
 10
-307.9690597158557
 20
295.1561396547815
 10
-305.6833017283371
 20
296.058268969152
  0
LWPOLYLINE
  5
12D
330
129
100
AcDbEntity
  8
LIB-PLAN
100
AcDbPolyline
 90
33
 70
0
 10
305.6833017283367
 20
296.0582689691521
 10
287.368160611091
 20
303.72429469165684
 10
268.90120160207096
 20
310.91485994639135
 10
250.29218087878132
 20
317.6261659253899
 10
231.55092967056993
 20
323.85466701551786
 10
212.68734906474455
 20
329.5970726716344
 10
193.71140477578393
 20
334.8503491550035
 10
174.63312188040547
 20
339.6117211360307
 10
155.46257952127323
 20
343.878673160483
 10
136.20990558214095
 20
347.64895097841367
 10
116.88527133724492
 20
350.9205627350935
 10
97.49888607777518
 20
353.69178002331665
 10
78.06099171826038
 20
355.96113879652535
 10
58.581857385718486
 20
357.72744014227237
 10
39.07177399443022
 20
358.98975091561266
 10
19.541048809203794
 20
359.74740423208664
 10
-1.9011838867989255e-14
 20
359.9999998200398
 10
-19.54104880920402
 20
359.74740423208664
 10
-39.07177399443045
 20
358.98975091561266
 10
-58.5818573857187
 20
357.72744014227237
 10
-78.06099171826078
 20
355.96113879652535
 10
-97.49888607777541
 20
353.69178002331665
 10
-116.88527133724514
 20
350.9205627350935
 10
-136.20990558214098
 20
347.64895097841367
 10
-155.46257952127343
 20
343.8786731604828
 10
-174.63312188040567
 20
339.6117211360307
 10
-193.71140477578413
 20
334.8503491550035
 10
-212.687349064745
 20
329.5970726716344
 10
-231.55092967057027
 20
323.85466701551786
 10
-250.29218087878158
 20
317.6261659253899
 10
-268.901201602071
 20
310.91485994639135
 10
-287.36816061109124
 20
303.72429469165684
 10
-305.6833017283369
 20
296.05826896915204
  0
LWPOLYLINE
  5
12E
330
129
100
AcDbEntity
  8
LIB-PLAN
100
AcDbPolyline
 90
33
 70
0
 10
-359.4801876858427
 20
-450.0
 10
-359.4801876858427
 20
-450.0
 10
-359.4801876858427
 20
-450.0
 10
-359.4801876858427
 20
-450.0
 10
-359.4801876858427
 20
-450.0
 10
-359.4801876858427
 20
-450.0
 10
-359.4801876858427
 20
-450.0
 10
-359.4801876858427
 20
-450.0
 10
-359.4801876858427
 20
-450.0
 10
-359.4801876858427
 20
-450.0
 10
-359.4801876858427
 20
-450.0
 10
-359.4801876858427
 20
-450.0
 10
-359.4801876858427
 20
-450.0
 10
-359.4801876858427
 20
-450.0
 10
-359.4801876858427
 20
-450.0
 10
-359.4801876858427
 20
-450.0
 10
-359.4801876858427
 20
-450.0
 10
-359.4801876858427
 20
-450.0
 10
-359.4801876858427
 20
-450.0
 10
-359.4801876858427
 20
-450.0
 10
-359.4801876858427
 20
-450.0
 10
-359.4801876858427
 20
-450.0
 10
-359.4801876858427
 20
-450.0
 10
-359.4801876858427
 20
-450.0
 10
-359.4801876858427
 20
-450.0
 10
-359.4801876858427
 20
-450.0
 10
-359.4801876858427
 20
-450.0
 10
-359.4801876858427
 20
-450.0
 10
-359.4801876858427
 20
-450.0
 10
-359.4801876858427
 20
-450.0
 10
-359.4801876858427
 20
-450.0
 10
-359.4801876858427
 20
-450.0
 10
-359.4801876858427
 20
-450.0
  0
LWPOLYLINE
  5
12F
330
129
100
AcDbEntity
  8
LIB-PLAN
100
AcDbPolyline
 90
33
 70
0
 10
-359.4972714879378
 20
-427.51923060219144
 10
-359.472361902533
 20
-428.62262949963605
 10
-359.3993701365518
 20
-429.72332682603655
 10
-359.27847184228426
 20
-430.81867378939216
 10
-359.1099579575085
 20
-431.90603447317505
 10
-358.8942340053593
 20
-432.98279217957736
 10
-358.63181911844924
 20
-434.04635572650824
 10
-358.3233447895936
 20
-435.0941656831887
 10
-357.96955335214324
 20
-436.1237005293379
 10
-357.57129619358426
 20
-437.1324827231287
 10
-357.12953170670136
 20
-438.1180846633111
 10
-356.6453229832375
 20
-439.07813453115483
 10
-356.11983525559816
 20
-440.0103219981532
 10
-355.55433309275804
 20
-440.91240378575304
 10
-354.95017735711735
 20
-441.78220906373076
 10
-354.3088219296308
 20
-442.61764467422427
 10
-353.6318102110911
 20
-443.41670016884854
 10
-352.9207714079852
 20
-444.17745264677365
 10
-352.17741661186307
 20
-444.8980713821226
 10
-351.40353468165097
 20
-445.5768222295532
 10
-350.6009879388222
 20
-446.21207179742163
 10
-349.7717076857808
 20
-446.8022913784861
 10
-348.9176895582461
 20
-447.34606062869045
 10
-348.0409887228207
 20
-447.8420709851759
 10
-347.1437149312995
 20
-448.28912881529413
 10
-346.2280274436212
 20
-448.6861582890456
 10
-345.2961298316802
 20
-449.0322039680285
 10
-344.35026467650295
 20
-449.3264331046707
 10
-343.3927081715505
 20
-449.56813764620875
 10
-342.4257646451335
 20
-449.7567359385941
 10
-341.4517610151217
 20
-449.89177412622416
 10
-340.47304118929253
 20
-449.97292724413137
 10
-339.491960424794
 20
-449.9999999999999
  0
LINE
  5
130
330
129
100
AcDbEntity
  8
LIB-PLAN
100
AcDbLine
 10
339.4919604247939
 20
-450.0
 30
0.0
 11
-339.491960424794
 21
-450.0
 31
0.0
  0
LWPOLYLINE
  5
131
330
129
100
AcDbEntity
  8
LIB-PLAN
100
AcDbPolyline
 90
33
 70
0
 10
339.4919604247939
 20
-449.9999999999999
 10
340.4730411892924
 20
-449.97292724413137
 10
341.4517610151215
 20
-449.89177412622416
 10
342.4257646451333
 20
-449.7567359385941
 10
343.3927081715504
 20
-449.56813764620875
 10
344.35026467650283
 20
-449.3264331046707
 10
345.29612983168005
 20
-449.0322039680285
 10
346.2280274436211
 20
-448.6861582890456
 10
347.14371493129937
 20
-448.28912881529413
 10
348.04098872282054
 20
-447.8420709851759
 10
348.9176895582459
 20
-447.34606062869045
 10
349.7717076857806
 20
-446.8022913784861
 10
350.600987938822
 20
-446.21207179742163
 10
351.40353468165085
 20
-445.5768222295532
 10
352.1774166118629
 20
-444.8980713821227
 10
352.9207714079851
 20
-444.17745264677365
 10
353.63181021109096
 20
-443.41670016884854
 10
354.3088219296307
 20
-442.61764467422427
 10
354.95017735711724
 20
-441.78220906373076
 10
355.55433309275793
 20
-440.91240378575304
 10
356.119835255598
 20
-440.0103219981532
 10
356.6453229832373
 20
-439.07813453115483
 10
357.12953170670124
 20
-438.1180846633111
 10
357.57129619358415
 20
-437.1324827231287
 10
357.9695533521431
 20
-436.1237005293379
 10
358.3233447895934
 20
-435.0941656831887
 10
358.63181911844913
 20
-434.04635572650824
 10
358.8942340053591
 20
-432.9827921795774
 10
359.1099579575084
 20
-431.9060344731751
 10
359.2784718422841
 20
-430.81867378939216
 10
359.3993701365517
 20
-429.7233268260366
 10
359.47236190253284
 20
-428.62262949963605
 10
359.49727148793767
 20
-427.51923060219144
  0
LWPOLYLINE
  5
132
330
129
100
AcDbEntity
  8
LIB-PLAN
100
AcDbPolyline
 90
33
 70
0
 10
305.683301728337
 20
296.0582689691519
 10
308.4164314399216
 20
294.9997451141524
 10
311.21037960168763
 20
294.16592185957165
 10
314.0505629592013
 20
293.56115141811017
 10
316.92215692942
 20
293.18859044147064
 10
319.8101729788873
 20
293.05018354394053
 10
322.69953685768184
 20
293.1466531523102
 10
325.57516728077024
 20
293.4774957351026
 10
328.4220546460807
 20
294.04098443080034
 10
331.22533937842127
 20
294.83417806134855
 10
333.97038949031935
 20
295.8529364838886
 10
336.64287695494795
 20
297.09194220059214
 10
339.2288524925026
 20
298.54472811380197
 10
341.71481837967565
 20
300.2037112816081
 10
344.0877989021921
 20
302.06023249767003
 10
346.3354080826743
 20
304.10460148869436
 10
348.4459143303236
 20
306.3261474936553
 10
350.4083016749746
 20
308.71327496075634
 10
352.21232726590597
 20
311.2535240714171
 10
353.8485748352864
 20
313.9336357753758
 10
355.3085038472009
 20
316.7396209974505
 10
356.5844940757169
 20
319.65683365472853
 10
357.6698853793144
 20
322.67004710306503
 10
358.5590124640709
 20
325.76353361387106
 10
359.247234454154
 20
328.92114646635486
 10
359.7309591152747
 20
332.12640422673
 10
360.0076616046656
 20
335.3625767744865
 10
360.0758976497161
 20
338.6127726267038
 10
359.93531108647875
 20
341.8600271046091
 10
359.58663571869744
 20
345.08739088218755
 10
359.0316914876556
 20
348.27801845465757
 10
358.27337497283474
 20
351.4152560650421
 10
357.31564427296706
 20
354.4827286298957
  0
LWPOLYLINE
  5
133
330
129
100
AcDbEntity
  8
LIB-PLAN
100
AcDbPolyline
 90
33
 70
0
 10
357.3156442729666
 20
354.48272862989546
 10
357.13284096868875
 20
354.9886889983325
 10
356.93917290309275
 20
355.489510220483
 10
356.7347541794203
 20
355.98489722795335
 10
356.51970523486875
 20
356.47455815402145
 10
356.2941527696334
 20
356.9582045055956
 10
356.05822967225924
 20
357.4355513331853
 10
355.8120749413476
 20
357.90631739878523
 10
355.555833603662
 20
358.37022534157177
 10
355.2896566286833
 20
358.8270018413153
 10
355.0137008396628
 20
359.2763777794122
 10
354.7281288212271
 20
359.7180883974411
 10
354.4331088235878
 20
360.1518734531504
 10
354.12881466341446
 20
360.57747737378526
 10
353.81542562142636
 20
360.9946494066626
 10
353.49312633676635
 20
361.4031437669073
 10
353.16210669821703
 20
361.8027197822608
 10
352.822561732324
 20
362.193142034878
 10
352.4746914884927
 20
362.5741805000279
 10
352.1187009211247
 20
362.9456106816173
 10
351.75479976886567
 20
363.3072137444568
 10
351.38320243103357
 20
363.65877664319197
 10
351.004127841301
 20
364.0000922478226
 10
350.6177993387064
 20
364.33095946573786
 10
350.2244445360697
 20
364.65118336019367
 10
349.82429518588975
 20
364.9605752651632
 10
349.41758704380294
 20
365.25895289649327
 10
349.0045597296831
 20
365.5461404593006
 10
348.58545658646517
 20
365.82196875154443
 10
348.16052453677486
 20
366.0862752637154
 10
347.7300139374496
 20
366.3389042745811
 10
347.29417843203584
 20
366.57970694293226
 10
346.85327480135015
 20
366.80854139527503
  0
LWPOLYLINE
  5
134
330
129
100
AcDbEntity
  8
LIB-PLAN
100
AcDbPolyline
 90
33
 70
0
 10
346.85327480135015
 20
366.80854139527503
 10
326.30399880321494
 20
376.7727441216076
 10
305.5286829128839
 20
386.1252523341831
 10
284.5417187718367
 20
394.85958728938834
 10
263.35764463620677
 20
402.9696984694889
 10
241.99113530572524
 20
410.4499677739906
 10
220.4569919580771
 20
417.2952134114554
 10
198.77013189571278
 20
423.50069348907294
 10
176.94557821221514
 20
429.0621092975019
 10
154.99844938538394
 20
433.9756082887061
 10
132.9439488042435
 20
438.23778674472214
 10
110.79735423723095
 20
441.8456921355096
 10
88.57400724885905
 20
444.7968251642516
 10
66.2893025721865
 20
447.089141498687
 10
43.95867744445531
 20
448.72105318727677
 10
21.59760091328764
 20
449.6914297592222
 10
-0.7784368791583498
 20
449.9995990075732
 10
-23.153935426639475
 20
449.6453474548861
 10
-45.51339459646412
 20
448.62892050110383
 10
-67.84132536686396
 20
446.951022253562
 10
-90.12226055667492
 20
444.6128150392324
 10
-112.34076553988247
 20
441.6159185995484
 10
-134.48144893762108
 20
437.96240896836395
 10
-156.52897328020924
 20
433.65481703382676
 10
-178.4680656318457
 20
428.69612678516177
 10
-200.28352817059664
 20
423.0897732455787
 10
-221.9602487163523
 20
416.8396400927346
 10
-243.48321119945584
 20
409.95005696840366
 10
-264.83750606275424
 20
402.42579647921104
 10
-286.0083405898649
 20
394.272070890517
 10
-306.98104915250315
 20
385.49452851573443
 10
-327.741103369773
 20
376.09924980358403
 10
-348.2741221723817
 20
366.0927431259983
  0
LINE
  5
135
330
129
100
AcDbEntity
  8
LIB-PLAN
100
AcDbLine
 10
-360.07902040654636
 20
338.01078513649173
 30
0.0
 11
-360.0847480079402
 21
345.54780092613487
 31
0.0
  0
LWPOLYLINE
  5
136
330
129
100
AcDbEntity
  8
LIB-PLAN
100
AcDbPolyline
 90
33
 70
0
 10
-348.27412217238196
 20
366.0927431259981
 10
-348.9243266757069
 20
365.748462796057
 10
-349.5631169893903
 20
365.37813864976647
 10
-350.18966876468363
 20
364.98224858455234
 10
-350.80317344647756
 20
364.5613034902526
 10
-351.4028393167295
 20
364.1158465898221
 10
-351.9878925161634
 20
363.646452738312
 10
-352.55757804292267
 20
363.1537276810284
 10
-353.1111607268879
 20
362.6383072718277
 10
-353.6479261784026
 20
362.1008566525574
 10
-354.1671817101814
 20
361.5420693947007
 10
-354.6682572312123
 20
360.9626666043343
 10
-355.1505061114981
 20
360.36339599155156
 10
-355.6133060165222
 20
359.74503090555515
 10
-356.0560597103617
 20
359.108369336662
 10
-356.4781958264106
 20
358.4542328865095
 10
-356.87916960471944
 20
357.7834657077913
 10
-357.2584635949992
 20
357.0969334148924
 10
-357.615588324383
 20
356.39552196682695
 10
-357.9500829290826
 20
355.6801365239223
 10
-358.26151574912626
 20
354.95170027972415
 10
-358.54948488540873
 20
354.2111532696299
 10
-358.8136187183359
 20
353.45945115778784
 10
-359.0535763873936
 20
352.6975640038279
 10
-359.2690482310233
 20
351.9264750110149
 10
-359.45975618623487
 20
351.1471792574405
 10
-359.62545414744267
 20
350.36068241189065
 10
-359.765928284061
 20
349.56799943604614
 10
-359.8809973164487
 20
348.77015327469064
 10
-359.97051274984824
 20
347.96817353561664
 10
-360.0343590660152
 20
347.16309516093287
 10
-360.0724538722933
 20
346.3559570914883
 10
-360.0847480079402
 20
345.54780092613487
  0
LINE
  5
137
330
129
100
AcDbEntity
  8
LIB-PLAN
100
AcDbLine
 10
-359.4972714879378
 20
-427.5192306021916
 30
0.0
 11
-360.00783464970453
 21
244.33663841726425
 31
0.0
  0
LWPOLYLINE
  5
138
330
129
100
AcDbEntity
  8
LIB-PLAN
100
AcDbPolyline
 90
33
 70
0
 10
-348.19535548021275
 20
264.88251645974526
 10
-348.8456480124274
 20
264.53827883139974
 10
-349.4845266170835
 20
264.16799152281527
 10
-350.11116668584566
 20
263.7721324682957
 10
-350.72475940680476
 20
263.35121260790635
 10
-351.3245128084211
 20
262.9057752279974
 10
-351.90965278173167
 20
262.436395259978
 10
-352.4794240795019
 20
261.9436785382448
 10
-353.0330912910326
 20
261.42826101822476
 10
-353.56993979136314
 20
260.8908079555393
 10
-354.08927666364684
 20
260.33201304735115
 10
-354.59043159350693
 20
259.75259753700084
 10
-355.07275773421924
 20
259.15330928308947
 10
-355.53563254160554
 20
258.5349217942081
 10
-355.9784585775584
 20
257.8982332305615
 10
-356.40066428116205
 20
257.2440653737726
 10
-356.8017047064128
 20
256.5732625661993
 10
-357.1810622255876
 20
255.88669062113127
 10
-357.5382471973521
 20
255.18523570527483
 10
-357.8727985987471
 20
254.46980319496637
 10
-358.1842846202359
 20
253.74131650759233
 10
-358.47230322304665
 20
253.0007159097233
 10
-358.73648265808805
 20
252.24895730350056
 10
-358.97648194577107
 20
251.4870109928415
 10
-359.19199131611475
 20
250.71586043105685
 10
-359.3827326085706
 20
249.9365009514954
 10
-359.54845963104754
 20
249.14993848285536
 10
-359.68895847767493
 20
248.35718825081992
 10
-359.80404780489357
 20
247.55927346769346
 10
-359.8935790655181
 20
246.75722401172862
 10
-359.9574367004686
 20
245.95207509785038
 10
-359.9955382879238
 20
245.14486594149136
 10
-360.0078346497045
 20
244.33663841726425
  0
LWPOLYLINE
  5
139
330
129
100
AcDbEntity
  8
LIB-PLAN
100
AcDbPolyline
 90
33
 70
0
 10
348.19535548021275
 20
264.8825164597452
 10
327.6215180693303
 20
274.90542562106356
 10
306.8198499159891
 20
284.31470267284936
 10
285.80481667411686
 20
293.1038043251829
 10
264.5910323735078
 20
301.2666185633016
 10
243.19324925710387
 20
308.79746889794615
 10
221.62634752216195
 20
315.6911183128384
 10
199.90532497243973
 20
321.9427729065472
 10
178.04528658859752
 20
327.5480852262068
 10
156.06143402406948
 20
332.5031572907713
 10
133.96905503370598
 20
336.8045433017049
 10
111.78351284254077
 20
340.44925203921713
 10
89.52023546207623
 20
343.4347489423841
 10
67.19470496151561
 20
345.75895787170134
 10
44.8224467014023
 20
347.4202625528498
 10
22.41901853715392
 20
348.41750770066653
 10
-1.9011838867989255e-14
 20
348.7499998225392
 10
-22.419018537153956
 20
348.41750770066653
 10
-44.822446701402335
 20
347.4202625528498
 10
-67.19470496151565
 20
345.75895787170134
 10
-89.52023546207626
 20
343.4347489423841
 10
-111.7835128425408
 20
340.44925203921713
 10
-133.969055033706
 20
336.8045433017049
 10
-156.06143402406954
 20
332.5031572907713
 10
-178.04528658859758
 20
327.5480852262068
 10
-199.90532497243973
 20
321.9427729065474
 10
-221.62634752216206
 20
315.6911183128384
 10
-243.19324925710396
 20
308.79746889794615
 10
-264.59103237350786
 20
301.2666185633016
 10
-285.804816674117
 20
293.1038043251829
 10
-306.8198499159892
 20
284.3147026728496
 10
-327.6215180693304
 20
274.9054256210636
 10
-348.1953554802128
 20
264.8825164597452
  0
LINE
  5
13A
330
129
100
AcDbEntity
  8
LIB-PLAN
100
AcDbLine
 10
359.49727148793767
 20
-427.5192306021916
 30
0.0
 11
360.00783464970453
 21
244.33663841726425
 31
0.0
  0
LWPOLYLINE
  5
13B
330
129
100
AcDbEntity
  8
LIB-PLAN
100
AcDbPolyline
 90
33
 70
0
 10
360.0078346497045
 20
244.33663841726425
 10
359.9955382879238
 20
245.14486594149136
 10
359.9574367004686
 20
245.95207509785033
 10
359.8935790655181
 20
246.75722401172857
 10
359.80404780489357
 20
247.5592734676934
 10
359.68895847767493
 20
248.35718825081992
 10
359.54845963104754
 20
249.1499384828553
 10
359.3827326085706
 20
249.93650095149533
 10
359.19199131611475
 20
250.7158604310568
 10
358.97648194577107
 20
251.4870109928415
 10
358.73648265808805
 20
252.2489573035005
 10
358.47230322304665
 20
253.0007159097233
 10
358.1842846202359
 20
253.74131650759227
 10
357.8727985987471
 20
254.46980319496632
 10
357.5382471973521
 20
255.18523570527478
 10
357.18106222558754
 20
255.8866906211312
 10
356.8017047064128
 20
256.5732625661992
 10
356.40066428116205
 20
257.24406537377257
 10
355.9784585775584
 20
257.89823323056146
 10
355.53563254160554
 20
258.5349217942081
 10
355.07275773421924
 20
259.1533092830894
 10
354.59043159350693
 20
259.75259753700084
 10
354.08927666364684
 20
260.3320130473511
 10
353.56993979136314
 20
260.89080795553923
 10
353.0330912910326
 20
261.4282610182247
 10
352.4794240795019
 20
261.9436785382448
 10
351.90965278173167
 20
262.4363952599779
 10
351.3245128084211
 20
262.90577522799737
 10
350.72475940680476
 20
263.3512126079063
 10
350.1111666858456
 20
263.77213246829564
 10
349.4845266170834
 20
264.1679915228152
 10
348.8456480124273
 20
264.5382788313997
 10
348.19535548021275
 20
264.8825164597452
  0
LWPOLYLINE
  5
13C
330
129
100
AcDbEntity
  8
LIB-PLAN
100
AcDbPolyline
 90
33
 70
0
 10
-429.9946816193522
 20
224.99999985003313
 10
-430.9768297473534
 20
224.97286811911482
 10
-431.95660921946694
 20
224.89153836021086
 10
-432.93165709231477
 20
224.75620671706653
 10
-433.8996218337614
 20
224.56719957027983
 10
-434.8581689941259
 20
224.3249727501662
 10
-435.80498683619663
 20
224.0301104374285
 10
-436.73779191046896
 20
223.68332375428258
 10
-437.6543345621624
 20
223.2854490494373
 10
-438.5524043567343
 20
222.83744588106458
 10
-439.4298354108052
 20
222.3403947026238
 10
-440.28451161564067
 20
221.7954942571219
 10
-441.11437174059023
 20
221.20405868609384
 10
-441.91741440417707
 20
220.56751436027494
 10
-442.6917029008482
 20
219.88739643960915
 10
-443.4353698717461
 20
219.1653451708894
 10
-444.14662180823495
 20
218.40310193195887
 10
-444.82374337732267
 20
217.60250503201385
 10
-445.46510155854577
 20
216.76548527813597
 10
-446.0691495823399
 20
215.89406131874654
 10
-446.6344306603985
 20
214.99033477521337
 10
-447.1595814990235
 20
214.0564851733505
 10
-447.6433355869925
 20
213.0947646870354
 10
-448.084526250017
 20
212.10749270662
 10
-448.48208946442077
 20
211.09705024523512
 10
-448.8350664232566
 20
210.06587419647872
 10
-449.1426058486693
 20
209.01645145733656
 10
-449.40396604493094
 20
207.95131293050952
 10
-449.6185166871954
 20
206.87302742061155
 10
-449.7857403416586
 20
205.78419543895944
 10
-449.9052337134586
 20
204.68744293189525
 10
-449.97670861930555
 20
203.58541494776674
 10
-449.999992682496
 20
202.4807692578393
  0
LINE
  5
13D
330
129
100
AcDbEntity
  8
LIB-PLAN
100
AcDbLine
 10
-429.9946816193522
 20
224.9999998500331
 30
0.0
 11
-389.9840302652644
 21
224.9999998500331
 31
0.0
  0
LWPOLYLINE
  5
13E
330
129
100
AcDbEntity
  8
LIB-PLAN
100
AcDbPolyline
 90
33
 70
0
 10
-369.9787192021206
 20
202.51923045222458
 10
-370.0036287875254
 20
203.62262934966918
 10
-370.07662055350653
 20
204.7233266760697
 10
-370.1975188477741
 20
205.81867363942527
 10
-370.36603273254985
 20
206.90603432320822
 10
-370.58175668469903
 20
207.9827920296105
 10
-370.84417157160914
 20
209.04635557654137
 10
-371.1526459004648
 20
210.09416553322185
 10
-371.5064373379151
 20
211.123700379371
 10
-371.9046944964741
 20
212.13248257316184
 10
-372.34645898335697
 20
213.1180845133443
 10
-372.83066770682086
 20
214.078134381188
 10
-373.3561554344602
 20
215.01032184818635
 10
-373.9216575973003
 20
215.91240363578618
 10
-374.52581333294097
 20
216.78220891376392
 10
-375.1671687604275
 20
217.61764452425746
 10
-375.84418047896725
 20
218.41670001888173
 10
-376.5552192820731
 20
219.17745249680684
 10
-377.2985740781953
 20
219.89807123215581
 10
-378.07245600840736
 20
220.5768220795864
 10
-378.87500275123614
 20
221.2120716474548
 10
-379.70428300427756
 20
221.8022912285192
 10
-380.5583011318123
 20
222.34606047872362
 10
-381.43500196723767
 20
222.84207083520906
 10
-382.3322757587589
 20
223.28912866532735
 10
-383.24796324643717
 20
223.68615813907874
 10
-384.17986085837816
 20
224.0322038180617
 10
-385.12572601355544
 20
224.32643295470388
 10
-386.0832825185079
 20
224.56813749624195
 10
-387.0502260449249
 20
224.75673578862728
 10
-388.0242296749367
 20
224.8917739762574
 10
-389.00294950076585
 20
224.97292709416453
 10
-389.9840302652644
 20
224.99999985003313
  0
LINE
  5
13F
330
129
100
AcDbEntity
  8
LIB-PLAN
100
AcDbLine
 10
-369.67094771421006
 20
-202.480769457795
 30
0.0
 11
-369.97871920212066
 21
202.51923045222455
 31
0.0
  0
LWPOLYLINE
  5
140
330
129
100
AcDbEntity
  8
LIB-PLAN
100
AcDbPolyline
 90
33
 70
0
 10
-389.67625877735384
 20
-225.0000000499889
 10
-388.69411064935264
 20
-224.97286831907059
 10
-387.71433117723905
 20
-224.89153856016662
 10
-386.7392833043912
 20
-224.7562069170223
 10
-385.77131856294466
 20
-224.56719977023556
 10
-384.81277140258015
 20
-224.32497295012197
 10
-383.8659535605094
 20
-224.03011063738427
 10
-382.93314848623714
 20
-223.68332395423832
 10
-382.01660583454367
 20
-223.28544924939305
 10
-381.11853603997173
 20
-222.83744608102037
 10
-380.2411049859008
 20
-222.34039490257956
 10
-379.3864287810653
 20
-221.79549445707767
 10
-378.55656865611576
 20
-221.2040588860496
 10
-377.753525992529
 20
-220.56751456023073
 10
-376.97923749585783
 20
-219.88739663956494
 10
-376.23557052495994
 20
-219.16534537084516
 10
-375.52431858847115
 20
-218.40310213191466
 10
-374.84719701938343
 20
-217.60250523196964
 10
-374.2058388381603
 20
-216.76548547809173
 10
-373.6017908143662
 20
-215.89406151870233
 10
-373.03650973630755
 20
-214.99033497516913
 10
-372.5113588976826
 20
-214.0564853733063
 10
-372.0276048097136
 20
-213.0947648869912
 10
-371.5864141466891
 20
-212.10749290657577
 10
-371.1888509322852
 20
-211.09705044519092
 10
-370.8358739734494
 20
-210.06587439643448
 10
-370.52833454803675
 20
-209.01645165729238
 10
-370.26697435177505
 20
-207.95131313046534
 10
-370.0524237095106
 20
-206.87302762056734
 10
-369.88520005504745
 20
-205.78419563891526
 10
-369.76570668324746
 20
-204.68744313185107
 10
-369.69423177740055
 20
-203.58541514772253
 10
-369.67094771421006
 20
-202.48076945779516
  0
LINE
  5
141
330
129
100
AcDbEntity
  8
LIB-PLAN
100
AcDbLine
 10
-429.68691013144144
 20
-225.00000004998898
 30
0.0
 11
-389.67625877735384
 21
-225.00000004998898
 31
0.0
  0
LINE
  5
142
330
129
100
AcDbEntity
  8
LIB-PLAN
100
AcDbLine
 10
-449.6922211945854
 20
-202.51923065218057
 30
0.0
 11
-449.9999926824957
 21
202.48076925783928
 31
0.0
  0
LWPOLYLINE
  5
143
330
129
100
AcDbEntity
  8
LIB-PLAN
100
AcDbPolyline
 90
33
 70
0
 10
-449.6922211945852
 20
-202.51923065218043
 10
-449.6673116091804
 20
-203.62262954962503
 10
-449.5943198431993
 20
-204.72332687602554
 10
-449.47342154893164
 20
-205.81867383938112
 10
-449.3049076641559
 20
-206.90603452316404
 10
-449.08918371200673
 20
-207.98279222956634
 10
-448.8267688250967
 20
-209.04635577649717
 10
-448.51829449624097
 20
-210.09416573317765
 10
-448.16450305879073
 20
-211.12370057932682
 10
-447.7662459002317
 20
-212.13248277311763
 10
-447.32448141334885
 20
-213.11808471330008
 10
-446.8402726898849
 20
-214.0781345811438
 10
-446.31478496224554
 20
-215.01032204814214
 10
-445.74928279940553
 20
-215.91240383574194
 10
-445.14512706376485
 20
-216.78220911371972
 10
-444.5037716362783
 20
-217.61764472421325
 10
-443.8267599177385
 20
-218.41670021883752
 10
-443.1157211146327
 20
-219.1774526967626
 10
-442.37236631851044
 20
-219.8980714321116
 10
-441.59848438829846
 20
-220.57682227954217
 10
-440.7959376454696
 20
-221.21207184741056
 10
-439.9666573924282
 20
-221.802291428475
 10
-439.1126392648935
 20
-222.34606067867938
 10
-438.2359384294681
 20
-222.84207103516485
 10
-437.3386646379469
 20
-223.28912886528312
 10
-436.42297715026865
 20
-223.6861583390345
 10
-435.49107953832765
 20
-224.03220401801747
 10
-434.5452143831504
 20
-224.32643315465964
 10
-433.5876578781979
 20
-224.5681376961977
 10
-432.6207143517809
 20
-224.75673598858305
 10
-431.64671072176907
 20
-224.89177417621315
 10
-430.66799089593997
 20
-224.97292729412027
 10
-429.68691013144144
 20
-225.0000000499889
  0
LWPOLYLINE
  5
144
330
129
100
AcDbEntity
  8
LIB-PLAN
100
AcDbPolyline
 90
33
 70
0
 10
369.67094771420994
 20
-202.48076945779516
 10
369.69423177740043
 20
-203.58541514772253
 10
369.7657066832474
 20
-204.68744313185107
 10
369.88520005504733
 20
-205.78419563891526
 10
370.05242370951055
 20
-206.87302762056737
 10
370.266974351775
 20
-207.95131313046534
 10
370.52833454803664
 20
-209.01645165729238
 10
370.8358739734493
 20
-210.06587439643448
 10
371.18885093228516
 20
-211.09705044519092
 10
371.586414146689
 20
-212.10749290657577
 10
372.02760480971347
 20
-213.0947648869912
 10
372.5113588976825
 20
-214.0564853733063
 10
373.03650973630744
 20
-214.99033497516913
 10
373.6017908143661
 20
-215.89406151870233
 10
374.20583883816016
 20
-216.76548547809173
 10
374.84719701938326
 20
-217.60250523196964
 10
375.52431858847103
 20
-218.40310213191466
 10
376.2355705249599
 20
-219.16534537084516
 10
376.9792374958578
 20
-219.88739663956494
 10
377.7535259925289
 20
-220.56751456023073
 10
378.55656865611564
 20
-221.2040588860496
 10
379.38642878106526
 20
-221.79549445707767
 10
380.2411049859007
 20
-222.34039490257956
 10
381.1185360399717
 20
-222.83744608102035
 10
382.0166058345435
 20
-223.28544924939305
 10
382.93314848623703
 20
-223.68332395423832
 10
383.86595356050935
 20
-224.03011063738427
 10
384.81277140258
 20
-224.32497295012197
 10
385.77131856294454
 20
-224.56719977023556
 10
386.73928330439117
 20
-224.7562069170223
 10
387.714331177239
 20
-224.89153856016662
 10
388.69411064935247
 20
-224.97286831907059
 10
389.6762587773537
 20
-225.0000000499889
  0
LINE
  5
145
330
129
100
AcDbEntity
  8
LIB-PLAN
100
AcDbLine
 10
389.6762587773537
 20
-225.00000004998898
 30
0.0
 11
429.68691013144144
 21
-225.00000004998898
 31
0.0
  0
LWPOLYLINE
  5
146
330
129
100
AcDbEntity
  8
LIB-PLAN
100
AcDbPolyline
 90
33
 70
0
 10
429.68691013144144
 20
-225.0000000499889
 10
430.66799089593997
 20
-224.97292729412027
 10
431.64671072176907
 20
-224.89177417621315
 10
432.6207143517809
 20
-224.75673598858305
 10
433.5876578781979
 20
-224.5681376961977
 10
434.5452143831504
 20
-224.32643315465964
 10
435.49107953832765
 20
-224.03220401801747
 10
436.42297715026865
 20
-223.68615833903453
 10
437.3386646379469
 20
-223.28912886528312
 10
438.2359384294681
 20
-222.84207103516485
 10
439.1126392648935
 20
-222.3460606786794
 10
439.9666573924282
 20
-221.802291428475
 10
440.7959376454696
 20
-221.21207184741056
 10
441.59848438829835
 20
-220.5768222795422
 10
442.37236631851044
 20
-219.8980714321116
 10
443.1157211146327
 20
-219.17745269676263
 10
443.8267599177385
 20
-218.41670021883752
 10
444.5037716362783
 20
-217.61764472421325
 10
445.14512706376485
 20
-216.78220911371972
 10
445.74928279940553
 20
-215.91240383574197
 10
446.31478496224554
 20
-215.01032204814217
 10
446.8402726898849
 20
-214.0781345811438
 10
447.32448141334885
 20
-213.11808471330008
 10
447.7662459002317
 20
-212.13248277311766
 10
448.1645030587906
 20
-211.12370057932682
 10
448.51829449624097
 20
-210.09416573317768
 10
448.8267688250967
 20
-209.0463557764972
 10
449.08918371200673
 20
-207.98279222956634
 10
449.3049076641559
 20
-206.90603452316407
 10
449.47342154893164
 20
-205.81867383938115
 10
449.5943198431993
 20
-204.72332687602557
 10
449.6673116091804
 20
-203.62262954962503
 10
449.6922211945852
 20
-202.51923065218045
  0
LINE
  5
147
330
129
100
AcDbEntity
  8
LIB-PLAN
100
AcDbLine
 10
369.67094771421
 20
-202.480769457795
 30
0.0
 11
369.97871920212066
 21
202.51923045222466
 31
0.0
  0
LWPOLYLINE
  5
148
330
129
100
AcDbEntity
  8
LIB-PLAN
100
AcDbPolyline
 90
33
 70
0
 10
389.98403026526444
 20
224.99999985003313
 10
389.0029495007659
 20
224.97292709416453
 10
388.0242296749368
 20
224.8917739762574
 10
387.050226044925
 20
224.75673578862728
 10
386.08328251850793
 20
224.56813749624195
 10
385.1257260135555
 20
224.32643295470388
 10
384.1798608583783
 20
224.0322038180617
 10
383.2479632464372
 20
223.68615813907874
 10
382.33227575875895
 20
223.28912866532735
 10
381.4350019672378
 20
222.84207083520909
 10
380.55830113181236
 20
222.34606047872362
 10
379.70428300427767
 20
221.80229122851924
 10
378.8750027512363
 20
221.2120716474548
 10
378.07245600840747
 20
220.5768220795864
 10
377.29857407819543
 20
219.89807123215584
 10
376.5552192820732
 20
219.17745249680686
 10
375.84418047896736
 20
218.41670001888176
 10
375.1671687604276
 20
217.61764452425749
 10
374.5258133329411
 20
216.78220891376398
 10
373.9216575973004
 20
215.91240363578623
 10
373.35615543446033
 20
215.01032184818638
 10
372.830667706821
 20
214.07813438118805
 10
372.3464589833571
 20
213.11808451334431
 10
371.9046944964742
 20
212.1324825731619
 10
371.5064373379152
 20
211.1237003793711
 10
371.1526459004649
 20
210.09416553322188
 10
370.84417157160925
 20
209.04635557654143
 10
370.5817566846992
 20
207.98279202961058
 10
370.3660327325499
 20
206.9060343232083
 10
370.19751884777423
 20
205.81867363942536
 10
370.07662055350664
 20
204.72332667606977
 10
370.0036287875255
 20
203.62262934966927
 10
369.97871920212066
 20
202.51923045222466
  0
LINE
  5
149
330
129
100
AcDbEntity
  8
LIB-PLAN
100
AcDbLine
 10
389.98403026526444
 20
224.9999998500331
 30
0.0
 11
429.9946816193522
 21
224.9999998500331
 31
0.0
  0
LINE
  5
14A
330
129
100
AcDbEntity
  8
LIB-PLAN
100
AcDbLine
 10
449.69222119458504
 20
-202.51923065218057
 30
0.0
 11
449.9999926824957
 21
202.4807692578394
 31
0.0
  0
LWPOLYLINE
  5
14B
330
129
100
AcDbEntity
  8
LIB-PLAN
100
AcDbPolyline
 90
33
 70
0
 10
449.999992682496
 20
202.48076925783937
 10
449.97670861930544
 20
203.58541494776676
 10
449.9052337134586
 20
204.6874429318953
 10
449.7857403416586
 20
205.78419543895947
 10
449.6185166871954
 20
206.8730274206116
 10
449.40396604493094
 20
207.95131293050957
 10
449.1426058486693
 20
209.0164514573366
 10
448.8350664232566
 20
210.06587419647875
 10
448.48208946442077
 20
211.09705024523515
 10
448.084526250017
 20
212.10749270662004
 10
447.6433355869925
 20
213.09476468703542
 10
447.1595814990234
 20
214.05648517335052
 10
446.6344306603985
 20
214.9903347752134
 10
446.0691495823399
 20
215.89406131874654
 10
445.46510155854577
 20
216.765485278136
 10
444.82374337732267
 20
217.60250503201388
 10
444.14662180823495
 20
218.4031019319589
 10
443.4353698717461
 20
219.1653451708894
 10
442.6917029008482
 20
219.88739643960915
 10
441.91741440417707
 20
220.56751436027494
 10
441.11437174059023
 20
221.20405868609384
 10
440.28451161564067
 20
221.7954942571219
 10
439.4298354108052
 20
222.3403947026238
 10
438.5524043567343
 20
222.8374458810646
 10
437.6543345621624
 20
223.2854490494373
 10
436.73779191046896
 20
223.68332375428258
 10
435.8049868361966
 20
224.0301104374285
 10
434.8581689941259
 20
224.3249727501662
 10
433.8996218337614
 20
224.56719957027983
 10
432.93165709231477
 20
224.75620671706653
 10
431.956609219467
 20
224.89153836021086
 10
430.9768297473534
 20
224.97286811911482
 10
429.9946816193522
 20
224.99999985003313
  0
ENDBLK
  5
12B
330
129
100
AcDbEntity
  8
0
100
AcDbBlockEnd
  0
BLOCK
  5
14D
330
14C
100
AcDbEntity
  8
0
100
AcDbBlockBegin
  2
DESK_1700x800_PLAN
 70
0
 10
0.0
 20
0.0
 30
0.0
  3
DESK_1700x800_PLAN
  1

  0
LINE
  5
14F
330
14C
100
AcDbEntity
  8
LIB-PLAN
100
AcDbLine
 10
-850.0
 20
-400.0
 30
0.0
 11
-850.0
 21
400.0
 31
0.0
  0
LINE
  5
150
330
14C
100
AcDbEntity
  8
LIB-PLAN
100
AcDbLine
 10
-850.0
 20
400.0
 30
0.0
 11
850.0
 21
400.0
 31
0.0
  0
LINE
  5
151
330
14C
100
AcDbEntity
  8
LIB-PLAN
100
AcDbLine
 10
850.0
 20
400.0
 30
0.0
 11
850.0
 21
-400.0
 31
0.0
  0
LINE
  5
152
330
14C
100
AcDbEntity
  8
LIB-PLAN
100
AcDbLine
 10
850.0
 20
-400.0
 30
0.0
 11
-850.0
 21
-400.0
 31
0.0
  0
ENDBLK
  5
14E
330
14C
100
AcDbEntity
  8
0
100
AcDbBlockEnd
  0
BLOCK
  5
154
330
153
100
AcDbEntity
  8
0
100
AcDbBlockBegin
  2
DINING_TABLE_1500x600_PLAN
 70
0
 10
0.0
 20
0.0
 30
0.0
  3
DINING_TABLE_1500x600_PLAN
  1

  0
LWPOLYLINE
  5
156
330
153
100
AcDbEntity
  8
LIB-PLAN
100
AcDbPolyline
 90
33
 70
0
 10
-550.0
 20
300.0
 10
-552.4533837163709
 20
299.9507232083934
 10
-554.900857016478
 20
299.80301154568076
 10
-557.336523722768
 20
299.5572208621956
 10
-559.7545161008064
 20
299.21394328922304
 10
-562.1490089951632
 20
298.7740058125041
 10
-564.5142338627231
 20
298.23846827995396
 10
-566.844492669611
 20
297.6086208483963
 10
-569.1341716182544
 20
296.8859808754617
 10
-571.377754671514
 20
296.07228926414086
 10
-573.5698368412999
 20
295.16950626879634
 10
-575.7051372096611
 20
294.1798067727384
 10
-577.7785116509801
 20
293.1055750487405
 10
-579.7849652246216
 20
291.9493990151173
 10
-581.7196642081822
 20
290.71406400120287
 10
-583.5779477423508
 20
289.4025460372483
 10
-585.3553390593273
 20
288.0180046849042
 10
-587.047556267748
 20
286.56377542555987
 10
-588.6505226681368
 20
285.0433616248764
 10
-590.1603765740322
 20
283.46042609287224
 10
-591.5734806151272
 20
281.81878225989277
 10
-592.8864305000136
 20
280.12238498972266
 10
-594.0960632174177
 20
278.3753210519726
 10
-595.1994646561722
 20
276.58179927669335
 10
-596.1939766255643
 20
274.7461404149355
 10
-597.077203259151
 20
272.8727667296817
 10
-597.8470167866104
 20
270.966191342228
 10
-598.5015626597271
 20
269.031007359679
 10
-599.0392640201615
 20
267.0718768097507
 10
-599.458825498239
 20
265.0935194095375
 10
-599.7592363336098
 20
263.1007011953002
 10
-599.9397728102585
 20
261.0982230406671
 10
-599.9999999999999
 20
259.09090909090907
  0
LINE
  5
157
330
153
100
AcDbEntity
  8
LIB-PLAN
100
AcDbLine
 10
-550.0
 20
300.0
 30
0.0
 11
550.0
 21
300.0
 31
0.0
  0
LWPOLYLINE
  5
158
330
153
100
AcDbEntity
  8
LIB-PLAN
100
AcDbPolyline
 90
33
 70
0
 10
599.9999999999999
 20
259.09090909090907
 10
599.9397728102585
 20
261.0982230406671
 10
599.7592363336098
 20
263.1007011953002
 10
599.458825498239
 20
265.0935194095375
 10
599.0392640201615
 20
267.0718768097507
 10
598.5015626597271
 20
269.031007359679
 10
597.8470167866104
 20
270.966191342228
 10
597.077203259151
 20
272.87276672968176
 10
596.1939766255643
 20
274.7461404149355
 10
595.1994646561722
 20
276.58179927669335
 10
594.0960632174177
 20
278.3753210519726
 10
592.8864305000136
 20
280.12238498972266
 10
591.5734806151272
 20
281.81878225989277
 10
590.1603765740322
 20
283.46042609287224
 10
588.6505226681368
 20
285.0433616248764
 10
587.047556267748
 20
286.5637754255598
 10
585.3553390593273
 20
288.0180046849042
 10
583.5779477423508
 20
289.4025460372483
 10
581.7196642081822
 20
290.71406400120287
 10
579.7849652246216
 20
291.9493990151173
 10
577.7785116509801
 20
293.1055750487405
 10
575.7051372096611
 20
294.1798067727384
 10
573.5698368412999
 20
295.16950626879634
 10
571.377754671514
 20
296.07228926414086
 10
569.1341716182544
 20
296.8859808754617
 10
566.844492669611
 20
297.6086208483963
 10
564.5142338627231
 20
298.23846827995396
 10
562.1490089951632
 20
298.7740058125041
 10
559.7545161008064
 20
299.21394328922304
 10
557.336523722768
 20
299.5572208621956
 10
554.900857016478
 20
299.80301154568076
 10
552.4533837163709
 20
299.9507232083934
 10
550.0
 20
300.0
  0
LINE
  5
159
330
153
100
AcDbEntity
  8
LIB-PLAN
100
AcDbLine
 10
600.0
 20
259.09090909090907
 30
0.0
 11
600.0
 21
-259.09090909090907
 31
0.0
  0
LWPOLYLINE
  5
15A
330
153
100
AcDbEntity
  8
LIB-PLAN
100
AcDbPolyline
 90
33
 70
0
 10
550.0
 20
-300.0
 10
552.4533837163709
 20
-299.9507232083934
 10
554.900857016478
 20
-299.80301154568076
 10
557.336523722768
 20
-299.5572208621956
 10
559.7545161008064
 20
-299.21394328922304
 10
562.1490089951632
 20
-298.7740058125041
 10
564.5142338627231
 20
-298.23846827995396
 10
566.844492669611
 20
-297.6086208483963
 10
569.1341716182544
 20
-296.8859808754617
 10
571.377754671514
 20
-296.07228926414086
 10
573.5698368412998
 20
-295.16950626879634
 10
575.7051372096611
 20
-294.1798067727384
 10
577.7785116509801
 20
-293.1055750487405
 10
579.7849652246216
 20
-291.9493990151173
 10
581.7196642081822
 20
-290.71406400120287
 10
583.5779477423508
 20
-289.4025460372483
 10
585.3553390593273
 20
-288.0180046849042
 10
587.047556267748
 20
-286.56377542555987
 10
588.6505226681368
 20
-285.0433616248764
 10
590.1603765740322
 20
-283.46042609287224
 10
591.5734806151272
 20
-281.81878225989277
 10
592.8864305000136
 20
-280.12238498972266
 10
594.0960632174177
 20
-278.3753210519726
 10
595.1994646561722
 20
-276.58179927669335
 10
596.1939766255643
 20
-274.7461404149355
 10
597.077203259151
 20
-272.87276672968176
 10
597.8470167866104
 20
-270.966191342228
 10
598.5015626597271
 20
-269.031007359679
 10
599.0392640201615
 20
-267.0718768097507
 10
599.458825498239
 20
-265.0935194095375
 10
599.7592363336098
 20
-263.1007011953002
 10
599.9397728102585
 20
-261.0982230406671
 10
599.9999999999999
 20
-259.09090909090907
  0
LINE
  5
15B
330
153
100
AcDbEntity
  8
LIB-PLAN
100
AcDbLine
 10
550.0
 20
-300.0
 30
0.0
 11
-550.0
 21
-300.0
 31
0.0
  0
LINE
  5
15C
330
153
100
AcDbEntity
  8
LIB-PLAN
100
AcDbLine
 10
-600.0
 20
259.09090909090907
 30
0.0
 11
-600.0
 21
-259.09090909090907
 31
0.0
  0
LWPOLYLINE
  5
15D
330
153
100
AcDbEntity
  8
LIB-PLAN
100
AcDbPolyline
 90
33
 70
0
 10
-599.9999999999999
 20
-259.09090909090907
 10
-599.9397728102585
 20
-261.0982230406671
 10
-599.7592363336098
 20
-263.1007011953002
 10
-599.458825498239
 20
-265.0935194095375
 10
-599.0392640201615
 20
-267.0718768097507
 10
-598.5015626597271
 20
-269.031007359679
 10
-597.8470167866104
 20
-270.966191342228
 10
-597.077203259151
 20
-272.87276672968176
 10
-596.1939766255643
 20
-274.7461404149355
 10
-595.1994646561722
 20
-276.58179927669335
 10
-594.0960632174177
 20
-278.3753210519726
 10
-592.8864305000136
 20
-280.12238498972266
 10
-591.5734806151272
 20
-281.81878225989277
 10
-590.1603765740322
 20
-283.46042609287224
 10
-588.6505226681368
 20
-285.0433616248764
 10
-587.047556267748
 20
-286.56377542555987
 10
-585.3553390593273
 20
-288.0180046849042
 10
-583.5779477423508
 20
-289.4025460372483
 10
-581.7196642081823
 20
-290.71406400120287
 10
-579.7849652246216
 20
-291.9493990151173
 10
-577.7785116509801
 20
-293.1055750487405
 10
-575.7051372096611
 20
-294.1798067727384
 10
-573.5698368412999
 20
-295.16950626879634
 10
-571.3777546715141
 20
-296.07228926414086
 10
-569.1341716182545
 20
-296.8859808754617
 10
-566.844492669611
 20
-297.6086208483963
 10
-564.5142338627231
 20
-298.23846827995396
 10
-562.1490089951632
 20
-298.7740058125041
 10
-559.7545161008064
 20
-299.21394328922304
 10
-557.336523722768
 20
-299.5572208621956
 10
-554.900857016478
 20
-299.80301154568076
 10
-552.4533837163709
 20
-299.9507232083934
 10
-550.0
 20
-300.0
  0
LWPOLYLINE
  5
15E
330
153
100
AcDbEntity
  8
LIB-PLAN
100
AcDbPolyline
 90
33
 70
0
 10
750.0
 20
259.09090909090907
 10
749.9397728102585
 20
261.0982230406671
 10
749.7592363336098
 20
263.1007011953002
 10
749.4588254982391
 20
265.0935194095375
 10
749.0392640201615
 20
267.0718768097507
 10
748.5015626597273
 20
269.031007359679
 10
747.8470167866104
 20
270.966191342228
 10
747.077203259151
 20
272.87276672968176
 10
746.1939766255642
 20
274.7461404149355
 10
745.1994646561722
 20
276.58179927669335
 10
744.0960632174177
 20
278.3753210519726
 10
742.8864305000135
 20
280.12238498972266
 10
741.5734806151273
 20
281.81878225989277
 10
740.1603765740322
 20
283.46042609287224
 10
738.6505226681369
 20
285.0433616248764
 10
737.047556267748
 20
286.5637754255598
 10
735.3553390593273
 20
288.0180046849042
 10
733.577947742351
 20
289.4025460372483
 10
731.7196642081823
 20
290.71406400120287
 10
729.7849652246217
 20
291.9493990151173
 10
727.77851165098
 20
293.1055750487405
 10
725.7051372096611
 20
294.1798067727384
 10
723.5698368412999
 20
295.16950626879634
 10
721.3777546715141
 20
296.07228926414086
 10
719.1341716182545
 20
296.8859808754617
 10
716.844492669611
 20
297.6086208483963
 10
714.5142338627231
 20
298.23846827995396
 10
712.1490089951632
 20
298.7740058125041
 10
709.7545161008064
 20
299.21394328922304
 10
707.3365237227681
 20
299.5572208621956
 10
704.9008570164781
 20
299.80301154568076
 10
702.4533837163709
 20
299.9507232083934
 10
700.0
 20
300.0
  0
LINE
  5
15F
330
153
100
AcDbEntity
  8
LIB-PLAN
100
AcDbLine
 10
750.0
 20
259.09090909090907
 30
0.0
 11
750.0
 21
-259.09090909090907
 31
0.0
  0
LWPOLYLINE
  5
160
330
153
100
AcDbEntity
  8
LIB-PLAN
100
AcDbPolyline
 90
33
 70
0
 10
700.0
 20
-300.0
 10
702.4533837163709
 20
-299.9507232083934
 10
704.9008570164781
 20
-299.80301154568076
 10
707.3365237227681
 20
-299.5572208621956
 10
709.7545161008064
 20
-299.21394328922304
 10
712.1490089951632
 20
-298.7740058125041
 10
714.5142338627231
 20
-298.23846827995396
 10
716.844492669611
 20
-297.6086208483963
 10
719.1341716182545
 20
-296.8859808754617
 10
721.3777546715141
 20
-296.07228926414086
 10
723.5698368412999
 20
-295.16950626879634
 10
725.7051372096611
 20
-294.1798067727384
 10
727.77851165098
 20
-293.1055750487405
 10
729.7849652246217
 20
-291.9493990151173
 10
731.7196642081823
 20
-290.71406400120287
 10
733.577947742351
 20
-289.4025460372483
 10
735.3553390593273
 20
-288.0180046849042
 10
737.047556267748
 20
-286.56377542555987
 10
738.6505226681369
 20
-285.0433616248764
 10
740.1603765740322
 20
-283.46042609287224
 10
741.5734806151273
 20
-281.81878225989277
 10
742.8864305000135
 20
-280.12238498972266
 10
744.0960632174177
 20
-278.3753210519726
 10
745.1994646561722
 20
-276.58179927669335
 10
746.1939766255642
 20
-274.7461404149355
 10
747.077203259151
 20
-272.87276672968176
 10
747.8470167866104
 20
-270.966191342228
 10
748.5015626597273
 20
-269.031007359679
 10
749.0392640201615
 20
-267.0718768097507
 10
749.4588254982391
 20
-265.0935194095375
 10
749.7592363336098
 20
-263.1007011953002
 10
749.9397728102585
 20
-261.0982230406671
 10
750.0
 20
-259.09090909090907
  0
LWPOLYLINE
  5
161
330
153
100
AcDbEntity
  8
LIB-PLAN
100
AcDbPolyline
 90
33
 70
0
 10
-700.0
 20
300.0
 10
-702.4533837163709
 20
299.9507232083934
 10
-704.9008570164781
 20
299.80301154568076
 10
-707.3365237227681
 20
299.5572208621956
 10
-709.7545161008064
 20
299.21394328922304
 10
-712.1490089951632
 20
298.7740058125041
 10
-714.514233862723
 20
298.23846827995396
 10
-716.844492669611
 20
297.6086208483963
 10
-719.1341716182545
 20
296.8859808754617
 10
-721.3777546715141
 20
296.07228926414086
 10
-723.5698368412999
 20
295.16950626879634
 10
-725.7051372096611
 20
294.1798067727384
 10
-727.77851165098
 20
293.1055750487405
 10
-729.7849652246217
 20
291.9493990151173
 10
-731.7196642081823
 20
290.71406400120287
 10
-733.577947742351
 20
289.4025460372483
 10
-735.3553390593273
 20
288.0180046849042
 10
-737.047556267748
 20
286.56377542555987
 10
-738.6505226681369
 20
285.0433616248764
 10
-740.1603765740322
 20
283.46042609287224
 10
-741.5734806151273
 20
281.81878225989277
 10
-742.8864305000135
 20
280.12238498972266
 10
-744.0960632174177
 20
278.3753210519726
 10
-745.1994646561722
 20
276.58179927669335
 10
-746.1939766255642
 20
274.7461404149355
 10
-747.077203259151
 20
272.8727667296817
 10
-747.8470167866104
 20
270.966191342228
 10
-748.5015626597273
 20
269.031007359679
 10
-749.0392640201615
 20
267.0718768097507
 10
-749.4588254982391
 20
265.0935194095375
 10
-749.7592363336098
 20
263.1007011953002
 10
-749.9397728102585
 20
261.0982230406671
 10
-750.0
 20
259.09090909090907
  0
LINE
  5
162
330
153
100
AcDbEntity
  8
LIB-PLAN
100
AcDbLine
 10
-750.0
 20
259.09090909090907
 30
0.0
 11
-750.0
 21
-259.09090909090907
 31
0.0
  0
LWPOLYLINE
  5
163
330
153
100
AcDbEntity
  8
LIB-PLAN
100
AcDbPolyline
 90
33
 70
0
 10
-750.0
 20
-259.09090909090907
 10
-749.9397728102585
 20
-261.0982230406671
 10
-749.7592363336098
 20
-263.1007011953002
 10
-749.4588254982391
 20
-265.0935194095375
 10
-749.0392640201615
 20
-267.0718768097507
 10
-748.5015626597273
 20
-269.031007359679
 10
-747.8470167866104
 20
-270.966191342228
 10
-747.077203259151
 20
-272.87276672968176
 10
-746.1939766255642
 20
-274.7461404149355
 10
-745.1994646561722
 20
-276.58179927669335
 10
-744.0960632174177
 20
-278.3753210519726
 10
-742.8864305000135
 20
-280.12238498972266
 10
-741.5734806151273
 20
-281.81878225989277
 10
-740.1603765740322
 20
-283.46042609287224
 10
-738.6505226681369
 20
-285.0433616248764
 10
-737.047556267748
 20
-286.56377542555987
 10
-735.3553390593273
 20
-288.0180046849042
 10
-733.577947742351
 20
-289.4025460372483
 10
-731.7196642081823
 20
-290.71406400120287
 10
-729.7849652246217
 20
-291.9493990151173
 10
-727.77851165098
 20
-293.1055750487405
 10
-725.7051372096611
 20
-294.1798067727384
 10
-723.5698368412999
 20
-295.16950626879634
 10
-721.3777546715141
 20
-296.07228926414086
 10
-719.1341716182545
 20
-296.8859808754617
 10
-716.844492669611
 20
-297.6086208483963
 10
-714.5142338627231
 20
-298.23846827995396
 10
-712.1490089951632
 20
-298.7740058125041
 10
-709.7545161008064
 20
-299.21394328922304
 10
-707.3365237227681
 20
-299.5572208621956
 10
-704.9008570164781
 20
-299.80301154568076
 10
-702.4533837163709
 20
-299.9507232083934
 10
-700.0
 20
-300.0
  0
LINE
  5
164
330
153
100
AcDbEntity
  8
LIB-PLAN
100
AcDbLine
 10
-700.0
 20
300.0
 30
0.0
 11
-550.0
 21
300.0
 31
0.0
  0
LINE
  5
165
330
153
100
AcDbEntity
  8
LIB-PLAN
100
AcDbLine
 10
550.0
 20
300.0
 30
0.0
 11
700.0
 21
300.0
 31
0.0
  0
LINE
  5
166
330
153
100
AcDbEntity
  8
LIB-PLAN
100
AcDbLine
 10
550.0
 20
-300.0
 30
0.0
 11
700.0
 21
-300.0
 31
0.0
  0
LINE
  5
167
330
153
100
AcDbEntity
  8
LIB-PLAN
100
AcDbLine
 10
-700.0
 20
-300.0
 30
0.0
 11
-550.0
 21
-300.0
 31
0.0
  0
ENDBLK
  5
155
330
153
100
AcDbEntity
  8
0
100
AcDbBlockEnd
  0
BLOCK
  5
169
330
168
100
AcDbEntity
  8
0
100
AcDbBlockBegin
  2
DINING_CHAIR_450x500_PLAN
 70
0
 10
0.0
 20
0.0
 30
0.0
  3
DINING_CHAIR_450x500_PLAN
  1

  0
LWPOLYLINE
  5
16B
330
168
100
AcDbEntity
  8
LIB-PLAN
100
AcDbPolyline
 90
33
 70
0
 10
-219.61476450051953
 20
202.64446803767723
 10
-219.89351849117486
 20
202.5099793628806
 10
-220.16527166922387
 20
202.36189634332118
 10
-220.42935939830465
 20
202.20058115087895
 10
-220.68513578971502
 20
202.02642831982723
 10
-220.93197528208543
 20
201.8398637819063
 10
-221.1692741713364
 20
201.64134382460702
 10
-221.39645208717917
 20
201.4313539752124
 10
-221.61295341254754
 20
201.2104078133263
 10
-221.81824864249046
 20
200.97904571479373
 10
-222.011835679201
 20
200.73783353008446
 10
-222.19324106001446
 20
200.48736120037242
 10
-222.36202111537312
 20
200.2282413146959
 10
-222.51776305392428
 20
199.9611076117267
 10
-222.6600859720988
 20
199.68661342981306
 10
-222.78864178570055
 20
199.40543010908706
 10
-222.90311608122792
 20
199.11824534954417
 10
-223.00322888484644
 20
198.82576152911113
 10
-223.08873534713035
 20
198.52869398581538
 10
-223.1594263418997
 20
198.22776926825745
 10
-223.21512897768764
 20
197.92372335866554
 10
-223.25570702058712
 20
197.61729987287754
 10
-223.281061227443
 20
197.30924824165368
 10
-223.29112958857456
 20
197.00032187776696
 10
-223.28588747943476
 20
196.69127633335503
 10
-223.26534772083542
 20
196.3828674520396
 10
-223.2295605475908
 20
196.07584952033292
 10
-223.17861348565663
 20
195.7709734228525
 10
-223.1126311380647
 20
195.46898480585625
 10
-223.03177488017695
 20
195.1706222535888
 10
-222.93624246500391
 20
194.87661548189993
 10
-222.82626753955319
 20
194.5876835535529
 10
-222.7021190733908
 20
194.30453311958695
  0
LWPOLYLINE
  5
16C
330
168
100
AcDbEntity
  8
LIB-PLAN
100
AcDbPolyline
 90
33
 70
0
 10
219.61476450051958
 20
202.64446803767723
 10
206.65099712211529
 20
208.30262293541224
 10
193.54113520153632
 20
213.61468240019906
 10
180.294446921864
 20
218.5768910042569
 10
166.9202971973087
 20
223.18574065130628
 10
153.4281410525653
 20
227.43797305666166
 10
139.82751693846322
 20
231.3305820507178
 10
126.12803998863791
 20
234.86081570419873
 10
112.33939522199033
 20
238.02617827366979
 10
98.47133069573988
 20
240.8244319659342
 10
84.53365061391183
 20
243.25359852007045
 10
70.53620839613097
 20
245.31196060598782
 10
56.48889971162189
 20
246.99806303851557
 10
42.4016554833395
 20
248.3107138061638
 10
28.284434867178486
 20
249.24898491383152
 10
14.147218211220018
 20
249.8122130388647
 10
3.013132001934555e-14
 20
250.0
 10
-14.147218211220194
 20
249.8122130388647
 10
-28.284434867178426
 20
249.2489849138316
 10
-42.401655483339674
 20
248.3107138061638
 10
-56.48889971162182
 20
246.99806303851557
 10
-70.53620839613114
 20
245.31196060598782
 10
-84.53365061391187
 20
243.25359852007045
 10
-98.47133069574006
 20
240.8244319659342
 10
-112.33939522199039
 20
238.02617827366967
 10
-126.12803998863797
 20
234.86081570419873
 10
-139.82751693846325
 20
231.3305820507178
 10
-153.42814105256537
 20
227.43797305666166
 10
-166.9202971973088
 20
223.18574065130628
 10
-180.29444692186405
 20
218.5768910042569
 10
-193.54113520153638
 20
213.61468240019906
 10
-206.65099712211534
 20
208.30262293541224
 10
-219.61476450051964
 20
202.64446803767717
  0
LWPOLYLINE
  5
16D
330
168
100
AcDbEntity
  8
LIB-PLAN
100
AcDbPolyline
 90
33
 70
0
 10
222.70211907339078
 20
194.3045331195869
 10
222.82626753955319
 20
194.58768355355286
 10
222.93624246500391
 20
194.8766154818999
 10
223.03177488017695
 20
195.17062225358876
 10
223.1126311380647
 20
195.46898480585622
 10
223.17861348565663
 20
195.77097342285248
 10
223.2295605475908
 20
196.0758495203329
 10
223.26534772083542
 20
196.3828674520396
 10
223.28588747943476
 20
196.691276333355
 10
223.29112958857456
 20
197.00032187776694
 10
223.281061227443
 20
197.30924824165365
 10
223.25570702058712
 20
197.61729987287754
 10
223.21512897768764
 20
197.9237233586655
 10
223.1594263418997
 20
198.22776926825742
 10
223.08873534713035
 20
198.52869398581535
 10
223.00322888484644
 20
198.8257615291111
 10
222.90311608122795
 20
199.11824534954417
 10
222.78864178570058
 20
199.40543010908706
 10
222.66008597209884
 20
199.68661342981304
 10
222.51776305392428
 20
199.96110761172667
 10
222.36202111537312
 20
200.2282413146959
 10
222.1932410600145
 20
200.48736120037242
 10
222.011835679201
 20
200.73783353008443
 10
221.81824864249046
 20
200.97904571479373
 10
221.61295341254754
 20
201.2104078133263
 10
221.39645208717917
 20
201.4313539752124
 10
221.1692741713364
 20
201.64134382460702
 10
220.93197528208543
 20
201.8398637819063
 10
220.68513578971502
 20
202.02642831982723
 10
220.42935939830465
 20
202.20058115087895
 10
220.16527166922384
 20
202.36189634332118
 10
219.89351849117486
 20
202.5099793628806
 10
219.61476450051953
 20
202.64446803767723
  0
LINE
  5
16E
330
168
100
AcDbEntity
  8
LIB-PLAN
100
AcDbLine
 10
218.30135539101158
 20
184.9072129366845
 30
0.0
 11
222.70211907339083
 21
194.3045331195869
 31
0.0
  0
LWPOLYLINE
  5
16F
330
168
100
AcDbEntity
  8
LIB-PLAN
100
AcDbPolyline
 90
33
 70
0
 10
210.15785238420258
 20
181.81236162346732
 10
210.437292927493
 20
181.7003005682784
 10
210.72180799203267
 20
181.60178535735417
 10
211.0107392218734
 20
181.5170439507683
 10
211.30341804224523
 20
181.44627243658806
 10
211.59916720661073
 20
181.38963457713442
 10
211.89730236378492
 20
181.34726143004303
 10
212.19713364149536
 20
181.31925104500235
 10
212.49796724271775
 20
181.3056682368707
 10
212.79910705109307
 20
181.30654443569748
 10
213.09985624171182
 20
181.32187761399533
 10
213.3995188935376
 20
181.35163229143149
 10
213.69740159973935
 20
181.39573961692807
 10
213.99281507220556
 20
181.45409752798042
 10
214.28507573652837
 20
181.5265709868255
 10
214.5735073137658
 20
181.6129922929136
 10
214.85744238532322
 20
181.71316147096042
 10
215.13622393733178
 20
181.82684673368144
 10
215.40920688095122
 20
181.95378501813815
 10
215.6757595450783
 20
182.09368259445452
 10
215.9352651380073
 20
182.24621574549568
 10
216.1871231746603
 20
182.41103151593583
 10
216.4307508660843
 20
182.5877485289821
 10
216.6655844680008
 20
182.77595786886454
 10
216.89108058528606
 20
182.97522402704988
 10
217.106717429365
 20
183.18508590999025
 10
217.311996025608
 20
183.40505790607432
 10
217.50644136793716
 20
183.63463100931216
 10
217.6896035179707
 20
183.8732739971538
 10
217.86105864616147
 20
184.1204346597161
 10
218.02041001252067
 20
184.3755410775731
 10
218.16728888465775
 20
184.63800294515383
 10
218.30135539101158
 20
184.90721293668446
  0
LINE
  5
170
330
168
100
AcDbEntity
  8
LIB-PLAN
100
AcDbLine
 10
-218.30135539101153
 20
184.90721293668466
 30
0.0
 11
-222.70211907339078
 21
194.30453311958698
 31
0.0
  0
LWPOLYLINE
  5
171
330
168
100
AcDbEntity
  8
LIB-PLAN
100
AcDbPolyline
 90
33
 70
0
 10
210.1578523842026
 20
181.81236162346735
 10
197.6864383314422
 20
186.97875796963342
 10
185.08773901760316
 20
191.82757688479543
 10
172.36986642418972
 20
196.35569633798985
 10
159.54100926534505
 20
200.56020078846598
 10
146.609427715346
 20
204.43838306292866
 10
133.58344809008767
 20
207.98774609861778
 10
120.47145748598099
 20
211.20600455110375
 10
107.28189837971479
 20
214.0910862657623
 10
94.0232631923601
 20
216.6411336119822
 10
80.70408882131676
 20
218.85450467924596
 10
67.33295114362245
 20
220.72977433431473
 10
53.91845949416444
 20
222.26573513883497
 10
40.46925112234752
 20
223.46139812677683
 10
26.993985630789645
 20
224.3159934412052
 10
13.501339399624309
 20
224.82897082996996
 10
2.664409456907678e-13
 20
225.00000000000003
 10
-13.501339399623657
 20
224.82897082997007
 10
-26.993985630789002
 20
224.3159934412053
 10
-40.46925112234687
 20
223.46139812677694
 10
-53.918459494163784
 20
222.26573513883497
 10
-67.3329511436218
 20
220.72977433431484
 10
-80.70408882131599
 20
218.85450467924608
 10
-94.02326319235935
 20
216.64113361198233
 10
-107.28189837971415
 20
214.0910862657624
 10
-120.47145748598035
 20
211.20600455110386
 10
-133.58344809008702
 20
207.9877460986179
 10
-146.60942771534533
 20
204.43838306292878
 10
-159.54100926534457
 20
200.5602007884661
 10
-172.36986642418924
 20
196.35569633799
 10
-185.08773901760256
 20
191.82757688479572
 10
-197.68643833144156
 20
186.9787579696337
 10
-210.15785238420202
 20
181.8123616234676
  0
LWPOLYLINE
  5
172
330
168
100
AcDbEntity
  8
LIB-PLAN
100
AcDbPolyline
 90
33
 70
0
 10
-218.30135539101155
 20
184.9072129366847
 10
-218.16728888465772
 20
184.63800294515403
 10
-218.02041001252064
 20
184.3755410775733
 10
-217.86105864616144
 20
184.12043465971627
 10
-217.68960351797068
 20
183.87327399715397
 10
-217.50644136793713
 20
183.6346310093123
 10
-217.31199602560798
 20
183.4050579060745
 10
-217.106717429365
 20
183.1850859099904
 10
-216.89108058528603
 20
182.97522402705
 10
-216.66558446800076
 20
182.77595786886468
 10
-216.43075086608428
 20
182.58774852898225
 10
-216.18712317466026
 20
182.41103151593595
 10
-215.93526513800728
 20
182.24621574549576
 10
-215.67575954507825
 20
182.0936825944546
 10
-215.4092068809512
 20
181.95378501813823
 10
-215.13622393733172
 20
181.82684673368152
 10
-214.85744238532317
 20
181.7131614709605
 10
-214.57350731376573
 20
181.61299229291367
 10
-214.2850757365283
 20
181.5265709868256
 10
-213.9928150722055
 20
181.4540975279805
 10
-213.69740159973927
 20
181.39573961692813
 10
-213.3995188935375
 20
181.35163229143154
 10
-213.0998562417117
 20
181.32187761399538
 10
-212.79910705109296
 20
181.30654443569753
 10
-212.4979672427176
 20
181.30566823687076
 10
-212.1971336414952
 20
181.3192510450024
 10
-211.89730236378477
 20
181.3472614300431
 10
-211.5991672066106
 20
181.38963457713447
 10
-211.30341804224508
 20
181.44627243658812
 10
-211.01073922187322
 20
181.51704395076837
 10
-210.72180799203252
 20
181.60178535735423
 10
-210.43729292749282
 20
181.7003005682785
 10
-210.1578523842024
 20
181.81236162346738
  0
LINE
  5
173
330
168
100
AcDbEntity
  8
LIB-PLAN
100
AcDbLine
 10
-224.98971897865576
 20
-243.39214673021095
 30
0.0
 11
-200.328271457483
 21
185.91517806525076
 31
0.0
  0
LWPOLYLINE
  5
174
330
168
100
AcDbEntity
  8
LIB-PLAN
100
AcDbPolyline
 90
33
 70
0
 10
-224.98971897865587
 20
-243.39214673021087
 10
-224.99986031527948
 20
-243.7099363814161
 10
-224.9938005924964
 20
-244.0278297162635
 10
-224.9715554927175
 20
-244.34500403475883
 10
-224.93318258570426
 20
-244.66063849770407
 10
-224.87878117957962
 20
-244.97391625100894
 10
-224.80849206382112
 20
-245.28402653968868
 10
-224.72249714490107
 20
-245.59016680607766
 10
-224.6210189755173
 20
-245.89154476682864
 10
-224.50432017863247
 20
-246.1873804633221
 10
-224.37270276781206
 20
-246.47690828017986
 10
-224.22650736562113
 20
-246.7593789266582
 10
-224.0661123221016
 20
-247.03406137579378
 10
-223.8919327356116
 20
-247.30024475628306
 10
-223.70441937856162
 20
-247.5572401921994
 10
-223.5040575308266
 20
-247.80438258578684
 10
-223.2913657238537
 20
-248.0410323387163
 10
-223.06689439871613
 20
-248.2665770073501
 10
-222.8312244815852
 20
-248.4804328877308
 10
-222.58496588030803
 20
-248.68204652619247
 10
-222.32875590598138
 20
-248.87089615168472
 10
-222.06325762360623
 20
-249.0464930261034
 10
-221.78915813609245
 20
-249.2083827091324
 10
-221.5071668060535
 20
-249.35614623432383
 10
-221.2180134199938
 20
-249.48940119337274
 10
-220.92244629963946
 20
-249.60780272578026
 10
-220.6212303653004
 20
-249.71104441134392
 10
-220.31514515627586
 20
-249.79885906316542
 10
-220.00498281342595
 20
-249.87101941912374
 10
-219.6915460291312
 20
-249.92733873002362
 10
-219.37564596994454
 20
-249.96767124289806
 10
-219.0581001773128
 20
-249.9919125782132
 10
-218.73973045179963
 20
-249.99999999999997
  0
LINE
  5
175
330
168
100
AcDbEntity
  8
LIB-PLAN
100
AcDbLine
 10
224.98971897865576
 20
-243.39214673021095
 30
0.0
 11
200.328271457483
 21
185.91517806525076
 31
0.0
  0
LINE
  5
176
330
168
100
AcDbEntity
  8
LIB-PLAN
100
AcDbLine
 10
218.7397304517997
 20
-250.0
 30
0.0
 11
-218.73973045179963
 21
-250.0
 31
0.0
  0
LWPOLYLINE
  5
177
330
168
100
AcDbEntity
  8
LIB-PLAN
100
AcDbPolyline
 90
33
 70
0
 10
218.7397304517997
 20
-249.99999999999997
 10
219.0581001773128
 20
-249.9919125782132
 10
219.37564596994457
 20
-249.96767124289806
 10
219.69154602913122
 20
-249.9273387300236
 10
220.00498281342598
 20
-249.8710194191237
 10
220.3151451562759
 20
-249.79885906316542
 10
220.62123036530045
 20
-249.71104441134392
 10
220.9224462996395
 20
-249.60780272578026
 10
221.21801341999384
 20
-249.48940119337271
 10
221.50716680605353
 20
-249.3561462343238
 10
221.78915813609248
 20
-249.2083827091324
 10
222.06325762360626
 20
-249.04649302610338
 10
222.3287559059814
 20
-248.87089615168472
 10
222.58496588030806
 20
-248.68204652619247
 10
222.83122448158522
 20
-248.4804328877308
 10
223.06689439871616
 20
-248.2665770073501
 10
223.29136572385372
 20
-248.0410323387163
 10
223.5040575308266
 20
-247.80438258578684
 10
223.70441937856162
 20
-247.55724019219937
 10
223.8919327356116
 20
-247.30024475628304
 10
224.0661123221016
 20
-247.03406137579378
 10
224.22650736562113
 20
-246.75937892665817
 10
224.37270276781206
 20
-246.47690828017986
 10
224.50432017863247
 20
-246.1873804633221
 10
224.62101897551733
 20
-245.89154476682862
 10
224.72249714490107
 20
-245.59016680607766
 10
224.80849206382112
 20
-245.28402653968868
 10
224.87878117957965
 20
-244.97391625100894
 10
224.93318258570426
 20
-244.66063849770407
 10
224.9715554927175
 20
-244.34500403475883
 10
224.9938005924964
 20
-244.0278297162635
 10
224.99986031527948
 20
-243.7099363814161
 10
224.98971897865587
 20
-243.39214673021087
  0
ENDBLK
  5
16A
330
168
100
AcDbEntity
  8
0
100
AcDbBlockEnd
  0
BLOCK
  5
179
330
178
100
AcDbEntity
  8
0
100
AcDbBlockBegin
  2
WC_STD_450x700_PLAN
 70
0
 10
0.0
 20
0.0
 30
0.0
  3
WC_STD_450x700_PLAN
  1

  0
LWPOLYLINE
  5
17B
330
178
100
AcDbEntity
  8
LIB-PLAN
100
AcDbPolyline
 90
65
 70
1
 10
0.0
 20
-337.4999417524983
 10
-13.477356795314583
 20
-338.2824235332215
 10
-26.82491927721763
 20
-340.62233314809475
 10
-39.91414312248857
 20
-344.497135988402
 10
-52.61897195019984
 20
-349.86951558460856
 10
-64.81705131357468
 20
-356.6877329843614
 10
-76.3909070401953
 20
-364.8861250268842
 10
-87.22907657250126
 20
-374.38573671511045
 10
-97.22718241315027
 20
-385.0950815954666
 10
-106.28893733737634
 20
-396.9110228224314
 10
-114.32707169159997
 20
-409.71976642273853
 10
-121.26417384789879
 20
-423.3979571935457
 10
-127.03343572030192
 20
-437.8138666804703
 10
-131.57929616317873
 20
-452.8286617946156
 10
-134.85797605544417
 20
-468.2977418511103
 10
-136.83789991742705
 20
-484.0721311527511
 10
-137.5
 20
-499.99991370740486
 10
-136.83789991742705
 20
-515.9276962620586
 10
-134.85797605544417
 20
-531.7020855636994
 10
-131.57929616317873
 20
-547.1711656201941
 10
-127.03343572030192
 20
-562.1859607343393
 10
-121.2641738478988
 20
-576.6018702212639
 10
-114.32707169159998
 20
-590.2800609920711
 10
-106.28893733737635
 20
-603.0888045923782
 10
-97.22718241315027
 20
-614.9047458193431
 10
-87.22907657250126
 20
-625.6140906996992
 10
-76.3909070401953
 20
-635.1137023879255
 10
-64.81705131357471
 20
-643.3120944304483
 10
-52.61897195019986
 20
-650.1303118302012
 10
-39.914143122488575
 20
-655.5026914264076
 10
-26.82491927721768
 20
-659.377494266715
 10
-13.477356795314613
 20
-661.7174038815882
 10
-1.6838893488276105e-14
 20
-662.4998856623114
 10
13.47735679531458
 20
-661.7174038815882
 10
26.824919277217646
 20
-659.377494266715
 10
39.91414312248854
 20
-655.5026914264076
 10
52.61897195019983
 20
-650.1303118302012
 10
64.81705131357468
 20
-643.3120944304483
 10
76.39090704019527
 20
-635.1137023879255
 10
87.22907657250121
 20
-625.6140906996992
 10
97.22718241315027
 20
-614.9047458193431
 10
106.28893733737628
 20
-603.0888045923783
 10
114.32707169159997
 20
-590.2800609920711
 10
121.26417384789879
 20
-576.601870221264
 10
127.0334357203019
 20
-562.1859607343393
 10
131.57929616317873
 20
-547.1711656201941
 10
134.85797605544414
 20
-531.7020855636995
 10
136.83789991742705
 20
-515.9276962620586
 10
137.5
 20
-499.9999137074049
 10
136.83789991742705
 20
-484.07213115275124
 10
134.85797605544417
 20
-468.2977418511103
 10
131.57929616317873
 20
-452.82866179461564
 10
127.0334357203019
 20
-437.8138666804703
 10
121.2641738478988
 20
-423.3979571935458
 10
114.3270716916
 20
-409.7197664227386
 10
106.28893733737632
 20
-396.9110228224314
 10
97.22718241315029
 20
-385.09508159546664
 10
87.22907657250131
 20
-374.3857367151105
 10
76.3909070401953
 20
-364.8861250268842
 10
64.81705131357472
 20
-356.68773298436145
 10
52.61897195019993
 20
-349.8695155846086
 10
39.91414312248859
 20
-344.497135988402
 10
26.8249192772177
 20
-340.62233314809475
 10
13.477356795314568
 20
-338.2824235332215
 10
3.367778697655221e-14
 20
-337.4999417524983
  0
LWPOLYLINE
  5
17C
330
178
100
AcDbEntity
  8
LIB-PLAN
100
AcDbPolyline
 90
33
 70
0
 10
225.0
 20
-24.99999568537024
 10
224.9698864051293
 20
-23.773304038893638
 10
224.87961816680493
 20
-22.549567600038895
 10
224.72941274911952
 20
-21.331734457073868
 10
224.51963201008076
 20
-20.122738476709543
 10
224.2507813298636
 20
-18.92549223615816
 10
223.9235083933052
 20
-17.742880006479588
 10
223.5386016295755
 20
-16.577750804119727
 10
223.09698831278217
 20
-15.432911527380321
 10
222.59973232808608
 20
-14.31112019435512
 10
222.04803160870887
 20
-13.215079298622689
 10
221.44321525000677
 20
-12.147429298702699
 10
220.78674030756363
 20
-11.110742256960048
 10
220.0801882870161
 20
-10.107515643281353
 10
219.32526133406841
 20
-9.140166318451248
 10
218.52377813387398
 20
-8.211024711723033
 10
217.67766952966366
 20
-7.322329206610516
 10
216.78897387117544
 20
-6.476220748426039
 10
215.85983210409114
 20
-5.674737686555724
 10
214.89248261231083
 20
-4.919810863897237
 10
213.88925582549007
 20
-4.213258965290143
 10
212.85256860483054
 20
-3.5567841361448242
 10
211.78491842064994
 20
-2.951967881825101
 10
210.68887733575704
 20
-2.400267257663263
 10
209.56708580912724
 20
-1.9030113587861965
 10
208.4222463348055
 20
-1.4613981182087652
 10
207.25711693136157
 20
-1.0764914209082714
 10
206.07450449758161
 20
-0.7492185408323526
 10
204.8772580504032
 20
-0.4803679070148365
 10
203.66826186138402
 20
-0.27058720418112403
 10
202.450428508239
 20
-0.12038181241895926
 10
201.22669185818546
 20
-0.030113589673529416
 10
200.0
 20
0.0
  0
LINE
  5
17D
330
178
100
AcDbEntity
  8
LIB-PLAN
100
AcDbLine
 10
225.0
 20
-174.9999697975917
 30
0.0
 11
225.0
 21
-24.99999568537024
 31
0.0
  0
LWPOLYLINE
  5
17E
330
178
100
AcDbEntity
  8
LIB-PLAN
100
AcDbPolyline
 90
33
 70
0
 10
200.0
 20
-199.99996548296193
 10
201.22669185818543
 20
-199.9698518932884
 10
202.45042850823899
 20
-199.87958367054296
 10
203.66826186138402
 20
-199.72937827878079
 10
204.8772580504032
 20
-199.51959757594707
 10
206.0745044975816
 20
-199.25074694212955
 10
207.25711693136157
 20
-198.92347406205366
 10
208.4222463348055
 20
-198.53856736475316
 10
209.56708580912724
 20
-198.0969541241757
 10
210.68887733575704
 20
-197.59969822529865
 10
211.78491842064994
 20
-197.04799760113684
 10
212.85256860483054
 20
-196.4431813468171
 10
213.88925582549007
 20
-195.78670651767177
 10
214.89248261231083
 20
-195.08015461906467
 10
215.85983210409114
 20
-194.3252277964062
 10
216.78897387117544
 20
-193.52374473453588
 10
217.67766952966366
 20
-192.67763627635142
 10
218.52377813387398
 20
-191.78894077123888
 10
219.32526133406841
 20
-190.8597991645107
 10
220.0801882870161
 20
-189.89244983968055
 10
220.78674030756363
 20
-188.8892232260019
 10
221.44321525000677
 20
-187.85253618425924
 10
222.04803160870887
 20
-186.78488618433923
 10
222.59973232808608
 20
-185.6888452886068
 10
223.09698831278217
 20
-184.5670539555816
 10
223.5386016295755
 20
-183.4222146788422
 10
223.9235083933052
 20
-182.25708547648233
 10
224.2507813298636
 20
-181.07447324680376
 10
224.51963201008076
 20
-179.87722700625238
 10
224.72941274911952
 20
-178.66823102588805
 10
224.87961816680493
 20
-177.45039788292303
 10
224.9698864051293
 20
-176.22666144406827
 10
225.0
 20
-174.9999697975917
  0
LINE
  5
17F
330
178
100
AcDbEntity
  8
LIB-PLAN
100
AcDbLine
 10
-200.0
 20
0.0
 30
0.0
 11
200.0
 21
0.0
 31
0.0
  0
LWPOLYLINE
  5
180
330
178
100
AcDbEntity
  8
LIB-PLAN
100
AcDbPolyline
 90
33
 70
0
 10
-200.0
 20
0.0
 10
-201.22669185818543
 20
-0.030113589673529416
 10
-202.45042850823899
 20
-0.12038181241895576
 10
-203.66826186138402
 20
-0.27058720418112403
 10
-204.8772580504032
 20
-0.4803679070148365
 10
-206.0745044975816
 20
-0.7492185408323526
 10
-207.25711693136157
 20
-1.0764914209082679
 10
-208.4222463348055
 20
-1.4613981182087652
 10
-209.56708580912724
 20
-1.9030113587861965
 10
-210.68887733575704
 20
-2.4002672576632595
 10
-211.78491842064994
 20
-2.9519678818250976
 10
-212.85256860483054
 20
-3.5567841361448242
 10
-213.88925582549007
 20
-4.213258965290139
 10
-214.89248261231083
 20
-4.919810863897235
 10
-215.85983210409114
 20
-5.67473768655572
 10
-216.78897387117547
 20
-6.476220748426039
 10
-217.67766952966366
 20
-7.322329206610513
 10
-218.52377813387398
 20
-8.211024711723029
 10
-219.32526133406841
 20
-9.140166318451248
 10
-220.0801882870161
 20
-10.107515643281351
 10
-220.78674030756363
 20
-11.110742256960048
 10
-221.44321525000677
 20
-12.147429298702695
 10
-222.04803160870887
 20
-13.215079298622683
 10
-222.59973232808608
 20
-14.31112019435511
 10
-223.09698831278217
 20
-15.432911527380318
 10
-223.5386016295755
 20
-16.57775080411973
 10
-223.9235083933052
 20
-17.742880006479588
 10
-224.2507813298636
 20
-18.925492236158156
 10
-224.51963201008076
 20
-20.122738476709536
 10
-224.72941274911952
 20
-21.331734457073868
 10
-224.8796181668049
 20
-22.54956760003889
 10
-224.9698864051293
 20
-23.773304038893638
 10
-225.0
 20
-24.999995685370237
  0
LINE
  5
181
330
178
100
AcDbEntity
  8
LIB-PLAN
100
AcDbLine
 10
-225.0
 20
-174.9999697975917
 30
0.0
 11
-225.0
 21
-24.99999568537024
 31
0.0
  0
LINE
  5
182
330
178
100
AcDbEntity
  8
LIB-PLAN
100
AcDbLine
 10
-200.0
 20
-199.99996548296193
 30
0.0
 11
200.0
 21
-199.99996548296193
 31
0.0
  0
LWPOLYLINE
  5
183
330
178
100
AcDbEntity
  8
LIB-PLAN
100
AcDbPolyline
 90
33
 70
0
 10
-225.0
 20
-174.9999697975917
 10
-224.9698864051293
 20
-176.22666144406827
 10
-224.87961816680493
 20
-177.450397882923
 10
-224.72941274911952
 20
-178.66823102588805
 10
-224.51963201008076
 20
-179.87722700625238
 10
-224.2507813298636
 20
-181.07447324680373
 10
-223.9235083933052
 20
-182.25708547648233
 10
-223.5386016295755
 20
-183.4222146788422
 10
-223.09698831278217
 20
-184.5670539555816
 10
-222.59973232808608
 20
-185.6888452886068
 10
-222.04803160870887
 20
-186.78488618433923
 10
-221.4432152500068
 20
-187.85253618425924
 10
-220.78674030756363
 20
-188.8892232260019
 10
-220.0801882870161
 20
-189.89244983968055
 10
-219.32526133406841
 20
-190.8597991645107
 10
-218.52377813387398
 20
-191.78894077123888
 10
-217.6776695296637
 20
-192.6776362763514
 10
-216.78897387117547
 20
-193.52374473453588
 10
-215.85983210409114
 20
-194.32522779640618
 10
-214.89248261231083
 20
-195.08015461906467
 10
-213.88925582549007
 20
-195.78670651767177
 10
-212.85256860483054
 20
-196.44318134681708
 10
-211.78491842064994
 20
-197.0479976011368
 10
-210.68887733575704
 20
-197.59969822529865
 10
-209.56708580912726
 20
-198.0969541241757
 10
-208.4222463348055
 20
-198.53856736475316
 10
-207.25711693136157
 20
-198.92347406205366
 10
-206.07450449758161
 20
-199.25074694212955
 10
-204.8772580504032
 20
-199.51959757594707
 10
-203.66826186138402
 20
-199.72937827878079
 10
-202.45042850823899
 20
-199.87958367054296
 10
-201.22669185818543
 20
-199.9698518932884
 10
-200.0
 20
-199.99996548296193
  0
LWPOLYLINE
  5
184
330
178
100
AcDbEntity
  8
LIB-PLAN
100
AcDbPolyline
 90
33
 70
0
 10
-132.37873551051175
 20
-369.1896121091742
 10
-130.56787605208146
 20
-365.7438848504022
 10
-128.80579375347435
 20
-362.2729607324171
 10
-127.09283912893879
 20
-358.77753019309444
 10
-125.4293529202231
 20
-355.25828854513856
 10
-123.81566602879455
 20
-351.71593583777104
 10
-122.2520994500167
 20
-348.1511767174763
 10
-120.73896420929665
 20
-344.564720287833
 10
-119.27656130021573
 20
-340.95727996845903
 10
-117.86518162465579
 20
-337.32957335309766
 10
-116.5051059349329
 20
-333.68232206687304
 10
-115.19660477794963
 20
-330.01625162274496
 10
-113.93993844137825
 20
-326.3320912771888
 10
-112.73535690188372
 20
-322.63057388513175
 10
-111.58309977539847
 20
-318.91243575417303
 10
-110.48339626945791
 20
-315.178416498117
 10
-109.43646513760613
 20
-311.42925888984917
 10
-108.44251463588155
 20
-307.6657087135831
 10
-107.50174248139051
 20
-303.8885146165089
 10
-106.61433581297713
 20
-300.09842795987197
 10
-105.7804711539978
 20
-296.2962026695115
 10
-105.00031437720675
 20
-292.4825950858898
 10
-104.27402067176091
 20
-288.65836381364016
 10
-103.60173451234948
 20
-284.8242695706652
 10
-102.98358963045479
 20
-280.9810750368142
 10
-102.41970898775064
 20
-277.12954470217085
 10
-101.91020475164244
 20
-273.27044471498004
 10
-101.45517827295512
 20
-269.4045427292457
 10
-101.05472006577207
 20
-265.5326077520285
 10
-100.7089097894303
 20
-261.65540999047477
 10
-100.41781623267428
 20
-257.7737206986062
 10
-100.18149729997273
 20
-253.88831202390188
 10
-100.00000000000003
 20
-249.99995685370246
  0
LWPOLYLINE
  5
185
330
178
100
AcDbEntity
  8
LIB-PLAN
100
AcDbPolyline
 90
33
 70
0
 10
99.99999999999997
 20
-249.99995685370243
 10
100.13825079269036
 20
-253.72743823683078
 10
100.32702334144183
 20
-257.4527027474111
 10
100.56628294837206
 20
-261.1750656524623
 10
100.85598563567936
 20
-264.8938427523416
 10
101.19607815372622
 20
-268.6083505065053
 10
101.58649799082707
 20
-272.3179061591491
 10
102.02717338473848
 20
-276.0218278647043
 10
102.51802333584949
 20
-279.7194348131654
 10
103.05895762206998
 20
-283.41004735522955
 10
103.64987681541442
 20
-287.09298712722114
 10
104.2906723002771
 20
-290.7675771757793
 10
104.98122629339696
 20
-294.4331420822891
 10
105.72141186550697
 20
-298.08900808702737
 10
106.51109296466453
 20
-301.73450321300555
 10
107.35012444125907
 20
-305.3689573894846
 10
108.23835207469156
 20
-308.99170257513845
 10
109.17561260172174
 20
-312.6020728808466
 10
110.16173374647695
 20
-316.1994046920886
 10
111.1965342521178
 20
-319.78303679092187
 10
112.27982391415462
 20
-323.35231047751944
 10
113.4114036154088
 20
-326.9065696912433
 10
114.59106536261162
 20
-330.4451611312341
 10
115.81859232463553
 20
-333.9674343764929
 10
117.09375887234901
 20
-337.4727420054332
 10
118.41633062008935
 20
-340.9604397148828
 10
119.78606446874431
 20
-344.4298864385116
 10
121.20270865043587
 20
-347.88044446466415
 10
122.66600277479677
 20
-351.3114795535768
 10
124.17567787683288
 20
-354.7223610539557
 10
125.73145646636065
 20
-358.11246201889526
 10
127.33305257901216
 20
-361.4811593211162
 10
128.98017182879747
 20
-364.827833767501
  0
LINE
  5
186
330
178
100
AcDbEntity
  8
LIB-PLAN
100
AcDbLine
 10
-100.0
 20
-249.99995685370243
 30
0.0
 11
-100.0
 21
-199.99996548296193
 31
0.0
  0
LINE
  5
187
330
178
100
AcDbEntity
  8
LIB-PLAN
100
AcDbLine
 10
100.0
 20
-249.99995685370243
 30
0.0
 11
100.0
 21
-199.99996548296193
 31
0.0
  0
LWPOLYLINE
  5
188
330
178
100
AcDbEntity
  8
LIB-PLAN
100
AcDbPolyline
 90
65
 70
1
 10
0.0
 20
-299.9999482244429
 10
-17.152999557673102
 20
-300.96300272379455
 10
-34.14080635282244
 20
-303.8428914805616
 10
-50.7998185195309
 20
-308.6118795917091
 10
-66.9696006638907
 20
-315.2240390947325
 10
-82.49442894454958
 20
-323.6156912790437
 10
-97.22479077843037
 20
-333.70601994676406
 10
-111.01882472863795
 20
-345.3978497168887
 10
-123.7436867076458
 20
-358.578581877327
 10
-135.27682933847896
 20
-373.1212787720529
 10
-145.5071821529454
 20
-388.88588628012326
 10
-154.3362212609621
 20
-405.72058261342437
 10
-161.67891818947516
 20
-423.46324044348546
 10
-167.46455875313652
 20
-441.9429882762796
 10
-171.6374240705653
 20
-460.98185603811925
 10
-174.15732716763443
 20
-480.3964890247541
 10
-175.0
 20
-499.99991370740486
 10
-174.15732716763443
 20
-519.6033383900556
 10
-171.6374240705653
 20
-539.0179713766904
 10
-167.46455875313654
 20
-558.05683913853
 10
-161.67891818947516
 20
-576.5365869713241
 10
-154.3362212609621
 20
-594.2792448013853
 10
-145.50718215294543
 20
-611.1139411346863
 10
-135.276829338479
 20
-626.8785486427569
 10
-123.74368670764582
 20
-641.4212455374827
 10
-111.01882472863795
 20
-654.601977697921
 10
-97.22479077843037
 20
-666.2938074680457
 10
-82.49442894454961
 20
-676.384136135766
 10
-66.96960066389073
 20
-684.7757883200771
 10
-50.799818519530916
 20
-691.3879478231006
 10
-34.1408063528225
 20
-696.156935934248
 10
-17.152999557673144
 20
-699.0368246910151
 10
-2.143131898507868e-14
 20
-699.9998791903669
 10
17.152999557673102
 20
-699.0368246910151
 10
34.14080635282246
 20
-696.156935934248
 10
50.79981851953087
 20
-691.3879478231006
 10
66.96960066389069
 20
-684.7757883200771
 10
82.49442894454958
 20
-676.384136135766
 10
97.22479077843033
 20
-666.2938074680457
 10
111.01882472863791
 20
-654.601977697921
 10
123.7436867076458
 20
-641.4212455374827
 10
135.2768293384789
 20
-626.8785486427569
 10
145.5071821529454
 20
-611.1139411346865
 10
154.3362212609621
 20
-594.2792448013853
 10
161.67891818947513
 20
-576.5365869713243
 10
167.46455875313652
 20
-558.0568391385301
 10
171.6374240705653
 20
-539.0179713766905
 10
174.15732716763443
 20
-519.6033383900556
 10
175.0
 20
-499.9999137074049
 10
174.15732716763443
 20
-480.3964890247542
 10
171.6374240705653
 20
-460.98185603811925
 10
167.46455875313654
 20
-441.94298827627966
 10
161.67891818947516
 20
-423.4632404434854
 10
154.3362212609621
 20
-405.7205826134245
 10
145.50718215294543
 20
-388.8858862801234
 10
135.27682933847896
 20
-373.12127877205285
 10
123.74368670764584
 20
-358.57858187732705
 10
111.01882472863802
 20
-345.39784971688874
 10
97.22479077843037
 20
-333.70601994676406
 10
82.49442894454964
 20
-323.6156912790437
 10
66.96960066389082
 20
-315.2240390947325
 10
50.79981851953093
 20
-308.6118795917091
 10
34.14080635282252
 20
-303.84289148056166
 10
17.152999557673088
 20
-300.96300272379455
 10
4.286263797015736e-14
 20
-299.9999482244429
  0
ENDBLK
  5
17A
330
178
100
AcDbEntity
  8
0
100
AcDbBlockEnd
  0
BLOCK
  5
18A
330
189
100
AcDbEntity
  8
0
100
AcDbBlockBegin
  2
VANITY_600x500_PLAN
 70
0
 10
0.0
 20
0.0
 30
0.0
  3
VANITY_600x500_PLAN
  1

  0
LWPOLYLINE
  5
18C
330
189
100
AcDbEntity
  8
LIB-PLAN
100
AcDbPolyline
 90
8
 70
0
 10
-170.0
 20
133.012820512821
 10
-250.0
 20
66.34615384615435
 10
-250.0
 20
-133.65384615384568
 10
-170.0
 20
-200.32051282051233
 10
170.0
 20
-200.32051282051233
 10
250.0
 20
-133.65384615384568
 10
250.0
 20
66.34615384615435
 10
170.0
 20
133.012820512821
  0
LINE
  5
18D
330
189
100
AcDbEntity
  8
LIB-PLAN
100
AcDbLine
 10
-270.0
 20
-204.16666666666669
 30
0.0
 11
-270.0
 21
191.66666666666669
 31
0.0
  0
LINE
  5
18E
330
189
100
AcDbEntity
  8
LIB-PLAN
100
AcDbLine
 10
270.0
 20
191.66666666666669
 30
0.0
 11
270.0
 21
-204.16666666666669
 31
0.0
  0
LINE
  5
18F
330
189
100
AcDbEntity
  8
LIB-PLAN
100
AcDbLine
 10
275.0
 20
191.66666666666669
 30
0.0
 11
275.0
 21
-204.16666666666669
 31
0.0
  0
LINE
  5
190
330
189
100
AcDbEntity
  8
LIB-PLAN
100
AcDbLine
 10
-275.0
 20
-204.16666666666669
 30
0.0
 11
-275.0
 21
191.66666666666669
 31
0.0
  0
LINE
  5
191
330
189
100
AcDbEntity
  8
LIB-PLAN
100
AcDbLine
 10
-300.0
 20
-250.0
 30
0.0
 11
-300.0
 21
250.0
 31
0.0
  0
LINE
  5
192
330
189
100
AcDbEntity
  8
LIB-PLAN
100
AcDbLine
 10
300.0
 20
250.0
 30
0.0
 11
300.0
 21
-250.0
 31
0.0
  0
LINE
  5
193
330
189
100
AcDbEntity
  8
LIB-PLAN
100
AcDbLine
 10
-175.0
 20
-187.5
 30
0.0
 11
105.0
 21
-187.5
 31
0.0
  0
LINE
  5
194
330
189
100
AcDbEntity
  8
LIB-PLAN
100
AcDbLine
 10
-175.0
 20
-174.67948717948656
 30
0.0
 11
105.0
 21
-174.67948717948656
 31
0.0
  0
LINE
  5
195
330
189
100
AcDbEntity
  8
LIB-PLAN
100
AcDbLine
 10
-175.0
 20
-161.85897435897422
 30
0.0
 11
105.0
 21
-161.85897435897422
 31
0.0
  0
LINE
  5
196
330
189
100
AcDbEntity
  8
LIB-PLAN
100
AcDbLine
 10
-175.0
 20
-149.03846153846075
 30
0.0
 11
175.0
 21
-149.03846153846075
 31
0.0
  0
LINE
  5
197
330
189
100
AcDbEntity
  8
LIB-PLAN
100
AcDbLine
 10
-175.0
 20
-136.21794871794805
 30
0.0
 11
175.0
 21
-136.21794871794805
 31
0.0
  0
LINE
  5
198
330
189
100
AcDbEntity
  8
LIB-PLAN
100
AcDbLine
 10
-175.0
 20
-123.39743589743573
 30
0.0
 11
175.0
 21
-123.39743589743573
 31
0.0
  0
LINE
  5
199
330
189
100
AcDbEntity
  8
LIB-PLAN
100
AcDbLine
 10
-175.0
 20
-110.57692307692227
 30
0.0
 11
175.0
 21
-110.57692307692227
 31
0.0
  0
LINE
  5
19A
330
189
100
AcDbEntity
  8
LIB-PLAN
100
AcDbLine
 10
-175.0
 20
-97.75641025640994
 30
0.0
 11
175.0
 21
-97.75641025640994
 31
0.0
  0
LINE
  5
19B
330
189
100
AcDbEntity
  8
LIB-PLAN
100
AcDbLine
 10
-175.0
 20
-84.93589743589648
 30
0.0
 11
175.0
 21
-84.93589743589648
 31
0.0
  0
LINE
  5
19C
330
189
100
AcDbEntity
  8
LIB-PLAN
100
AcDbLine
 10
250.0
 20
-220.83333333333334
 30
0.0
 11
-250.0
 21
-220.83333333333334
 31
0.0
  0
LINE
  5
19D
330
189
100
AcDbEntity
  8
LIB-PLAN
100
AcDbLine
 10
250.0
 20
-225.0
 30
0.0
 11
-250.0
 21
-225.0
 31
0.0
  0
LINE
  5
19E
330
189
100
AcDbEntity
  8
LIB-PLAN
100
AcDbLine
 10
300.0
 20
-250.0
 30
0.0
 11
-300.0
 21
-250.0
 31
0.0
  0
LWPOLYLINE
  5
19F
330
189
100
AcDbEntity
  8
LIB-PLAN
100
AcDbPolyline
 90
33
 70
0
 10
-270.0
 20
-204.16666666666669
 10
-269.97590912410345
 20
-204.98446123879032
 10
-269.90369453344397
 20
-205.80028567215933
 10
-269.7835301992956
 20
-206.61217457425604
 10
-269.6157056080646
 20
-207.41817203360213
 10
-269.40062506389086
 20
-208.21633633172107
 10
-269.1388067146442
 20
-209.0047446209077
 10
-268.8308813036604
 20
-209.781497556537
 10
-268.47759065022575
 20
-210.54472387275152
 10
-268.07978586246884
 20
-211.29258489050468
 10
-267.6384252869671
 20
-212.02327894709995
 10
-267.1545722000054
 20
-212.7350457365537
 10
-266.6293922460509
 20
-213.42617055032673
 10
-266.0641506296129
 20
-214.09498840820723
 10
-265.46020906725477
 20
-214.73988806939408
 10
-264.8190225070992
 20
-215.35931591411696
 10
-264.14213562373095
 20
-215.95177968644248
 10
-263.43117909694035
 20
-216.51585208924934
 10
-262.6878656832729
 20
-217.05017422271226
 10
-261.91398608984866
 20
-217.55345885801077
 10
-261.11140466039205
 20
-218.02449353837574
 10
-260.2820548838644
 20
-218.46214350000452
 10
-259.42793473651994
 20
-218.86535440580593
 10
-258.55110186860566
 20
-219.23315488539072
 10
-257.6536686473018
 20
-219.56465887518814
 10
-256.7377970678444
 20
-219.85906775305037
 10
-255.80569354508924
 20
-220.11567226220347
 10
-254.8596035980653
 20
-220.33385421990906
 10
-253.90180644032256
 20
-220.51308800672052
 10
-252.93460948910723
 20
-220.65294183274636
 10
-251.9603428065912
 20
-220.75307877786997
 10
-250.98135348654836
 20
-220.81325760341954
 10
-250.0
 20
-220.83333333333334
  0
LWPOLYLINE
  5
1A0
330
189
100
AcDbEntity
  8
LIB-PLAN
100
AcDbPolyline
 90
33
 70
0
 10
-275.0
 20
-204.16666666666669
 10
-274.96988640512933
 20
-205.1889098818212
 10
-274.8796181668049
 20
-206.20869042353252
 10
-274.72941274911955
 20
-207.22355155115338
 10
-274.5196320100808
 20
-208.23104837533603
 10
-274.25078132986357
 20
-209.22875374798465
 10
-273.9235083933052
 20
-210.214264109468
 10
-273.5386016295755
 20
-211.18520527900458
 10
-273.0969883127822
 20
-212.1392381742727
 10
-272.5997323280861
 20
-213.0740644464642
 10
-272.04803160870887
 20
-213.9874320172083
 10
-271.4432152500068
 20
-214.87714050402545
 10
-270.78674030756366
 20
-215.74104652124174
 10
-270.08018828701614
 20
-216.5770688435924
 10
-269.32526133406844
 20
-217.38319342007597
 10
-268.523778133874
 20
-218.15747822597956
 10
-267.6776695296637
 20
-218.89805794138638
 10
-266.7889738711755
 20
-219.603148444895
 10
-265.85983210409114
 20
-220.27105111172366
 10
-264.8924826123108
 20
-220.90015690584679
 10
-263.88925582549007
 20
-221.488950256303
 10
-262.85256860483054
 20
-222.036012708339
 10
-261.78491842064994
 20
-222.54002634059074
 10
-260.68887733575707
 20
-222.99977694007174
 10
-259.56708580912726
 20
-223.4141569273185
 10
-258.4222463348055
 20
-223.78216802464627
 10
-257.25711693136157
 20
-224.1029236610877
 10
-256.0745044975816
 20
-224.37565110821964
 10
-254.8772580504032
 20
-224.599693341734
 10
-253.66826186138402
 20
-224.7745106242663
 10
-252.450428508239
 20
-224.89968180567075
 10
-251.22669185818546
 20
-224.9749053376078
 10
-250.0
 20
-225.0
  0
LWPOLYLINE
  5
1A1
330
189
100
AcDbEntity
  8
LIB-PLAN
100
AcDbPolyline
 90
33
 70
0
 10
250.0
 20
-220.83333333333334
 10
250.98135348654836
 20
-220.81325760341954
 10
251.9603428065912
 20
-220.75307877786997
 10
252.93460948910723
 20
-220.65294183274636
 10
253.90180644032256
 20
-220.51308800672052
 10
254.85960359806526
 20
-220.33385421990906
 10
255.80569354508924
 20
-220.11567226220347
 10
256.7377970678444
 20
-219.85906775305037
 10
257.6536686473018
 20
-219.56465887518814
 10
258.55110186860566
 20
-219.23315488539072
 10
259.42793473651994
 20
-218.86535440580593
 10
260.2820548838644
 20
-218.46214350000452
 10
261.11140466039205
 20
-218.02449353837574
 10
261.91398608984866
 20
-217.55345885801077
 10
262.6878656832729
 20
-217.05017422271231
 10
263.43117909694035
 20
-216.51585208924934
 10
264.14213562373095
 20
-215.95177968644248
 10
264.8190225070992
 20
-215.35931591411696
 10
265.4602090672547
 20
-214.73988806939408
 10
266.0641506296129
 20
-214.09498840820723
 10
266.6293922460509
 20
-213.42617055032673
 10
267.1545722000054
 20
-212.7350457365537
 10
267.6384252869671
 20
-212.02327894709995
 10
268.07978586246884
 20
-211.2925848905047
 10
268.47759065022575
 20
-210.54472387275152
 10
268.8308813036604
 20
-209.781497556537
 10
269.13880671464415
 20
-209.0047446209077
 10
269.40062506389086
 20
-208.2163363317211
 10
269.6157056080646
 20
-207.41817203360213
 10
269.7835301992956
 20
-206.61217457425604
 10
269.90369453344397
 20
-205.80028567215936
 10
269.97590912410345
 20
-204.98446123879032
 10
270.0
 20
-204.16666666666669
  0
LWPOLYLINE
  5
1A2
330
189
100
AcDbEntity
  8
LIB-PLAN
100
AcDbPolyline
 90
33
 70
0
 10
250.0
 20
-225.0
 10
251.22669185818546
 20
-224.9749053376078
 10
252.450428508239
 20
-224.89968180567075
 10
253.66826186138402
 20
-224.7745106242663
 10
254.8772580504032
 20
-224.599693341734
 10
256.0745044975816
 20
-224.37565110821964
 10
257.25711693136157
 20
-224.1029236610877
 10
258.4222463348055
 20
-223.78216802464627
 10
259.56708580912726
 20
-223.4141569273185
 10
260.68887733575707
 20
-222.99977694007174
 10
261.78491842064994
 20
-222.54002634059074
 10
262.85256860483054
 20
-222.036012708339
 10
263.88925582549007
 20
-221.488950256303
 10
264.89248261231086
 20
-220.90015690584679
 10
265.85983210409114
 20
-220.27105111172372
 10
266.7889738711755
 20
-219.603148444895
 10
267.67766952966366
 20
-218.89805794138644
 10
268.523778133874
 20
-218.15747822597956
 10
269.32526133406844
 20
-217.38319342007597
 10
270.08018828701614
 20
-216.5770688435924
 10
270.7867403075636
 20
-215.74104652124174
 10
271.4432152500068
 20
-214.87714050402545
 10
272.04803160870887
 20
-213.9874320172083
 10
272.5997323280861
 20
-213.0740644464642
 10
273.0969883127822
 20
-212.1392381742727
 10
273.5386016295755
 20
-211.18520527900458
 10
273.9235083933052
 20
-210.214264109468
 10
274.25078132986357
 20
-209.22875374798465
 10
274.5196320100808
 20
-208.23104837533603
 10
274.72941274911955
 20
-207.22355155115338
 10
274.8796181668049
 20
-206.20869042353252
 10
274.96988640512933
 20
-205.18890988182122
 10
275.0
 20
-204.16666666666669
  0
LWPOLYLINE
  5
1A3
330
189
100
AcDbEntity
  8
LIB-PLAN
100
AcDbPolyline
 90
65
 70
1
 10
31.75
 20
49.67948717948768
 10
31.597115071842254
 20
52.2728573507073
 10
31.139932652802568
 20
54.84125194949774
 10
30.38285565949763
 20
57.35993593184533
 10
29.333175157233352
 20
59.80465299414735
 10
28.001000143060274
 20
62.151859174675536
 10
26.399160190605812
 20
64.37894959479799
 10
24.543081894266898
 20
66.46447615631746
 10
22.450640302672884
 20
68.38835409838174
 10
20.141986772195743
 20
70.13205542471009
 10
17.63935489837237
 20
71.67878733832586
 10
14.966846394225431
 20
73.01365396537123
 10
12.150198977591602
 20
74.12379981051548
 10
9.216538502829179
 20
74.99853356240237
 10
6.194117724012075
 20
75.62943105682315
 10
3.1120442054635546
 20
76.01041640602288
 10
1.9441267936464232e-15
 20
76.13782051282101
 10
-3.1120442054635507
 20
76.01041640602288
 10
-6.19411772401207
 20
75.62943105682315
 10
-9.216538502829174
 20
74.99853356240237
 10
-12.150198977591598
 20
74.12379981051548
 10
-14.966846394225428
 20
73.01365396537125
 10
-17.63935489837236
 20
71.67878733832586
 10
-20.14198677219574
 20
70.1320554247101
 10
-22.45064030267288
 20
68.38835409838174
 10
-24.543081894266898
 20
66.46447615631746
 10
-26.399160190605816
 20
64.37894959479799
 10
-28.00100014306027
 20
62.151859174675536
 10
-29.333175157233352
 20
59.80465299414735
 10
-30.38285565949763
 20
57.35993593184533
 10
-31.139932652802568
 20
54.84125194949775
 10
-31.59711507184225
 20
52.272857350707305
 10
-31.75
 20
49.67948717948768
 10
-31.597115071842254
 20
47.086117008268054
 10
-31.139932652802568
 20
44.517722409477614
 10
-30.382855659497633
 20
41.99903842713003
 10
-29.333175157233356
 20
39.55432136482801
 10
-28.001000143060274
 20
37.20711518429982
 10
-26.39916019060582
 20
34.98002476417738
 10
-24.5430818942669
 20
32.8944982026579
 10
-22.450640302672888
 20
30.97062026059361
 10
-20.141986772195754
 20
29.226918934265267
 10
-17.639354898372368
 20
27.680187020649498
 10
-14.966846394225435
 20
26.345320393604116
 10
-12.150198977591618
 20
25.235174548459888
 10
-9.216538502829183
 20
24.360440796572984
 10
-6.194117724012085
 20
23.729543302152205
 10
-3.1120442054635444
 20
23.348557952952465
 10
-5.832380380939269e-15
 20
23.221153846154344
 10
3.112044205463533
 20
23.348557952952465
 10
6.194117724012074
 20
23.7295433021522
 10
9.21653850282917
 20
24.36044079657298
 10
12.150198977591607
 20
25.235174548459884
 10
14.966846394225424
 20
26.345320393604116
 10
17.639354898372357
 20
27.680187020649495
 10
20.141986772195747
 20
29.22691893426526
 10
22.450640302672877
 20
30.970620260593602
 10
24.54308189426689
 20
32.89449820265788
 10
26.399160190605812
 20
34.98002476417737
 10
28.001000143060267
 20
37.207115184299816
 10
29.333175157233345
 20
39.55432136482799
 10
30.38285565949763
 20
41.999038427130024
 10
31.139932652802564
 20
44.51772240947761
 10
31.597115071842254
 20
47.086117008268054
 10
31.75
 20
49.67948717948767
  0
LWPOLYLINE
  5
1A4
330
189
100
AcDbEntity
  8
LIB-PLAN
100
AcDbPolyline
 90
4
 70
0
 10
-250.0
 20
33.01282051282101
 10
-170.0
 20
-33.65384615384566
 10
170.0
 20
-33.65384615384566
 10
250.0
 20
33.01282051282101
  0
LINE
  5
1A5
330
189
100
AcDbEntity
  8
LIB-PLAN
100
AcDbLine
 10
-175.0
 20
-72.11538461538416
 30
0.0
 11
175.0
 21
-72.11538461538416
 31
0.0
  0
LINE
  5
1A6
330
189
100
AcDbEntity
  8
LIB-PLAN
100
AcDbLine
 10
-175.0
 20
-59.29487179487145
 30
0.0
 11
175.0
 21
-59.29487179487145
 31
0.0
  0
LINE
  5
1A7
330
189
100
AcDbEntity
  8
LIB-PLAN
100
AcDbLine
 10
-175.0
 20
-46.47435897435837
 30
0.0
 11
175.0
 21
-46.47435897435837
 31
0.0
  0
LINE
  5
1A8
330
189
100
AcDbEntity
  8
LIB-PLAN
100
AcDbLine
 10
-250.0
 20
208.33333333333334
 30
0.0
 11
250.0
 21
208.33333333333334
 31
0.0
  0
LINE
  5
1A9
330
189
100
AcDbEntity
  8
LIB-PLAN
100
AcDbLine
 10
-250.0
 20
212.5
 30
0.0
 11
250.0
 21
212.5
 31
0.0
  0
LINE
  5
1AA
330
189
100
AcDbEntity
  8
LIB-PLAN
100
AcDbLine
 10
-300.0
 20
233.33333333333334
 30
0.0
 11
300.0
 21
233.33333333333334
 31
0.0
  0
LINE
  5
1AB
330
189
100
AcDbEntity
  8
LIB-PLAN
100
AcDbLine
 10
-300.0
 20
250.0
 30
0.0
 11
300.0
 21
250.0
 31
0.0
  0
LWPOLYLINE
  5
1AC
330
189
100
AcDbEntity
  8
LIB-PLAN
100
AcDbPolyline
 90
33
 70
0
 10
-250.0
 20
212.5
 10
-251.22669185818546
 20
212.47490533760777
 10
-252.450428508239
 20
212.39968180567078
 10
-253.66826186138405
 20
212.27451062426627
 10
-254.8772580504032
 20
212.09969334173397
 10
-256.0745044975816
 20
211.87565110821967
 10
-257.25711693136157
 20
211.6029236610877
 10
-258.4222463348055
 20
211.28216802464627
 10
-259.56708580912726
 20
210.9141569273185
 10
-260.68887733575707
 20
210.49977694007174
 10
-261.78491842064994
 20
210.04002634059074
 10
-262.85256860483054
 20
209.536012708339
 10
-263.88925582549007
 20
208.98895025630304
 10
-264.89248261231086
 20
208.40015690584676
 10
-265.85983210409114
 20
207.77105111172372
 10
-266.7889738711755
 20
207.103148444895
 10
-267.67766952966366
 20
206.3980579413864
 10
-268.523778133874
 20
205.65747822597956
 10
-269.32526133406844
 20
204.88319342007597
 10
-270.08018828701614
 20
204.07706884359237
 10
-270.7867403075636
 20
203.24104652124174
 10
-271.4432152500068
 20
202.37714050402545
 10
-272.04803160870887
 20
201.4874320172083
 10
-272.5997323280861
 20
200.57406444646423
 10
-273.0969883127822
 20
199.6392381742727
 10
-273.5386016295755
 20
198.68520527900458
 10
-273.9235083933052
 20
197.714264109468
 10
-274.25078132986357
 20
196.72875374798468
 10
-274.5196320100808
 20
195.73104837533603
 10
-274.72941274911955
 20
194.72355155115338
 10
-274.8796181668049
 20
193.70869042353252
 10
-274.96988640512933
 20
192.68890988182122
 10
-275.0
 20
191.66666666666669
  0
LINE
  5
1AD
330
189
100
AcDbEntity
  8
LIB-PLAN
100
AcDbLine
 10
-229.5
 20
192.01076293054334
 30
0.0
 11
-109.5
 21
192.01076293054334
 31
0.0
  0
LINE
  5
1AE
330
189
100
AcDbEntity
  8
LIB-PLAN
100
AcDbLine
 10
-229.5
 20
187.84409626387668
 30
0.0
 11
-109.5
 21
187.84409626387668
 31
0.0
  0
LINE
  5
1AF
330
189
100
AcDbEntity
  8
LIB-PLAN
100
AcDbLine
 10
-229.5
 20
175.34409626387668
 30
0.0
 11
-109.5
 21
175.34409626387668
 31
0.0
  0
LINE
  5
1B0
330
189
100
AcDbEntity
  8
LIB-PLAN
100
AcDbLine
 10
-229.5
 20
171.17742959721
 30
0.0
 11
-109.5
 21
171.17742959721
 31
0.0
  0
LINE
  5
1B1
330
189
100
AcDbEntity
  8
LIB-PLAN
100
AcDbLine
 10
-229.5
 20
154.51076293054334
 30
0.0
 11
-109.5
 21
154.51076293054334
 31
0.0
  0
LINE
  5
1B2
330
189
100
AcDbEntity
  8
LIB-PLAN
100
AcDbLine
 10
-229.5
 20
158.67742959721
 30
0.0
 11
-109.5
 21
158.67742959721
 31
0.0
  0
LWPOLYLINE
  5
1B3
330
189
100
AcDbEntity
  8
LIB-PLAN
100
AcDbPolyline
 90
33
 70
0
 10
-229.5
 20
192.01076293054334
 10
-229.7450428508239
 20
192.0007311111104
 10
-229.98772580504033
 20
191.97073226471673
 10
-230.22571169313616
 20
191.9210552966521
 10
-230.45670858091273
 20
191.85217862327517
 10
-230.678491842065
 20
191.7647655646024
 10
-230.888925582549
 20
191.65965795617365
 10
-231.08598321040913
 20
191.5378680417157
 10
-231.26776695296635
 20
191.400568724682
 10
-231.43252613340684
 20
191.24908227255094
 10
-231.57867403075636
 20
191.0848675826675
 10
-231.70480316087088
 20
190.90950613226417
 10
-231.8096988312782
 20
190.72468674797062
 10
-231.89235083933053
 20
190.53218934149012
 10
-231.95196320100808
 20
190.33386776807694
 10
-231.9879618166805
 20
190.13163197289657
 10
-232.0
 20
189.92742959721
 10
-231.9879618166805
 20
189.72322722152342
 10
-231.95196320100808
 20
189.52099142634307
 10
-231.89235083933053
 20
189.32266985292986
 10
-231.8096988312782
 20
189.1301724464494
 10
-231.70480316087088
 20
188.94535306215585
 10
-231.57867403075636
 20
188.7699916117525
 10
-231.43252613340684
 20
188.60577692186905
 10
-231.26776695296638
 20
188.45429046973803
 10
-231.08598321040913
 20
188.3169911527043
 10
-230.888925582549
 20
188.19520123824637
 10
-230.678491842065
 20
188.0900936298176
 10
-230.45670858091273
 20
188.00268057114482
 10
-230.22571169313616
 20
187.9338038977679
 10
-229.98772580504033
 20
187.88412692970326
 10
-229.7450428508239
 20
187.85412808330958
 10
-229.5
 20
187.84409626387668
  0
LWPOLYLINE
  5
1B4
330
189
100
AcDbEntity
  8
LIB-PLAN
100
AcDbPolyline
 90
33
 70
0
 10
-229.5
 20
175.34409626387668
 10
-229.7450428508239
 20
175.33406444444375
 10
-229.98772580504033
 20
175.30406559805007
 10
-230.22571169313616
 20
175.25438862998544
 10
-230.45670858091273
 20
175.1855119566085
 10
-230.678491842065
 20
175.09809889793573
 10
-230.888925582549
 20
174.99299128950696
 10
-231.08598321040913
 20
174.87120137504903
 10
-231.26776695296635
 20
174.73390205801533
 10
-231.43252613340684
 20
174.58241560588428
 10
-231.57867403075636
 20
174.41820091600084
 10
-231.70480316087088
 20
174.2428394655975
 10
-231.8096988312782
 20
174.05802008130394
 10
-231.89235083933053
 20
173.86552267482347
 10
-231.95196320100808
 20
173.66720110141028
 10
-231.9879618166805
 20
173.4649653062299
 10
-232.0
 20
173.26076293054334
 10
-231.9879618166805
 20
173.05656055485676
 10
-231.95196320100808
 20
172.8543247596764
 10
-231.89235083933053
 20
172.6560031862632
 10
-231.8096988312782
 20
172.46350577978274
 10
-231.70480316087088
 20
172.27868639548916
 10
-231.57867403075636
 20
172.10332494508583
 10
-231.43252613340684
 20
171.9391102552024
 10
-231.26776695296638
 20
171.78762380307137
 10
-231.08598321040913
 20
171.65032448603765
 10
-230.888925582549
 20
171.5285345715797
 10
-230.678491842065
 20
171.42342696315094
 10
-230.45670858091273
 20
171.33601390447816
 10
-230.22571169313616
 20
171.26713723110123
 10
-229.98772580504033
 20
171.2174602630366
 10
-229.7450428508239
 20
171.18746141664292
 10
-229.5
 20
171.17742959721
  0
LWPOLYLINE
  5
1B5
330
189
100
AcDbEntity
  8
LIB-PLAN
100
AcDbPolyline
 90
33
 70
0
 10
-229.5
 20
158.67742959721
 10
-229.7450428508239
 20
158.66739777777707
 10
-229.98772580504033
 20
158.63739893138342
 10
-230.22571169313616
 20
158.58772196331878
 10
-230.45670858091273
 20
158.51884528994185
 10
-230.678491842065
 20
158.43143223126907
 10
-230.888925582549
 20
158.3263246228403
 10
-231.08598321040913
 20
158.20453470838237
 10
-231.26776695296635
 20
158.06723539134865
 10
-231.43252613340684
 20
157.9157489392176
 10
-231.57867403075636
 20
157.75153424933418
 10
-231.70480316087088
 20
157.57617279893083
 10
-231.8096988312782
 20
157.39135341463728
 10
-231.89235083933053
 20
157.1988560081568
 10
-231.95196320100808
 20
157.0005344347436
 10
-231.9879618166805
 20
156.79829863956326
 10
-232.0
 20
156.59409626387668
 10
-231.9879618166805
 20
156.3898938881901
 10
-231.95196320100808
 20
156.18765809300973
 10
-231.89235083933053
 20
155.98933651959652
 10
-231.8096988312782
 20
155.79683911311605
 10
-231.70480316087088
 20
155.6120197288225
 10
-231.57867403075636
 20
155.43665827841917
 10
-231.43252613340684
 20
155.27244358853574
 10
-231.26776695296638
 20
155.1209571364047
 10
-231.08598321040913
 20
154.98365781937096
 10
-230.888925582549
 20
154.86186790491303
 10
-230.678491842065
 20
154.75676029648426
 10
-230.45670858091273
 20
154.66934723781148
 10
-230.22571169313616
 20
154.60047056443454
 10
-229.98772580504033
 20
154.55079359636994
 10
-229.7450428508239
 20
154.52079474997626
 10
-229.5
 20
154.51076293054334
  0
LWPOLYLINE
  5
1B6
330
189
100
AcDbEntity
  8
LIB-PLAN
100
AcDbPolyline
 90
33
 70
0
 10
-250.0
 20
208.33333333333334
 10
-250.98135348654836
 20
208.31325760341954
 10
-251.9603428065912
 20
208.25307877786994
 10
-252.93460948910723
 20
208.15294183274636
 10
-253.90180644032256
 20
208.01308800672052
 10
-254.8596035980653
 20
207.83385421990909
 10
-255.80569354508924
 20
207.61567226220347
 10
-256.7377970678444
 20
207.35906775305037
 10
-257.6536686473018
 20
207.06465887518814
 10
-258.55110186860566
 20
206.73315488539072
 10
-259.42793473651994
 20
206.36535440580593
 10
-260.2820548838644
 20
205.96214350000454
 10
-261.11140466039205
 20
205.52449353837576
 10
-261.91398608984866
 20
205.05345885801074
 10
-262.6878656832729
 20
204.5501742227123
 10
-263.43117909694035
 20
204.01585208924934
 10
-264.14213562373095
 20
203.45177968644248
 10
-264.8190225070992
 20
202.859315914117
 10
-265.46020906725477
 20
202.2398880693941
 10
-266.06415062961287
 20
201.59498840820723
 10
-266.6293922460509
 20
200.92617055032673
 10
-267.1545722000054
 20
200.2350457365537
 10
-267.6384252869671
 20
199.52327894709995
 10
-268.07978586246884
 20
198.7925848905047
 10
-268.47759065022575
 20
198.04472387275152
 10
-268.8308813036604
 20
197.281497556537
 10
-269.13880671464415
 20
196.5047446209077
 10
-269.40062506389086
 20
195.7163363317211
 10
-269.6157056080646
 20
194.91817203360213
 10
-269.7835301992956
 20
194.11217457425604
 10
-269.9036945334439
 20
193.30028567215936
 10
-269.97590912410345
 20
192.48446123879032
 10
-270.0
 20
191.66666666666669
  0
LWPOLYLINE
  5
1B7
330
189
100
AcDbEntity
  8
LIB-PLAN
100
AcDbPolyline
 90
65
 70
1
 10
19.05
 20
49.67948717948768
 10
18.958269043105354
 20
51.23550928221945
 10
18.68395959168154
 20
52.77654604149372
 10
18.229713395698578
 20
54.28775643090226
 10
17.599905094340013
 20
55.75458666828348
 10
16.800600085836166
 20
57.16291037660039
 10
15.839496114363488
 20
58.49916462867387
 10
14.72584913656014
 20
59.750480565585555
 10
13.470384181603732
 20
60.90480733082412
 10
12.085192063317447
 20
61.95102812662113
 10
10.583612939023425
 20
62.87906727479058
 10
8.98010783653526
 20
63.67998725101781
 10
7.290119386554962
 20
64.34607475810436
 10
5.5299231016975074
 20
64.8709150092365
 10
3.7164706344072447
 20
65.24945350588897
 10
1.8672265232781327
 20
65.4780447154088
 10
1.166476076187854e-15
 20
65.55448717948768
 10
-1.8672265232781304
 20
65.47804471540881
 10
-3.716470634407242
 20
65.24945350588897
 10
-5.529923101697505
 20
64.8709150092365
 10
-7.290119386554959
 20
64.34607475810436
 10
-8.980107836535257
 20
63.67998725101781
 10
-10.583612939023418
 20
62.87906727479058
 10
-12.085192063317445
 20
61.95102812662113
 10
-13.47038418160373
 20
60.90480733082412
 10
-14.72584913656014
 20
59.750480565585555
 10
-15.83949611436349
 20
58.49916462867387
 10
-16.800600085836162
 20
57.16291037660039
 10
-17.599905094340013
 20
55.75458666828348
 10
-18.229713395698578
 20
54.28775643090226
 10
-18.68395959168154
 20
52.77654604149372
 10
-18.95826904310535
 20
51.235509282219454
 10
-19.05
 20
49.67948717948768
 10
-18.958269043105354
 20
48.123465076755906
 10
-18.68395959168154
 20
46.58242831748164
 10
-18.22971339569858
 20
45.07121792807309
 10
-17.599905094340016
 20
43.60438769069188
 10
-16.800600085836166
 20
42.196063982374966
 10
-15.839496114363492
 20
40.85980973030149
 10
-14.725849136560143
 20
39.608493793389805
 10
-13.470384181603734
 20
38.45416702815123
 10
-12.085192063317454
 20
37.40794623235423
 10
-10.583612939023421
 20
36.479907084184774
 10
-8.980107836535261
 20
35.67898710795754
 10
-7.290119386554971
 20
35.012899600871
 10
-5.52992310169751
 20
34.48805934973886
 10
-3.7164706344072513
 20
34.109520853086394
 10
-1.8672265232781267
 20
33.880929643566546
 10
-3.4994282285635617e-15
 20
33.80448717948768
 10
1.8672265232781198
 20
33.880929643566546
 10
3.7164706344072442
 20
34.109520853086394
 10
5.529923101697502
 20
34.48805934973886
 10
7.290119386554965
 20
35.012899600871
 10
8.980107836535254
 20
35.67898710795754
 10
10.583612939023416
 20
36.47990708418477
 10
12.085192063317448
 20
37.40794623235423
 10
13.470384181603727
 20
38.45416702815123
 10
14.725849136560134
 20
39.6084937933898
 10
15.839496114363488
 20
40.85980973030149
 10
16.80060008583616
 20
42.19606398237496
 10
17.59990509434001
 20
43.604387690691865
 10
18.229713395698578
 20
45.07121792807308
 10
18.68395959168154
 20
46.582428317481636
 10
18.958269043105354
 20
48.123465076755906
 10
19.05
 20
49.67948717948767
  0
LWPOLYLINE
  5
1B8
330
189
100
AcDbEntity
  8
LIB-PLAN
100
AcDbPolyline
 90
33
 70
0
 10
-109.5
 20
187.84409626387668
 10
-109.2549571491761
 20
187.85412808330958
 10
-109.01227419495967
 20
187.88412692970326
 10
-108.77428830686384
 20
187.9338038977679
 10
-108.54329141908728
 20
188.00268057114482
 10
-108.321508157935
 20
188.0900936298176
 10
-108.111074417451
 20
188.19520123824637
 10
-107.91401678959089
 20
188.3169911527043
 10
-107.73223304703363
 20
188.45429046973803
 10
-107.56747386659316
 20
188.60577692186905
 10
-107.42132596924364
 20
188.7699916117525
 10
-107.29519683912912
 20
188.94535306215585
 10
-107.19030116872179
 20
189.1301724464494
 10
-107.10764916066948
 20
189.32266985292986
 10
-107.04803679899193
 20
189.52099142634307
 10
-107.0120381833195
 20
189.72322722152342
 10
-107.0
 20
189.92742959721
 10
-107.0120381833195
 20
190.13163197289657
 10
-107.04803679899193
 20
190.33386776807694
 10
-107.10764916066948
 20
190.53218934149012
 10
-107.19030116872179
 20
190.72468674797062
 10
-107.29519683912912
 20
190.90950613226417
 10
-107.42132596924364
 20
191.0848675826675
 10
-107.56747386659316
 20
191.24908227255094
 10
-107.73223304703363
 20
191.40056872468196
 10
-107.91401678959089
 20
191.5378680417157
 10
-108.111074417451
 20
191.65965795617365
 10
-108.321508157935
 20
191.7647655646024
 10
-108.54329141908727
 20
191.85217862327517
 10
-108.77428830686384
 20
191.9210552966521
 10
-109.01227419495967
 20
191.97073226471673
 10
-109.2549571491761
 20
192.0007311111104
 10
-109.5
 20
192.01076293054334
  0
LWPOLYLINE
  5
1B9
330
189
100
AcDbEntity
  8
LIB-PLAN
100
AcDbPolyline
 90
33
 70
0
 10
-109.5
 20
171.17742959721
 10
-109.2549571491761
 20
171.18746141664292
 10
-109.01227419495967
 20
171.2174602630366
 10
-108.77428830686384
 20
171.26713723110123
 10
-108.54329141908728
 20
171.33601390447816
 10
-108.321508157935
 20
171.42342696315094
 10
-108.111074417451
 20
171.5285345715797
 10
-107.91401678959089
 20
171.65032448603765
 10
-107.73223304703363
 20
171.78762380307134
 10
-107.56747386659316
 20
171.9391102552024
 10
-107.42132596924364
 20
172.10332494508583
 10
-107.29519683912912
 20
172.27868639548916
 10
-107.19030116872179
 20
172.46350577978274
 10
-107.10764916066948
 20
172.6560031862632
 10
-107.04803679899193
 20
172.8543247596764
 10
-107.0120381833195
 20
173.05656055485676
 10
-107.0
 20
173.26076293054334
 10
-107.0120381833195
 20
173.4649653062299
 10
-107.04803679899193
 20
173.66720110141028
 10
-107.10764916066948
 20
173.86552267482347
 10
-107.19030116872179
 20
174.05802008130394
 10
-107.29519683912912
 20
174.2428394655975
 10
-107.42132596924364
 20
174.41820091600084
 10
-107.56747386659316
 20
174.58241560588428
 10
-107.73223304703363
 20
174.7339020580153
 10
-107.91401678959089
 20
174.87120137504903
 10
-108.111074417451
 20
174.99299128950696
 10
-108.321508157935
 20
175.09809889793573
 10
-108.54329141908727
 20
175.1855119566085
 10
-108.77428830686384
 20
175.25438862998544
 10
-109.01227419495967
 20
175.30406559805007
 10
-109.2549571491761
 20
175.33406444444375
 10
-109.5
 20
175.34409626387668
  0
LWPOLYLINE
  5
1BA
330
189
100
AcDbEntity
  8
LIB-PLAN
100
AcDbPolyline
 90
33
 70
0
 10
-109.5
 20
154.51076293054334
 10
-109.2549571491761
 20
154.52079474997626
 10
-109.01227419495967
 20
154.55079359636994
 10
-108.77428830686384
 20
154.60047056443454
 10
-108.54329141908728
 20
154.66934723781148
 10
-108.321508157935
 20
154.75676029648426
 10
-108.111074417451
 20
154.86186790491303
 10
-107.91401678959089
 20
154.98365781937096
 10
-107.73223304703363
 20
155.12095713640468
 10
-107.56747386659316
 20
155.27244358853574
 10
-107.42132596924364
 20
155.43665827841917
 10
-107.29519683912912
 20
155.6120197288225
 10
-107.19030116872179
 20
155.79683911311605
 10
-107.10764916066948
 20
155.98933651959652
 10
-107.04803679899193
 20
156.18765809300973
 10
-107.0120381833195
 20
156.3898938881901
 10
-107.0
 20
156.59409626387668
 10
-107.0120381833195
 20
156.79829863956326
 10
-107.04803679899193
 20
157.0005344347436
 10
-107.10764916066948
 20
157.1988560081568
 10
-107.19030116872179
 20
157.39135341463728
 10
-107.29519683912912
 20
157.57617279893083
 10
-107.42132596924364
 20
157.75153424933418
 10
-107.56747386659316
 20
157.9157489392176
 10
-107.73223304703363
 20
158.06723539134862
 10
-107.91401678959089
 20
158.20453470838237
 10
-108.111074417451
 20
158.3263246228403
 10
-108.321508157935
 20
158.43143223126907
 10
-108.54329141908727
 20
158.51884528994185
 10
-108.77428830686384
 20
158.58772196331878
 10
-109.01227419495967
 20
158.63739893138342
 10
-109.2549571491761
 20
158.66739777777707
 10
-109.5
 20
158.67742959721
  0
LWPOLYLINE
  5
1BB
330
189
100
AcDbEntity
  8
LIB-PLAN
100
AcDbPolyline
 90
33
 70
0
 10
275.0
 20
191.66666666666669
 10
274.96988640512933
 20
192.68890988182122
 10
274.8796181668049
 20
193.70869042353252
 10
274.72941274911955
 20
194.72355155115338
 10
274.5196320100808
 20
195.73104837533603
 10
274.25078132986357
 20
196.72875374798465
 10
273.9235083933052
 20
197.714264109468
 10
273.5386016295755
 20
198.68520527900458
 10
273.0969883127822
 20
199.6392381742727
 10
272.5997323280861
 20
200.5740644464642
 10
272.04803160870887
 20
201.4874320172083
 10
271.4432152500068
 20
202.37714050402545
 10
270.7867403075636
 20
203.24104652124174
 10
270.08018828701614
 20
204.07706884359237
 10
269.32526133406844
 20
204.88319342007597
 10
268.523778133874
 20
205.65747822597956
 10
267.6776695296637
 20
206.3980579413864
 10
266.7889738711755
 20
207.103148444895
 10
265.85983210409114
 20
207.7710511117237
 10
264.89248261231086
 20
208.40015690584676
 10
263.88925582549007
 20
208.98895025630304
 10
262.85256860483054
 20
209.536012708339
 10
261.78491842064994
 20
210.04002634059074
 10
260.68887733575707
 20
210.49977694007174
 10
259.56708580912726
 20
210.9141569273185
 10
258.4222463348055
 20
211.28216802464627
 10
257.25711693136157
 20
211.6029236610877
 10
256.0745044975816
 20
211.87565110821967
 10
254.8772580504032
 20
212.09969334173397
 10
253.66826186138405
 20
212.27451062426627
 10
252.450428508239
 20
212.39968180567078
 10
251.22669185818546
 20
212.47490533760777
 10
250.0
 20
212.5
  0
LWPOLYLINE
  5
1BC
330
189
100
AcDbEntity
  8
LIB-PLAN
100
AcDbPolyline
 90
33
 70
0
 10
270.0
 20
191.66666666666669
 10
269.97590912410345
 20
192.48446123879032
 10
269.90369453344397
 20
193.30028567215933
 10
269.7835301992956
 20
194.11217457425604
 10
269.6157056080646
 20
194.91817203360213
 10
269.40062506389086
 20
195.7163363317211
 10
269.13880671464415
 20
196.5047446209077
 10
268.8308813036604
 20
197.281497556537
 10
268.47759065022575
 20
198.04472387275152
 10
268.07978586246884
 20
198.7925848905047
 10
267.6384252869671
 20
199.52327894709995
 10
267.1545722000054
 20
200.2350457365537
 10
266.6293922460509
 20
200.92617055032673
 10
266.0641506296129
 20
201.59498840820723
 10
265.46020906725477
 20
202.2398880693941
 10
264.8190225070992
 20
202.85931591411696
 10
264.14213562373095
 20
203.45177968644248
 10
263.43117909694035
 20
204.01585208924934
 10
262.6878656832729
 20
204.5501742227123
 10
261.91398608984866
 20
205.05345885801074
 10
261.11140466039205
 20
205.52449353837576
 10
260.2820548838644
 20
205.96214350000454
 10
259.42793473651994
 20
206.36535440580593
 10
258.55110186860566
 20
206.73315488539072
 10
257.6536686473018
 20
207.06465887518814
 10
256.7377970678444
 20
207.35906775305037
 10
255.80569354508924
 20
207.61567226220347
 10
254.8596035980653
 20
207.83385421990909
 10
253.90180644032256
 20
208.01308800672052
 10
252.93460948910723
 20
208.15294183274636
 10
251.96034280659123
 20
208.25307877786994
 10
250.98135348654836
 20
208.31325760341954
 10
250.0
 20
208.33333333333334
  0
LINE
  5
1BD
330
189
100
AcDbEntity
  8
LIB-PLAN
100
AcDbLine
 10
109.11205989665405
 20
192.01076293054334
 30
0.0
 11
229.11205989665405
 21
192.01076293054334
 31
0.0
  0
LINE
  5
1BE
330
189
100
AcDbEntity
  8
LIB-PLAN
100
AcDbLine
 10
109.11205989665405
 20
187.84409626387668
 30
0.0
 11
229.11205989665405
 21
187.84409626387668
 31
0.0
  0
LINE
  5
1BF
330
189
100
AcDbEntity
  8
LIB-PLAN
100
AcDbLine
 10
109.11205989665405
 20
175.34409626387668
 30
0.0
 11
229.11205989665405
 21
175.34409626387668
 31
0.0
  0
LINE
  5
1C0
330
189
100
AcDbEntity
  8
LIB-PLAN
100
AcDbLine
 10
109.11205989665405
 20
171.17742959721
 30
0.0
 11
229.11205989665405
 21
171.17742959721
 31
0.0
  0
LINE
  5
1C1
330
189
100
AcDbEntity
  8
LIB-PLAN
100
AcDbLine
 10
109.11205989665405
 20
158.67742959721
 30
0.0
 11
229.11205989665405
 21
158.67742959721
 31
0.0
  0
LINE
  5
1C2
330
189
100
AcDbEntity
  8
LIB-PLAN
100
AcDbLine
 10
109.11205989665405
 20
154.51076293054334
 30
0.0
 11
229.11205989665405
 21
154.51076293054334
 31
0.0
  0
LWPOLYLINE
  5
1C3
330
189
100
AcDbEntity
  8
LIB-PLAN
100
AcDbPolyline
 90
33
 70
0
 10
109.11205989665405
 20
192.01076293054334
 10
108.86701704583014
 20
192.0007311111104
 10
108.62433409161372
 20
191.97073226471673
 10
108.38634820351788
 20
191.9210552966521
 10
108.15535131574133
 20
191.85217862327517
 10
107.93356805458905
 20
191.7647655646024
 10
107.72313431410504
 20
191.65965795617365
 10
107.52607668624493
 20
191.5378680417157
 10
107.34429294368768
 20
191.400568724682
 10
107.1795337632472
 20
191.24908227255094
 10
107.03338586589769
 20
191.0848675826675
 10
106.90725673578316
 20
190.90950613226417
 10
106.80236106537583
 20
190.72468674797062
 10
106.71970905732353
 20
190.53218934149012
 10
106.66009669564598
 20
190.33386776807694
 10
106.62409807997355
 20
190.13163197289657
 10
106.61205989665405
 20
189.92742959721
 10
106.62409807997355
 20
189.72322722152342
 10
106.66009669564598
 20
189.52099142634307
 10
106.71970905732353
 20
189.32266985292986
 10
106.80236106537583
 20
189.1301724464494
 10
106.90725673578316
 20
188.94535306215585
 10
107.03338586589769
 20
188.7699916117525
 10
107.1795337632472
 20
188.60577692186905
 10
107.34429294368768
 20
188.45429046973803
 10
107.52607668624493
 20
188.3169911527043
 10
107.72313431410504
 20
188.19520123824637
 10
107.93356805458905
 20
188.0900936298176
 10
108.15535131574131
 20
188.00268057114482
 10
108.38634820351788
 20
187.9338038977679
 10
108.62433409161372
 20
187.88412692970326
 10
108.86701704583014
 20
187.85412808330958
 10
109.11205989665405
 20
187.84409626387668
  0
LWPOLYLINE
  5
1C4
330
189
100
AcDbEntity
  8
LIB-PLAN
100
AcDbPolyline
 90
33
 70
0
 10
109.11205989665405
 20
175.34409626387668
 10
108.86701704583014
 20
175.33406444444375
 10
108.62433409161372
 20
175.30406559805007
 10
108.38634820351788
 20
175.25438862998544
 10
108.15535131574133
 20
175.1855119566085
 10
107.93356805458905
 20
175.09809889793573
 10
107.72313431410504
 20
174.99299128950696
 10
107.52607668624493
 20
174.87120137504903
 10
107.34429294368768
 20
174.73390205801533
 10
107.1795337632472
 20
174.58241560588428
 10
107.03338586589769
 20
174.41820091600084
 10
106.90725673578316
 20
174.2428394655975
 10
106.80236106537583
 20
174.05802008130394
 10
106.71970905732353
 20
173.86552267482347
 10
106.66009669564598
 20
173.66720110141028
 10
106.62409807997355
 20
173.4649653062299
 10
106.61205989665405
 20
173.26076293054334
 10
106.62409807997355
 20
173.05656055485676
 10
106.66009669564598
 20
172.8543247596764
 10
106.71970905732353
 20
172.6560031862632
 10
106.80236106537583
 20
172.46350577978274
 10
106.90725673578316
 20
172.27868639548916
 10
107.03338586589769
 20
172.10332494508583
 10
107.1795337632472
 20
171.9391102552024
 10
107.34429294368768
 20
171.78762380307137
 10
107.52607668624493
 20
171.65032448603765
 10
107.72313431410504
 20
171.5285345715797
 10
107.93356805458905
 20
171.42342696315094
 10
108.15535131574131
 20
171.33601390447816
 10
108.38634820351788
 20
171.26713723110123
 10
108.62433409161372
 20
171.2174602630366
 10
108.86701704583014
 20
171.18746141664292
 10
109.11205989665405
 20
171.17742959721
  0
LWPOLYLINE
  5
1C5
330
189
100
AcDbEntity
  8
LIB-PLAN
100
AcDbPolyline
 90
33
 70
0
 10
109.11205989665405
 20
158.67742959721
 10
108.86701704583014
 20
158.66739777777707
 10
108.62433409161372
 20
158.63739893138342
 10
108.38634820351788
 20
158.58772196331878
 10
108.15535131574133
 20
158.51884528994185
 10
107.93356805458905
 20
158.43143223126907
 10
107.72313431410504
 20
158.3263246228403
 10
107.52607668624493
 20
158.20453470838237
 10
107.34429294368768
 20
158.06723539134865
 10
107.1795337632472
 20
157.9157489392176
 10
107.03338586589769
 20
157.75153424933418
 10
106.90725673578316
 20
157.57617279893083
 10
106.80236106537583
 20
157.39135341463728
 10
106.71970905732353
 20
157.1988560081568
 10
106.66009669564598
 20
157.0005344347436
 10
106.62409807997355
 20
156.79829863956326
 10
106.61205989665405
 20
156.59409626387668
 10
106.62409807997355
 20
156.3898938881901
 10
106.66009669564598
 20
156.18765809300973
 10
106.71970905732353
 20
155.98933651959652
 10
106.80236106537583
 20
155.79683911311605
 10
106.90725673578316
 20
155.6120197288225
 10
107.03338586589769
 20
155.43665827841917
 10
107.1795337632472
 20
155.27244358853574
 10
107.34429294368768
 20
155.1209571364047
 10
107.52607668624493
 20
154.98365781937096
 10
107.72313431410504
 20
154.86186790491303
 10
107.93356805458905
 20
154.75676029648426
 10
108.15535131574131
 20
154.66934723781148
 10
108.38634820351788
 20
154.60047056443454
 10
108.62433409161372
 20
154.55079359636994
 10
108.86701704583014
 20
154.52079474997626
 10
109.11205989665405
 20
154.51076293054334
  0
LWPOLYLINE
  5
1C6
330
189
100
AcDbEntity
  8
LIB-PLAN
100
AcDbPolyline
 90
33
 70
0
 10
229.11205989665405
 20
187.84409626387668
 10
229.35710274747794
 20
187.85412808330958
 10
229.59978570169437
 20
187.88412692970326
 10
229.8377715897902
 20
187.9338038977679
 10
230.06876847756678
 20
188.00268057114482
 10
230.29055173871905
 20
188.0900936298176
 10
230.50098547920305
 20
188.19520123824637
 10
230.69804310706317
 20
188.3169911527043
 10
230.8798268496204
 20
188.45429046973803
 10
231.04458603006088
 20
188.60577692186905
 10
231.1907339274104
 20
188.7699916117525
 10
231.31686305752493
 20
188.94535306215585
 10
231.42175872793226
 20
189.1301724464494
 10
231.50441073598458
 20
189.32266985292986
 10
231.56402309766213
 20
189.52099142634307
 10
231.60002171333454
 20
189.72322722152342
 10
231.61205989665405
 20
189.92742959721
 10
231.60002171333454
 20
190.13163197289657
 10
231.56402309766213
 20
190.33386776807694
 10
231.50441073598458
 20
190.53218934149012
 10
231.42175872793226
 20
190.72468674797062
 10
231.31686305752493
 20
190.90950613226417
 10
231.1907339274104
 20
191.0848675826675
 10
231.04458603006088
 20
191.24908227255094
 10
230.87982684962043
 20
191.40056872468196
 10
230.69804310706317
 20
191.5378680417157
 10
230.50098547920305
 20
191.65965795617365
 10
230.29055173871905
 20
191.7647655646024
 10
230.06876847756678
 20
191.85217862327517
 10
229.8377715897902
 20
191.9210552966521
 10
229.59978570169437
 20
191.97073226471673
 10
229.35710274747794
 20
192.0007311111104
 10
229.11205989665405
 20
192.01076293054334
  0
LWPOLYLINE
  5
1C7
330
189
100
AcDbEntity
  8
LIB-PLAN
100
AcDbPolyline
 90
33
 70
0
 10
229.11205989665405
 20
171.17742959721
 10
229.35710274747794
 20
171.18746141664292
 10
229.59978570169437
 20
171.2174602630366
 10
229.8377715897902
 20
171.26713723110123
 10
230.06876847756678
 20
171.33601390447816
 10
230.29055173871905
 20
171.42342696315094
 10
230.50098547920305
 20
171.5285345715797
 10
230.69804310706317
 20
171.65032448603765
 10
230.8798268496204
 20
171.78762380307134
 10
231.04458603006088
 20
171.9391102552024
 10
231.1907339274104
 20
172.10332494508583
 10
231.31686305752493
 20
172.27868639548916
 10
231.42175872793226
 20
172.46350577978274
 10
231.50441073598458
 20
172.6560031862632
 10
231.56402309766213
 20
172.8543247596764
 10
231.60002171333454
 20
173.05656055485676
 10
231.61205989665405
 20
173.26076293054334
 10
231.60002171333454
 20
173.4649653062299
 10
231.56402309766213
 20
173.66720110141028
 10
231.50441073598458
 20
173.86552267482347
 10
231.42175872793226
 20
174.05802008130394
 10
231.31686305752493
 20
174.2428394655975
 10
231.1907339274104
 20
174.41820091600084
 10
231.04458603006088
 20
174.58241560588428
 10
230.87982684962043
 20
174.7339020580153
 10
230.69804310706317
 20
174.87120137504903
 10
230.50098547920305
 20
174.99299128950696
 10
230.29055173871905
 20
175.09809889793573
 10
230.06876847756678
 20
175.1855119566085
 10
229.8377715897902
 20
175.25438862998544
 10
229.59978570169437
 20
175.30406559805007
 10
229.35710274747794
 20
175.33406444444375
 10
229.11205989665405
 20
175.34409626387668
  0
LWPOLYLINE
  5
1C8
330
189
100
AcDbEntity
  8
LIB-PLAN
100
AcDbPolyline
 90
33
 70
0
 10
229.11205989665405
 20
154.51076293054334
 10
229.35710274747794
 20
154.52079474997626
 10
229.59978570169437
 20
154.55079359636994
 10
229.8377715897902
 20
154.60047056443454
 10
230.06876847756678
 20
154.66934723781148
 10
230.29055173871905
 20
154.75676029648426
 10
230.50098547920305
 20
154.86186790491303
 10
230.69804310706317
 20
154.98365781937096
 10
230.8798268496204
 20
155.12095713640468
 10
231.04458603006088
 20
155.27244358853574
 10
231.1907339274104
 20
155.43665827841917
 10
231.31686305752493
 20
155.6120197288225
 10
231.42175872793226
 20
155.79683911311605
 10
231.50441073598458
 20
155.98933651959652
 10
231.56402309766213
 20
156.18765809300973
 10
231.60002171333454
 20
156.3898938881901
 10
231.61205989665405
 20
156.59409626387668
 10
231.60002171333454
 20
156.79829863956326
 10
231.56402309766213
 20
157.0005344347436
 10
231.50441073598458
 20
157.1988560081568
 10
231.42175872793226
 20
157.39135341463728
 10
231.31686305752493
 20
157.57617279893083
 10
231.1907339274104
 20
157.75153424933418
 10
231.04458603006088
 20
157.9157489392176
 10
230.87982684962043
 20
158.06723539134862
 10
230.69804310706317
 20
158.20453470838237
 10
230.50098547920305
 20
158.3263246228403
 10
230.29055173871905
 20
158.43143223126907
 10
230.06876847756678
 20
158.51884528994185
 10
229.8377715897902
 20
158.58772196331878
 10
229.59978570169437
 20
158.63739893138342
 10
229.35710274747794
 20
158.66739777777707
 10
229.11205989665405
 20
158.67742959721
  0
ENDBLK
  5
18B
330
189
100
AcDbEntity
  8
0
100
AcDbBlockEnd
  0
BLOCK
  5
1CA
330
1C9
100
AcDbEntity
  8
0
100
AcDbBlockBegin
  2
VANITY_900x500_PLAN
 70
0
 10
0.0
 20
0.0
 30
0.0
  3
VANITY_900x500_PLAN
  1

  0
LWPOLYLINE
  5
1CC
330
1C9
100
AcDbEntity
  8
LIB-PLAN
100
AcDbPolyline
 90
8
 70
0
 10
-255.0
 20
133.012820512821
 10
-375.0
 20
66.34615384615435
 10
-375.0
 20
-133.65384615384568
 10
-255.0
 20
-200.32051282051233
 10
255.0
 20
-200.32051282051233
 10
375.0
 20
-133.65384615384568
 10
375.0
 20
66.34615384615435
 10
255.0
 20
133.012820512821
  0
LINE
  5
1CD
330
1C9
100
AcDbEntity
  8
LIB-PLAN
100
AcDbLine
 10
-405.0
 20
-204.16666666666669
 30
0.0
 11
-405.0
 21
191.66666666666669
 31
0.0
  0
LINE
  5
1CE
330
1C9
100
AcDbEntity
  8
LIB-PLAN
100
AcDbLine
 10
405.0
 20
191.66666666666669
 30
0.0
 11
405.0
 21
-204.16666666666669
 31
0.0
  0
LINE
  5
1CF
330
1C9
100
AcDbEntity
  8
LIB-PLAN
100
AcDbLine
 10
412.5
 20
191.66666666666669
 30
0.0
 11
412.5
 21
-204.16666666666669
 31
0.0
  0
LINE
  5
1D0
330
1C9
100
AcDbEntity
  8
LIB-PLAN
100
AcDbLine
 10
-412.5
 20
-204.16666666666669
 30
0.0
 11
-412.5
 21
191.66666666666669
 31
0.0
  0
LINE
  5
1D1
330
1C9
100
AcDbEntity
  8
LIB-PLAN
100
AcDbLine
 10
-450.0
 20
-250.0
 30
0.0
 11
-450.0
 21
250.0
 31
0.0
  0
LINE
  5
1D2
330
1C9
100
AcDbEntity
  8
LIB-PLAN
100
AcDbLine
 10
450.0
 20
250.0
 30
0.0
 11
450.0
 21
-250.0
 31
0.0
  0
LINE
  5
1D3
330
1C9
100
AcDbEntity
  8
LIB-PLAN
100
AcDbLine
 10
-262.5
 20
-187.5
 30
0.0
 11
157.5
 21
-187.5
 31
0.0
  0
LINE
  5
1D4
330
1C9
100
AcDbEntity
  8
LIB-PLAN
100
AcDbLine
 10
-262.5
 20
-174.67948717948656
 30
0.0
 11
157.5
 21
-174.67948717948656
 31
0.0
  0
LINE
  5
1D5
330
1C9
100
AcDbEntity
  8
LIB-PLAN
100
AcDbLine
 10
-262.5
 20
-161.85897435897422
 30
0.0
 11
157.5
 21
-161.85897435897422
 31
0.0
  0
LINE
  5
1D6
330
1C9
100
AcDbEntity
  8
LIB-PLAN
100
AcDbLine
 10
-262.5
 20
-149.03846153846075
 30
0.0
 11
262.5
 21
-149.03846153846075
 31
0.0
  0
LINE
  5
1D7
330
1C9
100
AcDbEntity
  8
LIB-PLAN
100
AcDbLine
 10
-262.5
 20
-136.21794871794805
 30
0.0
 11
262.5
 21
-136.21794871794805
 31
0.0
  0
LINE
  5
1D8
330
1C9
100
AcDbEntity
  8
LIB-PLAN
100
AcDbLine
 10
-262.5
 20
-123.39743589743573
 30
0.0
 11
262.5
 21
-123.39743589743573
 31
0.0
  0
LINE
  5
1D9
330
1C9
100
AcDbEntity
  8
LIB-PLAN
100
AcDbLine
 10
-262.5
 20
-110.57692307692227
 30
0.0
 11
262.5
 21
-110.57692307692227
 31
0.0
  0
LINE
  5
1DA
330
1C9
100
AcDbEntity
  8
LIB-PLAN
100
AcDbLine
 10
-262.5
 20
-97.75641025640994
 30
0.0
 11
262.5
 21
-97.75641025640994
 31
0.0
  0
LINE
  5
1DB
330
1C9
100
AcDbEntity
  8
LIB-PLAN
100
AcDbLine
 10
-262.5
 20
-84.93589743589648
 30
0.0
 11
262.5
 21
-84.93589743589648
 31
0.0
  0
LINE
  5
1DC
330
1C9
100
AcDbEntity
  8
LIB-PLAN
100
AcDbLine
 10
375.0
 20
-220.83333333333334
 30
0.0
 11
-375.0
 21
-220.83333333333334
 31
0.0
  0
LINE
  5
1DD
330
1C9
100
AcDbEntity
  8
LIB-PLAN
100
AcDbLine
 10
375.0
 20
-225.0
 30
0.0
 11
-375.0
 21
-225.0
 31
0.0
  0
LINE
  5
1DE
330
1C9
100
AcDbEntity
  8
LIB-PLAN
100
AcDbLine
 10
450.0
 20
-250.0
 30
0.0
 11
-450.0
 21
-250.0
 31
0.0
  0
LWPOLYLINE
  5
1DF
330
1C9
100
AcDbEntity
  8
LIB-PLAN
100
AcDbPolyline
 90
33
 70
0
 10
-405.0
 20
-204.16666666666669
 10
-404.96386368615515
 20
-204.98446123879032
 10
-404.85554180016595
 20
-205.80028567215933
 10
-404.6752952989434
 20
-206.61217457425604
 10
-404.4235584120969
 20
-207.41817203360213
 10
-404.1009375958363
 20
-208.21633633172107
 10
-403.7082100719663
 20
-209.0047446209077
 10
-403.24632195549066
 20
-209.781497556537
 10
-402.71638597533865
 20
-210.54472387275152
 10
-402.11967879370326
 20
-211.29258489050468
 10
-401.4576379304507
 20
-212.02327894709995
 10
-400.7318583000081
 20
-212.7350457365537
 10
-399.9440883690763
 20
-213.42617055032673
 10
-399.0962259444194
 20
-214.09498840820723
 10
-398.1903136008822
 20
-214.73988806939408
 10
-397.2285337606488
 20
-215.35931591411696
 10
-396.2132034355964
 20
-215.95177968644248
 10
-395.14676864541053
 20
-216.51585208924934
 10
-394.03179852490933
 20
-217.05017422271226
 10
-392.870979134773
 20
-217.55345885801077
 10
-391.6671069905881
 20
-218.02449353837574
 10
-390.4230823257966
 20
-218.46214350000452
 10
-389.1419021047799
 20
-218.86535440580593
 10
-387.8266528029085
 20
-219.23315488539072
 10
-386.48050297095267
 20
-219.56465887518814
 10
-385.10669560176655
 20
-219.85906775305037
 10
-383.70854031763383
 20
-220.11567226220347
 10
-382.28940539709794
 20
-220.33385421990906
 10
-380.8527096604838
 20
-220.51308800672052
 10
-379.4019142336608
 20
-220.65294183274636
 10
-377.9405142098868
 20
-220.75307877786997
 10
-376.4720302298225
 20
-220.81325760341954
 10
-375.0
 20
-220.83333333333334
  0
LWPOLYLINE
  5
1E0
330
1C9
100
AcDbEntity
  8
LIB-PLAN
100
AcDbPolyline
 90
33
 70
0
 10
-412.5
 20
-204.16666666666669
 10
-412.454829607694
 20
-205.1889098818212
 10
-412.31942725020735
 20
-206.20869042353252
 10
-412.0941191236793
 20
-207.22355155115338
 10
-411.77944801512115
 20
-208.23104837533603
 10
-411.37617199479536
 20
-209.22875374798465
 10
-410.88526258995785
 20
-210.214264109468
 10
-410.30790244436326
 20
-211.18520527900458
 10
-409.64548246917326
 20
-212.1392381742727
 10
-408.89959849212914
 20
-213.0740644464642
 10
-408.0720474130633
 20
-213.9874320172083
 10
-407.1648228750102
 20
-214.87714050402545
 10
-406.1801104613455
 20
-215.74104652124174
 10
-405.1202824305242
 20
-216.5770688435924
 10
-403.98789200110264
 20
-217.38319342007597
 10
-402.78566720081096
 20
-218.15747822597956
 10
-401.5165042944956
 20
-218.89805794138638
 10
-400.1834608067632
 20
-219.603148444895
 10
-398.78974815613674
 20
-220.27105111172366
 10
-397.3387239184662
 20
-220.90015690584679
 10
-395.8338837382351
 20
-221.488950256303
 10
-394.2788529072458
 20
-222.036012708339
 10
-392.6773776309749
 20
-222.54002634059074
 10
-391.0333160036356
 20
-222.99977694007174
 10
-389.35062871369087
 20
-223.4141569273185
 10
-387.6333695022082
 20
-223.78216802464627
 10
-385.88567539704235
 20
-224.1029236610877
 10
-384.1117567463724
 20
-224.37565110821964
 10
-382.3158870756048
 20
-224.599693341734
 10
-380.502392792076
 20
-224.7745106242663
 10
-378.6756427623585
 20
-224.89968180567075
 10
-376.8400377872782
 20
-224.9749053376078
 10
-375.0
 20
-225.0
  0
LWPOLYLINE
  5
1E1
330
1C9
100
AcDbEntity
  8
LIB-PLAN
100
AcDbPolyline
 90
33
 70
0
 10
375.0
 20
-220.83333333333334
 10
376.4720302298225
 20
-220.81325760341954
 10
377.9405142098868
 20
-220.75307877786997
 10
379.4019142336608
 20
-220.65294183274636
 10
380.8527096604838
 20
-220.51308800672052
 10
382.2894053970979
 20
-220.33385421990906
 10
383.70854031763383
 20
-220.11567226220347
 10
385.10669560176655
 20
-219.85906775305037
 10
386.48050297095267
 20
-219.56465887518814
 10
387.8266528029085
 20
-219.23315488539072
 10
389.1419021047799
 20
-218.86535440580593
 10
390.4230823257966
 20
-218.46214350000452
 10
391.6671069905881
 20
-218.02449353837574
 10
392.870979134773
 20
-217.55345885801077
 10
394.03179852490933
 20
-217.05017422271231
 10
395.14676864541053
 20
-216.51585208924934
 10
396.2132034355964
 20
-215.95177968644248
 10
397.2285337606488
 20
-215.35931591411696
 10
398.19031360088206
 20
-214.73988806939408
 10
399.0962259444194
 20
-214.09498840820723
 10
399.9440883690763
 20
-213.42617055032673
 10
400.7318583000081
 20
-212.7350457365537
 10
401.4576379304507
 20
-212.02327894709995
 10
402.11967879370326
 20
-211.2925848905047
 10
402.71638597533865
 20
-210.54472387275152
 10
403.24632195549066
 20
-209.781497556537
 10
403.7082100719662
 20
-209.0047446209077
 10
404.1009375958363
 20
-208.2163363317211
 10
404.4235584120969
 20
-207.41817203360213
 10
404.6752952989434
 20
-206.61217457425604
 10
404.85554180016595
 20
-205.80028567215936
 10
404.96386368615515
 20
-204.98446123879032
 10
405.0
 20
-204.16666666666669
  0
LWPOLYLINE
  5
1E2
330
1C9
100
AcDbEntity
  8
LIB-PLAN
100
AcDbPolyline
 90
33
 70
0
 10
375.0
 20
-225.0
 10
376.8400377872782
 20
-224.9749053376078
 10
378.6756427623585
 20
-224.89968180567075
 10
380.502392792076
 20
-224.7745106242663
 10
382.3158870756048
 20
-224.599693341734
 10
384.1117567463724
 20
-224.37565110821964
 10
385.88567539704235
 20
-224.1029236610877
 10
387.6333695022082
 20
-223.78216802464627
 10
389.35062871369087
 20
-223.4141569273185
 10
391.0333160036356
 20
-222.99977694007174
 10
392.6773776309749
 20
-222.54002634059074
 10
394.2788529072458
 20
-222.036012708339
 10
395.8338837382351
 20
-221.488950256303
 10
397.33872391846626
 20
-220.90015690584679
 10
398.78974815613674
 20
-220.27105111172372
 10
400.1834608067632
 20
-219.603148444895
 10
401.51650429449546
 20
-218.89805794138644
 10
402.78566720081096
 20
-218.15747822597956
 10
403.98789200110264
 20
-217.38319342007597
 10
405.1202824305242
 20
-216.5770688435924
 10
406.1801104613454
 20
-215.74104652124174
 10
407.1648228750102
 20
-214.87714050402545
 10
408.0720474130633
 20
-213.9874320172083
 10
408.89959849212914
 20
-213.0740644464642
 10
409.64548246917326
 20
-212.1392381742727
 10
410.30790244436326
 20
-211.18520527900458
 10
410.88526258995785
 20
-210.214264109468
 10
411.37617199479536
 20
-209.22875374798465
 10
411.77944801512115
 20
-208.23104837533603
 10
412.0941191236793
 20
-207.22355155115338
 10
412.31942725020735
 20
-206.20869042353252
 10
412.454829607694
 20
-205.18890988182122
 10
412.5
 20
-204.16666666666669
  0
LWPOLYLINE
  5
1E3
330
1C9
100
AcDbEntity
  8
LIB-PLAN
100
AcDbPolyline
 90
65
 70
1
 10
47.625
 20
49.67948717948768
 10
47.39567260776338
 20
52.2728573507073
 10
46.70989897920385
 20
54.84125194949774
 10
45.57428348924644
 20
57.35993593184533
 10
43.99976273585003
 20
59.80465299414735
 10
42.00150021459041
 20
62.151859174675536
 10
39.59874028590872
 20
64.37894959479799
 10
36.81462284140035
 20
66.46447615631746
 10
33.67596045400933
 20
68.38835409838174
 10
30.212980158293615
 20
70.13205542471009
 10
26.459032347558555
 20
71.67878733832586
 10
22.45026959133815
 20
73.01365396537123
 10
18.225298466387404
 20
74.12379981051548
 10
13.824807754243768
 20
74.99853356240237
 10
9.291176586018112
 20
75.62943105682315
 10
4.668066308195332
 20
76.01041640602288
 10
2.9161901904696347e-15
 20
76.13782051282101
 10
-4.668066308195326
 20
76.01041640602288
 10
-9.291176586018105
 20
75.62943105682315
 10
-13.82480775424376
 20
74.99853356240237
 10
-18.225298466387397
 20
74.12379981051548
 10
-22.45026959133814
 20
73.01365396537125
 10
-26.45903234755854
 20
71.67878733832586
 10
-30.21298015829361
 20
70.1320554247101
 10
-33.67596045400932
 20
68.38835409838174
 10
-36.81462284140035
 20
66.46447615631746
 10
-39.598740285908725
 20
64.37894959479799
 10
-42.00150021459041
 20
62.151859174675536
 10
-43.99976273585003
 20
59.80465299414735
 10
-45.57428348924644
 20
57.35993593184533
 10
-46.70989897920385
 20
54.84125194949775
 10
-47.39567260776337
 20
52.272857350707305
 10
-47.625
 20
49.67948717948768
 10
-47.39567260776338
 20
47.086117008268054
 10
-46.70989897920385
 20
44.517722409477614
 10
-45.57428348924645
 20
41.99903842713003
 10
-43.999762735850034
 20
39.55432136482801
 10
-42.00150021459041
 20
37.20711518429982
 10
-39.59874028590873
 20
34.98002476417738
 10
-36.81462284140035
 20
32.8944982026579
 10
-33.67596045400933
 20
30.97062026059361
 10
-30.212980158293632
 20
29.226918934265267
 10
-26.45903234755855
 20
27.680187020649498
 10
-22.450269591338152
 20
26.345320393604116
 10
-18.22529846638743
 20
25.235174548459888
 10
-13.824807754243775
 20
24.360440796572984
 10
-9.291176586018128
 20
23.729543302152205
 10
-4.668066308195317
 20
23.348557952952465
 10
-8.748570571408903e-15
 20
23.221153846154344
 10
4.668066308195299
 20
23.348557952952465
 10
9.29117658601811
 20
23.7295433021522
 10
13.824807754243755
 20
24.36044079657298
 10
18.22529846638741
 20
25.235174548459884
 10
22.450269591338134
 20
26.345320393604116
 10
26.459032347558534
 20
27.680187020649495
 10
30.212980158293618
 20
29.22691893426526
 10
33.675960454009314
 20
30.970620260593602
 10
36.814622841400336
 20
32.89449820265788
 10
39.59874028590872
 20
34.98002476417737
 10
42.0015002145904
 20
37.207115184299816
 10
43.99976273585002
 20
39.55432136482799
 10
45.57428348924644
 20
41.999038427130024
 10
46.70989897920384
 20
44.51772240947761
 10
47.39567260776338
 20
47.086117008268054
 10
47.625
 20
49.67948717948767
  0
LWPOLYLINE
  5
1E4
330
1C9
100
AcDbEntity
  8
LIB-PLAN
100
AcDbPolyline
 90
4
 70
0
 10
-375.0
 20
33.01282051282101
 10
-255.0
 20
-33.65384615384566
 10
255.0
 20
-33.65384615384566
 10
375.0
 20
33.01282051282101
  0
LINE
  5
1E5
330
1C9
100
AcDbEntity
  8
LIB-PLAN
100
AcDbLine
 10
-262.5
 20
-72.11538461538416
 30
0.0
 11
262.5
 21
-72.11538461538416
 31
0.0
  0
LINE
  5
1E6
330
1C9
100
AcDbEntity
  8
LIB-PLAN
100
AcDbLine
 10
-262.5
 20
-59.29487179487145
 30
0.0
 11
262.5
 21
-59.29487179487145
 31
0.0
  0
LINE
  5
1E7
330
1C9
100
AcDbEntity
  8
LIB-PLAN
100
AcDbLine
 10
-262.5
 20
-46.47435897435837
 30
0.0
 11
262.5
 21
-46.47435897435837
 31
0.0
  0
LINE
  5
1E8
330
1C9
100
AcDbEntity
  8
LIB-PLAN
100
AcDbLine
 10
-375.0
 20
208.33333333333334
 30
0.0
 11
375.0
 21
208.33333333333334
 31
0.0
  0
LINE
  5
1E9
330
1C9
100
AcDbEntity
  8
LIB-PLAN
100
AcDbLine
 10
-375.0
 20
212.5
 30
0.0
 11
375.0
 21
212.5
 31
0.0
  0
LINE
  5
1EA
330
1C9
100
AcDbEntity
  8
LIB-PLAN
100
AcDbLine
 10
-450.0
 20
233.33333333333334
 30
0.0
 11
450.0
 21
233.33333333333334
 31
0.0
  0
LINE
  5
1EB
330
1C9
100
AcDbEntity
  8
LIB-PLAN
100
AcDbLine
 10
-450.0
 20
250.0
 30
0.0
 11
450.0
 21
250.0
 31
0.0
  0
LWPOLYLINE
  5
1EC
330
1C9
100
AcDbEntity
  8
LIB-PLAN
100
AcDbPolyline
 90
33
 70
0
 10
-375.0
 20
212.5
 10
-376.8400377872782
 20
212.47490533760777
 10
-378.6756427623585
 20
212.39968180567078
 10
-380.5023927920761
 20
212.27451062426627
 10
-382.3158870756048
 20
212.09969334173397
 10
-384.1117567463724
 20
211.87565110821967
 10
-385.88567539704235
 20
211.6029236610877
 10
-387.6333695022082
 20
211.28216802464627
 10
-389.35062871369087
 20
210.9141569273185
 10
-391.0333160036356
 20
210.49977694007174
 10
-392.6773776309749
 20
210.04002634059074
 10
-394.2788529072458
 20
209.536012708339
 10
-395.8338837382351
 20
208.98895025630304
 10
-397.33872391846626
 20
208.40015690584676
 10
-398.78974815613674
 20
207.77105111172372
 10
-400.1834608067632
 20
207.103148444895
 10
-401.51650429449546
 20
206.3980579413864
 10
-402.78566720081096
 20
205.65747822597956
 10
-403.98789200110264
 20
204.88319342007597
 10
-405.1202824305242
 20
204.07706884359237
 10
-406.1801104613454
 20
203.24104652124174
 10
-407.1648228750102
 20
202.37714050402545
 10
-408.0720474130633
 20
201.4874320172083
 10
-408.89959849212914
 20
200.57406444646423
 10
-409.64548246917326
 20
199.6392381742727
 10
-410.30790244436326
 20
198.68520527900458
 10
-410.88526258995785
 20
197.714264109468
 10
-411.37617199479536
 20
196.72875374798468
 10
-411.77944801512115
 20
195.73104837533603
 10
-412.0941191236793
 20
194.72355155115338
 10
-412.31942725020735
 20
193.70869042353252
 10
-412.454829607694
 20
192.68890988182122
 10
-412.5
 20
191.66666666666669
  0
LINE
  5
1ED
330
1C9
100
AcDbEntity
  8
LIB-PLAN
100
AcDbLine
 10
-344.25
 20
192.01076293054334
 30
0.0
 11
-164.25
 21
192.01076293054334
 31
0.0
  0
LINE
  5
1EE
330
1C9
100
AcDbEntity
  8
LIB-PLAN
100
AcDbLine
 10
-344.25
 20
187.84409626387668
 30
0.0
 11
-164.25
 21
187.84409626387668
 31
0.0
  0
LINE
  5
1EF
330
1C9
100
AcDbEntity
  8
LIB-PLAN
100
AcDbLine
 10
-344.25
 20
175.34409626387668
 30
0.0
 11
-164.25
 21
175.34409626387668
 31
0.0
  0
LINE
  5
1F0
330
1C9
100
AcDbEntity
  8
LIB-PLAN
100
AcDbLine
 10
-344.25
 20
171.17742959721
 30
0.0
 11
-164.25
 21
171.17742959721
 31
0.0
  0
LINE
  5
1F1
330
1C9
100
AcDbEntity
  8
LIB-PLAN
100
AcDbLine
 10
-344.25
 20
154.51076293054334
 30
0.0
 11
-164.25
 21
154.51076293054334
 31
0.0
  0
LINE
  5
1F2
330
1C9
100
AcDbEntity
  8
LIB-PLAN
100
AcDbLine
 10
-344.25
 20
158.67742959721
 30
0.0
 11
-164.25
 21
158.67742959721
 31
0.0
  0
LWPOLYLINE
  5
1F3
330
1C9
100
AcDbEntity
  8
LIB-PLAN
100
AcDbPolyline
 90
33
 70
0
 10
-344.25
 20
192.01076293054334
 10
-344.61756427623584
 20
192.0007311111104
 10
-344.9815887075605
 20
191.97073226471673
 10
-345.33856753970423
 20
191.9210552966521
 10
-345.6850628713691
 20
191.85217862327517
 10
-346.0177377630975
 20
191.7647655646024
 10
-346.3333883738235
 20
191.65965795617365
 10
-346.6289748156137
 20
191.5378680417157
 10
-346.90165042944955
 20
191.400568724682
 10
-347.1487892001103
 20
191.24908227255094
 10
-347.36801104613454
 20
191.0848675826675
 10
-347.55720474130635
 20
190.90950613226417
 10
-347.71454824691733
 20
190.72468674797062
 10
-347.8385262589958
 20
190.53218934149012
 10
-347.9279448015121
 20
190.33386776807694
 10
-347.98194272502076
 20
190.13163197289657
 10
-348.0
 20
189.92742959721
 10
-347.98194272502076
 20
189.72322722152342
 10
-347.9279448015121
 20
189.52099142634307
 10
-347.8385262589958
 20
189.32266985292986
 10
-347.71454824691733
 20
189.1301724464494
 10
-347.55720474130635
 20
188.94535306215585
 10
-347.36801104613454
 20
188.7699916117525
 10
-347.1487892001103
 20
188.60577692186905
 10
-346.90165042944955
 20
188.45429046973803
 10
-346.6289748156137
 20
188.3169911527043
 10
-346.3333883738235
 20
188.19520123824637
 10
-346.0177377630975
 20
188.0900936298176
 10
-345.6850628713691
 20
188.00268057114482
 10
-345.33856753970423
 20
187.9338038977679
 10
-344.9815887075605
 20
187.88412692970326
 10
-344.61756427623584
 20
187.85412808330958
 10
-344.25
 20
187.84409626387668
  0
LWPOLYLINE
  5
1F4
330
1C9
100
AcDbEntity
  8
LIB-PLAN
100
AcDbPolyline
 90
33
 70
0
 10
-344.25
 20
175.34409626387668
 10
-344.61756427623584
 20
175.33406444444375
 10
-344.9815887075605
 20
175.30406559805007
 10
-345.33856753970423
 20
175.25438862998544
 10
-345.6850628713691
 20
175.1855119566085
 10
-346.0177377630975
 20
175.09809889793573
 10
-346.3333883738235
 20
174.99299128950696
 10
-346.6289748156137
 20
174.87120137504903
 10
-346.90165042944955
 20
174.73390205801533
 10
-347.1487892001103
 20
174.58241560588428
 10
-347.36801104613454
 20
174.41820091600084
 10
-347.55720474130635
 20
174.2428394655975
 10
-347.71454824691733
 20
174.05802008130394
 10
-347.8385262589958
 20
173.86552267482347
 10
-347.9279448015121
 20
173.66720110141028
 10
-347.98194272502076
 20
173.4649653062299
 10
-348.0
 20
173.26076293054334
 10
-347.98194272502076
 20
173.05656055485676
 10
-347.9279448015121
 20
172.8543247596764
 10
-347.8385262589958
 20
172.6560031862632
 10
-347.71454824691733
 20
172.46350577978274
 10
-347.55720474130635
 20
172.27868639548916
 10
-347.36801104613454
 20
172.10332494508583
 10
-347.1487892001103
 20
171.9391102552024
 10
-346.90165042944955
 20
171.78762380307137
 10
-346.6289748156137
 20
171.65032448603765
 10
-346.3333883738235
 20
171.5285345715797
 10
-346.0177377630975
 20
171.42342696315094
 10
-345.6850628713691
 20
171.33601390447816
 10
-345.33856753970423
 20
171.26713723110123
 10
-344.9815887075605
 20
171.2174602630366
 10
-344.61756427623584
 20
171.18746141664292
 10
-344.25
 20
171.17742959721
  0
LWPOLYLINE
  5
1F5
330
1C9
100
AcDbEntity
  8
LIB-PLAN
100
AcDbPolyline
 90
33
 70
0
 10
-344.25
 20
158.67742959721
 10
-344.61756427623584
 20
158.66739777777707
 10
-344.9815887075605
 20
158.63739893138342
 10
-345.33856753970423
 20
158.58772196331878
 10
-345.6850628713691
 20
158.51884528994185
 10
-346.0177377630975
 20
158.43143223126907
 10
-346.3333883738235
 20
158.3263246228403
 10
-346.6289748156137
 20
158.20453470838237
 10
-346.90165042944955
 20
158.06723539134865
 10
-347.1487892001103
 20
157.9157489392176
 10
-347.36801104613454
 20
157.75153424933418
 10
-347.55720474130635
 20
157.57617279893083
 10
-347.71454824691733
 20
157.39135341463728
 10
-347.8385262589958
 20
157.1988560081568
 10
-347.9279448015121
 20
157.0005344347436
 10
-347.98194272502076
 20
156.79829863956326
 10
-348.0
 20
156.59409626387668
 10
-347.98194272502076
 20
156.3898938881901
 10
-347.9279448015121
 20
156.18765809300973
 10
-347.8385262589958
 20
155.98933651959652
 10
-347.71454824691733
 20
155.79683911311605
 10
-347.55720474130635
 20
155.6120197288225
 10
-347.36801104613454
 20
155.43665827841917
 10
-347.1487892001103
 20
155.27244358853574
 10
-346.90165042944955
 20
155.1209571364047
 10
-346.6289748156137
 20
154.98365781937096
 10
-346.3333883738235
 20
154.86186790491303
 10
-346.0177377630975
 20
154.75676029648426
 10
-345.6850628713691
 20
154.66934723781148
 10
-345.33856753970423
 20
154.60047056443454
 10
-344.9815887075605
 20
154.55079359636994
 10
-344.61756427623584
 20
154.52079474997626
 10
-344.25
 20
154.51076293054334
  0
LWPOLYLINE
  5
1F6
330
1C9
100
AcDbEntity
  8
LIB-PLAN
100
AcDbPolyline
 90
33
 70
0
 10
-375.0
 20
208.33333333333334
 10
-376.4720302298225
 20
208.31325760341954
 10
-377.9405142098868
 20
208.25307877786994
 10
-379.4019142336608
 20
208.15294183274636
 10
-380.8527096604838
 20
208.01308800672052
 10
-382.28940539709794
 20
207.83385421990909
 10
-383.70854031763383
 20
207.61567226220347
 10
-385.10669560176655
 20
207.35906775305037
 10
-386.48050297095267
 20
207.06465887518814
 10
-387.8266528029085
 20
206.73315488539072
 10
-389.1419021047799
 20
206.36535440580593
 10
-390.4230823257966
 20
205.96214350000454
 10
-391.6671069905881
 20
205.52449353837576
 10
-392.870979134773
 20
205.05345885801074
 10
-394.03179852490933
 20
204.5501742227123
 10
-395.14676864541053
 20
204.01585208924934
 10
-396.2132034355964
 20
203.45177968644248
 10
-397.2285337606488
 20
202.859315914117
 10
-398.1903136008822
 20
202.2398880693941
 10
-399.0962259444193
 20
201.59498840820723
 10
-399.9440883690763
 20
200.92617055032673
 10
-400.7318583000081
 20
200.2350457365537
 10
-401.4576379304507
 20
199.52327894709995
 10
-402.11967879370326
 20
198.7925848905047
 10
-402.71638597533865
 20
198.04472387275152
 10
-403.24632195549066
 20
197.281497556537
 10
-403.7082100719662
 20
196.5047446209077
 10
-404.1009375958363
 20
195.7163363317211
 10
-404.4235584120969
 20
194.91817203360213
 10
-404.6752952989434
 20
194.11217457425604
 10
-404.85554180016584
 20
193.30028567215936
 10
-404.96386368615515
 20
192.48446123879032
 10
-405.0
 20
191.66666666666669
  0
LWPOLYLINE
  5
1F7
330
1C9
100
AcDbEntity
  8
LIB-PLAN
100
AcDbPolyline
 90
65
 70
1
 10
28.575000000000003
 20
49.67948717948768
 10
28.43740356465803
 20
51.23550928221945
 10
28.025939387522307
 20
52.77654604149372
 10
27.344570093547865
 20
54.28775643090226
 10
26.399857641510017
 20
55.75458666828348
 10
25.20090012875425
 20
57.16291037660039
 10
23.759244171545234
 20
58.49916462867387
 10
22.088773704840207
 20
59.750480565585555
 10
20.205576272405597
 20
60.90480733082412
 10
18.127788094976168
 20
61.95102812662113
 10
15.875419408535137
 20
62.87906727479058
 10
13.470161754802888
 20
63.67998725101781
 10
10.935179079832443
 20
64.34607475810436
 10
8.294884652546262
 20
64.8709150092365
 10
5.574705951610867
 20
65.24945350588897
 10
2.800839784917199
 20
65.4780447154088
 10
1.749714114281781e-15
 20
65.55448717948768
 10
-2.8008397849171955
 20
65.47804471540881
 10
-5.574705951610863
 20
65.24945350588897
 10
-8.294884652546257
 20
64.8709150092365
 10
-10.935179079832439
 20
64.34607475810436
 10
-13.470161754802886
 20
63.67998725101781
 10
-15.875419408535127
 20
62.87906727479058
 10
-18.127788094976168
 20
61.95102812662113
 10
-20.205576272405594
 20
60.90480733082412
 10
-22.088773704840207
 20
59.750480565585555
 10
-23.759244171545234
 20
58.49916462867387
 10
-25.200900128754242
 20
57.16291037660039
 10
-26.399857641510017
 20
55.75458666828348
 10
-27.344570093547865
 20
54.28775643090226
 10
-28.025939387522307
 20
52.77654604149372
 10
-28.437403564658027
 20
51.235509282219454
 10
-28.575000000000003
 20
49.67948717948768
 10
-28.43740356465803
 20
48.123465076755906
 10
-28.025939387522307
 20
46.58242831748164
 10
-27.344570093547873
 20
45.07121792807309
 10
-26.399857641510025
 20
43.60438769069188
 10
-25.20090012875425
 20
42.196063982374966
 10
-23.759244171545237
 20
40.85980973030149
 10
-22.088773704840214
 20
39.608493793389805
 10
-20.2055762724056
 20
38.45416702815123
 10
-18.127788094976182
 20
37.40794623235423
 10
-15.875419408535132
 20
36.479907084184774
 10
-13.470161754802891
 20
35.67898710795754
 10
-10.935179079832457
 20
35.012899600871
 10
-8.294884652546266
 20
34.48805934973886
 10
-5.574705951610877
 20
34.109520853086394
 10
-2.8008397849171898
 20
33.880929643566546
 10
-5.249142342845343e-15
 20
33.80448717948768
 10
2.8008397849171796
 20
33.880929643566546
 10
5.574705951610866
 20
34.109520853086394
 10
8.294884652546253
 20
34.48805934973886
 10
10.935179079832448
 20
35.012899600871
 10
13.47016175480288
 20
35.67898710795754
 10
15.875419408535123
 20
36.47990708418477
 10
18.12778809497617
 20
37.40794623235423
 10
20.20557627240559
 20
38.45416702815123
 10
22.0887737048402
 20
39.6084937933898
 10
23.759244171545234
 20
40.85980973030149
 10
25.20090012875424
 20
42.19606398237496
 10
26.399857641510014
 20
43.604387690691865
 10
27.344570093547865
 20
45.07121792807308
 10
28.025939387522307
 20
46.582428317481636
 10
28.43740356465803
 20
48.123465076755906
 10
28.575000000000003
 20
49.67948717948767
  0
LWPOLYLINE
  5
1F8
330
1C9
100
AcDbEntity
  8
LIB-PLAN
100
AcDbPolyline
 90
33
 70
0
 10
-164.25
 20
187.84409626387668
 10
-163.88243572376413
 20
187.85412808330958
 10
-163.5184112924395
 20
187.88412692970326
 10
-163.16143246029577
 20
187.9338038977679
 10
-162.81493712863093
 20
188.00268057114482
 10
-162.4822622369025
 20
188.0900936298176
 10
-162.1666116261765
 20
188.19520123824637
 10
-161.87102518438633
 20
188.3169911527043
 10
-161.59834957055045
 20
188.45429046973803
 10
-161.35121079988974
 20
188.60577692186905
 10
-161.13198895386546
 20
188.7699916117525
 10
-160.94279525869368
 20
188.94535306215585
 10
-160.78545175308267
 20
189.1301724464494
 10
-160.66147374100422
 20
189.32266985292986
 10
-160.5720551984879
 20
189.52099142634307
 10
-160.51805727497924
 20
189.72322722152342
 10
-160.5
 20
189.92742959721
 10
-160.51805727497924
 20
190.13163197289657
 10
-160.5720551984879
 20
190.33386776807694
 10
-160.66147374100422
 20
190.53218934149012
 10
-160.78545175308267
 20
190.72468674797062
 10
-160.94279525869368
 20
190.90950613226417
 10
-161.13198895386546
 20
191.0848675826675
 10
-161.35121079988974
 20
191.24908227255094
 10
-161.59834957055045
 20
191.40056872468196
 10
-161.87102518438633
 20
191.5378680417157
 10
-162.1666116261765
 20
191.65965795617365
 10
-162.4822622369025
 20
191.7647655646024
 10
-162.8149371286309
 20
191.85217862327517
 10
-163.16143246029577
 20
191.9210552966521
 10
-163.5184112924395
 20
191.97073226471673
 10
-163.88243572376413
 20
192.0007311111104
 10
-164.25
 20
192.01076293054334
  0
LWPOLYLINE
  5
1F9
330
1C9
100
AcDbEntity
  8
LIB-PLAN
100
AcDbPolyline
 90
33
 70
0
 10
-164.25
 20
171.17742959721
 10
-163.88243572376413
 20
171.18746141664292
 10
-163.5184112924395
 20
171.2174602630366
 10
-163.16143246029577
 20
171.26713723110123
 10
-162.81493712863093
 20
171.33601390447816
 10
-162.4822622369025
 20
171.42342696315094
 10
-162.1666116261765
 20
171.5285345715797
 10
-161.87102518438633
 20
171.65032448603765
 10
-161.59834957055045
 20
171.78762380307134
 10
-161.35121079988974
 20
171.9391102552024
 10
-161.13198895386546
 20
172.10332494508583
 10
-160.94279525869368
 20
172.27868639548916
 10
-160.78545175308267
 20
172.46350577978274
 10
-160.66147374100422
 20
172.6560031862632
 10
-160.5720551984879
 20
172.8543247596764
 10
-160.51805727497924
 20
173.05656055485676
 10
-160.5
 20
173.26076293054334
 10
-160.51805727497924
 20
173.4649653062299
 10
-160.5720551984879
 20
173.66720110141028
 10
-160.66147374100422
 20
173.86552267482347
 10
-160.78545175308267
 20
174.05802008130394
 10
-160.94279525869368
 20
174.2428394655975
 10
-161.13198895386546
 20
174.41820091600084
 10
-161.35121079988974
 20
174.58241560588428
 10
-161.59834957055045
 20
174.7339020580153
 10
-161.87102518438633
 20
174.87120137504903
 10
-162.1666116261765
 20
174.99299128950696
 10
-162.4822622369025
 20
175.09809889793573
 10
-162.8149371286309
 20
175.1855119566085
 10
-163.16143246029577
 20
175.25438862998544
 10
-163.5184112924395
 20
175.30406559805007
 10
-163.88243572376413
 20
175.33406444444375
 10
-164.25
 20
175.34409626387668
  0
LWPOLYLINE
  5
1FA
330
1C9
100
AcDbEntity
  8
LIB-PLAN
100
AcDbPolyline
 90
33
 70
0
 10
-164.25
 20
154.51076293054334
 10
-163.88243572376413
 20
154.52079474997626
 10
-163.5184112924395
 20
154.55079359636994
 10
-163.16143246029577
 20
154.60047056443454
 10
-162.81493712863093
 20
154.66934723781148
 10
-162.4822622369025
 20
154.75676029648426
 10
-162.1666116261765
 20
154.86186790491303
 10
-161.87102518438633
 20
154.98365781937096
 10
-161.59834957055045
 20
155.12095713640468
 10
-161.35121079988974
 20
155.27244358853574
 10
-161.13198895386546
 20
155.43665827841917
 10
-160.94279525869368
 20
155.6120197288225
 10
-160.78545175308267
 20
155.79683911311605
 10
-160.66147374100422
 20
155.98933651959652
 10
-160.5720551984879
 20
156.18765809300973
 10
-160.51805727497924
 20
156.3898938881901
 10
-160.5
 20
156.59409626387668
 10
-160.51805727497924
 20
156.79829863956326
 10
-160.5720551984879
 20
157.0005344347436
 10
-160.66147374100422
 20
157.1988560081568
 10
-160.78545175308267
 20
157.39135341463728
 10
-160.94279525869368
 20
157.57617279893083
 10
-161.13198895386546
 20
157.75153424933418
 10
-161.35121079988974
 20
157.9157489392176
 10
-161.59834957055045
 20
158.06723539134862
 10
-161.87102518438633
 20
158.20453470838237
 10
-162.1666116261765
 20
158.3263246228403
 10
-162.4822622369025
 20
158.43143223126907
 10
-162.8149371286309
 20
158.51884528994185
 10
-163.16143246029577
 20
158.58772196331878
 10
-163.5184112924395
 20
158.63739893138342
 10
-163.88243572376413
 20
158.66739777777707
 10
-164.25
 20
158.67742959721
  0
LWPOLYLINE
  5
1FB
330
1C9
100
AcDbEntity
  8
LIB-PLAN
100
AcDbPolyline
 90
33
 70
0
 10
412.5
 20
191.66666666666669
 10
412.454829607694
 20
192.68890988182122
 10
412.31942725020735
 20
193.70869042353252
 10
412.0941191236793
 20
194.72355155115338
 10
411.77944801512115
 20
195.73104837533603
 10
411.37617199479536
 20
196.72875374798465
 10
410.88526258995785
 20
197.714264109468
 10
410.30790244436326
 20
198.68520527900458
 10
409.64548246917326
 20
199.6392381742727
 10
408.89959849212914
 20
200.5740644464642
 10
408.0720474130633
 20
201.4874320172083
 10
407.1648228750102
 20
202.37714050402545
 10
406.1801104613454
 20
203.24104652124174
 10
405.1202824305242
 20
204.07706884359237
 10
403.98789200110264
 20
204.88319342007597
 10
402.78566720081096
 20
205.65747822597956
 10
401.5165042944956
 20
206.3980579413864
 10
400.1834608067632
 20
207.103148444895
 10
398.78974815613674
 20
207.7710511117237
 10
397.33872391846626
 20
208.40015690584676
 10
395.8338837382351
 20
208.98895025630304
 10
394.2788529072458
 20
209.536012708339
 10
392.6773776309749
 20
210.04002634059074
 10
391.0333160036356
 20
210.49977694007174
 10
389.35062871369087
 20
210.9141569273185
 10
387.6333695022082
 20
211.28216802464627
 10
385.88567539704235
 20
211.6029236610877
 10
384.1117567463724
 20
211.87565110821967
 10
382.3158870756048
 20
212.09969334173397
 10
380.5023927920761
 20
212.27451062426627
 10
378.6756427623585
 20
212.39968180567078
 10
376.8400377872782
 20
212.47490533760777
 10
375.0
 20
212.5
  0
LWPOLYLINE
  5
1FC
330
1C9
100
AcDbEntity
  8
LIB-PLAN
100
AcDbPolyline
 90
33
 70
0
 10
405.0
 20
191.66666666666669
 10
404.96386368615515
 20
192.48446123879032
 10
404.85554180016595
 20
193.30028567215933
 10
404.6752952989434
 20
194.11217457425604
 10
404.4235584120969
 20
194.91817203360213
 10
404.1009375958363
 20
195.7163363317211
 10
403.7082100719662
 20
196.5047446209077
 10
403.24632195549066
 20
197.281497556537
 10
402.71638597533865
 20
198.04472387275152
 10
402.11967879370326
 20
198.7925848905047
 10
401.4576379304507
 20
199.52327894709995
 10
400.7318583000081
 20
200.2350457365537
 10
399.9440883690763
 20
200.92617055032673
 10
399.0962259444194
 20
201.59498840820723
 10
398.1903136008822
 20
202.2398880693941
 10
397.2285337606488
 20
202.85931591411696
 10
396.2132034355964
 20
203.45177968644248
 10
395.14676864541053
 20
204.01585208924934
 10
394.03179852490933
 20
204.5501742227123
 10
392.870979134773
 20
205.05345885801074
 10
391.6671069905881
 20
205.52449353837576
 10
390.4230823257966
 20
205.96214350000454
 10
389.1419021047799
 20
206.36535440580593
 10
387.8266528029085
 20
206.73315488539072
 10
386.48050297095267
 20
207.06465887518814
 10
385.10669560176655
 20
207.35906775305037
 10
383.70854031763383
 20
207.61567226220347
 10
382.28940539709794
 20
207.83385421990909
 10
380.8527096604838
 20
208.01308800672052
 10
379.4019142336608
 20
208.15294183274636
 10
377.9405142098868
 20
208.25307877786994
 10
376.4720302298225
 20
208.31325760341954
 10
375.0
 20
208.33333333333334
  0
LINE
  5
1FD
330
1C9
100
AcDbEntity
  8
LIB-PLAN
100
AcDbLine
 10
163.66808984498107
 20
192.01076293054334
 30
0.0
 11
343.66808984498107
 21
192.01076293054334
 31
0.0
  0
LINE
  5
1FE
330
1C9
100
AcDbEntity
  8
LIB-PLAN
100
AcDbLine
 10
163.66808984498107
 20
187.84409626387668
 30
0.0
 11
343.66808984498107
 21
187.84409626387668
 31
0.0
  0
LINE
  5
1FF
330
1C9
100
AcDbEntity
  8
LIB-PLAN
100
AcDbLine
 10
163.66808984498107
 20
175.34409626387668
 30
0.0
 11
343.66808984498107
 21
175.34409626387668
 31
0.0
  0
LINE
  5
200
330
1C9
100
AcDbEntity
  8
LIB-PLAN
100
AcDbLine
 10
163.66808984498107
 20
171.17742959721
 30
0.0
 11
343.66808984498107
 21
171.17742959721
 31
0.0
  0
LINE
  5
201
330
1C9
100
AcDbEntity
  8
LIB-PLAN
100
AcDbLine
 10
163.66808984498107
 20
158.67742959721
 30
0.0
 11
343.66808984498107
 21
158.67742959721
 31
0.0
  0
LINE
  5
202
330
1C9
100
AcDbEntity
  8
LIB-PLAN
100
AcDbLine
 10
163.66808984498107
 20
154.51076293054334
 30
0.0
 11
343.66808984498107
 21
154.51076293054334
 31
0.0
  0
LWPOLYLINE
  5
203
330
1C9
100
AcDbEntity
  8
LIB-PLAN
100
AcDbPolyline
 90
33
 70
0
 10
163.66808984498107
 20
192.01076293054334
 10
163.3005255687452
 20
192.0007311111104
 10
162.93650113742058
 20
191.97073226471673
 10
162.57952230527684
 20
191.9210552966521
 10
162.233026973612
 20
191.85217862327517
 10
161.90035208188357
 20
191.7647655646024
 10
161.58470147115756
 20
191.65965795617365
 10
161.2891150293674
 20
191.5378680417157
 10
161.01643941553152
 20
191.400568724682
 10
160.7693006448708
 20
191.24908227255094
 10
160.55007879884653
 20
191.0848675826675
 10
160.36088510367475
 20
190.90950613226417
 10
160.20354159806374
 20
190.72468674797062
 10
160.07956358598528
 20
190.53218934149012
 10
159.99014504346897
 20
190.33386776807694
 10
159.9361471199603
 20
190.13163197289657
 10
159.91808984498107
 20
189.92742959721
 10
159.9361471199603
 20
189.72322722152342
 10
159.99014504346897
 20
189.52099142634307
 10
160.07956358598528
 20
189.32266985292986
 10
160.20354159806374
 20
189.1301724464494
 10
160.36088510367475
 20
188.94535306215585
 10
160.55007879884653
 20
188.7699916117525
 10
160.7693006448708
 20
188.60577692186905
 10
161.01643941553152
 20
188.45429046973803
 10
161.2891150293674
 20
188.3169911527043
 10
161.58470147115756
 20
188.19520123824637
 10
161.90035208188357
 20
188.0900936298176
 10
162.23302697361197
 20
188.00268057114482
 10
162.57952230527684
 20
187.9338038977679
 10
162.93650113742058
 20
187.88412692970326
 10
163.3005255687452
 20
187.85412808330958
 10
163.66808984498107
 20
187.84409626387668
  0
LWPOLYLINE
  5
204
330
1C9
100
AcDbEntity
  8
LIB-PLAN
100
AcDbPolyline
 90
33
 70
0
 10
163.66808984498107
 20
175.34409626387668
 10
163.3005255687452
 20
175.33406444444375
 10
162.93650113742058
 20
175.30406559805007
 10
162.57952230527684
 20
175.25438862998544
 10
162.233026973612
 20
175.1855119566085
 10
161.90035208188357
 20
175.09809889793573
 10
161.58470147115756
 20
174.99299128950696
 10
161.2891150293674
 20
174.87120137504903
 10
161.01643941553152
 20
174.73390205801533
 10
160.7693006448708
 20
174.58241560588428
 10
160.55007879884653
 20
174.41820091600084
 10
160.36088510367475
 20
174.2428394655975
 10
160.20354159806374
 20
174.05802008130394
 10
160.07956358598528
 20
173.86552267482347
 10
159.99014504346897
 20
173.66720110141028
 10
159.9361471199603
 20
173.4649653062299
 10
159.91808984498107
 20
173.26076293054334
 10
159.9361471199603
 20
173.05656055485676
 10
159.99014504346897
 20
172.8543247596764
 10
160.07956358598528
 20
172.6560031862632
 10
160.20354159806374
 20
172.46350577978274
 10
160.36088510367475
 20
172.27868639548916
 10
160.55007879884653
 20
172.10332494508583
 10
160.7693006448708
 20
171.9391102552024
 10
161.01643941553152
 20
171.78762380307137
 10
161.2891150293674
 20
171.65032448603765
 10
161.58470147115756
 20
171.5285345715797
 10
161.90035208188357
 20
171.42342696315094
 10
162.23302697361197
 20
171.33601390447816
 10
162.57952230527684
 20
171.26713723110123
 10
162.93650113742058
 20
171.2174602630366
 10
163.3005255687452
 20
171.18746141664292
 10
163.66808984498107
 20
171.17742959721
  0
LWPOLYLINE
  5
205
330
1C9
100
AcDbEntity
  8
LIB-PLAN
100
AcDbPolyline
 90
33
 70
0
 10
163.66808984498107
 20
158.67742959721
 10
163.3005255687452
 20
158.66739777777707
 10
162.93650113742058
 20
158.63739893138342
 10
162.57952230527684
 20
158.58772196331878
 10
162.233026973612
 20
158.51884528994185
 10
161.90035208188357
 20
158.43143223126907
 10
161.58470147115756
 20
158.3263246228403
 10
161.2891150293674
 20
158.20453470838237
 10
161.01643941553152
 20
158.06723539134865
 10
160.7693006448708
 20
157.9157489392176
 10
160.55007879884653
 20
157.75153424933418
 10
160.36088510367475
 20
157.57617279893083
 10
160.20354159806374
 20
157.39135341463728
 10
160.07956358598528
 20
157.1988560081568
 10
159.99014504346897
 20
157.0005344347436
 10
159.9361471199603
 20
156.79829863956326
 10
159.91808984498107
 20
156.59409626387668
 10
159.9361471199603
 20
156.3898938881901
 10
159.99014504346897
 20
156.18765809300973
 10
160.07956358598528
 20
155.98933651959652
 10
160.20354159806374
 20
155.79683911311605
 10
160.36088510367475
 20
155.6120197288225
 10
160.55007879884653
 20
155.43665827841917
 10
160.7693006448708
 20
155.27244358853574
 10
161.01643941553152
 20
155.1209571364047
 10
161.2891150293674
 20
154.98365781937096
 10
161.58470147115756
 20
154.86186790491303
 10
161.90035208188357
 20
154.75676029648426
 10
162.23302697361197
 20
154.66934723781148
 10
162.57952230527684
 20
154.60047056443454
 10
162.93650113742058
 20
154.55079359636994
 10
163.3005255687452
 20
154.52079474997626
 10
163.66808984498107
 20
154.51076293054334
  0
LWPOLYLINE
  5
206
330
1C9
100
AcDbEntity
  8
LIB-PLAN
100
AcDbPolyline
 90
33
 70
0
 10
343.66808984498107
 20
187.84409626387668
 10
344.0356541212169
 20
187.85412808330958
 10
344.39967855254156
 20
187.88412692970326
 10
344.7566573846853
 20
187.9338038977679
 10
345.10315271635017
 20
188.00268057114482
 10
345.43582760807857
 20
188.0900936298176
 10
345.75147821880455
 20
188.19520123824637
 10
346.04706466059474
 20
188.3169911527043
 10
346.3197402744306
 20
188.45429046973803
 10
346.56687904509135
 20
188.60577692186905
 10
346.7861008911156
 20
188.7699916117525
 10
346.9752945862874
 20
188.94535306215585
 10
347.1326380918984
 20
189.1301724464494
 10
347.25661610397685
 20
189.32266985292986
 10
347.3460346464932
 20
189.52099142634307
 10
347.4000325700018
 20
189.72322722152342
 10
347.41808984498107
 20
189.92742959721
 10
347.4000325700018
 20
190.13163197289657
 10
347.3460346464932
 20
190.33386776807694
 10
347.25661610397685
 20
190.53218934149012
 10
347.1326380918984
 20
190.72468674797062
 10
346.9752945862874
 20
190.90950613226417
 10
346.7861008911156
 20
191.0848675826675
 10
346.56687904509135
 20
191.24908227255094
 10
346.3197402744306
 20
191.40056872468196
 10
346.04706466059474
 20
191.5378680417157
 10
345.75147821880455
 20
191.65965795617365
 10
345.43582760807857
 20
191.7647655646024
 10
345.10315271635017
 20
191.85217862327517
 10
344.7566573846853
 20
191.9210552966521
 10
344.39967855254156
 20
191.97073226471673
 10
344.0356541212169
 20
192.0007311111104
 10
343.66808984498107
 20
192.01076293054334
  0
LWPOLYLINE
  5
207
330
1C9
100
AcDbEntity
  8
LIB-PLAN
100
AcDbPolyline
 90
33
 70
0
 10
343.66808984498107
 20
171.17742959721
 10
344.0356541212169
 20
171.18746141664292
 10
344.39967855254156
 20
171.2174602630366
 10
344.7566573846853
 20
171.26713723110123
 10
345.10315271635017
 20
171.33601390447816
 10
345.43582760807857
 20
171.42342696315094
 10
345.75147821880455
 20
171.5285345715797
 10
346.04706466059474
 20
171.65032448603765
 10
346.3197402744306
 20
171.78762380307134
 10
346.56687904509135
 20
171.9391102552024
 10
346.7861008911156
 20
172.10332494508583
 10
346.9752945862874
 20
172.27868639548916
 10
347.1326380918984
 20
172.46350577978274
 10
347.25661610397685
 20
172.6560031862632
 10
347.3460346464932
 20
172.8543247596764
 10
347.4000325700018
 20
173.05656055485676
 10
347.41808984498107
 20
173.26076293054334
 10
347.4000325700018
 20
173.4649653062299
 10
347.3460346464932
 20
173.66720110141028
 10
347.25661610397685
 20
173.86552267482347
 10
347.1326380918984
 20
174.05802008130394
 10
346.9752945862874
 20
174.2428394655975
 10
346.7861008911156
 20
174.41820091600084
 10
346.56687904509135
 20
174.58241560588428
 10
346.3197402744306
 20
174.7339020580153
 10
346.04706466059474
 20
174.87120137504903
 10
345.75147821880455
 20
174.99299128950696
 10
345.43582760807857
 20
175.09809889793573
 10
345.10315271635017
 20
175.1855119566085
 10
344.7566573846853
 20
175.25438862998544
 10
344.39967855254156
 20
175.30406559805007
 10
344.0356541212169
 20
175.33406444444375
 10
343.66808984498107
 20
175.34409626387668
  0
LWPOLYLINE
  5
208
330
1C9
100
AcDbEntity
  8
LIB-PLAN
100
AcDbPolyline
 90
33
 70
0
 10
343.66808984498107
 20
154.51076293054334
 10
344.0356541212169
 20
154.52079474997626
 10
344.39967855254156
 20
154.55079359636994
 10
344.7566573846853
 20
154.60047056443454
 10
345.10315271635017
 20
154.66934723781148
 10
345.43582760807857
 20
154.75676029648426
 10
345.75147821880455
 20
154.86186790491303
 10
346.04706466059474
 20
154.98365781937096
 10
346.3197402744306
 20
155.12095713640468
 10
346.56687904509135
 20
155.27244358853574
 10
346.7861008911156
 20
155.43665827841917
 10
346.9752945862874
 20
155.6120197288225
 10
347.1326380918984
 20
155.79683911311605
 10
347.25661610397685
 20
155.98933651959652
 10
347.3460346464932
 20
156.18765809300973
 10
347.4000325700018
 20
156.3898938881901
 10
347.41808984498107
 20
156.59409626387668
 10
347.4000325700018
 20
156.79829863956326
 10
347.3460346464932
 20
157.0005344347436
 10
347.25661610397685
 20
157.1988560081568
 10
347.1326380918984
 20
157.39135341463728
 10
346.9752945862874
 20
157.57617279893083
 10
346.7861008911156
 20
157.75153424933418
 10
346.56687904509135
 20
157.9157489392176
 10
346.3197402744306
 20
158.06723539134862
 10
346.04706466059474
 20
158.20453470838237
 10
345.75147821880455
 20
158.3263246228403
 10
345.43582760807857
 20
158.43143223126907
 10
345.10315271635017
 20
158.51884528994185
 10
344.7566573846853
 20
158.58772196331878
 10
344.39967855254156
 20
158.63739893138342
 10
344.0356541212169
 20
158.66739777777707
 10
343.66808984498107
 20
158.67742959721
  0
ENDBLK
  5
1CB
330
1C9
100
AcDbEntity
  8
0
100
AcDbBlockEnd
  0
BLOCK
  5
20A
330
209
100
AcDbEntity
  8
0
100
AcDbBlockBegin
  2
SHOWER_900x1200_PLAN
 70
0
 10
0.0
 20
0.0
 30
0.0
  3
SHOWER_900x1200_PLAN
  1

  0
LINE
  5
20C
330
209
100
AcDbEntity
  8
LIB-PLAN
100
AcDbLine
 10
-450.0
 20
-600.0
 30
0.0
 11
-450.0
 21
600.0
 31
0.0
  0
LINE
  5
20D
330
209
100
AcDbEntity
  8
LIB-PLAN
100
AcDbLine
 10
-450.0
 20
600.0
 30
0.0
 11
450.0
 21
600.0
 31
0.0
  0
LINE
  5
20E
330
209
100
AcDbEntity
  8
LIB-PLAN
100
AcDbLine
 10
450.0
 20
600.0
 30
0.0
 11
450.0
 21
-600.0
 31
0.0
  0
LINE
  5
20F
330
209
100
AcDbEntity
  8
LIB-PLAN
100
AcDbLine
 10
450.0
 20
-600.0
 30
0.0
 11
-450.0
 21
-600.0
 31
0.0
  0
LWPOLYLINE
  5
210
330
209
100
AcDbEntity
  8
LIB-PLAN
100
AcDbPolyline
 90
33
 70
0
 10
-350.0
 20
533.3333333333334
 10
-352.45338371637087
 20
533.2530304136782
 10
-354.90085701647797
 20
533.0123151114799
 10
-357.33652372276805
 20
532.6117673309855
 10
-359.75451610080637
 20
532.0523520268821
 10
-362.1490089951631
 20
531.3354168796363
 10
-364.51423386272313
 20
530.462689048814
 10
-366.844492669611
 20
529.4362710122015
 10
-369.13417161825447
 20
528.2586355007525
 10
-371.3777546715141
 20
526.9326195415629
 10
-373.5698368412999
 20
525.4614176232237
 10
-375.7051372096611
 20
523.8485740000182
 10
-377.7785116509801
 20
522.0979741535031
 10
-379.78496522462166
 20
520.213835432043
 10
-381.7196642081823
 20
518.2006968908491
 10
-383.5779477423509
 20
516.0634083569973
 10
-385.3553390593273
 20
513.8071187457698
 10
-387.04755626774795
 20
511.43726365646796
 10
-388.65052266813683
 20
508.95955227757645
 10
-390.1603765740322
 20
506.3799536328289
 10
-391.57348061512727
 20
503.70468220130687
 10
-392.88643050001355
 20
500.94018294621486
 10
-394.0960632174177
 20
498.0931157883999
 10
-395.1994646561721
 20
495.17033956201885
 10
-396.1939766255643
 20
492.178895491006
 10
-397.077203259151
 20
489.1259902261481
 10
-397.8470167866104
 20
486.01897848363086
 10
-398.50156265972714
 20
482.8653453268843
 10
-399.0392640201615
 20
479.6726881344086
 10
-399.458825498239
 20
476.4486982970242
 10
-399.7592363336098
 20
473.20114268863745
 10
-399.9397728102586
 20
469.9378449551612
 10
-400.0
 20
466.6666666666667
  0
LINE
  5
211
330
209
100
AcDbEntity
  8
LIB-PLAN
100
AcDbLine
 10
-350.0
 20
533.3333333333334
 30
0.0
 11
350.0
 21
533.3333333333334
 31
0.0
  0
LWPOLYLINE
  5
212
330
209
100
AcDbEntity
  8
LIB-PLAN
100
AcDbPolyline
 90
33
 70
0
 10
400.0
 20
466.6666666666667
 10
399.9397728102586
 20
469.9378449551612
 10
399.7592363336098
 20
473.2011426886374
 10
399.458825498239
 20
476.4486982970242
 10
399.0392640201615
 20
479.6726881344086
 10
398.50156265972714
 20
482.86534532688427
 10
397.8470167866104
 20
486.01897848363086
 10
397.077203259151
 20
489.1259902261481
 10
396.1939766255643
 20
492.178895491006
 10
395.1994646561721
 20
495.17033956201885
 10
394.09606321741774
 20
498.0931157883999
 10
392.8864305000136
 20
500.94018294621486
 10
391.57348061512727
 20
503.70468220130687
 10
390.1603765740322
 20
506.3799536328289
 10
388.65052266813683
 20
508.95955227757645
 10
387.04755626774795
 20
511.4372636564679
 10
385.3553390593274
 20
513.8071187457698
 10
383.5779477423509
 20
516.0634083569973
 10
381.7196642081823
 20
518.2006968908491
 10
379.78496522462166
 20
520.213835432043
 10
377.7785116509801
 20
522.0979741535031
 10
375.7051372096611
 20
523.8485740000182
 10
373.5698368412999
 20
525.4614176232237
 10
371.3777546715141
 20
526.9326195415629
 10
369.13417161825447
 20
528.2586355007525
 10
366.844492669611
 20
529.4362710122015
 10
364.51423386272313
 20
530.462689048814
 10
362.1490089951632
 20
531.3354168796363
 10
359.75451610080637
 20
532.0523520268821
 10
357.33652372276805
 20
532.6117673309855
 10
354.900857016478
 20
533.0123151114798
 10
352.4533837163709
 20
533.2530304136782
 10
350.0
 20
533.3333333333334
  0
LINE
  5
213
330
209
100
AcDbEntity
  8
LIB-PLAN
100
AcDbLine
 10
400.0
 20
466.6666666666667
 30
0.0
 11
400.0
 21
-466.66666666666663
 31
0.0
  0
LWPOLYLINE
  5
214
330
209
100
AcDbEntity
  8
LIB-PLAN
100
AcDbPolyline
 90
33
 70
0
 10
350.0
 20
-533.3333333333334
 10
352.45338371637087
 20
-533.2530304136781
 10
354.90085701647797
 20
-533.0123151114798
 10
357.33652372276805
 20
-532.6117673309853
 10
359.75451610080637
 20
-532.052352026882
 10
362.1490089951631
 20
-531.3354168796362
 10
364.51423386272313
 20
-530.4626890488139
 10
366.844492669611
 20
-529.4362710122014
 10
369.13417161825447
 20
-528.2586355007525
 10
371.3777546715141
 20
-526.9326195415629
 10
373.5698368412999
 20
-525.4614176232237
 10
375.7051372096611
 20
-523.8485740000182
 10
377.7785116509801
 20
-522.097974153503
 10
379.78496522462166
 20
-520.213835432043
 10
381.7196642081823
 20
-518.2006968908491
 10
383.5779477423509
 20
-516.0634083569972
 10
385.3553390593273
 20
-513.8071187457698
 10
387.04755626774795
 20
-511.43726365646785
 10
388.65052266813683
 20
-508.95955227757634
 10
390.1603765740322
 20
-506.37995363282886
 10
391.57348061512727
 20
-503.7046822013068
 10
392.88643050001355
 20
-500.94018294621475
 10
394.0960632174177
 20
-498.0931157883998
 10
395.1994646561721
 20
-495.1703395620188
 10
396.1939766255643
 20
-492.17889549100596
 10
397.077203259151
 20
-489.12599022614796
 10
397.8470167866104
 20
-486.0189784836308
 10
398.50156265972714
 20
-482.86534532688427
 10
399.0392640201615
 20
-479.67268813440853
 10
399.458825498239
 20
-476.44869829702407
 10
399.7592363336098
 20
-473.2011426886374
 10
399.9397728102586
 20
-469.93784495516115
 10
400.0
 20
-466.66666666666663
  0
LINE
  5
215
330
209
100
AcDbEntity
  8
LIB-PLAN
100
AcDbLine
 10
-400.0
 20
-466.66666666666663
 30
0.0
 11
-400.0
 21
466.6666666666667
 31
0.0
  0
LINE
  5
216
330
209
100
AcDbEntity
  8
LIB-PLAN
100
AcDbLine
 10
350.0
 20
-533.3333333333333
 30
0.0
 11
-350.0
 21
-533.3333333333333
 31
0.0
  0
LWPOLYLINE
  5
217
330
209
100
AcDbEntity
  8
LIB-PLAN
100
AcDbPolyline
 90
33
 70
0
 10
-400.0
 20
-466.66666666666663
 10
-399.9397728102586
 20
-469.93784495516115
 10
-399.7592363336098
 20
-473.20114268863733
 10
-399.458825498239
 20
-476.44869829702407
 10
-399.0392640201615
 20
-479.67268813440853
 10
-398.50156265972714
 20
-482.8653453268842
 10
-397.8470167866104
 20
-486.0189784836308
 10
-397.077203259151
 20
-489.12599022614796
 10
-396.1939766255643
 20
-492.17889549100596
 10
-395.19946465617215
 20
-495.1703395620188
 10
-394.09606321741774
 20
-498.0931157883998
 10
-392.8864305000136
 20
-500.94018294621475
 10
-391.57348061512727
 20
-503.7046822013068
 10
-390.1603765740322
 20
-506.37995363282886
 10
-388.65052266813683
 20
-508.95955227757634
 10
-387.04755626774795
 20
-511.43726365646785
 10
-385.3553390593274
 20
-513.8071187457698
 10
-383.57794774235094
 20
-516.0634083569972
 10
-381.7196642081823
 20
-518.200696890849
 10
-379.78496522462166
 20
-520.213835432043
 10
-377.7785116509801
 20
-522.097974153503
 10
-375.7051372096611
 20
-523.8485740000181
 10
-373.5698368412999
 20
-525.4614176232236
 10
-371.3777546715141
 20
-526.9326195415629
 10
-369.1341716182545
 20
-528.2586355007525
 10
-366.844492669611
 20
-529.4362710122014
 10
-364.51423386272313
 20
-530.4626890488139
 10
-362.1490089951632
 20
-531.3354168796362
 10
-359.75451610080637
 20
-532.052352026882
 10
-357.33652372276805
 20
-532.6117673309853
 10
-354.90085701647797
 20
-533.0123151114798
 10
-352.45338371637087
 20
-533.2530304136781
 10
-350.0
 20
-533.3333333333334
  0
LWPOLYLINE
  5
218
330
209
100
AcDbEntity
  8
LIB-PLAN
100
AcDbPolyline
 90
65
 70
1
 10
50.0
 20
0.0
 10
49.75923633360984
 20
6.534476021970707
 10
49.039264020161525
 20
13.006021467741883
 10
47.84701678661044
 20
19.352311816964153
 10
46.19397662556434
 20
25.512228824339317
 10
44.09606321741775
 20
31.426449121733175
 10
41.57348061512726
 20
37.038015534640145
 10
38.650522668136844
 20
42.29288561090969
 10
35.35533905932738
 20
47.14045207910316
 10
31.71966420818227
 20
51.53403022418246
 10
27.778511650980114
 20
55.431307486836346
 10
23.569836841299892
 20
58.79475095655699
 10
19.13417161825449
 20
61.59196883408578
 10
14.514233862723115
 20
63.79602238214725
 10
9.754516100806416
 20
65.38568536021536
 10
4.900857016478039
 20
66.34564844481312
 10
3.0616169978683826e-15
 20
66.66666666666667
 10
-4.9008570164780325
 20
66.34564844481312
 10
-9.75451610080641
 20
65.38568536021536
 10
-14.514233862723108
 20
63.79602238214726
 10
-19.134171618254484
 20
61.59196883408578
 10
-23.569836841299885
 20
58.794750956557
 10
-27.778511650980096
 20
55.43130748683636
 10
-31.71966420818227
 20
51.53403022418247
 10
-35.35533905932737
 20
47.14045207910317
 10
-38.650522668136844
 20
42.29288561090969
 10
-41.573480615127266
 20
37.038015534640145
 10
-44.09606321741774
 20
31.42644912173319
 10
-46.19397662556434
 20
25.512228824339328
 10
-47.84701678661044
 20
19.352311816964157
 10
-49.039264020161525
 20
13.006021467741906
 10
-49.759236333609834
 20
6.534476021970722
 10
-50.0
 20
8.164311994315688e-15
 10
-49.75923633360984
 20
-6.534476021970705
 10
-49.039264020161525
 20
-13.00602146774189
 10
-47.847016786610446
 20
-19.35231181696414
 10
-46.193976625564346
 20
-25.51222882433931
 10
-44.09606321741775
 20
-31.426449121733175
 10
-41.573480615127266
 20
-37.03801553464013
 10
-38.65052266813685
 20
-42.292885610909686
 10
-35.355339059327385
 20
-47.14045207910316
 10
-31.71966420818229
 20
-51.534030224182445
 10
-27.778511650980107
 20
-55.431307486836346
 10
-23.569836841299896
 20
-58.79475095655699
 10
-19.134171618254516
 20
-61.59196883408576
 10
-14.514233862723122
 20
-63.79602238214725
 10
-9.754516100806432
 20
-65.38568536021536
 10
-4.900857016478022
 20
-66.34564844481312
 10
-9.184850993605149e-15
 20
-66.66666666666667
 10
4.900857016478004
 20
-66.34564844481312
 10
9.754516100806416
 20
-65.38568536021536
 10
14.514233862723103
 20
-63.79602238214726
 10
19.1341716182545
 20
-61.591968834085776
 10
23.569836841299878
 20
-58.794750956557
 10
27.77851165098009
 20
-55.43130748683636
 10
31.719664208182277
 20
-51.53403022418246
 10
35.35533905932736
 20
-47.14045207910318
 10
38.65052266813683
 20
-42.29288561090973
 10
41.57348061512726
 20
-37.038015534640145
 10
44.09606321741774
 20
-31.426449121733196
 10
46.193976625564325
 20
-25.51222882433936
 10
47.84701678661044
 20
-19.352311816964164
 10
49.03926402016152
 20
-13.006021467741915
 10
49.75923633360984
 20
-6.5344760219707005
 10
50.0
 20
-1.6328623988631375e-14
  0
ENDBLK
  5
20B
330
209
100
AcDbEntity
  8
0
100
AcDbBlockEnd
  0
BLOCK
  5
21A
330
219
100
AcDbEntity
  8
0
100
AcDbBlockBegin
  2
WARDROBE_D600_PLAN
 70
0
 10
0.0
 20
0.0
 30
0.0
  3
WARDROBE_D600_PLAN
  1

  0
LINE
  5
21C
330
219
100
AcDbEntity
  8
LIB-PLAN
100
AcDbLine
 10
0.0
 20
-600.0
 30
0.0
 11
0.0
 21
0.0
 31
0.0
  0
LINE
  5
21D
330
219
100
AcDbEntity
  8
LIB-PLAN
100
AcDbLine
 10
0.0
 20
0.0
 30
0.0
 11
965.1999999999999
 21
0.0
 31
0.0
  0
LINE
  5
21E
330
219
100
AcDbEntity
  8
LIB-PLAN
100
AcDbLine
 10
965.1999999999999
 20
0.0
 30
0.0
 11
965.1999999999999
 21
-600.0
 31
0.0
  0
LINE
  5
21F
330
219
100
AcDbEntity
  8
LIB-PLAN
100
AcDbLine
 10
965.1999999999999
 20
-600.0
 30
0.0
 11
0.0
 21
-600.0
 31
0.0
  0
ENDBLK
  5
21B
330
219
100
AcDbEntity
  8
0
100
AcDbBlockEnd
  0
BLOCK
  5
221
330
220
100
AcDbEntity
  8
0
100
AcDbBlockBegin
  2
WASHER_600x650_PLAN
 70
0
 10
0.0
 20
0.0
 30
0.0
  3
WASHER_600x650_PLAN
  1

  0
LINE
  5
223
330
220
100
AcDbEntity
  8
LIB-PLAN
100
AcDbLine
 10
8.951719505639057e-14
 20
-584.9999999999999
 30
0.0
 11
8.951719505639057e-14
 21
0.0
 31
0.0
  0
LINE
  5
224
330
220
100
AcDbEntity
  8
LIB-PLAN
100
AcDbLine
 10
8.951719505639057e-14
 20
0.0
 30
0.0
 11
600.0
 21
0.0
 31
0.0
  0
LINE
  5
225
330
220
100
AcDbEntity
  8
LIB-PLAN
100
AcDbLine
 10
600.0
 20
0.0
 30
0.0
 11
600.0
 21
-584.9999999999999
 31
0.0
  0
LINE
  5
226
330
220
100
AcDbEntity
  8
LIB-PLAN
100
AcDbLine
 10
600.0
 20
-584.9999999999999
 30
0.0
 11
8.951719505639057e-14
 21
-584.9999999999999
 31
0.0
  0
LINE
  5
227
330
220
100
AcDbEntity
  8
LIB-PLAN
100
AcDbLine
 10
8.951719505639057e-14
 20
-584.9999999999999
 30
0.0
 11
8.951719505639057e-14
 21
-606.6666666666665
 31
0.0
  0
LINE
  5
228
330
220
100
AcDbEntity
  8
LIB-PLAN
100
AcDbLine
 10
600.0
 20
-584.9999999999999
 30
0.0
 11
600.0
 21
-606.6666666666665
 31
0.0
  0
LWPOLYLINE
  5
229
330
220
100
AcDbEntity
  8
LIB-PLAN
100
AcDbPolyline
 90
33
 70
0
 10
-4.4758597528195284e-14
 20
-606.6666666666664
 10
18.649256612173385
 20
-609.2869571474037
 10
37.317993663457415
 20
-611.7390462717846
 10
56.004918549498825
 20
-614.0227642596539
 10
74.70873740663882
 20
-616.1379529887028
 10
93.42815520149674
 20
-618.0844660054161
 10
112.16187582063726
 20
-619.862168535214
 10
130.90860216031268
 20
-621.4709374917827
 10
149.66703621627076
 20
-622.9106614855973
 10
168.43587917363058
 20
-624.1812408316335
 10
187.21383149680946
 20
-625.2825875562706
 10
205.99959301949988
 20
-626.2146254033829
 10
224.79186303469496
 20
-626.9772898396175
 10
243.58934038474578
 20
-627.5705280588661
 10
262.39072355145294
 20
-627.9942989859175
 10
281.1947107461827
 20
-628.2485732793043
 10
299.9999999999997
 20
-628.3333333333331
 10
318.8052892538167
 20
-628.2485732793043
 10
337.6092764485465
 20
-627.9942989859175
 10
356.4106596152536
 20
-627.5705280588661
 10
375.20813696530445
 20
-626.9772898396179
 10
394.0004069804995
 20
-626.2146254033829
 10
412.7861685031899
 20
-625.2825875562706
 10
431.56412082636876
 20
-624.1812408316335
 10
450.33296378372864
 20
-622.9106614855973
 10
469.0913978396868
 20
-621.470937491783
 10
487.8381241793621
 20
-619.862168535214
 10
506.57184479850264
 20
-618.0844660054161
 10
525.2912625933606
 20
-616.1379529887028
 10
543.9950814505006
 20
-614.0227642596539
 10
562.682006336542
 20
-611.7390462717846
 10
581.350743387826
 20
-609.2869571474037
 10
599.9999999999994
 20
-606.6666666666664
  0
LINE
  5
22A
330
220
100
AcDbEntity
  8
LIB-PLAN
100
AcDbLine
 10
59.449019335765676
 20
-614.4250592393322
 30
0.0
 11
60.00000000000012
 21
-628.3333333333331
 31
0.0
  0
LINE
  5
22B
330
220
100
AcDbEntity
  8
LIB-PLAN
100
AcDbLine
 10
541.0784785958054
 20
-614.3638189725976
 30
0.0
 11
540.0
 21
-628.3333333333331
 31
0.0
  0
LWPOLYLINE
  5
22C
330
220
100
AcDbEntity
  8
LIB-PLAN
100
AcDbPolyline
 90
33
 70
0
 10
59.99999999999981
 20
-628.3333333333331
 10
74.87418843078491
 20
-630.9517148610213
 10
89.77269186407788
 20
-633.4024938509284
 10
104.69390116787523
 20
-635.6854056035212
 10
119.6362047577958
 20
-637.8002035499827
 10
134.59798877114304
 20
-639.7466592788438
 10
149.577637241213
 20
-641.5245625606526
 10
164.5735322718271
 20
-643.1337213706812
 10
179.58405421207718
 20
-644.5739619096651
 10
194.60758183125608
 20
-645.8451286225741
 10
209.64249249396156
 20
-646.9470842154146
 10
224.68716233535204
 20
-647.8797096700572
 10
239.73996643653214
 20
-648.6429042570908
 10
254.7992790000564
 20
-649.2365855467042
 10
269.8634735255238
 20
-649.6606894175868
 10
284.9309229852505
 20
-649.915170063855
 10
300.00000000000045
 20
-649.9999999999999
 10
315.0690770147504
 20
-649.915170063855
 10
330.13652647447714
 20
-649.6606894175868
 10
345.20072099994456
 20
-649.2365855467042
 10
360.2600335634688
 20
-648.6429042570908
 10
375.3128376646489
 20
-647.879709670057
 10
390.3575075060394
 20
-646.9470842154146
 10
405.3924181687448
 20
-645.8451286225741
 10
420.41594578792376
 20
-644.573961909665
 10
435.4264677281735
 20
-643.1337213706812
 10
450.422362758788
 20
-641.5245625606526
 10
465.40201122885793
 20
-639.7466592788438
 10
480.36379524220513
 20
-637.8002035499827
 10
495.3060988321257
 20
-635.6854056035211
 10
510.22730813592307
 20
-633.4024938509284
 10
525.125811569216
 20
-630.9517148610212
 10
540.0000000000011
 20
-628.333333333333
  0
LINE
  5
22D
330
220
100
AcDbEntity
  8
LIB-PLAN
100
AcDbLine
 10
8.951719505639057e-14
 20
0.0
 30
0.0
 11
599.9999999999994
 21
-606.6666666666665
 31
0.0
  0
LINE
  5
22E
330
220
100
AcDbEntity
  8
LIB-PLAN
100
AcDbLine
 10
8.951719505639057e-14
 20
-606.6666666666665
 30
0.0
 11
600.0
 21
0.0
 31
0.0
  0
ENDBLK
  5
222
330
220
100
AcDbEntity
  8
0
100
AcDbBlockEnd
  0
BLOCK
  5
230
330
22F
100
AcDbEntity
  8
0
100
AcDbBlockBegin
  2
DRYER_600x650_PLAN
 70
0
 10
0.0
 20
0.0
 30
0.0
  3
DRYER_600x650_PLAN
  1

  0
LINE
  5
232
330
22F
100
AcDbEntity
  8
LIB-PLAN
100
AcDbLine
 10
8.951719505639057e-14
 20
-584.9999999999999
 30
0.0
 11
8.951719505639057e-14
 21
0.0
 31
0.0
  0
LINE
  5
233
330
22F
100
AcDbEntity
  8
LIB-PLAN
100
AcDbLine
 10
8.951719505639057e-14
 20
0.0
 30
0.0
 11
600.0
 21
0.0
 31
0.0
  0
LINE
  5
234
330
22F
100
AcDbEntity
  8
LIB-PLAN
100
AcDbLine
 10
600.0
 20
0.0
 30
0.0
 11
600.0
 21
-584.9999999999999
 31
0.0
  0
LINE
  5
235
330
22F
100
AcDbEntity
  8
LIB-PLAN
100
AcDbLine
 10
600.0
 20
-584.9999999999999
 30
0.0
 11
8.951719505639057e-14
 21
-584.9999999999999
 31
0.0
  0
LINE
  5
236
330
22F
100
AcDbEntity
  8
LIB-PLAN
100
AcDbLine
 10
8.951719505639057e-14
 20
-584.9999999999999
 30
0.0
 11
8.951719505639057e-14
 21
-606.6666666666665
 31
0.0
  0
LINE
  5
237
330
22F
100
AcDbEntity
  8
LIB-PLAN
100
AcDbLine
 10
600.0
 20
-584.9999999999999
 30
0.0
 11
600.0
 21
-606.6666666666665
 31
0.0
  0
LWPOLYLINE
  5
238
330
22F
100
AcDbEntity
  8
LIB-PLAN
100
AcDbPolyline
 90
33
 70
0
 10
-4.4758597528195284e-14
 20
-606.6666666666664
 10
18.649256612173385
 20
-609.2869571474037
 10
37.317993663457415
 20
-611.7390462717846
 10
56.004918549498825
 20
-614.0227642596539
 10
74.70873740663882
 20
-616.1379529887028
 10
93.42815520149674
 20
-618.0844660054161
 10
112.16187582063726
 20
-619.862168535214
 10
130.90860216031268
 20
-621.4709374917827
 10
149.66703621627076
 20
-622.9106614855973
 10
168.43587917363058
 20
-624.1812408316335
 10
187.21383149680946
 20
-625.2825875562706
 10
205.99959301949988
 20
-626.2146254033829
 10
224.79186303469496
 20
-626.9772898396175
 10
243.58934038474578
 20
-627.5705280588661
 10
262.39072355145294
 20
-627.9942989859175
 10
281.1947107461827
 20
-628.2485732793043
 10
299.9999999999997
 20
-628.3333333333331
 10
318.8052892538167
 20
-628.2485732793043
 10
337.6092764485465
 20
-627.9942989859175
 10
356.4106596152536
 20
-627.5705280588661
 10
375.20813696530445
 20
-626.9772898396179
 10
394.0004069804995
 20
-626.2146254033829
 10
412.7861685031899
 20
-625.2825875562706
 10
431.56412082636876
 20
-624.1812408316335
 10
450.33296378372864
 20
-622.9106614855973
 10
469.0913978396868
 20
-621.470937491783
 10
487.8381241793621
 20
-619.862168535214
 10
506.57184479850264
 20
-618.0844660054161
 10
525.2912625933606
 20
-616.1379529887028
 10
543.9950814505006
 20
-614.0227642596539
 10
562.682006336542
 20
-611.7390462717846
 10
581.350743387826
 20
-609.2869571474037
 10
599.9999999999994
 20
-606.6666666666664
  0
LINE
  5
239
330
22F
100
AcDbEntity
  8
LIB-PLAN
100
AcDbLine
 10
59.449019335765676
 20
-614.4250592393322
 30
0.0
 11
60.00000000000012
 21
-628.3333333333331
 31
0.0
  0
LINE
  5
23A
330
22F
100
AcDbEntity
  8
LIB-PLAN
100
AcDbLine
 10
541.0784785958054
 20
-614.3638189725976
 30
0.0
 11
540.0
 21
-628.3333333333331
 31
0.0
  0
LWPOLYLINE
  5
23B
330
22F
100
AcDbEntity
  8
LIB-PLAN
100
AcDbPolyline
 90
33
 70
0
 10
59.99999999999981
 20
-628.3333333333331
 10
74.87418843078491
 20
-630.9517148610213
 10
89.77269186407788
 20
-633.4024938509284
 10
104.69390116787523
 20
-635.6854056035212
 10
119.6362047577958
 20
-637.8002035499827
 10
134.59798877114304
 20
-639.7466592788438
 10
149.577637241213
 20
-641.5245625606526
 10
164.5735322718271
 20
-643.1337213706812
 10
179.58405421207718
 20
-644.5739619096651
 10
194.60758183125608
 20
-645.8451286225741
 10
209.64249249396156
 20
-646.9470842154146
 10
224.68716233535204
 20
-647.8797096700572
 10
239.73996643653214
 20
-648.6429042570908
 10
254.7992790000564
 20
-649.2365855467042
 10
269.8634735255238
 20
-649.6606894175868
 10
284.9309229852505
 20
-649.915170063855
 10
300.00000000000045
 20
-649.9999999999999
 10
315.0690770147504
 20
-649.915170063855
 10
330.13652647447714
 20
-649.6606894175868
 10
345.20072099994456
 20
-649.2365855467042
 10
360.2600335634688
 20
-648.6429042570908
 10
375.3128376646489
 20
-647.879709670057
 10
390.3575075060394
 20
-646.9470842154146
 10
405.3924181687448
 20
-645.8451286225741
 10
420.41594578792376
 20
-644.573961909665
 10
435.4264677281735
 20
-643.1337213706812
 10
450.422362758788
 20
-641.5245625606526
 10
465.40201122885793
 20
-639.7466592788438
 10
480.36379524220513
 20
-637.8002035499827
 10
495.3060988321257
 20
-635.6854056035211
 10
510.22730813592307
 20
-633.4024938509284
 10
525.125811569216
 20
-630.9517148610212
 10
540.0000000000011
 20
-628.333333333333
  0
LINE
  5
23C
330
22F
100
AcDbEntity
  8
LIB-PLAN
100
AcDbLine
 10
8.951719505639057e-14
 20
0.0
 30
0.0
 11
599.9999999999994
 21
-606.6666666666665
 31
0.0
  0
LINE
  5
23D
330
22F
100
AcDbEntity
  8
LIB-PLAN
100
AcDbLine
 10
8.951719505639057e-14
 20
-606.6666666666665
 30
0.0
 11
600.0
 21
0.0
 31
0.0
  0
ENDBLK
  5
231
330
22F
100
AcDbEntity
  8
0
100
AcDbBlockEnd
  0
ENDSEC
  0
SECTION
  2
ENTITIES
  0
ENDSEC
  0
SECTION
  2
OBJECTS
  0
DICTIONARY
  5
A
330
0
100
AcDbDictionary
281
1
  3
ACAD_COLOR
350
B
  3
ACAD_GROUP
350
C
  3
ACAD_LAYOUT
350
D
  3
ACAD_MATERIAL
350
E
  3
ACAD_MLEADERSTYLE
350
F
  3
ACAD_MLINESTYLE
350
10
  3
ACAD_PLOTSETTINGS
350
11
  3
ACAD_PLOTSTYLENAME
350
12
  3
ACAD_SCALELIST
350
14
  3
ACAD_TABLESTYLE
350
15
  3
ACAD_VISUALSTYLE
350
16
  3
EZDXF_META
350
2D
  0
DICTIONARY
  5
B
330
A
100
AcDbDictionary
281
1
  0
DICTIONARY
  5
C
330
A
100
AcDbDictionary
281
1
  0
DICTIONARY
  5
D
330
A
100
AcDbDictionary
281
1
  3
Model
350
1A
  3
Layout1
350
1E
  0
DICTIONARY
  5
E
330
A
100
AcDbDictionary
281
1
  3
ByBlock
350
1F
  3
ByLayer
350
20
  3
Global
350
21
  0
DICTIONARY
  5
F
330
A
100
AcDbDictionary
281
1
  3
Standard
350
2C
  0
DICTIONARY
  5
10
330
A
100
AcDbDictionary
281
1
  3
Standard
350
22
  0
DICTIONARY
  5
11
330
A
100
AcDbDictionary
281
1
  0
ACDBDICTIONARYWDFLT
  5
12
330
A
100
AcDbDictionary
281
1
  3
Normal
350
13
100
AcDbDictionaryWithDefault
340
13
  0
ACDBPLACEHOLDER
  5
13
330
12
  0
DICTIONARY
  5
14
330
A
100
AcDbDictionary
281
1
  0
DICTIONARY
  5
15
330
A
100
AcDbDictionary
281
1
  0
DICTIONARY
  5
16
330
A
100
AcDbDictionary
281
1
  3
2dWireframe
350
5A
  3
Basic
350
5B
  3
Brighten
350
5C
  3
ColorChange
350
5D
  3
Conceptual
350
5E
  3
Dim
350
5F
  3
EdgeColorOff
350
60
  3
Facepattern
350
61
  3
Flat
350
62
  3
FlatWithEdges
350
63
  3
Gouraud
350
64
  3
GouraudWithEdges
350
65
  3
Hidden
350
66
  3
JitterOff
350
67
  3
Linepattern
350
68
  3
Modeling
350
69
  3
OverhangOff
350
6A
  3
Realistic
350
6B
  3
Shaded
350
6C
  3
Shaded with edges
350
6D
  3
Shades of Gray
350
6E
  3
Sketchy
350
6F
  3
Thicken
350
70
  3
Wireframe
350
71
  3
X-Ray
350
72
  0
LAYOUT
  5
1A
330
D
100
AcDbPlotSettings
  1

  4
A3
  6

 40
7.5
 41
20.0
 42
7.5
 43
20.0
 44
420.0
 45
297.0
 46
0.0
 47
0.0
 48
0.0
 49
0.0
140
0.0
141
0.0
142
1.0
143
1.0
 70
1024
 72
1
 73
0
 74
5
  7

 75
16
 76
0
 77
2
 78
300
147
1.0
148
0.0
149
0.0
100
AcDbLayout
  1
Model
 70
1
 71
0
 10
0.0
 20
0.0
 11
420.0
 21
297.0
 12
0.0
 22
0.0
 32
0.0
 14
1e+20
 24
1e+20
 34
1e+20
 15
-1e+20
 25
-1e+20
 35
-1e+20
146
0.0
 13
0.0
 23
0.0
 33
0.0
 16
1.0
 26
0.0
 36
0.0
 17
0.0
 27
1.0
 37
0.0
 76
1
330
17
  0
LAYOUT
  5
1E
330
D
100
AcDbPlotSettings
  1

  4
A3
  6

 40
7.5
 41
20.0
 42
7.5
 43
20.0
 44
420.0
 45
297.0
 46
0.0
 47
0.0
 48
0.0
 49
0.0
140
0.0
141
0.0
142
1.0
143
1.0
 70
0
 72
1
 73
0
 74
5
  7

 75
16
 76
0
 77
2
 78
300
147
1.0
148
0.0
149
0.0
100
AcDbLayout
  1
Layout1
 70
1
 71
1
 10
0.0
 20
0.0
 11
420.0
 21
297.0
 12
0.0
 22
0.0
 32
0.0
 14
1e+20
 24
1e+20
 34
1e+20
 15
-1e+20
 25
-1e+20
 35
-1e+20
146
0.0
 13
0.0
 23
0.0
 33
0.0
 16
1.0
 26
0.0
 36
0.0
 17
0.0
 27
1.0
 37
0.0
 76
1
330
1B
  0
MATERIAL
  5
1F
102
{ACAD_REACTORS
330
E
102
}
330
E
100
AcDbMaterial
  1
ByBlock
  2

 70
0
 40
1.0
 71
1
 41
1.0
 91
-1023410177
 42
1.0
 72
1
  3

 73
1
 74
1
 75
1
 44
0.5
 73
0
 45
1.0
 46
1.0
 77
1
  4

 78
1
 79
1
170
1
 48
1.0
171
1
  6

172
1
173
1
174
1
140
1.0
141
1.0
175
1
  7

176
1
177
1
178
1
143
1.0
179
1
  8

270
1
271
1
272
1
145
1.0
146
1.0
273
1
  9

274
1
275
1
276
1
 42
1.0
 72
1
  3

 73
1
 74
1
 75
1
 94
63
  0
MATERIAL
  5
20
102
{ACAD_REACTORS
330
E
102
}
330
E
100
AcDbMaterial
  1
ByLayer
  2

 70
0
 40
1.0
 71
1
 41
1.0
 91
-1023410177
 42
1.0
 72
1
  3

 73
1
 74
1
 75
1
 44
0.5
 73
0
 45
1.0
 46
1.0
 77
1
  4

 78
1
 79
1
170
1
 48
1.0
171
1
  6

172
1
173
1
174
1
140
1.0
141
1.0
175
1
  7

176
1
177
1
178
1
143
1.0
179
1
  8

270
1
271
1
272
1
145
1.0
146
1.0
273
1
  9

274
1
275
1
276
1
 42
1.0
 72
1
  3

 73
1
 74
1
 75
1
 94
63
  0
MATERIAL
  5
21
102
{ACAD_REACTORS
330
E
102
}
330
E
100
AcDbMaterial
  1
Global
  2

 70
0
 40
1.0
 71
1
 41
1.0
 91
-1023410177
 42
1.0
 72
1
  3

 73
1
 74
1
 75
1
 44
0.5
 73
0
 45
1.0
 46
1.0
 77
1
  4

 78
1
 79
1
170
1
 48
1.0
171
1
  6

172
1
173
1
174
1
140
1.0
141
1.0
175
1
  7

176
1
177
1
178
1
143
1.0
179
1
  8

270
1
271
1
272
1
145
1.0
146
1.0
273
1
  9

274
1
275
1
276
1
 42
1.0
 72
1
  3

 73
1
 74
1
 75
1
 94
63
  0
MLINESTYLE
  5
22
102
{ACAD_REACTORS
330
10
102
}
330
10
100
AcDbMlineStyle
  2
Standard
 70
0
  3

 62
256
 51
90.0
 52
90.0
 71
2
 49
0.5
 62
256
  6
BYLAYER
 49
-0.5
 62
256
  6
BYLAYER
  0
MLEADERSTYLE
  5
2C
102
{ACAD_REACTORS
330
F
102
}
330
F
100
AcDbMLeaderStyle
179
2
170
2
171
1
172
0
 90
2
 40
0.0
 41
0.0
173
1
 91
-1056964608
 92
-2
290
1
 42
2.0
291
1
 43
8.0
  3
Standard
 44
4.0
300

342
29
174
1
175
1
176
0
178
1
 93
-1056964608
 45
4.0
292
0
297
0
 46
4.0
 94
-1056964608
 47
1.0
 49
1.0
140
1.0
294
1
141
0.0
177
0
142
1.0
295
0
296
0
143
3.75
271
0
272
9
273
9
  0
DICTIONARY
  5
2D
330
A
100
AcDbDictionary
280
1
281
1
  3
CREATED_BY_EZDXF
350
2E
  3
WRITTEN_BY_EZDXF
350
240
  0
DICTIONARYVAR
  5
2E
330
2D
100
DictionaryVariables
280
0
  1
1.4.4 @ 2026-09-26T08:44:25.121324+00:00
  0
VISUALSTYLE
  5
5A
102
{ACAD_REACTORS
330
16
102
}
330
16
100
AcDbVisualStyle
  2
2dWireframe
 70
4
177
3
291
0
 70
58
 90
2
176
1
 90
2
176
1
 90
0
176
1
 90
0
176
1
 40
0.6
176
1
 40
30.0
176
1
 62
7
420
16777215
176
1
 90
1
176
1
 90
4
176
1
 62
7
176
1
 62
257
176
1
 90
1
176
1
 90
1
176
1
 40
1.0
176
1
 90
8
176
1
 62
7
176
1
 40
1.0
176
1
 90
1
176
1
 90
6
176
1
 90
2
176
1
 62
7
176
1
 90
5
176
1
 90
0
176
1
 90
0
176
1
290
0
176
1
 90
1
176
1
 40
0.0
176
1
 90
0
176
1
290
1
176
1
290
1
176
1
290
0
176
1
290
0
176
1
290
0
176
1
290
0
176
1
290
0
176
1
290
0
176
1
290
0
176
1
 90
50
176
1
 40
0.0
176
1
 40
1.0
176
1
 90
0
176
1
 62
18
420
0
176
1
 90
50
176
1
 90
3
176
1
 62
5
420
255
176
1
290
0
176
1
 90
50
176
1
 90
50
176
1
 90
50
176
1
290
0
176
1
 90
50
176
1
 62
256
176
0
 40
1.0
176
0
 90
2
176
1
  1
strokes_ogs.tif
176
1
290
0
176
1
 40
1.0
176
1
 40
1.0
176
1
  0
VISUALSTYLE
  5
5B
102
{ACAD_REACTORS
330
16
102
}
330
16
100
AcDbVisualStyle
  2
Basic
 70
7
177
3
291
1
 70
58
 90
2
176
1
 90
2
176
1
 90
0
176
1
 90
1
176
1
 40
0.6
176
1
 40
30.0
176
1
 62
7
420
16777215
176
1
 90
1
176
1
 90
4
176
1
 62
7
176
1
 62
257
176
1
 90
1
176
1
 90
1
176
1
 40
1.0
176
1
 90
8
176
1
 62
7
176
1
 40
1.0
176
1
 90
1
176
1
 90
6
176
1
 90
2
176
1
 62
7
176
1
 90
5
176
1
 90
0
176
1
 90
0
176
1
290
0
176
1
 90
1
176
1
 40
0.0
176
1
 90
0
176
1
290
0
176
1
290
1
176
1
290
1
176
1
290
0
176
1
290
0
176
1
290
0
176
1
290
0
176
1
290
0
176
1
290
0
176
1
 90
50
176
1
 40
0.0
176
1
 40
1.0
176
1
 90
0
176
1
 62
18
420
0
176
1
 90
50
176
1
 90
3
176
1
 62
5
420
255
176
1
290
0
176
1
 90
50
176
1
 90
50
176
1
 90
50
176
1
290
0
176
1
 90
50
176
1
 62
256
176
0
 40
1.0
176
0
 90
2
176
1
  1
strokes_ogs.tif
176
1
290
0
176
1
 40
1.0
176
1
 40
1.0
176
1
  0
VISUALSTYLE
  5
5C
102
{ACAD_REACTORS
330
16
102
}
330
16
100
AcDbVisualStyle
  2
Brighten
 70
12
177
3
291
1
 70
58
 90
2
176
1
 90
2
176
1
 90
0
176
1
 90
2
176
1
 40
0.6
176
1
 40
30.0
176
1
 62
7
420
16777215
176
1
 90
1
176
1
 90
4
176
1
 62
7
176
1
 62
257
176
1
 90
1
176
1
 90
1
176
1
 40
1.0
176
1
 90
8
176
1
 62
7
176
1
 40
1.0
176
1
 90
1
176
1
 90
6
176
1
 90
2
176
1
 62
7
176
1
 90
5
176
1
 90
0
176
1
 90
0
176
1
290
0
176
1
 90
1
176
1
 40
0.0
176
1
 90
0
176
1
290
0
176
1
290
1
176
1
290
1
176
1
290
0
176
1
290
0
176
1
290
0
176
1
290
0
176
1
290
0
176
1
290
0
176
1
 90
50
176
1
 40
0.0
176
1
 40
1.0
176
1
 90
0
176
1
 62
18
420
0
176
1
 90
50
176
1
 90
3
176
1
 62
5
420
255
176
1
290
0
176
1
 90
50
176
1
 90
50
176
1
 90
50
176
1
290
0
176
1
 90
50
176
1
 62
256
176
0
 40
1.0
176
0
 90
2
176
1
  1
strokes_ogs.tif
176
1
290
0
176
1
 40
1.0
176
1
 40
1.0
176
1
  0
VISUALSTYLE
  5
5D
102
{ACAD_REACTORS
330
16
102
}
330
16
100
AcDbVisualStyle
  2
ColorChange
 70
16
177
3
291
1
 70
58
 90
2
176
1
 90
2
176
1
 90
0
176
1
 90
2
176
1
 40
0.6
176
1
 40
30.0
176
1
 62
7
420
16777215
176
1
 90
1
176
1
 90
4
176
1
 62
7
176
1
 62
257
176
1
 90
1
176
1
 90
1
176
1
 40
1.0
176
1
 90
8
176
1
 62
7
176
1
 40
1.0
176
1
 90
1
176
1
 90
6
176
1
 90
2
176
1
 62
7
176
1
 90
5
176
1
 90
0
176
1
 90
0
176
1
290
0
176
1
 90
1
176
1
 40
0.0
176
1
 90
0
176
1
290
0
176
1
290
1
176
1
290
1
176
1
290
0
176
1
290
0
176
1
290
0
176
1
290
0
176
1
290
0
176
1
290
0
176
1
 90
50
176
1
 40
0.0
176
1
 40
1.0
176
1
 90
0
176
1
 62
18
420
0
176
1
 90
50
176
1
 90
3
176
1
 62
5
420
255
176
1
290
0
176
1
 90
50
176
1
 90
50
176
1
 90
50
176
1
290
0
176
1
 90
50
176
1
 62
256
176
0
 40
1.0
176
0
 90
2
176
1
  1
strokes_ogs.tif
176
1
290
0
176
1
 40
1.0
176
1
 40
1.0
176
1
  0
VISUALSTYLE
  5
5E
102
{ACAD_REACTORS
330
16
102
}
330
16
100
AcDbVisualStyle
  2
Conceptual
 70
9
177
3
291
0
 70
58
 90
2
176
1
 90
2
176
1
 90
0
176
1
 90
3
176
1
 40
0.6
176
1
 40
30.0
176
1
 62
7
420
16777215
176
1
 90
1
176
1
 90
4
176
1
 62
7
176
1
 62
257
176
1
 90
1
176
1
 90
1
176
1
 40
1.0
176
1
 90
8
176
1
 62
7
176
1
 40
1.0
176
1
 90
1
176
1
 90
6
176
1
 90
2
176
1
 62
7
176
1
 90
5
176
1
 90
0
176
1
 90
0
176
1
290
0
176
1
 90
1
176
1
 40
0.0
176
1
 90
0
176
1
290
0
176
1
290
1
176
1
290
1
176
1
290
0
176
1
290
0
176
1
290
0
176
1
290
0
176
1
290
0
176
1
290
0
176
1
 90
50
176
1
 40
0.0
176
1
 40
1.0
176
1
 90
0
176
1
 62
18
420
0
176
1
 90
50
176
1
 90
3
176
1
 62
5
420
255
176
1
290
0
176
1
 90
50
176
1
 90
50
176
1
 90
50
176
1
290
0
176
1
 90
50
176
1
 62
256
176
0
 40
1.0
176
0
 90
2
176
1
  1
strokes_ogs.tif
176
1
290
0
176
1
 40
1.0
176
1
 40
1.0
176
1
  0
VISUALSTYLE
  5
5F
102
{ACAD_REACTORS
330
16
102
}
330
16
100
AcDbVisualStyle
  2
Dim
 70
11
177
3
291
1
 70
58
 90
2
176
1
 90
2
176
1
 90
0
176
1
 90
2
176
1
 40
0.6
176
1
 40
30.0
176
1
 62
7
420
16777215
176
1
 90
1
176
1
 90
4
176
1
 62
7
176
1
 62
257
176
1
 90
1
176
1
 90
1
176
1
 40
1.0
176
1
 90
8
176
1
 62
7
176
1
 40
1.0
176
1
 90
1
176
1
 90
6
176
1
 90
2
176
1
 62
7
176
1
 90
5
176
1
 90
0
176
1
 90
0
176
1
290
0
176
1
 90
1
176
1
 40
0.0
176
1
 90
0
176
1
290
0
176
1
290
1
176
1
290
1
176
1
290
0
176
1
290
0
176
1
290
0
176
1
290
0
176
1
290
0
176
1
290
0
176
1
 90
50
176
1
 40
0.0
176
1
 40
1.0
176
1
 90
0
176
1
 62
18
420
0
176
1
 90
50
176
1
 90
3
176
1
 62
5
420
255
176
1
290
0
176
1
 90
50
176
1
 90
50
176
1
 90
50
176
1
290
0
176
1
 90
50
176
1
 62
256
176
0
 40
1.0
176
0
 90
2
176
1
  1
strokes_ogs.tif
176
1
290
0
176
1
 40
1.0
176
1
 40
1.0
176
1
  0
VISUALSTYLE
  5
60
102
{ACAD_REACTORS
330
16
102
}
330
16
100
AcDbVisualStyle
  2
EdgeColorOff
 70
22
177
3
291
1
 70
58
 90
2
176
1
 90
2
176
1
 90
0
176
1
 90
2
176
1
 40
0.6
176
1
 40
30.0
176
1
 62
7
420
16777215
176
1
 90
1
176
1
 90
4
176
1
 62
7
176
1
 62
257
176
1
 90
1
176
1
 90
1
176
1
 40
1.0
176
1
 90
8
176
1
 62
7
176
1
 40
1.0
176
1
 90
1
176
1
 90
6
176
1
 90
2
176
1
 62
7
176
1
 90
5
176
1
 90
0
176
1
 90
0
176
1
290
0
176
1
 90
1
176
1
 40
0.0
176
1
 90
0
176
1
290
0
176
1
290
1
176
1
290
1
176
1
290
0
176
1
290
0
176
1
290
0
176
1
290
0
176
1
290
0
176
1
290
0
176
1
 90
50
176
1
 40
0.0
176
1
 40
1.0
176
1
 90
0
176
1
 62
18
420
0
176
1
 90
50
176
1
 90
3
176
1
 62
5
420
255
176
1
290
0
176
1
 90
50
176
1
 90
50
176
1
 90
50
176
1
290
0
176
1
 90
50
176
1
 62
256
176
0
 40
1.0
176
0
 90
2
176
1
  1
strokes_ogs.tif
176
1
290
0
176
1
 40
1.0
176
1
 40
1.0
176
1
  0
VISUALSTYLE
  5
61
102
{ACAD_REACTORS
330
16
102
}
330
16
100
AcDbVisualStyle
  2
Facepattern
 70
15
177
3
291
1
 70
58
 90
2
176
1
 90
2
176
1
 90
0
176
1
 90
2
176
1
 40
0.6
176
1
 40
30.0
176
1
 62
7
420
16777215
176
1
 90
1
176
1
 90
4
176
1
 62
7
176
1
 62
257
176
1
 90
1
176
1
 90
1
176
1
 40
1.0
176
1
 90
8
176
1
 62
7
176
1
 40
1.0
176
1
 90
1
176
1
 90
6
176
1
 90
2
176
1
 62
7
176
1
 90
5
176
1
 90
0
176
1
 90
0
176
1
290
0
176
1
 90
1
176
1
 40
0.0
176
1
 90
0
176
1
290
0
176
1
290
1
176
1
290
1
176
1
290
0
176
1
290
0
176
1
290
0
176
1
290
0
176
1
290
0
176
1
290
0
176
1
 90
50
176
1
 40
0.0
176
1
 40
1.0
176
1
 90
0
176
1
 62
18
420
0
176
1
 90
50
176
1
 90
3
176
1
 62
5
420
255
176
1
290
0
176
1
 90
50
176
1
 90
50
176
1
 90
50
176
1
290
0
176
1
 90
50
176
1
 62
256
176
0
 40
1.0
176
0
 90
2
176
1
  1
strokes_ogs.tif
176
1
290
0
176
1
 40
1.0
176
1
 40
1.0
176
1
  0
VISUALSTYLE
  5
62
102
{ACAD_REACTORS
330
16
102
}
330
16
100
AcDbVisualStyle
  2
Flat
 70
0
177
3
291
1
 70
58
 90
2
176
1
 90
2
176
1
 90
0
176
1
 90
2
176
1
 40
0.6
176
1
 40
30.0
176
1
 62
7
420
16777215
176
1
 90
1
176
1
 90
4
176
1
 62
7
176
1
 62
257
176
1
 90
1
176
1
 90
1
176
1
 40
1.0
176
1
 90
8
176
1
 62
7
176
1
 40
1.0
176
1
 90
1
176
1
 90
6
176
1
 90
2
176
1
 62
7
176
1
 90
5
176
1
 90
0
176
1
 90
0
176
1
290
0
176
1
 90
1
176
1
 40
0.0
176
1
 90
0
176
1
290
0
176
1
290
1
176
1
290
1
176
1
290
0
176
1
290
0
176
1
290
0
176
1
290
0
176
1
290
0
176
1
290
0
176
1
 90
50
176
1
 40
0.0
176
1
 40
1.0
176
1
 90
0
176
1
 62
18
420
0
176
1
 90
50
176
1
 90
3
176
1
 62
5
420
255
176
1
290
0
176
1
 90
50
176
1
 90
50
176
1
 90
50
176
1
290
0
176
1
 90
50
176
1
 62
256
176
0
 40
1.0
176
0
 90
2
176
1
  1
strokes_ogs.tif
176
1
290
0
176
1
 40
1.0
176
1
 40
1.0
176
1
  0
VISUALSTYLE
  5
63
102
{ACAD_REACTORS
330
16
102
}
330
16
100
AcDbVisualStyle
  2
FlatWithEdges
 70
1
177
3
291
1
 70
58
 90
2
176
1
 90
2
176
1
 90
0
176
1
 90
2
176
1
 40
0.6
176
1
 40
30.0
176
1
 62
7
420
16777215
176
1
 90
1
176
1
 90
4
176
1
 62
7
176
1
 62
257
176
1
 90
1
176
1
 90
1
176
1
 40
1.0
176
1
 90
8
176
1
 62
7
176
1
 40
1.0
176
1
 90
1
176
1
 90
6
176
1
 90
2
176
1
 62
7
176
1
 90
5
176
1
 90
0
176
1
 90
0
176
1
290
0
176
1
 90
1
176
1
 40
0.0
176
1
 90
0
176
1
290
0
176
1
290
1
176
1
290
1
176
1
290
0
176
1
290
0
176
1
290
0
176
1
290
0
176
1
290
0
176
1
290
0
176
1
 90
50
176
1
 40
0.0
176
1
 40
1.0
176
1
 90
0
176
1
 62
18
420
0
176
1
 90
50
176
1
 90
3
176
1
 62
5
420
255
176
1
290
0
176
1
 90
50
176
1
 90
50
176
1
 90
50
176
1
290
0
176
1
 90
50
176
1
 62
256
176
0
 40
1.0
176
0
 90
2
176
1
  1
strokes_ogs.tif
176
1
290
0
176
1
 40
1.0
176
1
 40
1.0
176
1
  0
VISUALSTYLE
  5
64
102
{ACAD_REACTORS
330
16
102
}
330
16
100
AcDbVisualStyle
  2
Gouraud
 70
2
177
3
291
1
 70
58
 90
2
176
1
 90
2
176
1
 90
0
176
1
 90
2
176
1
 40
0.6
176
1
 40
30.0
176
1
 62
7
420
16777215
176
1
 90
1
176
1
 90
4
176
1
 62
7
176
1
 62
257
176
1
 90
1
176
1
 90
1
176
1
 40
1.0
176
1
 90
8
176
1
 62
7
176
1
 40
1.0
176
1
 90
1
176
1
 90
6
176
1
 90
2
176
1
 62
7
176
1
 90
5
176
1
 90
0
176
1
 90
0
176
1
290
0
176
1
 90
1
176
1
 40
0.0
176
1
 90
0
176
1
290
0
176
1
290
1
176
1
290
1
176
1
290
0
176
1
290
0
176
1
290
0
176
1
290
0
176
1
290
0
176
1
290
0
176
1
 90
50
176
1
 40
0.0
176
1
 40
1.0
176
1
 90
0
176
1
 62
18
420
0
176
1
 90
50
176
1
 90
3
176
1
 62
5
420
255
176
1
290
0
176
1
 90
50
176
1
 90
50
176
1
 90
50
176
1
290
0
176
1
 90
50
176
1
 62
256
176
0
 40
1.0
176
0
 90
2
176
1
  1
strokes_ogs.tif
176
1
290
0
176
1
 40
1.0
176
1
 40
1.0
176
1
  0
VISUALSTYLE
  5
65
102
{ACAD_REACTORS
330
16
102
}
330
16
100
AcDbVisualStyle
  2
GouraudWithEdges
 70
3
177
3
291
1
 70
58
 90
2
176
1
 90
2
176
1
 90
0
176
1
 90
2
176
1
 40
0.6
176
1
 40
30.0
176
1
 62
7
420
16777215
176
1
 90
1
176
1
 90
4
176
1
 62
7
176
1
 62
257
176
1
 90
1
176
1
 90
1
176
1
 40
1.0
176
1
 90
8
176
1
 62
7
176
1
 40
1.0
176
1
 90
1
176
1
 90
6
176
1
 90
2
176
1
 62
7
176
1
 90
5
176
1
 90
0
176
1
 90
0
176
1
290
0
176
1
 90
1
176
1
 40
0.0
176
1
 90
0
176
1
290
0
176
1
290
1
176
1
290
1
176
1
290
0
176
1
290
0
176
1
290
0
176
1
290
0
176
1
290
0
176
1
290
0
176
1
 90
50
176
1
 40
0.0
176
1
 40
1.0
176
1
 90
0
176
1
 62
18
420
0
176
1
 90
50
176
1
 90
3
176
1
 62
5
420
255
176
1
290
0
176
1
 90
50
176
1
 90
50
176
1
 90
50
176
1
290
0
176
1
 90
50
176
1
 62
256
176
0
 40
1.0
176
0
 90
2
176
1
  1
strokes_ogs.tif
176
1
290
0
176
1
 40
1.0
176
1
 40
1.0
176
1
  0
VISUALSTYLE
  5
66
102
{ACAD_REACTORS
330
16
102
}
330
16
100
AcDbVisualStyle
  2
Hidden
 70
6
177
3
291
0
 70
58
 90
2
176
1
 90
2
176
1
 90
0
176
1
 90
1
176
1
 40
0.6
176
1
 40
30.0
176
1
 62
7
420
16777215
176
1
 90
1
176
1
 90
4
176
1
 62
7
176
1
 62
257
176
1
 90
1
176
1
 90
1
176
1
 40
1.0
176
1
 90
8
176
1
 62
7
176
1
 40
1.0
176
1
 90
1
176
1
 90
6
176
1
 90
2
176
1
 62
7
176
1
 90
5
176
1
 90
0
176
1
 90
0
176
1
290
0
176
1
 90
1
176
1
 40
0.0
176
1
 90
0
176
1
290
0
176
1
290
1
176
1
290
1
176
1
290
0
176
1
290
0
176
1
290
0
176
1
290
0
176
1
290
0
176
1
290
0
176
1
 90
50
176
1
 40
0.0
176
1
 40
1.0
176
1
 90
0
176
1
 62
18
420
0
176
1
 90
50
176
1
 90
3
176
1
 62
5
420
255
176
1
290
0
176
1
 90
50
176
1
 90
50
176
1
 90
50
176
1
290
0
176
1
 90
50
176
1
 62
256
176
0
 40
1.0
176
0
 90
2
176
1
  1
strokes_ogs.tif
176
1
290
0
176
1
 40
1.0
176
1
 40
1.0
176
1
  0
VISUALSTYLE
  5
67
102
{ACAD_REACTORS
330
16
102
}
330
16
100
AcDbVisualStyle
  2
JitterOff
 70
20
177
3
291
1
 70
58
 90
2
176
1
 90
2
176
1
 90
0
176
1
 90
2
176
1
 40
0.6
176
1
 40
30.0
176
1
 62
7
420
16777215
176
1
 90
1
176
1
 90
4
176
1
 62
7
176
1
 62
257
176
1
 90
1
176
1
 90
1
176
1
 40
1.0
176
1
 90
8
176
1
 62
7
176
1
 40
1.0
176
1
 90
1
176
1
 90
6
176
1
 90
2
176
1
 62
7
176
1
 90
5
176
1
 90
0
176
1
 90
0
176
1
290
0
176
1
 90
1
176
1
 40
0.0
176
1
 90
0
176
1
290
0
176
1
290
1
176
1
290
1
176
1
290
0
176
1
290
0
176
1
290
0
176
1
290
0
176
1
290
0
176
1
290
0
176
1
 90
50
176
1
 40
0.0
176
1
 40
1.0
176
1
 90
0
176
1
 62
18
420
0
176
1
 90
50
176
1
 90
3
176
1
 62
5
420
255
176
1
290
0
176
1
 90
50
176
1
 90
50
176
1
 90
50
176
1
290
0
176
1
 90
50
176
1
 62
256
176
0
 40
1.0
176
0
 90
2
176
1
  1
strokes_ogs.tif
176
1
290
0
176
1
 40
1.0
176
1
 40
1.0
176
1
  0
VISUALSTYLE
  5
68
102
{ACAD_REACTORS
330
16
102
}
330
16
100
AcDbVisualStyle
  2
Linepattern
 70
14
177
3
291
1
 70
58
 90
2
176
1
 90
2
176
1
 90
0
176
1
 90
2
176
1
 40
0.6
176
1
 40
30.0
176
1
 62
7
420
16777215
176
1
 90
1
176
1
 90
4
176
1
 62
7
176
1
 62
257
176
1
 90
1
176
1
 90
1
176
1
 40
1.0
176
1
 90
8
176
1
 62
7
176
1
 40
1.0
176
1
 90
1
176
1
 90
6
176
1
 90
2
176
1
 62
7
176
1
 90
5
176
1
 90
0
176
1
 90
0
176
1
290
0
176
1
 90
1
176
1
 40
0.0
176
1
 90
0
176
1
290
0
176
1
290
1
176
1
290
1
176
1
290
0
176
1
290
0
176
1
290
0
176
1
290
0
176
1
290
0
176
1
290
0
176
1
 90
50
176
1
 40
0.0
176
1
 40
1.0
176
1
 90
0
176
1
 62
18
420
0
176
1
 90
50
176
1
 90
3
176
1
 62
5
420
255
176
1
290
0
176
1
 90
50
176
1
 90
50
176
1
 90
50
176
1
290
0
176
1
 90
50
176
1
 62
256
176
0
 40
1.0
176
0
 90
2
176
1
  1
strokes_ogs.tif
176
1
290
0
176
1
 40
1.0
176
1
 40
1.0
176
1
  0
VISUALSTYLE
  5
69
102
{ACAD_REACTORS
330
16
102
}
330
16
100
AcDbVisualStyle
  2
Modeling
 70
10
177
3
291
0
 70
58
 90
2
176
1
 90
2
176
1
 90
0
176
1
 90
2
176
1
 40
0.6
176
1
 40
30.0
176
1
 62
7
420
16777215
176
1
 90
1
176
1
 90
4
176
1
 62
7
176
1
 62
257
176
1
 90
1
176
1
 90
1
176
1
 40
1.0
176
1
 90
8
176
1
 62
7
176
1
 40
1.0
176
1
 90
1
176
1
 90
6
176
1
 90
2
176
1
 62
7
176
1
 90
5
176
1
 90
0
176
1
 90
0
176
1
290
0
176
1
 90
1
176
1
 40
0.0
176
1
 90
0
176
1
290
0
176
1
290
1
176
1
290
1
176
1
290
0
176
1
290
0
176
1
290
0
176
1
290
0
176
1
290
0
176
1
290
0
176
1
 90
50
176
1
 40
0.0
176
1
 40
1.0
176
1
 90
0
176
1
 62
18
420
0
176
1
 90
50
176
1
 90
3
176
1
 62
5
420
255
176
1
290
0
176
1
 90
50
176
1
 90
50
176
1
 90
50
176
1
290
0
176
1
 90
50
176
1
 62
256
176
0
 40
1.0
176
0
 90
2
176
1
  1
strokes_ogs.tif
176
1
290
0
176
1
 40
1.0
176
1
 40
1.0
176
1
  0
VISUALSTYLE
  5
6A
102
{ACAD_REACTORS
330
16
102
}
330
16
100
AcDbVisualStyle
  2
OverhangOff
 70
21
177
3
291
1
 70
58
 90
2
176
1
 90
2
176
1
 90
0
176
1
 90
2
176
1
 40
0.6
176
1
 40
30.0
176
1
 62
7
420
16777215
176
1
 90
1
176
1
 90
4
176
1
 62
7
176
1
 62
257
176
1
 90
1
176
1
 90
1
176
1
 40
1.0
176
1
 90
8
176
1
 62
7
176
1
 40
1.0
176
1
 90
1
176
1
 90
6
176
1
 90
2
176
1
 62
7
176
1
 90
5
176
1
 90
0
176
1
 90
0
176
1
290
0
176
1
 90
1
176
1
 40
0.0
176
1
 90
0
176
1
290
0
176
1
290
1
176
1
290
1
176
1
290
0
176
1
290
0
176
1
290
0
176
1
290
0
176
1
290
0
176
1
290
0
176
1
 90
50
176
1
 40
0.0
176
1
 40
1.0
176
1
 90
0
176
1
 62
18
420
0
176
1
 90
50
176
1
 90
3
176
1
 62
5
420
255
176
1
290
0
176
1
 90
50
176
1
 90
50
176
1
 90
50
176
1
290
0
176
1
 90
50
176
1
 62
256
176
0
 40
1.0
176
0
 90
2
176
1
  1
strokes_ogs.tif
176
1
290
0
176
1
 40
1.0
176
1
 40
1.0
176
1
  0
VISUALSTYLE
  5
6B
102
{ACAD_REACTORS
330
16
102
}
330
16
100
AcDbVisualStyle
  2
Realistic
 70
8
177
3
291
0
 70
58
 90
2
176
1
 90
2
176
1
 90
0
176
1
 90
2
176
1
 40
0.6
176
1
 40
30.0
176
1
 62
7
420
16777215
176
1
 90
1
176
1
 90
4
176
1
 62
7
176
1
 62
257
176
1
 90
1
176
1
 90
1
176
1
 40
1.0
176
1
 90
8
176
1
 62
7
176
1
 40
1.0
176
1
 90
1
176
1
 90
6
176
1
 90
2
176
1
 62
7
176
1
 90
5
176
1
 90
0
176
1
 90
0
176
1
290
0
176
1
 90
1
176
1
 40
0.0
176
1
 90
0
176
1
290
0
176
1
290
1
176
1
290
1
176
1
290
0
176
1
290
0
176
1
290
0
176
1
290
0
176
1
290
0
176
1
290
0
176
1
 90
50
176
1
 40
0.0
176
1
 40
1.0
176
1
 90
0
176
1
 62
18
420
0
176
1
 90
50
176
1
 90
3
176
1
 62
5
420
255
176
1
290
0
176
1
 90
50
176
1
 90
50
176
1
 90
50
176
1
290
0
176
1
 90
50
176
1
 62
256
176
0
 40
1.0
176
0
 90
2
176
1
  1
strokes_ogs.tif
176
1
290
0
176
1
 40
1.0
176
1
 40
1.0
176
1
  0
VISUALSTYLE
  5
6C
102
{ACAD_REACTORS
330
16
102
}
330
16
100
AcDbVisualStyle
  2
Shaded
 70
27
177
3
291
0
 70
58
 90
2
176
1
 90
2
176
1
 90
0
176
1
 90
2
176
1
 40
0.6
176
1
 40
30.0
176
1
 62
7
420
16777215
176
1
 90
1
176
1
 90
4
176
1
 62
7
176
1
 62
257
176
1
 90
1
176
1
 90
1
176
1
 40
1.0
176
1
 90
8
176
1
 62
7
176
1
 40
1.0
176
1
 90
1
176
1
 90
6
176
1
 90
2
176
1
 62
7
176
1
 90
5
176
1
 90
0
176
1
 90
0
176
1
290
0
176
1
 90
1
176
1
 40
0.0
176
1
 90
0
176
1
290
0
176
1
290
1
176
1
290
1
176
1
290
0
176
1
290
0
176
1
290
0
176
1
290
0
176
1
290
0
176
1
290
0
176
1
 90
50
176
1
 40
0.0
176
1
 40
1.0
176
1
 90
0
176
1
 62
18
420
0
176
1
 90
50
176
1
 90
3
176
1
 62
5
420
255
176
1
290
0
176
1
 90
50
176
1
 90
50
176
1
 90
50
176
1
290
0
176
1
 90
50
176
1
 62
256
176
0
 40
1.0
176
0
 90
2
176
1
  1
strokes_ogs.tif
176
1
290
0
176
1
 40
1.0
176
1
 40
1.0
176
1
  0
VISUALSTYLE
  5
6D
102
{ACAD_REACTORS
330
16
102
}
330
16
100
AcDbVisualStyle
  2
Shaded with edges
 70
26
177
3
291
0
 70
58
 90
2
176
1
 90
2
176
1
 90
0
176
1
 90
2
176
1
 40
0.6
176
1
 40
30.0
176
1
 62
7
420
16777215
176
1
 90
1
176
1
 90
4
176
1
 62
7
176
1
 62
257
176
1
 90
1
176
1
 90
1
176
1
 40
1.0
176
1
 90
8
176
1
 62
7
176
1
 40
1.0
176
1
 90
1
176
1
 90
6
176
1
 90
2
176
1
 62
7
176
1
 90
5
176
1
 90
0
176
1
 90
0
176
1
290
0
176
1
 90
1
176
1
 40
0.0
176
1
 90
0
176
1
290
0
176
1
290
1
176
1
290
1
176
1
290
0
176
1
290
0
176
1
290
0
176
1
290
0
176
1
290
0
176
1
290
0
176
1
 90
50
176
1
 40
0.0
176
1
 40
1.0
176
1
 90
0
176
1
 62
18
420
0
176
1
 90
50
176
1
 90
3
176
1
 62
5
420
255
176
1
290
0
176
1
 90
50
176
1
 90
50
176
1
 90
50
176
1
290
0
176
1
 90
50
176
1
 62
256
176
0
 40
1.0
176
0
 90
2
176
1
  1
strokes_ogs.tif
176
1
290
0
176
1
 40
1.0
176
1
 40
1.0
176
1
  0
VISUALSTYLE
  5
6E
102
{ACAD_REACTORS
330
16
102
}
330
16
100
AcDbVisualStyle
  2
Shades of Gray
 70
23
177
3
291
0
 70
58
 90
2
176
1
 90
2
176
1
 90
0
176
1
 90
2
176
1
 40
0.6
176
1
 40
30.0
176
1
 62
7
420
16777215
176
1
 90
1
176
1
 90
4
176
1
 62
7
176
1
 62
257
176
1
 90
1
176
1
 90
1
176
1
 40
1.0
176
1
 90
8
176
1
 62
7
176
1
 40
1.0
176
1
 90
1
176
1
 90
6
176
1
 90
2
176
1
 62
7
176
1
 90
5
176
1
 90
0
176
1
 90
0
176
1
290
0
176
1
 90
1
176
1
 40
0.0
176
1
 90
0
176
1
290
0
176
1
290
1
176
1
290
1
176
1
290
0
176
1
290
0
176
1
290
0
176
1
290
0
176
1
290
0
176
1
290
0
176
1
 90
50
176
1
 40
0.0
176
1
 40
1.0
176
1
 90
0
176
1
 62
18
420
0
176
1
 90
50
176
1
 90
3
176
1
 62
5
420
255
176
1
290
0
176
1
 90
50
176
1
 90
50
176
1
 90
50
176
1
290
0
176
1
 90
50
176
1
 62
256
176
0
 40
1.0
176
0
 90
2
176
1
  1
strokes_ogs.tif
176
1
290
0
176
1
 40
1.0
176
1
 40
1.0
176
1
  0
VISUALSTYLE
  5
6F
102
{ACAD_REACTORS
330
16
102
}
330
16
100
AcDbVisualStyle
  2
Sketchy
 70
24
177
3
291
0
 70
58
 90
2
176
1
 90
2
176
1
 90
0
176
1
 90
1
176
1
 40
0.6
176
1
 40
30.0
176
1
 62
7
420
16777215
176
1
 90
1
176
1
 90
4
176
1
 62
7
176
1
 62
257
176
1
 90
1
176
1
 90
1
176
1
 40
1.0
176
1
 90
8
176
1
 62
7
176
1
 40
1.0
176
1
 90
1
176
1
 90
6
176
1
 90
2
176
1
 62
7
176
1
 90
5
176
1
 90
0
176
1
 90
0
176
1
290
0
176
1
 90
1
176
1
 40
0.0
176
1
 90
0
176
1
290
0
176
1
290
1
176
1
290
1
176
1
290
0
176
1
290
0
176
1
290
0
176
1
290
0
176
1
290
0
176
1
290
0
176
1
 90
50
176
1
 40
0.0
176
1
 40
1.0
176
1
 90
0
176
1
 62
18
420
0
176
1
 90
50
176
1
 90
3
176
1
 62
5
420
255
176
1
290
0
176
1
 90
50
176
1
 90
50
176
1
 90
50
176
1
290
0
176
1
 90
50
176
1
 62
256
176
0
 40
1.0
176
0
 90
2
176
1
  1
strokes_ogs.tif
176
1
290
0
176
1
 40
1.0
176
1
 40
1.0
176
1
  0
VISUALSTYLE
  5
70
102
{ACAD_REACTORS
330
16
102
}
330
16
100
AcDbVisualStyle
  2
Thicken
 70
13
177
3
291
1
 70
58
 90
2
176
1
 90
2
176
1
 90
0
176
1
 90
2
176
1
 40
0.6
176
1
 40
30.0
176
1
 62
7
420
16777215
176
1
 90
1
176
1
 90
4
176
1
 62
7
176
1
 62
257
176
1
 90
1
176
1
 90
1
176
1
 40
1.0
176
1
 90
8
176
1
 62
7
176
1
 40
1.0
176
1
 90
1
176
1
 90
6
176
1
 90
2
176
1
 62
7
176
1
 90
5
176
1
 90
0
176
1
 90
0
176
1
290
0
176
1
 90
1
176
1
 40
0.0
176
1
 90
0
176
1
290
0
176
1
290
1
176
1
290
1
176
1
290
0
176
1
290
0
176
1
290
0
176
1
290
0
176
1
290
0
176
1
290
0
176
1
 90
50
176
1
 40
0.0
176
1
 40
1.0
176
1
 90
0
176
1
 62
18
420
0
176
1
 90
50
176
1
 90
3
176
1
 62
5
420
255
176
1
290
0
176
1
 90
50
176
1
 90
50
176
1
 90
50
176
1
290
0
176
1
 90
50
176
1
 62
256
176
0
 40
1.0
176
0
 90
2
176
1
  1
strokes_ogs.tif
176
1
290
0
176
1
 40
1.0
176
1
 40
1.0
176
1
  0
VISUALSTYLE
  5
71
102
{ACAD_REACTORS
330
16
102
}
330
16
100
AcDbVisualStyle
  2
Wireframe
 70
5
177
3
291
0
 70
58
 90
2
176
1
 90
2
176
1
 90
0
176
1
 90
0
176
1
 40
0.6
176
1
 40
30.0
176
1
 62
7
420
16777215
176
1
 90
1
176
1
 90
4
176
1
 62
7
176
1
 62
257
176
1
 90
1
176
1
 90
1
176
1
 40
1.0
176
1
 90
8
176
1
 62
7
176
1
 40
1.0
176
1
 90
1
176
1
 90
6
176
1
 90
2
176
1
 62
7
176
1
 90
5
176
1
 90
0
176
1
 90
0
176
1
290
0
176
1
 90
1
176
1
 40
0.0
176
1
 90
0
176
1
290
0
176
1
290
1
176
1
290
1
176
1
290
0
176
1
290
0
176
1
290
0
176
1
290
0
176
1
290
0
176
1
290
0
176
1
 90
50
176
1
 40
0.0
176
1
 40
1.0
176
1
 90
0
176
1
 62
18
420
0
176
1
 90
50
176
1
 90
3
176
1
 62
5
420
255
176
1
290
0
176
1
 90
50
176
1
 90
50
176
1
 90
50
176
1
290
0
176
1
 90
50
176
1
 62
256
176
0
 40
1.0
176
0
 90
2
176
1
  1
strokes_ogs.tif
176
1
290
0
176
1
 40
1.0
176
1
 40
1.0
176
1
  0
VISUALSTYLE
  5
72
102
{ACAD_REACTORS
330
16
102
}
330
16
100
AcDbVisualStyle
  2
X-Ray
 70
25
177
3
291
0
 70
58
 90
2
176
1
 90
2
176
1
 90
0
176
1
 90
2
176
1
 40
0.5
176
1
 40
30.0
176
1
 62
7
420
16777215
176
1
 90
1
176
1
 90
4
176
1
 62
7
176
1
 62
257
176
1
 90
1
176
1
 90
1
176
1
 40
1.0
176
1
 90
8
176
1
 62
7
176
1
 40
1.0
176
1
 90
1
176
1
 90
6
176
1
 90
2
176
1
 62
7
176
1
 90
5
176
1
 90
0
176
1
 90
0
176
1
290
0
176
1
 90
1
176
1
 40
0.0
176
1
 90
0
176
1
290
0
176
1
290
1
176
1
290
1
176
1
290
0
176
1
290
0
176
1
290
0
176
1
290
0
176
1
290
0
176
1
290
0
176
1
 90
50
176
1
 40
0.0
176
1
 40
1.0
176
1
 90
0
176
1
 62
18
420
0
176
1
 90
50
176
1
 90
3
176
1
 62
5
420
255
176
1
290
0
176
1
 90
50
176
1
 90
50
176
1
 90
50
176
1
290
0
176
1
 90
50
176
1
 62
256
176
0
 40
1.0
176
0
 90
2
176
1
  1
strokes_ogs.tif
176
1
290
0
176
1
 40
1.0
176
1
 40
1.0
176
1
  0
DICTIONARYVAR
  5
240
330
2D
100
DictionaryVariables
280
0
  1
1.4.4 @ 2026-09-26T08:44:25.234008+00:00
  0
ENDSEC
  0
EOF
