# Created by FreeCAD <https://www.freecad.org>
v 2111.300049 10988.580078 0.000000
v 2111.300049 10988.580078 860.000000
v 2111.300049 11587.599609 0.000000
v 2111.300049 11587.599609 860.000000
v 5685.779785 10988.580078 860.000000
v 5685.779785 10988.580078 0.000000
v 5685.779785 11587.599609 0.000000
v 5685.779785 11587.599609 860.000000
v 2111.300049 11459.940430 860.000000
v 2111.300049 11459.940430 940.000000
v 2111.300049 11587.599609 860.000000
v 2111.300049 11587.599609 940.000000
v 5685.779785 11459.940430 940.000000
v 5685.779785 11459.940430 860.000000
v 5685.779785 11587.599609 860.000000
v 5685.779785 11587.599609 940.000000
v 2111.300049 10978.759766 0.000000
v 2111.300049 10085.139648 0.000000
v 2111.300049 10978.759766 850.000000
v 2111.300049 10085.139648 850.000000
v 2808.520020 10085.139648 0.000000
v 2808.520020 10978.759766 0.000000
v 2808.520020 10978.759766 850.000000
v 2808.520020 10085.139648 850.000000
v 3240.600098 11106.419922 940.000000
v 3240.600098 11106.419922 975.000000
v 3240.600098 11479.580078 940.000000
v 3240.600098 11479.580078 975.000000
v 4075.300049 11106.419922 975.000000
v 4075.300049 11106.419922 940.000000
v 4075.300049 11479.580078 940.000000
v 4075.300049 11479.580078 975.000000
v 4811.799805 11509.040039 940.000000
v 4811.799805 11086.780273 940.000000
v 4811.799805 11509.040039 975.000000
v 4811.799805 11086.780273 975.000000
v 5518.839844 11086.780273 940.000000
v 5518.839844 11509.040039 940.000000
v 5518.839844 11509.040039 975.000000
v 5518.839844 11086.780273 975.000000
v 3849.439941 9073.679688 0.000000
v 3849.439941 9967.299805 1950.000000
v 3849.439941 9967.299805 0.000000
v 3849.439941 9073.679688 1950.000000
v 4468.100098 9967.299805 1950.000000
v 4468.100098 9073.679688 0.000000
v 4468.100098 9967.299805 0.000000
v 4468.100098 9073.679688 1950.000000
v 3849.439941 9073.679688 2000.000000
v 3849.439941 9073.679688 2450.000000
v 3849.439941 9967.299805 2000.000000
v 3849.439941 9967.299805 2450.000000
v 4468.100098 9073.679688 2450.000000
v 4468.100098 9073.679688 2000.000000
v 4468.100098 9967.299805 2000.000000
v 4468.100098 9967.299805 2450.000000
v 3849.439941 8386.280273 0.000000
v 3849.439941 9073.679688 2300.000000
v 3849.439941 9073.679688 0.000000
v 3849.439941 8386.280273 2300.000000
v 4468.100098 9073.679688 2300.000000
v 4468.100098 8386.280273 0.000000
v 4468.100098 9073.679688 0.000000
v 4468.100098 8386.280273 2300.000000
v 4448.459961 9034.400391 1250.000000
v 4448.459961 8425.559570 1250.000000
v 4448.459961 9034.400391 1845.000000
v 4448.459961 8425.559570 1845.000000
v 4468.100098 8425.559570 1250.000000
v 4468.100098 9034.400391 1250.000000
v 4468.100098 9034.400391 1845.000000
v 4468.100098 8425.559570 1845.000000
v 4448.459961 9034.400391 550.000000
v 4448.459961 8425.559570 550.000000
v 4448.459961 9034.400391 1145.000000
v 4448.459961 8425.559570 1145.000000
v 4468.100098 8425.559570 550.000000
v 4468.100098 9034.400391 550.000000
v 4468.100098 9034.400391 1145.000000
v 4468.100098 8425.559570 1145.000000
v 3849.439941 9073.679688 2300.000000
v 3849.439941 8386.280273 2300.000000
v 3849.439941 9073.679688 2600.000000
v 3849.439941 8386.280273 2600.000000
v 4468.100098 8386.280273 2300.000000
v 4468.100098 9073.679688 2300.000000
v 4468.100098 9073.679688 2600.000000
v 4468.100098 8386.280273 2600.000000
v 3849.439941 7669.419922 0.000000
v 3849.439941 7669.419922 1900.000000
v 3849.439941 8386.280273 0.000000
v 3849.439941 8386.280273 1900.000000
v 4468.100098 7669.419922 1900.000000
v 4468.100098 7669.419922 0.000000
v 4468.100098 8386.280273 0.000000
v 4468.100098 8386.280273 1900.000000
v 4448.459961 7708.700195 100.000000
v 4448.459961 7708.700195 950.000000
v 4448.459961 8347.000000 100.000000
v 4448.459961 8347.000000 950.000000
v 4468.100098 7708.700195 950.000000
v 4468.100098 7708.700195 100.000000
v 4468.100098 8347.000000 100.000000
v 4468.100098 8347.000000 950.000000
v 4448.459961 7708.700195 1000.000000
v 4448.459961 7708.700195 1850.000000
v 4448.459961 8347.000000 1000.000000
v 4448.459961 8347.000000 1850.000000
v 4468.100098 7708.700195 1850.000000
v 4468.100098 7708.700195 1000.000000
v 4468.100098 8347.000000 1000.000000
v 4468.100098 8347.000000 1850.000000
v 3849.439941 7669.419922 1950.000000
v 3849.439941 7669.419922 2450.000000
v 3849.439941 8386.280273 1950.000000
v 3849.439941 8386.280273 2450.000000
v 4468.100098 7669.419922 2450.000000
v 4468.100098 7669.419922 1950.000000
v 4468.100098 8386.280273 1950.000000
v 4468.100098 8386.280273 2450.000000
v 235.679993 7649.779785 80.000000
v 235.679993 6952.560059 80.000000
v 235.679993 7649.779785 600.000000
v 235.679993 6952.560059 600.000000
v 1738.140015 6952.560059 80.000000
v 1738.140015 7649.779785 80.000000
v 1738.140015 7649.779785 600.000000
v 1738.140015 6952.560059 600.000000
v 382.980011 7531.939941 560.000000
v 382.980011 7070.399902 560.000000
v 382.980011 7531.939941 640.000000
v 382.980011 7070.399902 640.000000
v 1590.839966 7070.399902 560.000000
v 1590.839966 7531.939941 560.000000
v 1590.839966 7531.939941 640.000000
v 1590.839966 7070.399902 640.000000
v 274.959991 5943.751465 380.000000
v 274.959991 6225.879883 820.000000
v 274.959991 6225.879883 380.000000
v 274.959991 5943.751465 820.000000
v 512.949646 6225.879883 820.000000
v 512.949646 5943.751465 380.000000
v 512.949646 6225.879883 380.000000
v 512.949646 5943.751465 820.000000
v 445.670868 5963.391602 60.000000
v 445.670868 6206.240234 400.000000
v 445.670868 6206.240234 60.000000
v 445.670868 5963.391602 400.000000
v 851.653259 6206.240234 400.000000
v 851.653259 5963.391602 60.000000
v 851.653259 6206.240234 60.000000
v 851.653259 5963.391602 400.000000
v 972.926636 6090.868164 400.000000
v 973.077576 6084.815918 400.000000
v 973.077576 6084.815918 60.000000
v 972.926636 6090.868164 60.000000
v 972.474182 6096.905762 60.000000
v 972.474182 6096.905762 400.000000
v 971.721313 6102.913086 60.000000
v 971.721313 6102.913086 400.000000
v 970.669983 6108.875488 400.000000
v 970.669983 6108.875488 60.000000
v 969.322754 6114.777832 60.000000
v 969.322754 6114.777832 400.000000
v 967.682983 6120.605957 400.000000
v 967.682983 6120.605957 60.000000
v 965.754761 6126.345215 60.000000
v 965.754761 6126.345215 400.000000
v 963.542847 6131.980957 400.000000
v 963.542847 6131.980957 60.000000
v 961.052734 6137.499512 400.000000
v 961.052734 6137.499512 60.000000
v 958.290710 6142.887207 400.000000
v 958.290710 6142.887207 60.000000
v 955.263489 6148.130371 400.000000
v 955.263489 6148.130371 60.000000
v 951.978699 6153.216309 60.000000
v 951.978699 6153.216309 400.000000
v 948.444519 6158.132324 400.000000
v 948.444519 6158.132324 60.000000
v 944.669678 6162.865723 60.000000
v 944.669678 6162.865723 400.000000
v 940.663574 6167.405273 400.000000
v 940.663574 6167.405273 60.000000
v 936.436157 6171.739258 400.000000
v 936.436157 6171.739258 60.000000
v 931.997986 6175.857422 60.000000
v 931.997986 6175.857422 400.000000
v 927.360046 6179.749023 400.000000
v 927.360046 6179.749023 60.000000
v 922.533936 6183.404785 60.000000
v 922.533936 6183.404785 400.000000
v 917.531555 6186.815430 60.000000
v 917.531555 6186.815430 400.000000
v 912.365417 6189.972168 60.000000
v 912.365417 6189.972168 400.000000
v 907.048279 6192.867676 400.000000
v 907.048279 6192.867676 60.000000
v 901.593506 6195.494629 400.000000
v 901.593506 6195.494629 60.000000
v 896.014526 6197.846191 400.000000
v 896.014526 6197.846191 60.000000
v 890.325256 6199.916992 400.000000
v 890.325256 6199.916992 60.000000
v 884.539856 6201.701660 400.000000
v 884.539856 6201.701660 60.000000
v 878.672668 6203.195801 60.000000
v 878.672668 6203.195801 400.000000
v 872.738342 6204.395508 400.000000
v 872.738342 6204.395508 60.000000
v 866.751587 6205.297852 400.000000
v 866.751587 6205.297852 60.000000
v 860.727295 6205.900391 400.000000
v 860.727295 6205.900391 60.000000
v 854.680420 6206.202148 400.000000
v 854.680420 6206.202148 60.000000
v 848.626038 6206.202148 400.000000
v 848.626038 6206.202148 60.000000
v 842.579224 6205.900391 400.000000
v 842.579224 6205.900391 60.000000
v 836.554871 6205.297852 60.000000
v 836.554871 6205.297852 400.000000
v 830.568115 6204.395508 400.000000
v 830.568115 6204.395508 60.000000
v 824.633789 6203.195801 400.000000
v 824.633789 6203.195801 60.000000
v 818.766663 6201.701660 400.000000
v 818.766663 6201.701660 60.000000
v 812.981201 6199.916992 400.000000
v 812.981201 6199.916992 60.000000
v 807.291992 6197.846191 400.000000
v 807.291992 6197.846191 60.000000
v 801.713013 6195.494629 400.000000
v 801.713013 6195.494629 60.000000
v 796.258179 6192.867676 400.000000
v 796.258179 6192.867676 60.000000
v 790.941101 6189.972168 60.000000
v 790.941101 6189.972168 400.000000
v 785.774963 6186.815430 400.000000
v 785.774963 6186.815430 60.000000
v 780.772583 6183.404785 400.000000
v 780.772583 6183.404785 60.000000
v 775.946411 6179.749023 400.000000
v 775.946411 6179.749023 60.000000
v 771.308533 6175.857422 400.000000
v 771.308533 6175.857422 60.000000
v 766.870361 6171.739258 400.000000
v 766.870361 6171.739258 60.000000
v 762.642944 6167.405273 60.000000
v 762.642944 6167.405273 400.000000
v 758.636841 6162.865723 400.000000
v 758.636841 6162.865723 60.000000
v 754.862000 6158.132324 400.000000
v 754.862000 6158.132324 60.000000
v 751.327759 6153.216309 60.000000
v 751.327759 6153.216309 400.000000
v 748.043030 6148.130371 60.000000
v 748.043030 6148.130371 400.000000
v 745.015808 6142.887207 400.000000
v 745.015808 6142.887207 60.000000
v 742.253723 6137.499512 400.000000
v 742.253723 6137.499512 60.000000
v 739.763672 6131.980957 60.000000
v 739.763672 6131.980957 400.000000
v 737.551758 6126.345215 400.000000
v 737.551758 6126.345215 60.000000
v 735.623474 6120.605957 400.000000
v 735.623474 6120.605957 60.000000
v 733.983704 6114.777832 400.000000
v 733.983704 6114.777832 60.000000
v 732.636475 6108.875488 400.000000
v 732.636475 6108.875488 60.000000
v 731.585144 6102.913086 60.000000
v 731.585144 6102.913086 400.000000
v 730.832336 6096.905762 60.000000
v 730.832336 6096.905762 400.000000
v 730.379883 6090.868164 400.000000
v 730.379883 6090.868164 60.000000
v 730.228943 6084.815918 60.000000
v 730.228943 6084.815918 400.000000
v 730.379883 6078.763184 400.000000
v 730.379883 6078.763184 60.000000
v 730.832336 6072.725586 400.000000
v 730.832336 6072.725586 60.000000
v 731.585144 6066.718262 400.000000
v 731.585144 6066.718262 60.000000
v 732.636475 6060.755859 60.000000
v 732.636475 6060.755859 400.000000
v 733.983704 6054.853516 400.000000
v 733.983704 6054.853516 60.000000
v 735.623474 6049.025391 400.000000
v 735.623474 6049.025391 60.000000
v 737.551758 6043.286133 400.000000
v 737.551758 6043.286133 60.000000
v 739.763672 6037.650391 400.000000
v 739.763672 6037.650391 60.000000
v 742.253723 6032.131836 400.000000
v 742.253723 6032.131836 60.000000
v 745.015808 6026.744141 400.000000
v 745.015808 6026.744141 60.000000
v 748.043030 6021.500977 60.000000
v 748.043030 6021.500977 400.000000
v 751.327759 6016.415039 400.000000
v 751.327759 6016.415039 60.000000
v 754.862000 6011.499023 400.000000
v 754.862000 6011.499023 60.000000
v 758.636841 6006.765625 400.000000
v 758.636841 6006.765625 60.000000
v 762.642944 6002.226074 400.000000
v 762.642944 6002.226074 60.000000
v 766.870361 5997.892090 400.000000
v 766.870361 5997.892090 60.000000
v 771.308533 5993.773926 60.000000
v 771.308533 5993.773926 400.000000
v 775.946411 5989.882324 60.000000
v 775.946411 5989.882324 400.000000
v 780.772583 5986.226562 400.000000
v 780.772583 5986.226562 60.000000
v 785.774963 5982.815918 400.000000
v 785.774963 5982.815918 60.000000
v 790.941101 5979.659180 400.000000
v 790.941101 5979.659180 60.000000
v 796.258179 5976.763672 400.000000
v 796.258179 5976.763672 60.000000
v 801.713013 5974.136719 60.000000
v 801.713013 5974.136719 400.000000
v 807.291992 5971.785156 400.000000
v 807.291992 5971.785156 60.000000
v 812.981201 5969.714355 400.000000
v 812.981201 5969.714355 60.000000
v 818.766663 5967.929688 400.000000
v 818.766663 5967.929688 60.000000
v 824.633789 5966.435547 60.000000
v 824.633789 5966.435547 400.000000
v 830.568115 5965.236328 400.000000
v 830.568115 5965.236328 60.000000
v 836.554871 5964.333984 400.000000
v 836.554871 5964.333984 60.000000
v 842.579224 5963.730957 60.000000
v 842.579224 5963.730957 400.000000
v 848.626038 5963.429199 60.000000
v 848.626038 5963.429199 400.000000
v 854.680420 5963.429199 400.000000
v 854.680420 5963.429199 60.000000
v 860.727295 5963.730957 400.000000
v 860.727295 5963.730957 60.000000
v 866.751587 5964.333984 400.000000
v 866.751587 5964.333984 60.000000
v 872.738342 5965.236328 400.000000
v 872.738342 5965.236328 60.000000
v 878.672668 5966.435547 60.000000
v 878.672668 5966.435547 400.000000
v 884.539856 5967.929688 400.000000
v 884.539856 5967.929688 60.000000
v 890.325256 5969.714355 400.000000
v 890.325256 5969.714355 60.000000
v 896.014526 5971.785156 400.000000
v 896.014526 5971.785156 60.000000
v 901.593506 5974.136719 400.000000
v 901.593506 5974.136719 60.000000
v 907.048279 5976.763672 60.000000
v 907.048279 5976.763672 400.000000
v 912.365417 5979.659180 400.000000
v 912.365417 5979.659180 60.000000
v 917.531555 5982.815918 60.000000
v 917.531555 5982.815918 400.000000
v 922.533936 5986.226562 60.000000
v 922.533936 5986.226562 400.000000
v 927.360046 5989.882324 400.000000
v 927.360046 5989.882324 60.000000
v 931.997986 5993.773926 400.000000
v 931.997986 5993.773926 60.000000
v 936.436157 5997.892090 400.000000
v 936.436157 5997.892090 60.000000
v 940.663574 6002.226074 400.000000
v 940.663574 6002.226074 60.000000
v 944.669678 6006.765625 60.000000
v 944.669678 6006.765625 400.000000
v 948.444519 6011.499023 400.000000
v 948.444519 6011.499023 60.000000
v 951.978699 6016.415039 60.000000
v 951.978699 6016.415039 400.000000
v 955.263489 6021.500977 400.000000
v 955.263489 6021.500977 60.000000
v 958.290710 6026.744141 400.000000
v 958.290710 6026.744141 60.000000
v 961.052734 6032.131836 400.000000
v 961.052734 6032.131836 60.000000
v 963.542847 6037.650391 400.000000
v 963.542847 6037.650391 60.000000
v 965.754761 6043.286133 60.000000
v 965.754761 6043.286133 400.000000
v 967.682983 6049.025391 400.000000
v 967.682983 6049.025391 60.000000
v 969.322754 6054.853516 400.000000
v 969.322754 6054.853516 60.000000
v 970.669983 6060.755859 400.000000
v 970.669983 6060.755859 60.000000
v 971.721313 6066.718262 400.000000
v 971.721313 6066.718262 60.000000
v 972.474182 6072.725586 60.000000
v 972.474182 6072.725586 400.000000
v 972.926636 6078.763184 400.000000
v 972.926636 6078.763184 60.000000
v 487.669067 5983.031250 400.000000
v 487.669067 5983.031250 435.000000
v 487.669067 6186.600098 400.000000
v 487.669067 6186.600098 435.000000
v 837.653870 5983.031250 435.000000
v 837.653870 5983.031250 400.000000
v 837.653870 6186.600098 400.000000
v 837.653870 6186.600098 435.000000
v 2278.239990 8202.351562 380.000000
v 2278.239990 8484.480469 820.000000
v 2278.239990 8484.480469 380.000000
v 2278.239990 8202.351562 820.000000
v 2516.229736 8484.480469 820.000000
v 2516.229736 8202.351562 380.000000
v 2516.229736 8484.480469 380.000000
v 2516.229736 8202.351562 820.000000
v 2448.950928 8221.991211 60.000000
v 2448.950928 8221.991211 400.000000
v 2448.950928 8464.839844 60.000000
v 2448.950928 8464.839844 400.000000
v 2854.933350 8221.991211 400.000000
v 2854.933350 8221.991211 60.000000
v 2854.933350 8464.839844 60.000000
v 2854.933350 8464.839844 400.000000
v 2976.206543 8349.467773 400.000000
v 2976.357666 8343.416016 400.000000
v 2976.357666 8343.416016 60.000000
v 2976.206543 8349.467773 60.000000
v 2975.754150 8355.505859 60.000000
v 2975.754150 8355.505859 400.000000
v 2975.001221 8361.512695 60.000000
v 2975.001221 8361.512695 400.000000
v 2973.949951 8367.475586 400.000000
v 2973.949951 8367.475586 60.000000
v 2972.602783 8373.377930 60.000000
v 2972.602783 8373.377930 400.000000
v 2970.962891 8379.206055 400.000000
v 2970.962891 8379.206055 60.000000
v 2969.034668 8384.945312 60.000000
v 2969.034668 8384.945312 400.000000
v 2966.822754 8390.581055 400.000000
v 2966.822754 8390.581055 60.000000
v 2964.332764 8396.099609 400.000000
v 2964.332764 8396.099609 60.000000
v 2961.570801 8401.487305 400.000000
v 2961.570801 8401.487305 60.000000
v 2958.543457 8406.730469 400.000000
v 2958.543457 8406.730469 60.000000
v 2955.258789 8411.816406 60.000000
v 2955.258789 8411.816406 400.000000
v 2951.724609 8416.732422 400.000000
v 2951.724609 8416.732422 60.000000
v 2947.949707 8421.465820 60.000000
v 2947.949707 8421.465820 400.000000
v 2943.943604 8426.004883 400.000000
v 2943.943604 8426.004883 60.000000
v 2939.716064 8430.338867 400.000000
v 2939.716064 8430.338867 60.000000
v 2935.278076 8434.457031 60.000000
v 2935.278076 8434.457031 400.000000
v 2930.640137 8438.348633 400.000000
v 2930.640137 8438.348633 60.000000
v 2925.813965 8442.004883 60.000000
v 2925.813965 8442.004883 400.000000
v 2920.811523 8445.415039 60.000000
v 2920.811523 8445.415039 400.000000
v 2915.645508 8448.572266 60.000000
v 2915.645508 8448.572266 400.000000
v 2910.328369 8451.467773 400.000000
v 2910.328369 8451.467773 60.000000
v 2904.873535 8454.094727 400.000000
v 2904.873535 8454.094727 60.000000
v 2899.294434 8456.446289 400.000000
v 2899.294434 8456.446289 60.000000
v 2893.605225 8458.517578 400.000000
v 2893.605225 8458.517578 60.000000
v 2887.819824 8460.301758 400.000000
v 2887.819824 8460.301758 60.000000
v 2881.952637 8461.795898 60.000000
v 2881.952637 8461.795898 400.000000
v 2876.018311 8462.995117 400.000000
v 2876.018311 8462.995117 60.000000
v 2870.031494 8463.897461 400.000000
v 2870.031494 8463.897461 60.000000
v 2864.007324 8464.500000 400.000000
v 2864.007324 8464.500000 60.000000
v 2857.960449 8464.802734 400.000000
v 2857.960449 8464.802734 60.000000
v 2851.906006 8464.802734 400.000000
v 2851.906006 8464.802734 60.000000
v 2845.859131 8464.500000 400.000000
v 2845.859131 8464.500000 60.000000
v 2839.834961 8463.897461 60.000000
v 2839.834961 8463.897461 400.000000
v 2833.848145 8462.995117 400.000000
v 2833.848145 8462.995117 60.000000
v 2827.913818 8461.795898 400.000000
v 2827.913818 8461.795898 60.000000
v 2822.046631 8460.301758 400.000000
v 2822.046631 8460.301758 60.000000
v 2816.261230 8458.517578 400.000000
v 2816.261230 8458.517578 60.000000
v 2810.572021 8456.446289 400.000000
v 2810.572021 8456.446289 60.000000
v 2804.992920 8454.094727 400.000000
v 2804.992920 8454.094727 60.000000
v 2799.538086 8451.467773 400.000000
v 2799.538086 8451.467773 60.000000
v 2794.221191 8448.572266 60.000000
v 2794.221191 8448.572266 400.000000
v 2789.054932 8445.415039 400.000000
v 2789.054932 8445.415039 60.000000
v 2784.052490 8442.004883 400.000000
v 2784.052490 8442.004883 60.000000
v 2779.226318 8438.348633 400.000000
v 2779.226318 8438.348633 60.000000
v 2774.588623 8434.457031 400.000000
v 2774.588623 8434.457031 60.000000
v 2770.150391 8430.338867 400.000000
v 2770.150391 8430.338867 60.000000
v 2765.922852 8426.004883 60.000000
v 2765.922852 8426.004883 400.000000
v 2761.916748 8421.465820 400.000000
v 2761.916748 8421.465820 60.000000
v 2758.142090 8416.732422 400.000000
v 2758.142090 8416.732422 60.000000
v 2754.607666 8411.816406 60.000000
v 2754.607666 8411.816406 400.000000
v 2751.322998 8406.730469 60.000000
v 2751.322998 8406.730469 400.000000
v 2748.295898 8401.487305 400.000000
v 2748.295898 8401.487305 60.000000
v 2745.533691 8396.099609 400.000000
v 2745.533691 8396.099609 60.000000
v 2743.043701 8390.581055 60.000000
v 2743.043701 8390.581055 400.000000
v 2740.831787 8384.945312 400.000000
v 2740.831787 8384.945312 60.000000
v 2738.903564 8379.206055 400.000000
v 2738.903564 8379.206055 60.000000
v 2737.263672 8373.377930 400.000000
v 2737.263672 8373.377930 60.000000
v 2735.916504 8367.475586 400.000000
v 2735.916504 8367.475586 60.000000
v 2734.865234 8361.512695 60.000000
v 2734.865234 8361.512695 400.000000
v 2734.112305 8355.505859 60.000000
v 2734.112305 8355.505859 400.000000
v 2733.659912 8349.467773 400.000000
v 2733.659912 8349.467773 60.000000
v 2733.509033 8343.416016 60.000000
v 2733.509033 8343.416016 400.000000
v 2733.659912 8337.363281 400.000000
v 2733.659912 8337.363281 60.000000
v 2734.112305 8331.326172 400.000000
v 2734.112305 8331.326172 60.000000
v 2734.865234 8325.318359 400.000000
v 2734.865234 8325.318359 60.000000
v 2735.916504 8319.355469 60.000000
v 2735.916504 8319.355469 400.000000
v 2737.263672 8313.453125 400.000000
v 2737.263672 8313.453125 60.000000
v 2738.903564 8307.625000 400.000000
v 2738.903564 8307.625000 60.000000
v 2740.831787 8301.885742 400.000000
v 2740.831787 8301.885742 60.000000
v 2743.043701 8296.250000 400.000000
v 2743.043701 8296.250000 60.000000
v 2745.533691 8290.731445 400.000000
v 2745.533691 8290.731445 60.000000
v 2748.295898 8285.343750 400.000000
v 2748.295898 8285.343750 60.000000
v 2751.322998 8280.100586 60.000000
v 2751.322998 8280.100586 400.000000
v 2754.607666 8275.014648 400.000000
v 2754.607666 8275.014648 60.000000
v 2758.142090 8270.099609 400.000000
v 2758.142090 8270.099609 60.000000
v 2761.916748 8265.365234 400.000000
v 2761.916748 8265.365234 60.000000
v 2765.922852 8260.826172 400.000000
v 2765.922852 8260.826172 60.000000
v 2770.150391 8256.492188 400.000000
v 2770.150391 8256.492188 60.000000
v 2774.588623 8252.374023 60.000000
v 2774.588623 8252.374023 400.000000
v 2779.226318 8248.482422 60.000000
v 2779.226318 8248.482422 400.000000
v 2784.052490 8244.827148 400.000000
v 2784.052490 8244.827148 60.000000
v 2789.054932 8241.416016 400.000000
v 2789.054932 8241.416016 60.000000
v 2794.221191 8238.258789 400.000000
v 2794.221191 8238.258789 60.000000
v 2799.538086 8235.363281 400.000000
v 2799.538086 8235.363281 60.000000
v 2804.992920 8232.736328 60.000000
v 2804.992920 8232.736328 400.000000
v 2810.572021 8230.384766 400.000000
v 2810.572021 8230.384766 60.000000
v 2816.261230 8228.314453 400.000000
v 2816.261230 8228.314453 60.000000
v 2822.046631 8226.529297 400.000000
v 2822.046631 8226.529297 60.000000
v 2827.913818 8225.036133 60.000000
v 2827.913818 8225.036133 400.000000
v 2833.848145 8223.835938 400.000000
v 2833.848145 8223.835938 60.000000
v 2839.834961 8222.933594 400.000000
v 2839.834961 8222.933594 60.000000
v 2845.859131 8222.331055 60.000000
v 2845.859131 8222.331055 400.000000
v 2851.906006 8222.029297 60.000000
v 2851.906006 8222.029297 400.000000
v 2857.960449 8222.029297 400.000000
v 2857.960449 8222.029297 60.000000
v 2864.007324 8222.331055 400.000000
v 2864.007324 8222.331055 60.000000
v 2870.031494 8222.933594 400.000000
v 2870.031494 8222.933594 60.000000
v 2876.018311 8223.835938 400.000000
v 2876.018311 8223.835938 60.000000
v 2881.952637 8225.036133 60.000000
v 2881.952637 8225.036133 400.000000
v 2887.819824 8226.529297 400.000000
v 2887.819824 8226.529297 60.000000
v 2893.605225 8228.314453 400.000000
v 2893.605225 8228.314453 60.000000
v 2899.294434 8230.384766 400.000000
v 2899.294434 8230.384766 60.000000
v 2904.873535 8232.736328 400.000000
v 2904.873535 8232.736328 60.000000
v 2910.328369 8235.363281 60.000000
v 2910.328369 8235.363281 400.000000
v 2915.645508 8238.258789 400.000000
v 2915.645508 8238.258789 60.000000
v 2920.811523 8241.416016 60.000000
v 2920.811523 8241.416016 400.000000
v 2925.813965 8244.827148 60.000000
v 2925.813965 8244.827148 400.000000
v 2930.640137 8248.482422 400.000000
v 2930.640137 8248.482422 60.000000
v 2935.278076 8252.374023 400.000000
v 2935.278076 8252.374023 60.000000
v 2939.716064 8256.492188 400.000000
v 2939.716064 8256.492188 60.000000
v 2943.943604 8260.826172 400.000000
v 2943.943604 8260.826172 60.000000
v 2947.949707 8265.365234 60.000000
v 2947.949707 8265.365234 400.000000
v 2951.724609 8270.099609 400.000000
v 2951.724609 8270.099609 60.000000
v 2955.258789 8275.014648 60.000000
v 2955.258789 8275.014648 400.000000
v 2958.543457 8280.100586 400.000000
v 2958.543457 8280.100586 60.000000
v 2961.570801 8285.343750 400.000000
v 2961.570801 8285.343750 60.000000
v 2964.332764 8290.731445 400.000000
v 2964.332764 8290.731445 60.000000
v 2966.822754 8296.250000 400.000000
v 2966.822754 8296.250000 60.000000
v 2969.034668 8301.885742 60.000000
v 2969.034668 8301.885742 400.000000
v 2970.962891 8307.625000 400.000000
v 2970.962891 8307.625000 60.000000
v 2972.602783 8313.453125 400.000000
v 2972.602783 8313.453125 60.000000
v 2973.949951 8319.355469 400.000000
v 2973.949951 8319.355469 60.000000
v 2975.001221 8325.318359 400.000000
v 2975.001221 8325.318359 60.000000
v 2975.754150 8331.326172 60.000000
v 2975.754150 8331.326172 400.000000
v 2976.206543 8337.363281 400.000000
v 2976.206543 8337.363281 60.000000
v 2490.948975 8241.631836 400.000000
v 2490.948975 8241.631836 435.000000
v 2490.948975 8445.200195 400.000000
v 2490.948975 8445.200195 435.000000
v 2840.933838 8241.631836 435.000000
v 2840.933838 8241.631836 400.000000
v 2840.933838 8445.200195 400.000000
v 2840.933838 8445.200195 435.000000
v 235.679993 5007.217773 0.000000
v 235.679993 5607.220215 820.000000
v 235.679993 5607.220215 0.000000
v 235.679993 5007.217773 820.000000
v 735.714417 5607.220215 820.000000
v 735.714417 5007.217773 0.000000
v 735.714417 5607.220215 0.000000
v 735.714417 5007.217773 820.000000
v 284.779999 5056.317871 820.000000
v 284.779999 5056.317871 905.000000
v 284.779999 5558.120117 820.000000
v 284.779999 5558.120117 905.000000
v 686.614380 5056.317871 905.000000
v 686.614380 5056.317871 820.000000
v 686.614380 5558.120117 820.000000
v 686.614380 5558.120117 905.000000
v 501.677307 5488.017090 1325.000000
v 501.697205 5487.219727 1325.000000
v 501.697205 5487.219727 905.000000
v 501.677307 5488.017090 905.000000
v 501.617706 5488.812500 1325.000000
v 501.617706 5488.812500 905.000000
v 501.518494 5489.604492 905.000000
v 501.518494 5489.604492 1325.000000
v 501.379974 5490.390137 905.000000
v 501.379974 5490.390137 1325.000000
v 501.202423 5491.167480 1325.000000
v 501.202423 5491.167480 905.000000
v 500.986359 5491.935547 905.000000
v 500.986359 5491.935547 1325.000000
v 500.732269 5492.691895 905.000000
v 500.732269 5492.691895 1325.000000
v 500.440826 5493.434570 1325.000000
v 500.440826 5493.434570 905.000000
v 500.112701 5494.161621 1325.000000
v 500.112701 5494.161621 905.000000
v 499.748749 5494.871582 1325.000000
v 499.748749 5494.871582 905.000000
v 499.349854 5495.562500 1325.000000
v 499.349854 5495.562500 905.000000
v 498.917023 5496.232910 1325.000000
v 498.917023 5496.232910 905.000000
v 498.451324 5496.880371 1325.000000
v 498.451324 5496.880371 905.000000
v 497.953918 5497.504395 1325.000000
v 497.953918 5497.504395 905.000000
v 497.426025 5498.102539 905.000000
v 497.426025 5498.102539 1325.000000
v 496.868988 5498.673340 1325.000000
v 496.868988 5498.673340 905.000000
v 496.284180 5499.216309 905.000000
v 496.284180 5499.216309 1325.000000
v 495.673035 5499.729004 1325.000000
v 495.673035 5499.729004 905.000000
v 495.037109 5500.210449 1325.000000
v 495.037109 5500.210449 905.000000
v 494.377930 5500.660156 1325.000000
v 494.377930 5500.660156 905.000000
v 493.697205 5501.076172 1325.000000
v 493.697205 5501.076172 905.000000
v 492.996582 5501.457520 1325.000000
v 492.996582 5501.457520 905.000000
v 492.277802 5501.803711 1325.000000
v 492.277802 5501.803711 905.000000
v 491.542664 5502.113770 905.000000
v 491.542664 5502.113770 1325.000000
v 490.792999 5502.386230 1325.000000
v 490.792999 5502.386230 905.000000
v 490.030640 5502.621582 1325.000000
v 490.030640 5502.621582 905.000000
v 489.257538 5502.818359 905.000000
v 489.257538 5502.818359 1325.000000
v 488.475586 5502.976562 905.000000
v 488.475586 5502.976562 1325.000000
v 487.686707 5503.095215 1325.000000
v 487.686707 5503.095215 905.000000
v 486.892883 5503.174805 1325.000000
v 486.892883 5503.174805 905.000000
v 486.096100 5503.214844 1325.000000
v 486.096100 5503.214844 905.000000
v 485.298309 5503.214844 1325.000000
v 485.298309 5503.214844 905.000000
v 484.501526 5503.174805 905.000000
v 484.501526 5503.174805 1325.000000
v 483.707703 5503.095215 905.000000
v 483.707703 5503.095215 1325.000000
v 482.918823 5502.976562 1325.000000
v 482.918823 5502.976562 905.000000
v 482.136871 5502.818359 1325.000000
v 482.136871 5502.818359 905.000000
v 481.363739 5502.621582 1325.000000
v 481.363739 5502.621582 905.000000
v 480.601410 5502.386230 1325.000000
v 480.601410 5502.386230 905.000000
v 479.851746 5502.113770 905.000000
v 479.851746 5502.113770 1325.000000
v 479.116608 5501.803711 1325.000000
v 479.116608 5501.803711 905.000000
v 478.397827 5501.457520 905.000000
v 478.397827 5501.457520 1325.000000
v 477.697205 5501.076172 1325.000000
v 477.697205 5501.076172 905.000000
v 477.016449 5500.660156 1325.000000
v 477.016449 5500.660156 905.000000
v 476.357300 5500.210449 1325.000000
v 476.357300 5500.210449 905.000000
v 475.721375 5499.729004 1325.000000
v 475.721375 5499.729004 905.000000
v 475.110229 5499.216309 1325.000000
v 475.110229 5499.216309 905.000000
v 474.525421 5498.673340 1325.000000
v 474.525421 5498.673340 905.000000
v 473.968384 5498.102539 1325.000000
v 473.968384 5498.102539 905.000000
v 473.440491 5497.504395 905.000000
v 473.440491 5497.504395 1325.000000
v 472.943085 5496.880371 1325.000000
v 472.943085 5496.880371 905.000000
v 472.477386 5496.232910 1325.000000
v 472.477386 5496.232910 905.000000
v 472.044556 5495.562500 905.000000
v 472.044556 5495.562500 1325.000000
v 471.645660 5494.871582 1325.000000
v 471.645660 5494.871582 905.000000
v 471.281708 5494.161621 1325.000000
v 471.281708 5494.161621 905.000000
v 470.953583 5493.434570 905.000000
v 470.953583 5493.434570 1325.000000
v 470.662109 5492.691895 1325.000000
v 470.662109 5492.691895 905.000000
v 470.408020 5491.935547 1325.000000
v 470.408020 5491.935547 905.000000
v 470.191956 5491.167480 1325.000000
v 470.191956 5491.167480 905.000000
v 470.014435 5490.390137 905.000000
v 470.014435 5490.390137 1325.000000
v 469.875916 5489.604492 905.000000
v 469.875916 5489.604492 1325.000000
v 469.776703 5488.812500 1325.000000
v 469.776703 5488.812500 905.000000
v 469.717102 5488.017090 1325.000000
v 469.717102 5488.017090 905.000000
v 469.697205 5487.219727 1325.000000
v 469.697205 5487.219727 905.000000
v 469.717102 5486.421875 1325.000000
v 469.717102 5486.421875 905.000000
v 469.776703 5485.626465 905.000000
v 469.776703 5485.626465 1325.000000
v 469.875916 5484.834961 1325.000000
v 469.875916 5484.834961 905.000000
v 470.014435 5484.049316 905.000000
v 470.014435 5484.049316 1325.000000
v 470.191956 5483.271484 1325.000000
v 470.191956 5483.271484 905.000000
v 470.408020 5482.503418 905.000000
v 470.408020 5482.503418 1325.000000
v 470.662109 5481.747070 1325.000000
v 470.662109 5481.747070 905.000000
v 470.953583 5481.004883 1325.000000
v 470.953583 5481.004883 905.000000
v 471.281708 5480.277344 1325.000000
v 471.281708 5480.277344 905.000000
v 471.645660 5479.567383 1325.000000
v 471.645660 5479.567383 905.000000
v 472.044556 5478.876465 1325.000000
v 472.044556 5478.876465 905.000000
v 472.477386 5478.206543 1325.000000
v 472.477386 5478.206543 905.000000
v 472.943085 5477.558594 1325.000000
v 472.943085 5477.558594 905.000000
v 473.440491 5476.935059 905.000000
v 473.440491 5476.935059 1325.000000
v 473.968384 5476.336914 1325.000000
v 473.968384 5476.336914 905.000000
v 474.525421 5475.765625 1325.000000
v 474.525421 5475.765625 905.000000
v 475.110229 5475.223145 1325.000000
v 475.110229 5475.223145 905.000000
v 475.721375 5474.710449 1325.000000
v 475.721375 5474.710449 905.000000
v 476.357300 5474.228516 1325.000000
v 476.357300 5474.228516 905.000000
v 477.016449 5473.779297 1325.000000
v 477.016449 5473.779297 905.000000
v 477.697205 5473.363281 1325.000000
v 477.697205 5473.363281 905.000000
v 478.397827 5472.981445 905.000000
v 478.397827 5472.981445 1325.000000
v 479.116608 5472.635742 1325.000000
v 479.116608 5472.635742 905.000000
v 479.851746 5472.325684 1325.000000
v 479.851746 5472.325684 905.000000
v 480.601410 5472.052734 1325.000000
v 480.601410 5472.052734 905.000000
v 481.363739 5471.817383 1325.000000
v 481.363739 5471.817383 905.000000
v 482.136871 5471.620605 1325.000000
v 482.136871 5471.620605 905.000000
v 482.918823 5471.462891 1325.000000
v 482.918823 5471.462891 905.000000
v 483.707703 5471.343750 1325.000000
v 483.707703 5471.343750 905.000000
v 484.501526 5471.264160 905.000000
v 484.501526 5471.264160 1325.000000
v 485.298309 5471.224609 1325.000000
v 485.298309 5471.224609 905.000000
v 486.096100 5471.224609 1325.000000
v 486.096100 5471.224609 905.000000
v 486.892883 5471.264160 1325.000000
v 486.892883 5471.264160 905.000000
v 487.686707 5471.343750 1325.000000
v 487.686707 5471.343750 905.000000
v 488.475586 5471.462891 1325.000000
v 488.475586 5471.462891 905.000000
v 489.257538 5471.620605 905.000000
v 489.257538 5471.620605 1325.000000
v 490.030640 5471.817383 1325.000000
v 490.030640 5471.817383 905.000000
v 490.792999 5472.052734 1325.000000
v 490.792999 5472.052734 905.000000
v 491.542664 5472.325684 1325.000000
v 491.542664 5472.325684 905.000000
v 492.277802 5472.635742 1325.000000
v 492.277802 5472.635742 905.000000
v 492.996582 5472.981445 905.000000
v 492.996582 5472.981445 1325.000000
v 493.697205 5473.363281 1325.000000
v 493.697205 5473.363281 905.000000
v 494.377930 5473.779297 905.000000
v 494.377930 5473.779297 1325.000000
v 495.037109 5474.228516 905.000000
v 495.037109 5474.228516 1325.000000
v 495.673035 5474.710449 905.000000
v 495.673035 5474.710449 1325.000000
v 496.284180 5475.223145 1325.000000
v 496.284180 5475.223145 905.000000
v 496.868988 5475.765625 1325.000000
v 496.868988 5475.765625 905.000000
v 497.426025 5476.336914 1325.000000
v 497.426025 5476.336914 905.000000
v 497.953918 5476.935059 1325.000000
v 497.953918 5476.935059 905.000000
v 498.451324 5477.558594 1325.000000
v 498.451324 5477.558594 905.000000
v 498.917023 5478.206543 1325.000000
v 498.917023 5478.206543 905.000000
v 499.349854 5478.876465 1325.000000
v 499.349854 5478.876465 905.000000
v 499.748749 5479.567383 1325.000000
v 499.748749 5479.567383 905.000000
v 500.112701 5480.277344 1325.000000
v 500.112701 5480.277344 905.000000
v 500.440826 5481.004883 1325.000000
v 500.440826 5481.004883 905.000000
v 500.732269 5481.747070 1325.000000
v 500.732269 5481.747070 905.000000
v 500.986359 5482.503418 1325.000000
v 500.986359 5482.503418 905.000000
v 501.202423 5483.271484 1325.000000
v 501.202423 5483.271484 905.000000
v 501.379974 5484.049316 1325.000000
v 501.379974 5484.049316 905.000000
v 501.518494 5484.834961 1325.000000
v 501.518494 5484.834961 905.000000
v 501.617706 5485.626465 1325.000000
v 501.617706 5485.626465 905.000000
v 501.677307 5486.421875 1325.000000
v 501.677307 5486.421875 905.000000
v 2238.959961 7118.518066 0.000000
v 2238.959961 7718.520020 820.000000
v 2238.959961 7718.520020 0.000000
v 2238.959961 7118.518066 820.000000
v 2738.994385 7718.520020 820.000000
v 2738.994385 7118.518066 0.000000
v 2738.994385 7718.520020 0.000000
v 2738.994385 7118.518066 820.000000
v 2288.060059 7167.618164 820.000000
v 2288.060059 7167.618164 905.000000
v 2288.060059 7669.419922 820.000000
v 2288.060059 7669.419922 905.000000
v 2689.894287 7167.618164 905.000000
v 2689.894287 7167.618164 820.000000
v 2689.894287 7669.419922 820.000000
v 2689.894287 7669.419922 905.000000
v 2504.957275 7599.316895 1325.000000
v 2504.977295 7598.519531 1325.000000
v 2504.977295 7598.519531 905.000000
v 2504.957275 7599.316895 905.000000
v 2504.897705 7600.112793 1325.000000
v 2504.897705 7600.112793 905.000000
v 2504.798584 7600.904297 905.000000
v 2504.798584 7600.904297 1325.000000
v 2504.659912 7601.689941 905.000000
v 2504.659912 7601.689941 1325.000000
v 2504.482422 7602.467773 1325.000000
v 2504.482422 7602.467773 905.000000
v 2504.266357 7603.235840 905.000000
v 2504.266357 7603.235840 1325.000000
v 2504.012207 7603.991699 905.000000
v 2504.012207 7603.991699 1325.000000
v 2503.720703 7604.734375 1325.000000
v 2503.720703 7604.734375 905.000000
v 2503.392822 7605.461914 1325.000000
v 2503.392822 7605.461914 905.000000
v 2503.028809 7606.171875 1325.000000
v 2503.028809 7606.171875 905.000000
v 2502.629883 7606.862793 1325.000000
v 2502.629883 7606.862793 905.000000
v 2502.197021 7607.532715 1325.000000
v 2502.197021 7607.532715 905.000000
v 2501.731201 7608.180664 1325.000000
v 2501.731201 7608.180664 905.000000
v 2501.233887 7608.804199 1325.000000
v 2501.233887 7608.804199 905.000000
v 2500.706055 7609.402344 905.000000
v 2500.706055 7609.402344 1325.000000
v 2500.148926 7609.973633 1325.000000
v 2500.148926 7609.973633 905.000000
v 2499.564209 7610.516113 905.000000
v 2499.564209 7610.516113 1325.000000
v 2498.953125 7611.028809 1325.000000
v 2498.953125 7611.028809 905.000000
v 2498.317139 7611.510742 1325.000000
v 2498.317139 7611.510742 905.000000
v 2497.657959 7611.959961 1325.000000
v 2497.657959 7611.959961 905.000000
v 2496.977295 7612.375977 1325.000000
v 2496.977295 7612.375977 905.000000
v 2496.276611 7612.757324 1325.000000
v 2496.276611 7612.757324 905.000000
v 2495.557861 7613.103516 1325.000000
v 2495.557861 7613.103516 905.000000
v 2494.822754 7613.413574 905.000000
v 2494.822754 7613.413574 1325.000000
v 2494.072998 7613.686523 1325.000000
v 2494.072998 7613.686523 905.000000
v 2493.310547 7613.921387 1325.000000
v 2493.310547 7613.921387 905.000000
v 2492.537598 7614.118652 905.000000
v 2492.537598 7614.118652 1325.000000
v 2491.755615 7614.276367 905.000000
v 2491.755615 7614.276367 1325.000000
v 2490.966797 7614.395508 1325.000000
v 2490.966797 7614.395508 905.000000
v 2490.172852 7614.475098 1325.000000
v 2490.172852 7614.475098 905.000000
v 2489.375977 7614.514648 1325.000000
v 2489.375977 7614.514648 905.000000
v 2488.578369 7614.514648 1325.000000
v 2488.578369 7614.514648 905.000000
v 2487.781494 7614.475098 905.000000
v 2487.781494 7614.475098 1325.000000
v 2486.987793 7614.395508 905.000000
v 2486.987793 7614.395508 1325.000000
v 2486.198730 7614.276367 1325.000000
v 2486.198730 7614.276367 905.000000
v 2485.416748 7614.118652 1325.000000
v 2485.416748 7614.118652 905.000000
v 2484.643799 7613.921387 1325.000000
v 2484.643799 7613.921387 905.000000
v 2483.881348 7613.686523 1325.000000
v 2483.881348 7613.686523 905.000000
v 2483.131836 7613.413574 905.000000
v 2483.131836 7613.413574 1325.000000
v 2482.396484 7613.103516 1325.000000
v 2482.396484 7613.103516 905.000000
v 2481.677734 7612.757324 905.000000
v 2481.677734 7612.757324 1325.000000
v 2480.977295 7612.375977 1325.000000
v 2480.977295 7612.375977 905.000000
v 2480.296387 7611.959961 1325.000000
v 2480.296387 7611.959961 905.000000
v 2479.637207 7611.510742 1325.000000
v 2479.637207 7611.510742 905.000000
v 2479.001465 7611.028809 1325.000000
v 2479.001465 7611.028809 905.000000
v 2478.390137 7610.516113 1325.000000
v 2478.390137 7610.516113 905.000000
v 2477.805420 7609.973633 1325.000000
v 2477.805420 7609.973633 905.000000
v 2477.248291 7609.402344 1325.000000
v 2477.248291 7609.402344 905.000000
v 2476.720459 7608.804199 905.000000
v 2476.720459 7608.804199 1325.000000
v 2476.223145 7608.180664 1325.000000
v 2476.223145 7608.180664 905.000000
v 2475.757324 7607.532715 1325.000000
v 2475.757324 7607.532715 905.000000
v 2475.324463 7606.862793 905.000000
v 2475.324463 7606.862793 1325.000000
v 2474.925537 7606.171875 1325.000000
v 2474.925537 7606.171875 905.000000
v 2474.561768 7605.461914 1325.000000
v 2474.561768 7605.461914 905.000000
v 2474.233643 7604.734375 905.000000
v 2474.233643 7604.734375 1325.000000
v 2473.942139 7603.991699 1325.000000
v 2473.942139 7603.991699 905.000000
v 2473.687988 7603.235840 1325.000000
v 2473.687988 7603.235840 905.000000
v 2473.471924 7602.467773 1325.000000
v 2473.471924 7602.467773 905.000000
v 2473.294434 7601.689941 905.000000
v 2473.294434 7601.689941 1325.000000
v 2473.156006 7600.904297 905.000000
v 2473.156006 7600.904297 1325.000000
v 2473.056641 7600.112793 1325.000000
v 2473.056641 7600.112793 905.000000
v 2472.997070 7599.316895 1325.000000
v 2472.997070 7599.316895 905.000000
v 2472.977295 7598.519531 1325.000000
v 2472.977295 7598.519531 905.000000
v 2472.997070 7597.722168 1325.000000
v 2472.997070 7597.722168 905.000000
v 2473.056641 7596.926758 905.000000
v 2473.056641 7596.926758 1325.000000
v 2473.156006 7596.134766 1325.000000
v 2473.156006 7596.134766 905.000000
v 2473.294434 7595.349121 905.000000
v 2473.294434 7595.349121 1325.000000
v 2473.471924 7594.571289 1325.000000
v 2473.471924 7594.571289 905.000000
v 2473.687988 7593.803711 905.000000
v 2473.687988 7593.803711 1325.000000
v 2473.942139 7593.047363 1325.000000
v 2473.942139 7593.047363 905.000000
v 2474.233643 7592.304688 1325.000000
v 2474.233643 7592.304688 905.000000
v 2474.561768 7591.577637 1325.000000
v 2474.561768 7591.577637 905.000000
v 2474.925537 7590.867676 1325.000000
v 2474.925537 7590.867676 905.000000
v 2475.324463 7590.176758 1325.000000
v 2475.324463 7590.176758 905.000000
v 2475.757324 7589.506348 1325.000000
v 2475.757324 7589.506348 905.000000
v 2476.223145 7588.858887 1325.000000
v 2476.223145 7588.858887 905.000000
v 2476.720459 7588.234863 905.000000
v 2476.720459 7588.234863 1325.000000
v 2477.248291 7587.636719 1325.000000
v 2477.248291 7587.636719 905.000000
v 2477.805420 7587.065918 1325.000000
v 2477.805420 7587.065918 905.000000
v 2478.390137 7586.522949 1325.000000
v 2478.390137 7586.522949 905.000000
v 2479.001465 7586.010254 1325.000000
v 2479.001465 7586.010254 905.000000
v 2479.637207 7585.528809 1325.000000
v 2479.637207 7585.528809 905.000000
v 2480.296387 7585.079102 1325.000000
v 2480.296387 7585.079102 905.000000
v 2480.977295 7584.663086 1325.000000
v 2480.977295 7584.663086 905.000000
v 2481.677734 7584.281738 905.000000
v 2481.677734 7584.281738 1325.000000
v 2482.396484 7583.935547 1325.000000
v 2482.396484 7583.935547 905.000000
v 2483.131836 7583.625488 1325.000000
v 2483.131836 7583.625488 905.000000
v 2483.881348 7583.352539 1325.000000
v 2483.881348 7583.352539 905.000000
v 2484.643799 7583.117676 1325.000000
v 2484.643799 7583.117676 905.000000
v 2485.416748 7582.920898 1325.000000
v 2485.416748 7582.920898 905.000000
v 2486.198730 7582.762695 1325.000000
v 2486.198730 7582.762695 905.000000
v 2486.987793 7582.643555 1325.000000
v 2486.987793 7582.643555 905.000000
v 2487.781494 7582.564453 905.000000
v 2487.781494 7582.564453 1325.000000
v 2488.578369 7582.524414 1325.000000
v 2488.578369 7582.524414 905.000000
v 2489.375977 7582.524414 1325.000000
v 2489.375977 7582.524414 905.000000
v 2490.172852 7582.564453 1325.000000
v 2490.172852 7582.564453 905.000000
v 2490.966797 7582.643555 1325.000000
v 2490.966797 7582.643555 905.000000
v 2491.755615 7582.762695 1325.000000
v 2491.755615 7582.762695 905.000000
v 2492.537598 7582.920898 905.000000
v 2492.537598 7582.920898 1325.000000
v 2493.310547 7583.117676 1325.000000
v 2493.310547 7583.117676 905.000000
v 2494.072998 7583.352539 1325.000000
v 2494.072998 7583.352539 905.000000
v 2494.822754 7583.625488 1325.000000
v 2494.822754 7583.625488 905.000000
v 2495.557861 7583.935547 1325.000000
v 2495.557861 7583.935547 905.000000
v 2496.276611 7584.281738 905.000000
v 2496.276611 7584.281738 1325.000000
v 2496.977295 7584.663086 1325.000000
v 2496.977295 7584.663086 905.000000
v 2497.657959 7585.079102 905.000000
v 2497.657959 7585.079102 1325.000000
v 2498.317139 7585.528809 905.000000
v 2498.317139 7585.528809 1325.000000
v 2498.953125 7586.010254 905.000000
v 2498.953125 7586.010254 1325.000000
v 2499.564209 7586.522949 1325.000000
v 2499.564209 7586.522949 905.000000
v 2500.148926 7587.065918 1325.000000
v 2500.148926 7587.065918 905.000000
v 2500.706055 7587.636719 1325.000000
v 2500.706055 7587.636719 905.000000
v 2501.233887 7588.234863 1325.000000
v 2501.233887 7588.234863 905.000000
v 2501.731201 7588.858887 1325.000000
v 2501.731201 7588.858887 905.000000
v 2502.197021 7589.506348 1325.000000
v 2502.197021 7589.506348 905.000000
v 2502.629883 7590.176758 1325.000000
v 2502.629883 7590.176758 905.000000
v 2503.028809 7590.867676 1325.000000
v 2503.028809 7590.867676 905.000000
v 2503.392822 7591.577637 1325.000000
v 2503.392822 7591.577637 905.000000
v 2503.720703 7592.304688 1325.000000
v 2503.720703 7592.304688 905.000000
v 2504.012207 7593.047363 1325.000000
v 2504.012207 7593.047363 905.000000
v 2504.266357 7593.803711 1325.000000
v 2504.266357 7593.803711 905.000000
v 2504.482422 7594.571289 1325.000000
v 2504.482422 7594.571289 905.000000
v 2504.659912 7595.349121 1325.000000
v 2504.659912 7595.349121 905.000000
v 2504.798584 7596.134766 1325.000000
v 2504.798584 7596.134766 905.000000
v 2504.897705 7596.926758 1325.000000
v 2504.897705 7596.926758 905.000000
v 2504.957275 7597.722168 1325.000000
v 2504.957275 7597.722168 905.000000
v 235.679993 7649.779785 20.000000
v 235.679993 6628.500000 20.000000
v 235.679993 7649.779785 70.000000
v 235.679993 6628.500000 70.000000
v 1993.459961 6628.500000 20.000000
v 1993.459961 7649.779785 20.000000
v 1993.459961 7649.779785 70.000000
v 1993.459961 6628.500000 70.000000
v 2238.959961 8838.000000 20.000000
v 2238.959961 8838.000000 70.000000
v 2238.959961 9849.459961 20.000000
v 2238.959961 9849.459961 70.000000
v 3731.600098 8838.000000 70.000000
v 3731.600098 8838.000000 20.000000
v 3731.600098 9849.459961 20.000000
v 3731.600098 9849.459961 70.000000
vn -1.000000 0.000000 0.000000
vn -1.000000 0.000000 0.000000
vn 1.000000 0.000000 0.000000
vn 1.000000 -0.000000 0.000000
vn 0.000000 -1.000000 0.000000
vn 0.000000 -1.000000 0.000000
vn 0.000000 1.000000 0.000000
vn 0.000000 1.000000 0.000000
vn 0.000000 0.000000 -1.000000
vn 0.000000 0.000000 -1.000000
vn 0.000000 0.000000 1.000000
vn 0.000000 0.000000 1.000000
vn -1.000000 0.000000 0.000000
vn -1.000000 0.000000 0.000000
vn 1.000000 0.000000 0.000000
vn 1.000000 -0.000000 0.000000
vn 0.000000 -1.000000 0.000000
vn 0.000000 -1.000000 0.000000
vn 0.000000 1.000000 0.000000
vn 0.000000 1.000000 0.000000
vn 0.000000 0.000000 -1.000000
vn 0.000000 0.000000 -1.000000
vn 0.000000 0.000000 1.000000
vn 0.000000 0.000000 1.000000
vn -1.000000 0.000000 0.000000
vn -1.000000 0.000000 0.000000
vn 1.000000 0.000000 0.000000
vn 1.000000 -0.000000 0.000000
vn 0.000000 -1.000000 0.000000
vn 0.000000 -1.000000 0.000000
vn 0.000000 1.000000 0.000000
vn 0.000000 1.000000 0.000000
vn 0.000000 0.000000 -1.000000
vn 0.000000 0.000000 -1.000000
vn 0.000000 0.000000 1.000000
vn 0.000000 0.000000 1.000000
vn -1.000000 0.000000 0.000000
vn -1.000000 0.000000 0.000000
vn 1.000000 0.000000 0.000000
vn 1.000000 -0.000000 0.000000
vn 0.000000 -1.000000 0.000000
vn 0.000000 -1.000000 0.000000
vn 0.000000 1.000000 0.000000
vn 0.000000 1.000000 0.000000
vn 0.000000 0.000000 -1.000000
vn 0.000000 0.000000 -1.000000
vn 0.000000 0.000000 1.000000
vn 0.000000 0.000000 1.000000
vn -1.000000 0.000000 0.000000
vn -1.000000 0.000000 0.000000
vn 1.000000 0.000000 0.000000
vn 1.000000 -0.000000 0.000000
vn 0.000000 -1.000000 0.000000
vn 0.000000 -1.000000 0.000000
vn 0.000000 1.000000 0.000000
vn 0.000000 1.000000 0.000000
vn 0.000000 0.000000 -1.000000
vn 0.000000 0.000000 -1.000000
vn 0.000000 0.000000 1.000000
vn 0.000000 0.000000 1.000000
vn -1.000000 0.000000 0.000000
vn -1.000000 0.000000 0.000000
vn 1.000000 0.000000 0.000000
vn 1.000000 -0.000000 0.000000
vn 0.000000 -1.000000 0.000000
vn 0.000000 -1.000000 0.000000
vn 0.000000 1.000000 0.000000
vn 0.000000 1.000000 0.000000
vn 0.000000 0.000000 -1.000000
vn 0.000000 0.000000 -1.000000
vn 0.000000 0.000000 1.000000
vn 0.000000 0.000000 1.000000
vn -1.000000 0.000000 0.000000
vn -1.000000 0.000000 0.000000
vn 1.000000 0.000000 0.000000
vn 1.000000 -0.000000 0.000000
vn 0.000000 -1.000000 0.000000
vn 0.000000 -1.000000 0.000000
vn 0.000000 1.000000 0.000000
vn 0.000000 1.000000 0.000000
vn 0.000000 0.000000 -1.000000
vn 0.000000 0.000000 -1.000000
vn 0.000000 0.000000 1.000000
vn 0.000000 0.000000 1.000000
vn -1.000000 0.000000 0.000000
vn -1.000000 0.000000 0.000000
vn 1.000000 0.000000 0.000000
vn 1.000000 -0.000000 0.000000
vn 0.000000 -1.000000 0.000000
vn 0.000000 -1.000000 0.000000
vn 0.000000 1.000000 0.000000
vn 0.000000 1.000000 0.000000
vn 0.000000 0.000000 -1.000000
vn 0.000000 0.000000 -1.000000
vn 0.000000 0.000000 1.000000
vn 0.000000 0.000000 1.000000
vn -1.000000 0.000000 0.000000
vn -1.000000 0.000000 0.000000
vn 1.000000 0.000000 0.000000
vn 1.000000 -0.000000 0.000000
vn 0.000000 -1.000000 0.000000
vn 0.000000 -1.000000 0.000000
vn 0.000000 1.000000 0.000000
vn 0.000000 1.000000 0.000000
vn 0.000000 0.000000 -1.000000
vn 0.000000 0.000000 -1.000000
vn 0.000000 0.000000 1.000000
vn 0.000000 0.000000 1.000000
vn -1.000000 0.000000 0.000000
vn -1.000000 0.000000 0.000000
vn 1.000000 0.000000 0.000000
vn 1.000000 -0.000000 0.000000
vn 0.000000 -1.000000 0.000000
vn 0.000000 -1.000000 0.000000
vn 0.000000 1.000000 0.000000
vn 0.000000 1.000000 0.000000
vn 0.000000 0.000000 -1.000000
vn 0.000000 0.000000 -1.000000
vn 0.000000 0.000000 1.000000
vn 0.000000 0.000000 1.000000
vn -1.000000 0.000000 0.000000
vn -1.000000 0.000000 0.000000
vn 1.000000 0.000000 0.000000
vn 1.000000 -0.000000 0.000000
vn 0.000000 -1.000000 0.000000
vn 0.000000 -1.000000 0.000000
vn 0.000000 1.000000 0.000000
vn 0.000000 1.000000 0.000000
vn 0.000000 0.000000 -1.000000
vn 0.000000 0.000000 -1.000000
vn 0.000000 0.000000 1.000000
vn 0.000000 0.000000 1.000000
vn -1.000000 0.000000 0.000000
vn -1.000000 0.000000 0.000000
vn 1.000000 0.000000 0.000000
vn 1.000000 -0.000000 0.000000
vn 0.000000 -1.000000 0.000000
vn 0.000000 -1.000000 0.000000
vn 0.000000 1.000000 0.000000
vn 0.000000 1.000000 0.000000
vn 0.000000 0.000000 -1.000000
vn 0.000000 0.000000 -1.000000
vn 0.000000 0.000000 1.000000
vn 0.000000 0.000000 1.000000
vn -1.000000 0.000000 0.000000
vn -1.000000 0.000000 0.000000
vn 1.000000 0.000000 0.000000
vn 1.000000 -0.000000 0.000000
vn 0.000000 -1.000000 0.000000
vn 0.000000 -1.000000 0.000000
vn 0.000000 1.000000 0.000000
vn 0.000000 1.000000 0.000000
vn 0.000000 0.000000 -1.000000
vn 0.000000 0.000000 -1.000000
vn 0.000000 0.000000 1.000000
vn 0.000000 0.000000 1.000000
vn -1.000000 0.000000 0.000000
vn -1.000000 0.000000 0.000000
vn 1.000000 0.000000 0.000000
vn 1.000000 -0.000000 0.000000
vn 0.000000 -1.000000 0.000000
vn 0.000000 -1.000000 0.000000
vn 0.000000 1.000000 0.000000
vn 0.000000 1.000000 0.000000
vn 0.000000 0.000000 -1.000000
vn 0.000000 0.000000 -1.000000
vn 0.000000 0.000000 1.000000
vn 0.000000 0.000000 1.000000
vn -1.000000 0.000000 0.000000
vn -1.000000 0.000000 0.000000
vn 1.000000 0.000000 0.000000
vn 1.000000 -0.000000 0.000000
vn 0.000000 -1.000000 0.000000
vn 0.000000 -1.000000 0.000000
vn 0.000000 1.000000 0.000000
vn 0.000000 1.000000 0.000000
vn 0.000000 0.000000 -1.000000
vn 0.000000 0.000000 -1.000000
vn 0.000000 0.000000 1.000000
vn 0.000000 0.000000 1.000000
vn -1.000000 0.000000 0.000000
vn -1.000000 0.000000 0.000000
vn 1.000000 0.000000 0.000000
vn 1.000000 -0.000000 0.000000
vn 0.000000 -1.000000 0.000000
vn 0.000000 -1.000000 0.000000
vn 0.000000 1.000000 0.000000
vn 0.000000 1.000000 0.000000
vn 0.000000 0.000000 -1.000000
vn 0.000000 0.000000 -1.000000
vn 0.000000 0.000000 1.000000
vn 0.000000 0.000000 1.000000
vn -1.000000 0.000000 0.000000
vn -1.000000 0.000000 0.000000
vn 1.000000 0.000000 0.000000
vn 1.000000 -0.000000 0.000000
vn 0.000000 -1.000000 0.000000
vn 0.000000 -1.000000 0.000000
vn 0.000000 1.000000 0.000000
vn 0.000000 1.000000 0.000000
vn 0.000000 0.000000 -1.000000
vn 0.000000 0.000000 -1.000000
vn 0.000000 0.000000 1.000000
vn 0.000000 0.000000 1.000000
vn -1.000000 0.000000 0.000000
vn -1.000000 0.000000 0.000000
vn 1.000000 0.000000 0.000000
vn 1.000000 -0.000000 0.000000
vn 0.000000 -1.000000 0.000000
vn 0.000000 -1.000000 0.000000
vn 0.000000 1.000000 0.000000
vn 0.000000 1.000000 0.000000
vn 0.000000 0.000000 -1.000000
vn 0.000000 0.000000 -1.000000
vn 0.000000 0.000000 1.000000
vn 0.000000 0.000000 1.000000
vn -1.000000 0.000000 0.000000
vn -1.000000 0.000000 0.000000
vn 1.000000 0.000000 0.000000
vn 1.000000 -0.000000 0.000000
vn 0.000000 -1.000000 0.000000
vn 0.000000 -1.000000 0.000000
vn 0.000000 1.000000 0.000000
vn 0.000000 1.000000 0.000000
vn 0.000000 0.000000 -1.000000
vn 0.000000 0.000000 -1.000000
vn 0.000000 0.000000 1.000000
vn 0.000000 0.000000 1.000000
vn 0.999689 0.024932 0.000000
vn 0.999689 0.024932 0.000000
vn 0.997204 0.074730 0.000000
vn 0.992238 0.124352 0.000000
vn 0.997204 0.074730 0.000000
vn 0.992238 0.124352 0.000000
vn 0.984808 0.173648 0.000000
vn 0.974926 0.222530 0.000000
vn 0.984808 0.173648 0.000000
vn 0.974926 0.222530 0.000000
vn 0.962625 0.270839 0.000000
vn 0.947931 0.318477 0.000000
vn 0.962625 0.270839 0.000000
vn 0.947931 0.318477 0.000000
vn 0.930871 0.365348 0.000000
vn 0.930871 0.365348 0.000000
vn 0.911503 0.411293 0.000000
vn 0.911503 0.411293 0.000000
vn 0.889878 0.456199 0.000000
vn 0.889878 0.456199 -0.000000
vn 0.866020 0.500010 0.000000
vn 0.840030 0.542540 0.000000
vn 0.866020 0.500010 0.000000
vn 0.840030 0.542540 0.000000
vn 0.811953 0.583722 0.000000
vn 0.811953 0.583722 0.000000
vn 0.781825 0.623498 0.000000
vn 0.781825 0.623498 0.000000
vn 0.749787 0.661679 0.000000
vn 0.749787 0.661679 0.000000
vn 0.715853 0.698251 0.000000
vn 0.715853 0.698251 0.000000
vn 0.680185 0.733040 0.000000
vn 0.680185 0.733040 0.000000
vn 0.642779 0.766052 0.000000
vn 0.642779 0.766052 0.000000
vn 0.603818 0.797123 0.000000
vn 0.603818 0.797123 0.000000
vn 0.563329 0.826233 0.000000
vn 0.563329 0.826233 0.000000
vn 0.521408 0.853307 0.000000
vn 0.521408 0.853307 0.000000
vn 0.478247 0.878225 0.000000
vn 0.478247 0.878225 0.000000
vn 0.433894 0.900964 0.000000
vn 0.433894 0.900964 -0.000000
vn 0.388410 0.921487 0.000000
vn 0.388410 0.921487 0.000000
vn 0.342031 0.939689 0.000000
vn 0.342031 0.939689 -0.000000
vn 0.294771 0.955568 0.000000
vn 0.246784 0.969071 0.000000
vn 0.294771 0.955568 0.000000
vn 0.246784 0.969071 0.000000
vn 0.198155 0.980171 0.000000
vn 0.198155 0.980171 0.000000
vn 0.149040 0.988831 0.000000
vn 0.149040 0.988831 -0.000000
vn 0.099522 0.995035 0.000000
vn 0.099522 0.995035 0.000000
vn 0.049841 0.998757 0.000000
vn 0.049841 0.998757 0.000000
vn 0.000000 1.000000 0.000000
vn -0.000000 1.000000 0.000000
vn -0.049842 0.998757 0.000000
vn -0.099521 0.995035 0.000000
vn -0.049842 0.998757 -0.000000
vn -0.099521 0.995035 0.000000
vn -0.149040 0.988831 0.000000
vn -0.149040 0.988831 0.000000
vn -0.198155 0.980171 0.000000
vn -0.198155 0.980171 -0.000000
vn -0.246786 0.969070 0.000000
vn -0.246786 0.969070 0.000000
vn -0.294769 0.955569 0.000000
vn -0.294769 0.955569 0.000000
vn -0.342034 0.939687 -0.000000
vn -0.342034 0.939687 0.000000
vn -0.388410 0.921487 0.000000
vn -0.388410 0.921487 0.000000
vn -0.433890 0.900966 -0.000000
vn -0.433890 0.900966 0.000000
vn -0.478252 0.878223 0.000000
vn -0.478252 0.878223 0.000000
vn -0.521408 0.853307 -0.000000
vn -0.521408 0.853307 0.000000
vn -0.563329 0.826233 0.000000
vn -0.563329 0.826233 0.000000
vn -0.603813 0.797126 0.000000
vn -0.603813 0.797126 0.000000
vn -0.642784 0.766048 0.000000
vn -0.642784 0.766048 0.000000
vn -0.680185 0.733040 -0.000000
vn -0.680185 0.733040 0.000000
vn -0.715853 0.698251 0.000000
vn -0.715853 0.698251 0.000000
vn -0.749787 0.661679 -0.000000
vn -0.749787 0.661679 0.000000
vn -0.781825 0.623498 -0.000000
vn -0.781825 0.623498 0.000000
vn -0.811948 0.583729 0.000000
vn -0.811948 0.583729 0.000000
vn -0.840035 0.542533 0.000000
vn -0.840035 0.542533 0.000000
vn -0.866020 0.500010 -0.000000
vn -0.866020 0.500010 0.000000
vn -0.889874 0.456207 -0.000000
vn -0.889874 0.456207 0.000000
vn -0.911507 0.411285 0.000000
vn -0.911507 0.411285 0.000000
vn -0.930871 0.365348 0.000000
vn -0.930871 0.365348 0.000000
vn -0.947928 0.318486 0.000000
vn -0.947928 0.318486 -0.000000
vn -0.962625 0.270839 0.000000
vn -0.962625 0.270839 0.000000
vn -0.974926 0.222530 0.000000
vn -0.984808 0.173648 0.000000
vn -0.974926 0.222530 -0.000000
vn -0.992239 0.124342 0.000000
vn -0.984808 0.173648 0.000000
vn -0.992239 0.124342 0.000000
vn -0.997204 0.074730 0.000000
vn -0.997204 0.074730 0.000000
vn -0.999689 0.024932 0.000000
vn -0.999689 0.024932 0.000000
vn -0.999689 -0.024930 0.000000
vn -0.999689 -0.024930 -0.000000
vn -0.997204 -0.074730 -0.000000
vn -0.997204 -0.074730 -0.000000
vn -0.992239 -0.124342 -0.000000
vn -0.992239 -0.124342 -0.000000
vn -0.984808 -0.173648 -0.000000
vn -0.984808 -0.173648 -0.000000
vn -0.974926 -0.222530 0.000000
vn -0.974926 -0.222530 -0.000000
vn -0.962625 -0.270839 0.000000
vn -0.962625 -0.270839 -0.000000
vn -0.947928 -0.318486 0.000000
vn -0.947928 -0.318486 -0.000000
vn -0.930871 -0.365348 0.000000
vn -0.930871 -0.365348 -0.000000
vn -0.911507 -0.411285 -0.000000
vn -0.911507 -0.411285 -0.000000
vn -0.889874 -0.456207 0.000000
vn -0.889874 -0.456207 -0.000000
vn -0.866020 -0.500010 -0.000000
vn -0.866020 -0.500010 -0.000000
vn -0.840035 -0.542533 -0.000000
vn -0.840035 -0.542533 0.000000
vn -0.811948 -0.583729 -0.000000
vn -0.811948 -0.583729 -0.000000
vn -0.781825 -0.623498 -0.000000
vn -0.781825 -0.623498 0.000000
vn -0.749787 -0.661679 -0.000000
vn -0.749787 -0.661679 0.000000
vn -0.715853 -0.698251 -0.000000
vn -0.680185 -0.733040 -0.000000
vn -0.715853 -0.698251 0.000000
vn -0.642784 -0.766048 -0.000000
vn -0.680185 -0.733040 -0.000000
vn -0.642784 -0.766048 -0.000000
vn -0.603813 -0.797126 -0.000000
vn -0.603813 -0.797126 -0.000000
vn -0.563329 -0.826233 -0.000000
vn -0.563329 -0.826233 -0.000000
vn -0.521408 -0.853307 -0.000000
vn -0.521408 -0.853307 0.000000
vn -0.478252 -0.878223 -0.000000
vn -0.433890 -0.900966 -0.000000
vn -0.478252 -0.878223 -0.000000
vn -0.433890 -0.900966 -0.000000
vn -0.388410 -0.921487 0.000000
vn -0.388410 -0.921487 -0.000000
vn -0.342034 -0.939687 0.000000
vn -0.342034 -0.939687 -0.000000
vn -0.294769 -0.955569 -0.000000
vn -0.294769 -0.955569 -0.000000
vn -0.246786 -0.969070 -0.000000
vn -0.246786 -0.969070 -0.000000
vn -0.198078 -0.980186 -0.000000
vn -0.198078 -0.980186 0.000000
vn -0.149040 -0.988831 -0.000000
vn -0.149040 -0.988831 -0.000000
vn -0.099601 -0.995028 -0.000000
vn -0.049842 -0.998757 -0.000000
vn -0.099601 -0.995028 -0.000000
vn -0.049842 -0.998757 -0.000000
vn 0.000000 -1.000000 -0.000000
vn -0.000000 -1.000000 0.000000
vn 0.049841 -0.998757 0.000000
vn 0.049841 -0.998757 0.000000
vn 0.099602 -0.995027 0.000000
vn 0.099602 -0.995027 0.000000
vn 0.149040 -0.988831 0.000000
vn 0.198078 -0.980186 0.000000
vn 0.149040 -0.988831 0.000000
vn 0.198078 -0.980186 0.000000
vn 0.246784 -0.969071 0.000000
vn 0.246784 -0.969071 0.000000
vn 0.294771 -0.955568 0.000000
vn 0.294771 -0.955568 -0.000000
vn 0.342031 -0.939689 0.000000
vn 0.342031 -0.939689 0.000000
vn 0.388410 -0.921487 0.000000
vn 0.433894 -0.900964 0.000000
vn 0.388410 -0.921487 0.000000
vn 0.433894 -0.900964 0.000000
vn 0.478247 -0.878225 0.000000
vn 0.521408 -0.853307 0.000000
vn 0.478247 -0.878225 -0.000000
vn 0.563329 -0.826233 0.000000
vn 0.521408 -0.853307 0.000000
vn 0.563329 -0.826233 0.000000
vn 0.603818 -0.797123 0.000000
vn 0.603818 -0.797123 -0.000000
vn 0.642779 -0.766052 0.000000
vn 0.642779 -0.766052 -0.000000
vn 0.680185 -0.733040 0.000000
vn 0.680185 -0.733040 -0.000000
vn 0.715853 -0.698251 0.000000
vn 0.749787 -0.661679 0.000000
vn 0.715853 -0.698251 -0.000000
vn 0.749787 -0.661679 0.000000
vn 0.781825 -0.623498 -0.000000
vn 0.781825 -0.623498 0.000000
vn 0.811953 -0.583722 0.000000
vn 0.811953 -0.583722 0.000000
vn 0.840030 -0.542540 -0.000000
vn 0.840030 -0.542540 0.000000
vn 0.866020 -0.500010 -0.000000
vn 0.866020 -0.500010 0.000000
vn 0.889878 -0.456199 0.000000
vn 0.889878 -0.456199 0.000000
vn 0.911503 -0.411293 -0.000000
vn 0.911503 -0.411293 0.000000
vn 0.930871 -0.365348 0.000000
vn 0.930871 -0.365348 0.000000
vn 0.947931 -0.318477 0.000000
vn 0.947931 -0.318477 0.000000
vn 0.962625 -0.270839 0.000000
vn 0.962625 -0.270839 0.000000
vn 0.974926 -0.222530 -0.000000
vn 0.974926 -0.222530 0.000000
vn 0.984808 -0.173648 -0.000000
vn 0.984808 -0.173648 0.000000
vn 0.992238 -0.124352 0.000000
vn 0.992238 -0.124352 0.000000
vn 0.997204 -0.074730 0.000000
vn 0.997204 -0.074730 0.000000
vn 0.999689 -0.024930 0.000000
vn 0.999689 -0.024930 0.000000
vn 0.000000 0.000000 1.000000
vn 0.000000 0.000000 1.000000
vn 0.000000 0.000000 1.000000
vn 0.000000 0.000000 1.000000
vn 0.000000 0.000000 1.000000
vn 0.000000 0.000000 1.000000
vn 0.000000 0.000000 1.000000
vn 0.000000 0.000000 1.000000
vn 0.000000 0.000000 1.000000
vn 0.000000 0.000000 1.000000
vn 0.000000 0.000000 1.000000
vn 0.000000 0.000000 1.000000
vn 0.000000 0.000000 1.000000
vn 0.000000 0.000000 1.000000
vn 0.000000 0.000000 1.000000
vn 0.000000 0.000000 1.000000
vn 0.000000 0.000000 1.000000
vn 0.000000 0.000000 1.000000
vn 0.000000 0.000000 1.000000
vn 0.000000 0.000000 1.000000
vn 0.000000 0.000000 1.000000
vn 0.000000 0.000000 1.000000
vn 0.000000 0.000000 1.000000
vn 0.000000 0.000000 1.000000
vn 0.000000 0.000000 1.000000
vn 0.000000 0.000000 1.000000
vn 0.000000 0.000000 1.000000
vn 0.000000 0.000000 1.000000
vn 0.000000 0.000000 1.000000
vn 0.000000 0.000000 1.000000
vn 0.000000 0.000000 1.000000
vn 0.000000 0.000000 1.000000
vn 0.000000 0.000000 1.000000
vn 0.000000 0.000000 1.000000
vn 0.000000 0.000000 1.000000
vn 0.000000 0.000000 1.000000
vn 0.000000 0.000000 1.000000
vn 0.000000 0.000000 1.000000
vn 0.000000 0.000000 1.000000
vn 0.000000 0.000000 1.000000
vn 0.000000 0.000000 1.000000
vn 0.000000 0.000000 1.000000
vn 0.000000 0.000000 1.000000
vn 0.000000 0.000000 1.000000
vn 0.000000 0.000000 1.000000
vn 0.000000 0.000000 1.000000
vn 0.000000 0.000000 1.000000
vn 0.000000 0.000000 1.000000
vn 0.000000 0.000000 1.000000
vn 0.000000 0.000000 1.000000
vn 0.000000 0.000000 1.000000
vn 0.000000 0.000000 1.000000
vn 0.000000 0.000000 1.000000
vn 0.000000 0.000000 1.000000
vn 0.000000 0.000000 1.000000
vn 0.000000 0.000000 1.000000
vn 0.000000 0.000000 1.000000
vn 0.000000 0.000000 1.000000
vn 0.000000 0.000000 1.000000
vn 0.000000 0.000000 1.000000
vn 0.000000 0.000000 1.000000
vn 0.000000 0.000000 1.000000
vn 0.000000 0.000000 1.000000
vn 0.000000 0.000000 1.000000
vn 0.000000 0.000000 1.000000
vn 0.000000 0.000000 1.000000
vn 0.000000 0.000000 1.000000
vn 0.000000 0.000000 1.000000
vn 0.000000 0.000000 1.000000
vn 0.000000 0.000000 1.000000
vn 0.000000 0.000000 1.000000
vn 0.000000 0.000000 1.000000
vn 0.000000 0.000000 1.000000
vn 0.000000 0.000000 1.000000
vn 0.000000 0.000000 1.000000
vn 0.000000 0.000000 1.000000
vn 0.000000 0.000000 1.000000
vn 0.000000 0.000000 1.000000
vn 0.000000 0.000000 1.000000
vn 0.000000 0.000000 1.000000
vn 0.000000 0.000000 1.000000
vn 0.000000 0.000000 1.000000
vn 0.000000 0.000000 1.000000
vn 0.000000 0.000000 1.000000
vn 0.000000 0.000000 1.000000
vn 0.000000 0.000000 1.000000
vn 0.000000 0.000000 1.000000
vn 0.000000 0.000000 1.000000
vn 0.000000 0.000000 1.000000
vn 0.000000 0.000000 1.000000
vn 0.000000 0.000000 1.000000
vn 0.000000 0.000000 1.000000
vn 0.000000 0.000000 1.000000
vn 0.000000 0.000000 1.000000
vn 0.000000 0.000000 1.000000
vn 0.000000 0.000000 1.000000
vn 0.000000 0.000000 1.000000
vn 0.000000 0.000000 1.000000
vn 0.000000 0.000000 1.000000
vn 0.000000 0.000000 1.000000
vn 0.000000 0.000000 1.000000
vn 0.000000 0.000000 1.000000
vn 0.000000 0.000000 1.000000
vn 0.000000 0.000000 1.000000
vn 0.000000 0.000000 1.000000
vn 0.000000 0.000000 1.000000
vn 0.000000 0.000000 1.000000
vn 0.000000 0.000000 1.000000
vn 0.000000 0.000000 1.000000
vn 0.000000 0.000000 1.000000
vn 0.000000 0.000000 1.000000
vn 0.000000 0.000000 1.000000
vn 0.000000 0.000000 1.000000
vn 0.000000 0.000000 1.000000
vn 0.000000 0.000000 1.000000
vn 0.000000 0.000000 1.000000
vn 0.000000 0.000000 1.000000
vn 0.000000 0.000000 1.000000
vn 0.000000 0.000000 1.000000
vn 0.000000 0.000000 1.000000
vn 0.000000 0.000000 1.000000
vn 0.000000 0.000000 1.000000
vn 0.000000 0.000000 1.000000
vn 0.000000 0.000000 1.000000
vn 0.000000 0.000000 -1.000000
vn 0.000000 0.000000 -1.000000
vn 0.000000 0.000000 -1.000000
vn 0.000000 0.000000 -1.000000
vn 0.000000 0.000000 -1.000000
vn 0.000000 0.000000 -1.000000
vn 0.000000 0.000000 -1.000000
vn 0.000000 0.000000 -1.000000
vn 0.000000 0.000000 -1.000000
vn 0.000000 0.000000 -1.000000
vn 0.000000 0.000000 -1.000000
vn 0.000000 0.000000 -1.000000
vn 0.000000 0.000000 -1.000000
vn 0.000000 0.000000 -1.000000
vn 0.000000 0.000000 -1.000000
vn 0.000000 0.000000 -1.000000
vn 0.000000 0.000000 -1.000000
vn 0.000000 0.000000 -1.000000
vn 0.000000 0.000000 -1.000000
vn 0.000000 0.000000 -1.000000
vn 0.000000 0.000000 -1.000000
vn 0.000000 0.000000 -1.000000
vn 0.000000 0.000000 -1.000000
vn 0.000000 0.000000 -1.000000
vn 0.000000 0.000000 -1.000000
vn 0.000000 0.000000 -1.000000
vn 0.000000 0.000000 -1.000000
vn 0.000000 0.000000 -1.000000
vn 0.000000 -0.000000 -1.000000
vn 0.000000 0.000000 -1.000000
vn 0.000000 -0.000000 -1.000000
vn 0.000000 0.000000 -1.000000
vn 0.000000 0.000000 -1.000000
vn 0.000000 0.000000 -1.000000
vn 0.000000 0.000000 -1.000000
vn 0.000000 0.000000 -1.000000
vn 0.000000 -0.000000 -1.000000
vn 0.000000 0.000000 -1.000000
vn 0.000000 0.000000 -1.000000
vn 0.000000 0.000000 -1.000000
vn 0.000000 0.000000 -1.000000
vn 0.000000 -0.000000 -1.000000
vn 0.000000 0.000000 -1.000000
vn 0.000000 -0.000000 -1.000000
vn 0.000000 0.000000 -1.000000
vn 0.000000 0.000000 -1.000000
vn 0.000000 0.000000 -1.000000
vn 0.000000 -0.000000 -1.000000
vn 0.000000 -0.000000 -1.000000
vn 0.000000 -0.000000 -1.000000
vn 0.000000 0.000000 -1.000000
vn 0.000000 0.000000 -1.000000
vn 0.000000 -0.000000 -1.000000
vn 0.000000 -0.000000 -1.000000
vn 0.000000 0.000000 -1.000000
vn 0.000000 -0.000000 -1.000000
vn 0.000000 -0.000000 -1.000000
vn 0.000000 -0.000000 -1.000000
vn 0.000000 0.000000 -1.000000
vn 0.000000 -0.000000 -1.000000
vn 0.000000 0.000000 -1.000000
vn 0.000000 0.000000 -1.000000
vn 0.000000 0.000000 -1.000000
vn 0.000000 -0.000000 -1.000000
vn 0.000000 0.000000 -1.000000
vn 0.000000 -0.000000 -1.000000
vn 0.000000 -0.000000 -1.000000
vn 0.000000 -0.000000 -1.000000
vn 0.000000 0.000000 -1.000000
vn 0.000000 0.000000 -1.000000
vn 0.000000 -0.000000 -1.000000
vn 0.000000 0.000000 -1.000000
vn 0.000000 0.000000 -1.000000
vn 0.000000 0.000000 -1.000000
vn 0.000000 0.000000 -1.000000
vn 0.000000 -0.000000 -1.000000
vn 0.000000 -0.000000 -1.000000
vn 0.000000 -0.000000 -1.000000
vn 0.000000 -0.000000 -1.000000
vn 0.000000 0.000000 -1.000000
vn 0.000000 0.000000 -1.000000
vn 0.000000 -0.000000 -1.000000
vn 0.000000 -0.000000 -1.000000
vn 0.000000 0.000000 -1.000000
vn 0.000000 -0.000000 -1.000000
vn 0.000000 0.000000 -1.000000
vn 0.000000 0.000000 -1.000000
vn 0.000000 0.000000 -1.000000
vn 0.000000 -0.000000 -1.000000
vn 0.000000 0.000000 -1.000000
vn 0.000000 0.000000 -1.000000
vn 0.000000 0.000000 -1.000000
vn 0.000000 0.000000 -1.000000
vn 0.000000 0.000000 -1.000000
vn -0.000000 -0.000000 -1.000000
vn -0.000000 -0.000000 -1.000000
vn -0.000000 -0.000000 -1.000000
vn -0.000000 -0.000000 -1.000000
vn -0.000000 -0.000000 -1.000000
vn 0.000000 0.000000 -1.000000
vn 0.000000 0.000000 -1.000000
vn 0.000000 0.000000 -1.000000
vn -0.000000 -0.000000 -1.000000
vn -0.000000 -0.000000 -1.000000
vn 0.000000 0.000000 -1.000000
vn 0.000000 0.000000 -1.000000
vn 0.000000 0.000000 -1.000000
vn 0.000000 0.000000 -1.000000
vn 0.000000 0.000000 -1.000000
vn 0.000000 0.000000 -1.000000
vn -0.000000 -0.000000 -1.000000
vn -0.000000 -0.000000 -1.000000
vn -0.000000 -0.000000 -1.000000
vn -0.000000 -0.000000 -1.000000
vn 0.000000 0.000000 -1.000000
vn 0.000000 0.000000 -1.000000
vn 0.000000 0.000000 -1.000000
vn -0.000000 -0.000000 -1.000000
vn 0.000000 0.000000 -1.000000
vn 0.000000 0.000000 -1.000000
vn 0.000000 0.000000 -1.000000
vn 0.000000 0.000000 -1.000000
vn -0.000000 -0.000000 -1.000000
vn 0.000000 0.000000 -1.000000
vn -1.000000 0.000000 0.000000
vn -1.000000 0.000000 0.000000
vn 1.000000 0.000000 0.000000
vn 1.000000 -0.000000 0.000000
vn 0.000000 -1.000000 0.000000
vn 0.000000 -1.000000 0.000000
vn 0.000000 1.000000 0.000000
vn 0.000000 1.000000 0.000000
vn 0.000000 0.000000 -1.000000
vn 0.000000 0.000000 -1.000000
vn 0.000000 0.000000 1.000000
vn 0.000000 0.000000 1.000000
vn -1.000000 0.000000 0.000000
vn -1.000000 0.000000 0.000000
vn 1.000000 0.000000 0.000000
vn 1.000000 -0.000000 0.000000
vn 0.000000 -1.000000 0.000000
vn 0.000000 -1.000000 0.000000
vn 0.000000 1.000000 0.000000
vn 0.000000 1.000000 0.000000
vn 0.000000 0.000000 -1.000000
vn 0.000000 0.000000 -1.000000
vn 0.000000 0.000000 1.000000
vn 0.000000 0.000000 1.000000
vn -1.000000 0.000000 0.000000
vn -1.000000 0.000000 0.000000
vn 1.000000 0.000000 0.000000
vn 1.000000 -0.000000 0.000000
vn 0.000000 -1.000000 0.000000
vn 0.000000 -1.000000 0.000000
vn 0.000000 1.000000 0.000000
vn 0.000000 1.000000 0.000000
vn 0.000000 0.000000 -1.000000
vn 0.000000 0.000000 -1.000000
vn 0.000000 0.000000 1.000000
vn 0.000000 0.000000 1.000000
vn 0.999688 0.024964 0.000000
vn 0.999688 0.024964 0.000000
vn 0.997205 0.074714 0.000000
vn 0.992236 0.124372 0.000000
vn 0.997205 0.074714 0.000000
vn 0.992236 0.124372 0.000000
vn 0.984812 0.173624 0.000000
vn 0.974928 0.222520 0.000000
vn 0.984812 0.173624 0.000000
vn 0.974928 0.222520 0.000000
vn 0.962619 0.270858 0.000000
vn 0.947931 0.318477 0.000000
vn 0.962619 0.270858 0.000000
vn 0.947931 0.318477 0.000000
vn 0.930871 0.365348 0.000000
vn 0.930871 0.365348 0.000000
vn 0.911511 0.411277 0.000000
vn 0.911511 0.411277 -0.000000
vn 0.889882 0.456191 0.000000
vn 0.889882 0.456191 -0.000000
vn 0.866011 0.500025 0.000000
vn 0.840039 0.542525 0.000000
vn 0.866011 0.500025 0.000000
vn 0.840039 0.542525 0.000000
vn 0.811953 0.583722 0.000000
vn 0.811953 0.583722 0.000000
vn 0.781820 0.623504 0.000000
vn 0.781820 0.623504 0.000000
vn 0.749752 0.661719 0.000000
vn 0.749752 0.661719 0.000000
vn 0.715843 0.698261 0.000000
vn 0.715843 0.698261 0.000000
vn 0.680201 0.733026 0.000000
vn 0.680201 0.733026 0.000000
vn 0.642779 0.766052 0.000000
vn 0.642779 0.766052 0.000000
vn 0.603864 0.797087 0.000000
vn 0.603864 0.797087 0.000000
vn 0.563269 0.826273 0.000000
vn 0.563269 0.826273 0.000000
vn 0.521476 0.853266 0.000000
vn 0.521476 0.853266 0.000000
vn 0.478247 0.878225 0.000000
vn 0.478247 0.878225 0.000000
vn 0.433890 0.900966 0.000000
vn 0.433890 0.900966 0.000000
vn 0.388403 0.921490 0.000000
vn 0.388403 0.921490 0.000000
vn 0.342106 0.939662 0.000000
vn 0.342106 0.939662 0.000000
vn 0.294698 0.955590 0.000000
vn 0.246784 0.969071 0.000000
vn 0.294698 0.955590 0.000000
vn 0.246784 0.969071 0.000000
vn 0.198078 0.980186 0.000000
vn 0.198078 0.980186 0.000000
vn 0.149038 0.988831 0.000000
vn 0.149038 0.988831 0.000000
vn 0.099524 0.995035 0.000000
vn 0.099524 0.995035 0.000000
vn 0.050002 0.998749 0.000000
vn 0.050002 0.998749 0.000000
vn 0.000000 1.000000 0.000000
vn -0.000000 1.000000 0.000000
vn -0.050002 0.998749 0.000000
vn -0.099524 0.995035 0.000000
vn -0.050002 0.998749 0.000000
vn -0.099524 0.995035 0.000000
vn -0.149038 0.988831 0.000000
vn -0.149038 0.988831 0.000000
vn -0.198078 0.980186 0.000000
vn -0.198078 0.980186 0.000000
vn -0.246784 0.969071 0.000000
vn -0.246784 0.969071 0.000000
vn -0.294698 0.955590 -0.000000
vn -0.294698 0.955590 0.000000
vn -0.342106 0.939662 -0.000000
vn -0.342106 0.939662 0.000000
vn -0.388403 0.921490 0.000000
vn -0.388403 0.921490 0.000000
vn -0.433890 0.900966 -0.000000
vn -0.433890 0.900966 0.000000
vn -0.478264 0.878216 0.000000
vn -0.478264 0.878216 0.000000
vn -0.521458 0.853277 0.000000
vn -0.521458 0.853277 0.000000
vn -0.563269 0.826273 0.000000
vn -0.563269 0.826273 0.000000
vn -0.603864 0.797087 0.000000
vn -0.603864 0.797087 0.000000
vn -0.642799 0.766035 0.000000
vn -0.642799 0.766035 0.000000
vn -0.680180 0.733045 0.000000
vn -0.680180 0.733045 0.000000
vn -0.715843 0.698261 0.000000
vn -0.715843 0.698261 0.000000
vn -0.749752 0.661719 0.000000
vn -0.749752 0.661719 0.000000
vn -0.781840 0.623480 0.000000
vn -0.781840 0.623480 0.000000
vn -0.811934 0.583749 0.000000
vn -0.811934 0.583749 0.000000
vn -0.840039 0.542525 0.000000
vn -0.840039 0.542525 0.000000
vn -0.866028 0.499995 -0.000000
vn -0.866028 0.499995 0.000000
vn -0.889865 0.456223 0.000000
vn -0.889865 0.456223 0.000000
vn -0.911511 0.411277 0.000000
vn -0.911511 0.411277 0.000000
vn -0.930871 0.365348 0.000000
vn -0.930871 0.365348 0.000000
vn -0.947931 0.318477 0.000000
vn -0.947931 0.318477 0.000000
vn -0.962619 0.270858 0.000000
vn -0.962619 0.270858 0.000000
vn -0.974928 0.222520 0.000000
vn -0.984812 0.173624 0.000000
vn -0.974928 0.222520 0.000000
vn -0.992236 0.124372 0.000000
vn -0.984812 0.173624 0.000000
vn -0.992236 0.124372 0.000000
vn -0.997205 0.074714 0.000000
vn -0.997205 0.074714 0.000000
vn -0.999689 0.024924 0.000000
vn -0.999689 0.024924 0.000000
vn -0.999690 -0.024920 0.000000
vn -0.999690 -0.024920 -0.000000
vn -0.997204 -0.074726 0.000000
vn -0.997204 -0.074726 -0.000000
vn -0.992238 -0.124352 0.000000
vn -0.992238 -0.124352 -0.000000
vn -0.984812 -0.173624 -0.000000
vn -0.984812 -0.173624 -0.000000
vn -0.974928 -0.222520 0.000000
vn -0.974928 -0.222520 -0.000000
vn -0.962619 -0.270858 0.000000
vn -0.962619 -0.270858 -0.000000
vn -0.947931 -0.318477 -0.000000
vn -0.947931 -0.318477 -0.000000
vn -0.930871 -0.365348 0.000000
vn -0.930871 -0.365348 -0.000000
vn -0.911511 -0.411277 -0.000000
vn -0.911511 -0.411277 -0.000000
vn -0.889865 -0.456223 -0.000000
vn -0.889865 -0.456223 -0.000000
vn -0.866028 -0.499995 -0.000000
vn -0.866028 -0.499995 -0.000000
vn -0.840039 -0.542525 -0.000000
vn -0.840039 -0.542525 0.000000
vn -0.811879 -0.583825 -0.000000
vn -0.811879 -0.583825 0.000000
vn -0.781902 -0.623401 -0.000000
vn -0.781902 -0.623401 0.000000
vn -0.749752 -0.661719 -0.000000
vn -0.749752 -0.661719 0.000000
vn -0.715843 -0.698261 -0.000000
vn -0.680180 -0.733045 -0.000000
vn -0.715843 -0.698261 0.000000
vn -0.642799 -0.766035 -0.000000
vn -0.680180 -0.733045 -0.000000
vn -0.642799 -0.766035 -0.000000
vn -0.603761 -0.797165 -0.000000
vn -0.603761 -0.797165 0.000000
vn -0.563379 -0.826198 -0.000000
vn -0.563379 -0.826198 -0.000000
vn -0.521458 -0.853277 -0.000000
vn -0.521458 -0.853277 -0.000000
vn -0.478264 -0.878216 -0.000000
vn -0.433890 -0.900966 -0.000000
vn -0.478264 -0.878216 -0.000000
vn -0.433890 -0.900966 -0.000000
vn -0.388403 -0.921490 0.000000
vn -0.388403 -0.921490 -0.000000
vn -0.341963 -0.939713 0.000000
vn -0.341963 -0.939713 -0.000000
vn -0.294845 -0.955545 0.000000
vn -0.294845 -0.955545 -0.000000
vn -0.246632 -0.969109 -0.000000
vn -0.246632 -0.969109 -0.000000
vn -0.198233 -0.980155 -0.000000
vn -0.198233 -0.980155 0.000000
vn -0.149038 -0.988831 0.000000
vn -0.149038 -0.988831 -0.000000
vn -0.099524 -0.995035 -0.000000
vn -0.049841 -0.998757 -0.000000
vn -0.099524 -0.995035 -0.000000
vn -0.049841 -0.998757 -0.000000
vn 0.000000 -1.000000 -0.000000
vn -0.000000 -1.000000 0.000000
vn 0.049841 -0.998757 0.000000
vn 0.049841 -0.998757 0.000000
vn 0.099524 -0.995035 0.000000
vn 0.099524 -0.995035 0.000000
vn 0.149038 -0.988831 0.000000
vn 0.198233 -0.980155 0.000000
vn 0.149038 -0.988831 0.000000
vn 0.198233 -0.980155 0.000000
vn 0.246632 -0.969109 0.000000
vn 0.246632 -0.969109 0.000000
vn 0.294845 -0.955545 0.000000
vn 0.294845 -0.955545 0.000000
vn 0.341963 -0.939713 0.000000
vn 0.341963 -0.939713 0.000000
vn 0.388403 -0.921490 0.000000
vn 0.433890 -0.900966 0.000000
vn 0.388403 -0.921490 0.000000
vn 0.433890 -0.900966 0.000000
vn 0.478247 -0.878225 0.000000
vn 0.521476 -0.853266 0.000000
vn 0.478247 -0.878225 -0.000000
vn 0.563379 -0.826198 0.000000
vn 0.521476 -0.853266 0.000000
vn 0.563379 -0.826198 0.000000
vn 0.603761 -0.797165 0.000000
vn 0.603761 -0.797165 0.000000
vn 0.642779 -0.766052 0.000000
vn 0.642779 -0.766052 -0.000000
vn 0.680201 -0.733026 0.000000
vn 0.680201 -0.733026 0.000000
vn 0.715843 -0.698261 0.000000
vn 0.749752 -0.661719 0.000000
vn 0.715843 -0.698261 0.000000
vn 0.749752 -0.661719 0.000000
vn 0.781883 -0.623426 0.000000
vn 0.781883 -0.623426 0.000000
vn 0.811898 -0.583799 0.000000
vn 0.811898 -0.583799 0.000000
vn 0.840039 -0.542525 0.000000
vn 0.840039 -0.542525 0.000000
vn 0.866011 -0.500025 0.000000
vn 0.866011 -0.500025 0.000000
vn 0.889882 -0.456191 0.000000
vn 0.889882 -0.456191 0.000000
vn 0.911511 -0.411277 0.000000
vn 0.911511 -0.411277 0.000000
vn 0.930871 -0.365348 0.000000
vn 0.930871 -0.365348 0.000000
vn 0.947931 -0.318477 0.000000
vn 0.947931 -0.318477 0.000000
vn 0.962619 -0.270858 0.000000
vn 0.962619 -0.270858 0.000000
vn 0.974928 -0.222520 0.000000
vn 0.974928 -0.222520 0.000000
vn 0.984812 -0.173624 0.000000
vn 0.984812 -0.173624 0.000000
vn 0.992238 -0.124352 0.000000
vn 0.992238 -0.124352 0.000000
vn 0.997204 -0.074726 0.000000
vn 0.997204 -0.074726 0.000000
vn 0.999688 -0.024960 0.000000
vn 0.999688 -0.024960 0.000000
vn 0.000000 0.000000 1.000000
vn 0.000000 0.000000 1.000000
vn 0.000000 0.000000 1.000000
vn 0.000000 0.000000 1.000000
vn 0.000000 0.000000 1.000000
vn 0.000000 0.000000 1.000000
vn 0.000000 0.000000 1.000000
vn 0.000000 0.000000 1.000000
vn 0.000000 0.000000 1.000000
vn 0.000000 0.000000 1.000000
vn 0.000000 0.000000 1.000000
vn 0.000000 0.000000 1.000000
vn 0.000000 0.000000 1.000000
vn 0.000000 0.000000 1.000000
vn 0.000000 0.000000 1.000000
vn 0.000000 0.000000 1.000000
vn 0.000000 0.000000 1.000000
vn 0.000000 0.000000 1.000000
vn 0.000000 0.000000 1.000000
vn 0.000000 0.000000 1.000000
vn 0.000000 0.000000 1.000000
vn 0.000000 0.000000 1.000000
vn 0.000000 0.000000 1.000000
vn 0.000000 0.000000 1.000000
vn 0.000000 0.000000 1.000000
vn 0.000000 0.000000 1.000000
vn 0.000000 0.000000 1.000000
vn 0.000000 0.000000 1.000000
vn 0.000000 0.000000 1.000000
vn 0.000000 0.000000 1.000000
vn 0.000000 0.000000 1.000000
vn 0.000000 0.000000 1.000000
vn 0.000000 0.000000 1.000000
vn 0.000000 0.000000 1.000000
vn 0.000000 0.000000 1.000000
vn 0.000000 0.000000 1.000000
vn 0.000000 0.000000 1.000000
vn 0.000000 0.000000 1.000000
vn 0.000000 0.000000 1.000000
vn 0.000000 0.000000 1.000000
vn 0.000000 0.000000 1.000000
vn 0.000000 0.000000 1.000000
vn 0.000000 0.000000 1.000000
vn 0.000000 0.000000 1.000000
vn 0.000000 0.000000 1.000000
vn 0.000000 0.000000 1.000000
vn 0.000000 0.000000 1.000000
vn 0.000000 0.000000 1.000000
vn 0.000000 0.000000 1.000000
vn 0.000000 0.000000 1.000000
vn 0.000000 0.000000 1.000000
vn 0.000000 0.000000 1.000000
vn 0.000000 0.000000 1.000000
vn 0.000000 0.000000 1.000000
vn 0.000000 0.000000 1.000000
vn 0.000000 0.000000 1.000000
vn 0.000000 0.000000 1.000000
vn 0.000000 0.000000 1.000000
vn 0.000000 0.000000 1.000000
vn 0.000000 0.000000 1.000000
vn 0.000000 0.000000 1.000000
vn 0.000000 0.000000 1.000000
vn 0.000000 0.000000 1.000000
vn 0.000000 0.000000 1.000000
vn 0.000000 0.000000 1.000000
vn 0.000000 0.000000 1.000000
vn 0.000000 0.000000 1.000000
vn 0.000000 0.000000 1.000000
vn 0.000000 0.000000 1.000000
vn 0.000000 0.000000 1.000000
vn 0.000000 0.000000 1.000000
vn 0.000000 0.000000 1.000000
vn 0.000000 0.000000 1.000000
vn 0.000000 0.000000 1.000000
vn 0.000000 0.000000 1.000000
vn 0.000000 0.000000 1.000000
vn 0.000000 0.000000 1.000000
vn 0.000000 0.000000 1.000000
vn 0.000000 0.000000 1.000000
vn 0.000000 0.000000 1.000000
vn 0.000000 0.000000 1.000000
vn 0.000000 0.000000 1.000000
vn 0.000000 0.000000 1.000000
vn 0.000000 0.000000 1.000000
vn 0.000000 0.000000 1.000000
vn 0.000000 0.000000 1.000000
vn 0.000000 0.000000 1.000000
vn 0.000000 0.000000 1.000000
vn 0.000000 0.000000 1.000000
vn 0.000000 0.000000 1.000000
vn 0.000000 0.000000 1.000000
vn 0.000000 0.000000 1.000000
vn 0.000000 0.000000 1.000000
vn 0.000000 0.000000 1.000000
vn 0.000000 0.000000 1.000000
vn 0.000000 0.000000 1.000000
vn 0.000000 0.000000 1.000000
vn 0.000000 0.000000 1.000000
vn 0.000000 0.000000 1.000000
vn 0.000000 0.000000 1.000000
vn 0.000000 0.000000 1.000000
vn 0.000000 0.000000 1.000000
vn 0.000000 0.000000 1.000000
vn 0.000000 0.000000 1.000000
vn 0.000000 0.000000 1.000000
vn 0.000000 0.000000 1.000000
vn 0.000000 0.000000 1.000000
vn 0.000000 0.000000 1.000000
vn 0.000000 0.000000 1.000000
vn 0.000000 0.000000 1.000000
vn 0.000000 0.000000 1.000000
vn 0.000000 0.000000 1.000000
vn 0.000000 0.000000 1.000000
vn 0.000000 0.000000 1.000000
vn 0.000000 0.000000 1.000000
vn 0.000000 0.000000 1.000000
vn 0.000000 0.000000 1.000000
vn 0.000000 0.000000 1.000000
vn 0.000000 0.000000 1.000000
vn 0.000000 0.000000 1.000000
vn 0.000000 0.000000 1.000000
vn 0.000000 0.000000 1.000000
vn 0.000000 0.000000 1.000000
vn 0.000000 0.000000 1.000000
vn 0.000000 0.000000 -1.000000
vn 0.000000 0.000000 -1.000000
vn 0.000000 0.000000 -1.000000
vn 0.000000 0.000000 -1.000000
vn 0.000000 0.000000 -1.000000
vn 0.000000 0.000000 -1.000000
vn 0.000000 0.000000 -1.000000
vn 0.000000 0.000000 -1.000000
vn 0.000000 0.000000 -1.000000
vn 0.000000 0.000000 -1.000000
vn 0.000000 0.000000 -1.000000
vn 0.000000 0.000000 -1.000000
vn 0.000000 0.000000 -1.000000
vn 0.000000 0.000000 -1.000000
vn 0.000000 0.000000 -1.000000
vn 0.000000 0.000000 -1.000000
vn 0.000000 0.000000 -1.000000
vn 0.000000 0.000000 -1.000000
vn 0.000000 0.000000 -1.000000
vn 0.000000 0.000000 -1.000000
vn 0.000000 0.000000 -1.000000
vn 0.000000 0.000000 -1.000000
vn 0.000000 0.000000 -1.000000
vn 0.000000 0.000000 -1.000000
vn 0.000000 0.000000 -1.000000
vn 0.000000 0.000000 -1.000000
vn 0.000000 0.000000 -1.000000
vn 0.000000 0.000000 -1.000000
vn 0.000000 -0.000000 -1.000000
vn 0.000000 -0.000000 -1.000000
vn 0.000000 -0.000000 -1.000000
vn 0.000000 0.000000 -1.000000
vn 0.000000 0.000000 -1.000000
vn 0.000000 0.000000 -1.000000
vn 0.000000 0.000000 -1.000000
vn 0.000000 0.000000 -1.000000
vn 0.000000 -0.000000 -1.000000
vn 0.000000 0.000000 -1.000000
vn 0.000000 0.000000 -1.000000
vn 0.000000 -0.000000 -1.000000
vn 0.000000 0.000000 -1.000000
vn 0.000000 0.000000 -1.000000
vn 0.000000 0.000000 -1.000000
vn 0.000000 0.000000 -1.000000
vn 0.000000 0.000000 -1.000000
vn 0.000000 -0.000000 -1.000000
vn 0.000000 -0.000000 -1.000000
vn 0.000000 -0.000000 -1.000000
vn 0.000000 -0.000000 -1.000000
vn 0.000000 -0.000000 -1.000000
vn 0.000000 0.000000 -1.000000
vn 0.000000 -0.000000 -1.000000
vn 0.000000 0.000000 -1.000000
vn 0.000000 0.000000 -1.000000
vn 0.000000 0.000000 -1.000000
vn 0.000000 0.000000 -1.000000
vn 0.000000 0.000000 -1.000000
vn 0.000000 0.000000 -1.000000
vn 0.000000 0.000000 -1.000000
vn 0.000000 0.000000 -1.000000
vn 0.000000 0.000000 -1.000000
vn 0.000000 0.000000 -1.000000
vn 0.000000 0.000000 -1.000000
vn 0.000000 -0.000000 -1.000000
vn 0.000000 -0.000000 -1.000000
vn 0.000000 -0.000000 -1.000000
vn 0.000000 -0.000000 -1.000000
vn 0.000000 -0.000000 -1.000000
vn 0.000000 0.000000 -1.000000
vn 0.000000 0.000000 -1.000000
vn 0.000000 0.000000 -1.000000
vn 0.000000 0.000000 -1.000000
vn 0.000000 0.000000 -1.000000
vn 0.000000 0.000000 -1.000000
vn 0.000000 -0.000000 -1.000000
vn 0.000000 -0.000000 -1.000000
vn 0.000000 0.000000 -1.000000
vn 0.000000 -0.000000 -1.000000
vn 0.000000 -0.000000 -1.000000
vn 0.000000 0.000000 -1.000000
vn 0.000000 -0.000000 -1.000000
vn 0.000000 0.000000 -1.000000
vn 0.000000 -0.000000 -1.000000
vn 0.000000 0.000000 -1.000000
vn 0.000000 0.000000 -1.000000
vn 0.000000 -0.000000 -1.000000
vn 0.000000 -0.000000 -1.000000
vn 0.000000 -0.000000 -1.000000
vn 0.000000 0.000000 -1.000000
vn 0.000000 0.000000 -1.000000
vn -0.000000 -0.000000 -1.000000
vn 0.000000 0.000000 -1.000000
vn 0.000000 0.000000 -1.000000
vn 0.000000 -0.000000 -1.000000
vn -0.000000 -0.000000 -1.000000
vn -0.000000 -0.000000 -1.000000
vn -0.000000 -0.000000 -1.000000
vn 0.000000 0.000000 -1.000000
vn -0.000000 -0.000000 -1.000000
vn 0.000000 0.000000 -1.000000
vn 0.000000 0.000000 -1.000000
vn 0.000000 0.000000 -1.000000
vn 0.000000 0.000000 -1.000000
vn 0.000000 0.000000 -1.000000
vn 0.000000 0.000000 -1.000000
vn -0.000000 -0.000000 -1.000000
vn -0.000000 -0.000000 -1.000000
vn 0.000000 0.000000 -1.000000
vn 0.000000 0.000000 -1.000000
vn -0.000000 -0.000000 -1.000000
vn -0.000000 -0.000000 -1.000000
vn 0.000000 0.000000 -1.000000
vn 0.000000 0.000000 -1.000000
vn 0.000000 0.000000 -1.000000
vn 0.000000 0.000000 -1.000000
vn 0.000000 0.000000 -1.000000
vn 0.000000 0.000000 -1.000000
vn 0.000000 0.000000 -1.000000
vn 0.000000 0.000000 -1.000000
vn 0.000000 0.000000 -1.000000
vn 0.000000 0.000000 -1.000000
vn 0.000000 0.000000 -1.000000
vn -0.000000 -0.000000 -1.000000
vn -0.000000 -0.000000 -1.000000
vn -1.000000 0.000000 0.000000
vn -1.000000 0.000000 0.000000
vn 1.000000 0.000000 0.000000
vn 1.000000 -0.000000 0.000000
vn 0.000000 -1.000000 0.000000
vn 0.000000 -1.000000 0.000000
vn 0.000000 1.000000 0.000000
vn 0.000000 1.000000 0.000000
vn 0.000000 0.000000 -1.000000
vn 0.000000 0.000000 -1.000000
vn 0.000000 0.000000 1.000000
vn 0.000000 0.000000 1.000000
vn -1.000000 0.000000 0.000000
vn -1.000000 0.000000 0.000000
vn 1.000000 0.000000 0.000000
vn 1.000000 -0.000000 0.000000
vn 0.000000 -1.000000 0.000000
vn 0.000000 -1.000000 0.000000
vn 0.000000 1.000000 0.000000
vn 0.000000 1.000000 0.000000
vn 0.000000 0.000000 -1.000000
vn 0.000000 0.000000 -1.000000
vn 0.000000 0.000000 1.000000
vn 0.000000 0.000000 1.000000
vn -1.000000 0.000000 0.000000
vn -1.000000 0.000000 0.000000
vn 1.000000 0.000000 0.000000
vn 1.000000 -0.000000 0.000000
vn 0.000000 -1.000000 0.000000
vn 0.000000 -1.000000 0.000000
vn 0.000000 1.000000 0.000000
vn 0.000000 1.000000 0.000000
vn 0.000000 0.000000 -1.000000
vn 0.000000 0.000000 -1.000000
vn 0.000000 0.000000 1.000000
vn 0.000000 0.000000 1.000000
vn 0.999689 0.024946 0.000000
vn 0.999689 0.024946 0.000000
vn 0.997204 0.074721 0.000000
vn 0.992245 0.124298 0.000000
vn 0.997204 0.074721 0.000000
vn 0.984810 0.173635 0.000000
vn 0.992245 0.124298 0.000000
vn 0.984810 0.173635 0.000000
vn 0.974893 0.222673 0.000000
vn 0.962636 0.270799 0.000000
vn 0.974893 0.222673 0.000000
vn 0.947939 0.318453 0.000000
vn 0.962636 0.270799 0.000000
vn 0.947939 0.318453 0.000000
vn 0.930889 0.365302 0.000000
vn 0.930889 0.365302 0.000000
vn 0.911474 0.411357 0.000000
vn 0.911474 0.411357 0.000000
vn 0.889884 0.456188 0.000000
vn 0.889884 0.456188 0.000000
vn 0.866029 0.499994 -0.000000
vn 0.866029 0.499994 0.000000
vn 0.840121 0.542399 0.000000
vn 0.840121 0.542399 0.000000
vn 0.811816 0.583914 0.000000
vn 0.811816 0.583914 0.000000
vn 0.781976 0.623309 0.000000
vn 0.781976 0.623309 0.000000
vn 0.749764 0.661705 0.000000
vn 0.749764 0.661705 0.000000
vn 0.715683 0.698426 -0.000000
vn 0.715683 0.698426 0.000000
vn 0.680406 0.732836 0.000000
vn 0.680406 0.732836 0.000000
vn 0.642702 0.766116 0.000000
vn 0.642702 0.766116 0.000000
vn 0.603606 0.797283 0.000000
vn 0.603606 0.797283 0.000000
vn 0.563565 0.826072 0.000000
vn 0.563565 0.826072 0.000000
vn 0.521465 0.853272 0.000000
vn 0.521465 0.853272 0.000000
vn 0.478069 0.878322 0.000000
vn 0.478069 0.878322 0.000000
vn 0.433929 0.900947 0.000000
vn 0.433929 0.900947 0.000000
vn 0.388618 0.921399 0.000000
vn 0.388618 0.921399 0.000000
vn 0.341583 0.939852 0.000000
vn 0.341583 0.939852 0.000000
vn 0.294978 0.955504 0.000000
vn 0.246665 0.969101 0.000000
vn 0.294978 0.955504 0.000000
vn 0.198300 0.980141 0.000000
vn 0.246665 0.969101 0.000000
vn 0.198300 0.980141 0.000000
vn 0.148733 0.988877 0.000000
vn 0.148733 0.988877 0.000000
vn 0.099761 0.995011 0.000000
vn 0.099761 0.995011 0.000000
vn 0.050188 0.998740 0.000000
vn 0.050188 0.998740 0.000000
vn 0.000000 1.000000 0.000000
vn -0.050188 0.998740 0.000000
vn -0.000000 1.000000 0.000000
vn -0.099761 0.995011 0.000000
vn -0.050188 0.998740 0.000000
vn -0.099761 0.995011 0.000000
vn -0.148733 0.988877 0.000000
vn -0.148733 0.988877 0.000000
vn -0.198300 0.980141 0.000000
vn -0.198300 0.980141 0.000000
vn -0.246656 0.969103 0.000000
vn -0.246656 0.969103 0.000000
vn -0.294989 0.955501 0.000000
vn -0.294989 0.955501 0.000000
vn -0.341583 0.939852 0.000000
vn -0.341583 0.939852 0.000000
vn -0.388618 0.921399 0.000000
vn -0.388618 0.921399 0.000000
vn -0.433929 0.900947 0.000000
vn -0.433929 0.900947 0.000000
vn -0.478069 0.878322 0.000000
vn -0.478069 0.878322 0.000000
vn -0.521448 0.853283 0.000000
vn -0.521448 0.853283 0.000000
vn -0.563582 0.826060 -0.000000
vn -0.563582 0.826060 0.000000
vn -0.603606 0.797283 0.000000
vn -0.603606 0.797283 0.000000
vn -0.642702 0.766116 0.000000
vn -0.642702 0.766116 0.000000
vn -0.680406 0.732836 0.000000
vn -0.680406 0.732836 0.000000
vn -0.715683 0.698426 0.000000
vn -0.715683 0.698426 0.000000
vn -0.749764 0.661705 0.000000
vn -0.749764 0.661705 0.000000
vn -0.781976 0.623309 0.000000
vn -0.781976 0.623309 0.000000
vn -0.811816 0.583914 0.000000
vn -0.811816 0.583914 0.000000
vn -0.840121 0.542399 0.000000
vn -0.840121 0.542399 0.000000
vn -0.866029 0.499994 0.000000
vn -0.866029 0.499994 0.000000
vn -0.889884 0.456188 0.000000
vn -0.889884 0.456188 0.000000
vn -0.911474 0.411357 0.000000
vn -0.911474 0.411357 0.000000
vn -0.930876 0.365335 0.000000
vn -0.930876 0.365335 0.000000
vn -0.947939 0.318453 0.000000
vn -0.947939 0.318453 0.000000
vn -0.962636 0.270799 0.000000
vn -0.962636 0.270799 0.000000
vn -0.974901 0.222637 0.000000
vn -0.984810 0.173635 0.000000
vn -0.974901 0.222637 0.000000
vn -0.984810 0.173635 0.000000
vn -0.992245 0.124298 0.000000
vn -0.992245 0.124298 0.000000
vn -0.997204 0.074721 0.000000
vn -0.997204 0.074721 0.000000
vn -0.999689 0.024946 0.000000
vn -0.999689 0.024946 0.000000
vn -0.999689 -0.024931 0.000000
vn -0.999689 -0.024931 -0.000000
vn -0.997204 -0.074721 -0.000000
vn -0.997204 -0.074721 -0.000000
vn -0.992235 -0.124374 0.000000
vn -0.992235 -0.124374 -0.000000
vn -0.984810 -0.173635 -0.000000
vn -0.984810 -0.173635 -0.000000
vn -0.974932 -0.222504 0.000000
vn -0.974932 -0.222504 -0.000000
vn -0.962636 -0.270799 -0.000000
vn -0.962636 -0.270799 -0.000000
vn -0.947939 -0.318453 0.000000
vn -0.947939 -0.318453 -0.000000
vn -0.930794 -0.365543 0.000000
vn -0.930794 -0.365543 -0.000000
vn -0.911578 -0.411128 0.000000
vn -0.911578 -0.411128 -0.000000
vn -0.889884 -0.456188 0.000000
vn -0.889884 -0.456188 -0.000000
vn -0.866029 -0.499994 -0.000000
vn -0.866029 -0.499994 -0.000000
vn -0.839941 -0.542678 -0.000000
vn -0.839941 -0.542678 0.000000
vn -0.812024 -0.583623 -0.000000
vn -0.781738 -0.623607 -0.000000
vn -0.812024 -0.583623 0.000000
vn -0.781738 -0.623607 -0.000000
vn -0.749764 -0.661705 -0.000000
vn -0.749764 -0.661705 0.000000
vn -0.715981 -0.698120 -0.000000
vn -0.715981 -0.698120 0.000000
vn -0.680077 -0.733141 -0.000000
vn -0.680077 -0.733141 -0.000000
vn -0.642702 -0.766116 -0.000000
vn -0.642702 -0.766116 0.000000
vn -0.603995 -0.796988 -0.000000
vn -0.603995 -0.796988 0.000000
vn -0.563165 -0.826345 -0.000000
vn -0.563165 -0.826345 0.000000
vn -0.521448 -0.853283 -0.000000
vn -0.478541 -0.878065 -0.000000
vn -0.521448 -0.853283 0.000000
vn -0.478541 -0.878065 -0.000000
vn -0.433432 -0.901186 -0.000000
vn -0.433432 -0.901186 0.000000
vn -0.388618 -0.921399 -0.000000
vn -0.388618 -0.921399 0.000000
vn -0.342124 -0.939655 0.000000
vn -0.342124 -0.939655 -0.000000
vn -0.294989 -0.955501 0.000000
vn -0.294989 -0.955501 -0.000000
vn -0.246656 -0.969103 0.000000
vn -0.246656 -0.969103 -0.000000
vn -0.197712 -0.980260 0.000000
vn -0.197712 -0.980260 -0.000000
vn -0.149332 -0.988787 -0.000000
vn -0.099761 -0.995011 -0.000000
vn -0.149332 -0.988787 0.000000
vn -0.099761 -0.995011 -0.000000
vn -0.049577 -0.998770 -0.000000
vn -0.049577 -0.998770 0.000000
vn 0.000000 -1.000000 -0.000000
vn -0.000000 -1.000000 0.000000
vn 0.049577 -0.998770 0.000000
vn 0.049577 -0.998770 0.000000
vn 0.099761 -0.995011 0.000000
vn 0.099761 -0.995011 0.000000
vn 0.149332 -0.988787 0.000000
vn 0.197712 -0.980260 0.000000
vn 0.149332 -0.988787 0.000000
vn 0.197712 -0.980260 0.000000
vn 0.246665 -0.969101 0.000000
vn 0.246665 -0.969101 0.000000
vn 0.294978 -0.955504 0.000000
vn 0.294978 -0.955504 0.000000
vn 0.342124 -0.939655 0.000000
vn 0.342124 -0.939655 0.000000
vn 0.388618 -0.921399 0.000000
vn 0.433432 -0.901186 0.000000
vn 0.388618 -0.921399 0.000000
vn 0.433432 -0.901186 0.000000
vn 0.478541 -0.878065 0.000000
vn 0.521465 -0.853272 0.000000
vn 0.478541 -0.878065 0.000000
vn 0.521465 -0.853272 0.000000
vn 0.563147 -0.826357 0.000000
vn 0.603995 -0.796988 0.000000
vn 0.563147 -0.826357 0.000000
vn 0.603995 -0.796988 0.000000
vn 0.642702 -0.766116 0.000000
vn 0.642702 -0.766116 0.000000
vn 0.680077 -0.733141 0.000000
vn 0.680077 -0.733141 0.000000
vn 0.715981 -0.698120 0.000000
vn 0.715981 -0.698120 0.000000
vn 0.749764 -0.661705 0.000000
vn 0.749764 -0.661705 0.000000
vn 0.781738 -0.623607 -0.000000
vn 0.781738 -0.623607 0.000000
vn 0.812024 -0.583623 0.000000
vn 0.812024 -0.583623 0.000000
vn 0.839941 -0.542678 0.000000
vn 0.839941 -0.542678 0.000000
vn 0.866029 -0.499994 0.000000
vn 0.866029 -0.499994 0.000000
vn 0.889884 -0.456188 0.000000
vn 0.889884 -0.456188 0.000000
vn 0.911578 -0.411128 0.000000
vn 0.911578 -0.411128 0.000000
vn 0.930807 -0.365510 0.000000
vn 0.930807 -0.365510 0.000000
vn 0.947939 -0.318453 0.000000
vn 0.947939 -0.318453 0.000000
vn 0.962636 -0.270799 0.000000
vn 0.962636 -0.270799 0.000000
vn 0.974923 -0.222540 0.000000
vn 0.974923 -0.222540 0.000000
vn 0.984810 -0.173635 0.000000
vn 0.984810 -0.173635 0.000000
vn 0.992235 -0.124374 0.000000
vn 0.992235 -0.124374 0.000000
vn 0.997204 -0.074721 0.000000
vn 0.997204 -0.074721 0.000000
vn 0.999689 -0.024931 0.000000
vn 0.999689 -0.024931 0.000000
vn 0.000000 0.000000 1.000000
vn 0.000000 0.000000 1.000000
vn 0.000000 0.000000 1.000000
vn 0.000000 0.000000 1.000000
vn 0.000000 0.000000 1.000000
vn 0.000000 0.000000 1.000000
vn 0.000000 0.000000 1.000000
vn 0.000000 0.000000 1.000000
vn 0.000000 0.000000 1.000000
vn 0.000000 0.000000 1.000000
vn 0.000000 0.000000 1.000000
vn 0.000000 0.000000 1.000000
vn 0.000000 0.000000 1.000000
vn 0.000000 0.000000 1.000000
vn 0.000000 0.000000 1.000000
vn 0.000000 0.000000 1.000000
vn 0.000000 0.000000 1.000000
vn 0.000000 0.000000 1.000000
vn 0.000000 0.000000 1.000000
vn 0.000000 0.000000 1.000000
vn 0.000000 0.000000 1.000000
vn 0.000000 0.000000 1.000000
vn 0.000000 0.000000 1.000000
vn 0.000000 0.000000 1.000000
vn 0.000000 0.000000 1.000000
vn 0.000000 0.000000 1.000000
vn 0.000000 0.000000 1.000000
vn 0.000000 0.000000 1.000000
vn 0.000000 0.000000 1.000000
vn 0.000000 0.000000 1.000000
vn 0.000000 0.000000 1.000000
vn 0.000000 0.000000 1.000000
vn 0.000000 0.000000 1.000000
vn 0.000000 0.000000 1.000000
vn 0.000000 0.000000 1.000000
vn 0.000000 0.000000 1.000000
vn 0.000000 0.000000 1.000000
vn 0.000000 0.000000 1.000000
vn 0.000000 0.000000 1.000000
vn 0.000000 0.000000 1.000000
vn 0.000000 0.000000 1.000000
vn 0.000000 0.000000 1.000000
vn 0.000000 0.000000 1.000000
vn 0.000000 0.000000 1.000000
vn 0.000000 0.000000 1.000000
vn 0.000000 0.000000 1.000000
vn 0.000000 0.000000 1.000000
vn 0.000000 0.000000 1.000000
vn 0.000000 0.000000 1.000000
vn 0.000000 0.000000 1.000000
vn 0.000000 0.000000 1.000000
vn 0.000000 0.000000 1.000000
vn 0.000000 0.000000 1.000000
vn 0.000000 0.000000 1.000000
vn 0.000000 0.000000 1.000000
vn 0.000000 0.000000 1.000000
vn 0.000000 0.000000 1.000000
vn 0.000000 0.000000 1.000000
vn 0.000000 0.000000 1.000000
vn 0.000000 0.000000 1.000000
vn 0.000000 0.000000 1.000000
vn 0.000000 0.000000 1.000000
vn 0.000000 0.000000 1.000000
vn 0.000000 0.000000 1.000000
vn 0.000000 0.000000 1.000000
vn 0.000000 0.000000 1.000000
vn 0.000000 0.000000 1.000000
vn 0.000000 0.000000 1.000000
vn 0.000000 0.000000 1.000000
vn 0.000000 0.000000 1.000000
vn 0.000000 0.000000 1.000000
vn 0.000000 0.000000 1.000000
vn 0.000000 0.000000 1.000000
vn 0.000000 0.000000 1.000000
vn 0.000000 0.000000 1.000000
vn 0.000000 0.000000 1.000000
vn 0.000000 0.000000 1.000000
vn 0.000000 0.000000 1.000000
vn 0.000000 0.000000 1.000000
vn 0.000000 0.000000 1.000000
vn 0.000000 0.000000 1.000000
vn 0.000000 0.000000 1.000000
vn 0.000000 0.000000 1.000000
vn 0.000000 0.000000 1.000000
vn 0.000000 0.000000 1.000000
vn 0.000000 0.000000 1.000000
vn 0.000000 0.000000 1.000000
vn 0.000000 0.000000 1.000000
vn 0.000000 0.000000 1.000000
vn 0.000000 0.000000 1.000000
vn 0.000000 0.000000 1.000000
vn 0.000000 0.000000 1.000000
vn 0.000000 0.000000 1.000000
vn 0.000000 0.000000 1.000000
vn 0.000000 0.000000 1.000000
vn 0.000000 0.000000 1.000000
vn 0.000000 0.000000 1.000000
vn 0.000000 0.000000 1.000000
vn 0.000000 0.000000 1.000000
vn 0.000000 0.000000 1.000000
vn 0.000000 0.000000 1.000000
vn 0.000000 0.000000 1.000000
vn 0.000000 0.000000 1.000000
vn 0.000000 0.000000 1.000000
vn 0.000000 0.000000 1.000000
vn 0.000000 0.000000 1.000000
vn 0.000000 0.000000 1.000000
vn 0.000000 0.000000 1.000000
vn 0.000000 0.000000 1.000000
vn 0.000000 0.000000 1.000000
vn 0.000000 0.000000 1.000000
vn 0.000000 0.000000 1.000000
vn 0.000000 0.000000 1.000000
vn 0.000000 0.000000 1.000000
vn 0.000000 0.000000 1.000000
vn 0.000000 0.000000 1.000000
vn 0.000000 0.000000 1.000000
vn 0.000000 0.000000 1.000000
vn 0.000000 0.000000 1.000000
vn 0.000000 0.000000 1.000000
vn 0.000000 0.000000 1.000000
vn 0.000000 0.000000 1.000000
vn 0.000000 0.000000 1.000000
vn 0.000000 0.000000 1.000000
vn 0.000000 0.000000 -1.000000
vn 0.000000 0.000000 -1.000000
vn 0.000000 0.000000 -1.000000
vn 0.000000 0.000000 -1.000000
vn 0.000000 0.000000 -1.000000
vn 0.000000 0.000000 -1.000000
vn 0.000000 0.000000 -1.000000
vn 0.000000 0.000000 -1.000000
vn 0.000000 0.000000 -1.000000
vn 0.000000 0.000000 -1.000000
vn 0.000000 0.000000 -1.000000
vn 0.000000 0.000000 -1.000000
vn 0.000000 0.000000 -1.000000
vn 0.000000 -0.000000 -1.000000
vn 0.000000 0.000000 -1.000000
vn 0.000000 -0.000000 -1.000000
vn 0.000000 0.000000 -1.000000
vn 0.000000 -0.000000 -1.000000
vn 0.000000 -0.000000 -1.000000
vn 0.000000 0.000000 -1.000000
vn 0.000000 -0.000000 -1.000000
vn 0.000000 0.000000 -1.000000
vn 0.000000 -0.000000 -1.000000
vn 0.000000 -0.000000 -1.000000
vn 0.000000 0.000000 -1.000000
vn 0.000000 0.000000 -1.000000
vn 0.000000 0.000000 -1.000000
vn 0.000000 -0.000000 -1.000000
vn 0.000000 0.000000 -1.000000
vn 0.000000 -0.000000 -1.000000
vn 0.000000 -0.000000 -1.000000
vn 0.000000 0.000000 -1.000000
vn 0.000000 -0.000000 -1.000000
vn 0.000000 -0.000000 -1.000000
vn 0.000000 0.000000 -1.000000
vn 0.000000 0.000000 -1.000000
vn 0.000000 0.000000 -1.000000
vn 0.000000 0.000000 -1.000000
vn 0.000000 0.000000 -1.000000
vn 0.000000 0.000000 -1.000000
vn 0.000000 0.000000 -1.000000
vn 0.000000 0.000000 -1.000000
vn 0.000000 0.000000 -1.000000
vn 0.000000 0.000000 -1.000000
vn 0.000000 0.000000 -1.000000
vn 0.000000 0.000000 -1.000000
vn 0.000000 0.000000 -1.000000
vn 0.000000 0.000000 -1.000000
vn 0.000000 -0.000000 -1.000000
vn 0.000000 0.000000 -1.000000
vn 0.000000 -0.000000 -1.000000
vn 0.000000 0.000000 -1.000000
vn 0.000000 -0.000000 -1.000000
vn 0.000000 0.000000 -1.000000
vn 0.000000 0.000000 -1.000000
vn 0.000000 0.000000 -1.000000
vn 0.000000 0.000000 -1.000000
vn 0.000000 0.000000 -1.000000
vn 0.000000 0.000000 -1.000000
vn 0.000000 0.000000 -1.000000
vn 0.000000 -0.000000 -1.000000
vn 0.000000 -0.000000 -1.000000
vn 0.000000 0.000000 -1.000000
vn 0.000000 0.000000 -1.000000
vn 0.000000 0.000000 -1.000000
vn 0.000000 -0.000000 -1.000000
vn 0.000000 0.000000 -1.000000
vn 0.000000 0.000000 -1.000000
vn 0.000000 0.000000 -1.000000
vn 0.000000 0.000000 -1.000000
vn 0.000000 -0.000000 -1.000000
vn 0.000000 0.000000 -1.000000
vn 0.000000 0.000000 -1.000000
vn 0.000000 -0.000000 -1.000000
vn 0.000000 -0.000000 -1.000000
vn 0.000000 0.000000 -1.000000
vn 0.000000 0.000000 -1.000000
vn 0.000000 0.000000 -1.000000
vn 0.000000 0.000000 -1.000000
vn 0.000000 0.000000 -1.000000
vn 0.000000 -0.000000 -1.000000
vn 0.000000 0.000000 -1.000000
vn 0.000000 0.000000 -1.000000
vn 0.000000 -0.000000 -1.000000
vn 0.000000 0.000000 -1.000000
vn 0.000000 0.000000 -1.000000
vn 0.000000 0.000000 -1.000000
vn -0.000000 -0.000000 -1.000000
vn 0.000000 0.000000 -1.000000
vn -0.000000 -0.000000 -1.000000
vn 0.000000 0.000000 -1.000000
vn 0.000000 0.000000 -1.000000
vn 0.000000 0.000000 -1.000000
vn 0.000000 0.000000 -1.000000
vn 0.000000 0.000000 -1.000000
vn 0.000000 0.000000 -1.000000
vn 0.000000 0.000000 -1.000000
vn 0.000000 0.000000 -1.000000
vn 0.000000 0.000000 -1.000000
vn 0.000000 0.000000 -1.000000
vn 0.000000 0.000000 -1.000000
vn 0.000000 0.000000 -1.000000
vn 0.000000 0.000000 -1.000000
vn -0.000000 -0.000000 -1.000000
vn 0.000000 0.000000 -1.000000
vn 0.000000 0.000000 -1.000000
vn 0.000000 0.000000 -1.000000
vn 0.000000 0.000000 -1.000000
vn -0.000000 -0.000000 -1.000000
vn -0.000000 -0.000000 -1.000000
vn 0.000000 0.000000 -1.000000
vn 0.000000 0.000000 -1.000000
vn 0.000000 0.000000 -1.000000
vn 0.000000 0.000000 -1.000000
vn 0.000000 0.000000 -1.000000
vn -0.000000 -0.000000 -1.000000
vn 0.000000 0.000000 -1.000000
vn 0.000000 0.000000 -1.000000
vn -0.000000 -0.000000 -1.000000
vn 0.000000 0.000000 -1.000000
vn 0.000000 0.000000 -1.000000
vn 0.000000 0.000000 -1.000000
vn -0.000000 -0.000000 -1.000000
vn 0.000000 0.000000 -1.000000
vn -1.000000 0.000000 0.000000
vn -1.000000 0.000000 0.000000
vn 1.000000 0.000000 0.000000
vn 1.000000 -0.000000 0.000000
vn 0.000000 -1.000000 0.000000
vn 0.000000 -1.000000 0.000000
vn 0.000000 1.000000 0.000000
vn 0.000000 1.000000 0.000000
vn 0.000000 0.000000 -1.000000
vn 0.000000 0.000000 -1.000000
vn 0.000000 0.000000 1.000000
vn 0.000000 0.000000 1.000000
vn -1.000000 0.000000 0.000000
vn -1.000000 0.000000 0.000000
vn 1.000000 0.000000 0.000000
vn 1.000000 -0.000000 0.000000
vn 0.000000 -1.000000 0.000000
vn 0.000000 -1.000000 0.000000
vn 0.000000 1.000000 0.000000
vn 0.000000 1.000000 0.000000
vn 0.000000 0.000000 -1.000000
vn 0.000000 0.000000 -1.000000
vn 0.000000 0.000000 1.000000
vn 0.000000 0.000000 1.000000
vn 0.999685 0.025099 0.000000
vn 0.999685 0.025099 0.000000
vn 0.997211 0.074638 0.000000
vn 0.992250 0.124261 0.000000
vn 0.997211 0.074638 0.000000
vn 0.984777 0.173820 0.000000
vn 0.992250 0.124261 0.000000
vn 0.984777 0.173820 0.000000
vn 0.974940 0.222468 0.000000
vn 0.962636 0.270799 0.000000
vn 0.974940 0.222468 0.000000
vn 0.947853 0.318707 0.000000
vn 0.962636 0.270799 0.000000
vn 0.947853 0.318707 0.000000
vn 0.930863 0.365368 0.000000
vn 0.930863 0.365368 0.000000
vn 0.911692 0.410873 0.000000
vn 0.911692 0.410873 0.000000
vn 0.889852 0.456248 0.000000
vn 0.889852 0.456248 0.000000
vn 0.866012 0.500023 0.000000
vn 0.866012 0.500023 0.000000
vn 0.839923 0.542705 0.000000
vn 0.839923 0.542705 0.000000
vn 0.811952 0.583724 0.000000
vn 0.811952 0.583724 0.000000
vn 0.781794 0.623537 0.000000
vn 0.781794 0.623537 0.000000
vn 0.749802 0.661662 0.000000
vn 0.749802 0.661662 0.000000
vn 0.715924 0.698179 0.000000
vn 0.715924 0.698179 0.000000
vn 0.680134 0.733088 0.000000
vn 0.680134 0.733088 0.000000
vn 0.642740 0.766085 0.000000
vn 0.642740 0.766085 0.000000
vn 0.603958 0.797016 0.000000
vn 0.603958 0.797016 0.000000
vn 0.563147 0.826357 0.000000
vn 0.563147 0.826357 0.000000
vn 0.521500 0.853252 0.000000
vn 0.521500 0.853252 0.000000
vn 0.478037 0.878340 0.000000
vn 0.478037 0.878340 0.000000
vn 0.433944 0.900940 0.000000
vn 0.433944 0.900940 0.000000
vn 0.388632 0.921393 0.000000
vn 0.388632 0.921393 0.000000
vn 0.342087 0.939668 0.000000
vn 0.342087 0.939668 0.000000
vn 0.294387 0.955686 0.000000
vn 0.247285 0.968943 0.000000
vn 0.294387 0.955686 0.000000
vn 0.197705 0.980262 0.000000
vn 0.247285 0.968943 0.000000
vn 0.197705 0.980262 0.000000
vn 0.149343 0.988785 0.000000
vn 0.149343 0.988785 0.000000
vn 0.099746 0.995013 0.000000
vn 0.099746 0.995013 0.000000
vn 0.049571 0.998771 0.000000
vn 0.049571 0.998771 0.000000
vn 0.000000 1.000000 0.000000
vn -0.049571 0.998771 0.000000
vn -0.000000 1.000000 0.000000
vn -0.099776 0.995010 0.000000
vn -0.049571 0.998771 0.000000
vn -0.099776 0.995010 0.000000
vn -0.149298 0.988792 0.000000
vn -0.149298 0.988792 0.000000
vn -0.197705 0.980262 0.000000
vn -0.197705 0.980262 0.000000
vn -0.247285 0.968943 0.000000
vn -0.247285 0.968943 0.000000
vn -0.294387 0.955686 0.000000
vn -0.294387 0.955686 0.000000
vn -0.342185 0.939632 0.000000
vn -0.342185 0.939632 0.000000
vn -0.388522 0.921439 0.000000
vn -0.388522 0.921439 0.000000
vn -0.433944 0.900940 0.000000
vn -0.433944 0.900940 0.000000
vn -0.478166 0.878270 0.000000
vn -0.478166 0.878270 0.000000
vn -0.521363 0.853335 0.000000
vn -0.521363 0.853335 0.000000
vn -0.563147 0.826357 0.000000
vn -0.563147 0.826357 0.000000
vn -0.604105 0.796905 0.000000
vn -0.604105 0.796905 0.000000
vn -0.642589 0.766211 0.000000
vn -0.642589 0.766211 0.000000
vn -0.680134 0.733088 0.000000
vn -0.680134 0.733088 0.000000
vn -0.715924 0.698179 0.000000
vn -0.715924 0.698179 0.000000
vn -0.749802 0.661662 0.000000
vn -0.749802 0.661662 0.000000
vn -0.781794 0.623537 0.000000
vn -0.781794 0.623537 0.000000
vn -0.811952 0.583724 0.000000
vn -0.811952 0.583724 0.000000
vn -0.839923 0.542705 0.000000
vn -0.839923 0.542705 0.000000
vn -0.866012 0.500023 0.000000
vn -0.866012 0.500023 0.000000
vn -0.889977 0.456006 0.000000
vn -0.889977 0.456006 0.000000
vn -0.911578 0.411128 0.000000
vn -0.911578 0.411128 0.000000
vn -0.930863 0.365368 0.000000
vn -0.930863 0.365368 0.000000
vn -0.947853 0.318707 0.000000
vn -0.947853 0.318707 0.000000
vn -0.962636 0.270799 0.000000
vn -0.962636 0.270799 0.000000
vn -0.974940 0.222468 0.000000
vn -0.984830 0.173523 0.000000
vn -0.974940 0.222468 0.000000
vn -0.984830 0.173523 0.000000
vn -0.992212 0.124562 0.000000
vn -0.992212 0.124562 0.000000
vn -0.997211 0.074638 0.000000
vn -0.997211 0.074638 0.000000
vn -0.999693 0.024793 0.000000
vn -0.999693 0.024793 0.000000
vn -0.999693 -0.024793 0.000000
vn -0.999693 -0.024793 -0.000000
vn -0.997207 -0.074683 -0.000000
vn -0.997207 -0.074683 -0.000000
vn -0.992221 -0.124486 0.000000
vn -0.992221 -0.124486 -0.000000
vn -0.984830 -0.173523 -0.000000
vn -0.984830 -0.173523 -0.000000
vn -0.974940 -0.222468 0.000000
vn -0.974940 -0.222468 -0.000000
vn -0.962591 -0.270958 -0.000000
vn -0.962591 -0.270958 -0.000000
vn -0.947916 -0.318522 0.000000
vn -0.947916 -0.318522 -0.000000
vn -0.930863 -0.365368 0.000000
vn -0.930863 -0.365368 -0.000000
vn -0.911474 -0.411357 0.000000
vn -0.911474 -0.411357 -0.000000
vn -0.889977 -0.456006 0.000000
vn -0.889977 -0.456006 -0.000000
vn -0.866012 -0.500023 0.000000
vn -0.866012 -0.500023 -0.000000
vn -0.840103 -0.542426 -0.000000
vn -0.840103 -0.542426 0.000000
vn -0.811743 -0.584014 -0.000000
vn -0.782032 -0.623239 -0.000000
vn -0.811743 -0.584014 0.000000
vn -0.782032 -0.623239 -0.000000
vn -0.749802 -0.661662 -0.000000
vn -0.749802 -0.661662 0.000000
vn -0.715625 -0.698484 -0.000000
vn -0.715625 -0.698484 0.000000
vn -0.680463 -0.732783 -0.000000
vn -0.680463 -0.732783 0.000000
vn -0.642589 -0.766211 -0.000000
vn -0.642589 -0.766211 0.000000
vn -0.603716 -0.797199 -0.000000
vn -0.603716 -0.797199 0.000000
vn -0.563565 -0.826072 -0.000000
vn -0.563565 -0.826072 0.000000
vn -0.521363 -0.853335 -0.000000
vn -0.478166 -0.878270 -0.000000
vn -0.521363 -0.853335 0.000000
vn -0.478166 -0.878270 -0.000000
vn -0.433944 -0.900940 -0.000000
vn -0.433944 -0.900940 0.000000
vn -0.388522 -0.921439 -0.000000
vn -0.388522 -0.921439 0.000000
vn -0.342185 -0.939632 0.000000
vn -0.342185 -0.939632 -0.000000
vn -0.294387 -0.955686 0.000000
vn -0.294387 -0.955686 -0.000000
vn -0.246711 -0.969089 0.000000
vn -0.246711 -0.969089 -0.000000
vn -0.198293 -0.980143 0.000000
vn -0.198293 -0.980143 -0.000000
vn -0.149298 -0.988792 -0.000000
vn -0.099170 -0.995070 -0.000000
vn -0.149298 -0.988792 0.000000
vn -0.099170 -0.995070 -0.000000
vn -0.050182 -0.998740 -0.000000
vn -0.050182 -0.998740 0.000000
vn 0.000000 -1.000000 -0.000000
vn -0.000000 -1.000000 0.000000
vn 0.050182 -0.998740 0.000000
vn 0.050182 -0.998740 0.000000
vn 0.099140 -0.995073 0.000000
vn 0.099140 -0.995073 0.000000
vn 0.149343 -0.988785 0.000000
vn 0.198293 -0.980143 0.000000
vn 0.149343 -0.988785 0.000000
vn 0.198293 -0.980143 0.000000
vn 0.246711 -0.969089 0.000000
vn 0.246711 -0.969089 0.000000
vn 0.294387 -0.955686 0.000000
vn 0.294387 -0.955686 0.000000
vn 0.342087 -0.939668 0.000000
vn 0.342087 -0.939668 0.000000
vn 0.388632 -0.921393 0.000000
vn 0.433944 -0.900940 0.000000
vn 0.388632 -0.921393 0.000000
vn 0.433944 -0.900940 0.000000
vn 0.478037 -0.878340 0.000000
vn 0.521500 -0.853252 0.000000
vn 0.478037 -0.878340 0.000000
vn 0.521500 -0.853252 0.000000
vn 0.563565 -0.826072 0.000000
vn 0.603569 -0.797311 0.000000
vn 0.563565 -0.826072 0.000000
vn 0.603569 -0.797311 0.000000
vn 0.642740 -0.766085 0.000000
vn 0.642740 -0.766085 0.000000
vn 0.680463 -0.732783 0.000000
vn 0.680463 -0.732783 0.000000
vn 0.715625 -0.698484 0.000000
vn 0.715625 -0.698484 0.000000
vn 0.749802 -0.661662 0.000000
vn 0.749802 -0.661662 0.000000
vn 0.782032 -0.623239 0.000000
vn 0.782032 -0.623239 0.000000
vn 0.811743 -0.584014 0.000000
vn 0.811743 -0.584014 0.000000
vn 0.840103 -0.542426 0.000000
vn 0.840103 -0.542426 0.000000
vn 0.866012 -0.500023 0.000000
vn 0.866012 -0.500023 0.000000
vn 0.889852 -0.456248 0.000000
vn 0.889852 -0.456248 0.000000
vn 0.911589 -0.411103 0.000000
vn 0.911589 -0.411103 0.000000
vn 0.930863 -0.365368 0.000000
vn 0.930863 -0.365368 0.000000
vn 0.947916 -0.318522 0.000000
vn 0.947916 -0.318522 0.000000
vn 0.962591 -0.270958 0.000000
vn 0.962591 -0.270958 0.000000
vn 0.974940 -0.222468 0.000000
vn 0.974940 -0.222468 0.000000
vn 0.984777 -0.173820 0.000000
vn 0.984777 -0.173820 0.000000
vn 0.992259 -0.124185 0.000000
vn 0.992259 -0.124185 0.000000
vn 0.997207 -0.074683 0.000000
vn 0.997207 -0.074683 0.000000
vn 0.999685 -0.025099 0.000000
vn 0.999685 -0.025099 0.000000
vn 0.000000 0.000000 1.000000
vn 0.000000 0.000000 1.000000
vn 0.000000 0.000000 1.000000
vn 0.000000 0.000000 1.000000
vn 0.000000 0.000000 1.000000
vn 0.000000 0.000000 1.000000
vn 0.000000 0.000000 1.000000
vn 0.000000 0.000000 1.000000
vn 0.000000 0.000000 1.000000
vn 0.000000 0.000000 1.000000
vn 0.000000 0.000000 1.000000
vn 0.000000 0.000000 1.000000
vn 0.000000 0.000000 1.000000
vn 0.000000 0.000000 1.000000
vn 0.000000 0.000000 1.000000
vn 0.000000 0.000000 1.000000
vn 0.000000 0.000000 1.000000
vn 0.000000 0.000000 1.000000
vn 0.000000 0.000000 1.000000
vn 0.000000 0.000000 1.000000
vn 0.000000 0.000000 1.000000
vn 0.000000 0.000000 1.000000
vn 0.000000 0.000000 1.000000
vn 0.000000 0.000000 1.000000
vn 0.000000 0.000000 1.000000
vn 0.000000 0.000000 1.000000
vn 0.000000 0.000000 1.000000
vn 0.000000 0.000000 1.000000
vn 0.000000 0.000000 1.000000
vn 0.000000 0.000000 1.000000
vn 0.000000 0.000000 1.000000
vn 0.000000 0.000000 1.000000
vn 0.000000 0.000000 1.000000
vn 0.000000 0.000000 1.000000
vn 0.000000 0.000000 1.000000
vn 0.000000 0.000000 1.000000
vn 0.000000 0.000000 1.000000
vn 0.000000 0.000000 1.000000
vn 0.000000 0.000000 1.000000
vn 0.000000 0.000000 1.000000
vn 0.000000 0.000000 1.000000
vn 0.000000 0.000000 1.000000
vn 0.000000 0.000000 1.000000
vn 0.000000 0.000000 1.000000
vn 0.000000 0.000000 1.000000
vn 0.000000 0.000000 1.000000
vn 0.000000 0.000000 1.000000
vn 0.000000 0.000000 1.000000
vn 0.000000 0.000000 1.000000
vn 0.000000 0.000000 1.000000
vn 0.000000 0.000000 1.000000
vn 0.000000 0.000000 1.000000
vn 0.000000 0.000000 1.000000
vn 0.000000 0.000000 1.000000
vn 0.000000 0.000000 1.000000
vn 0.000000 0.000000 1.000000
vn 0.000000 0.000000 1.000000
vn 0.000000 0.000000 1.000000
vn 0.000000 0.000000 1.000000
vn 0.000000 0.000000 1.000000
vn 0.000000 0.000000 1.000000
vn 0.000000 0.000000 1.000000
vn 0.000000 0.000000 1.000000
vn 0.000000 0.000000 1.000000
vn 0.000000 0.000000 1.000000
vn 0.000000 0.000000 1.000000
vn 0.000000 0.000000 1.000000
vn 0.000000 0.000000 1.000000
vn 0.000000 0.000000 1.000000
vn 0.000000 0.000000 1.000000
vn 0.000000 0.000000 1.000000
vn 0.000000 0.000000 1.000000
vn 0.000000 0.000000 1.000000
vn 0.000000 0.000000 1.000000
vn 0.000000 0.000000 1.000000
vn 0.000000 0.000000 1.000000
vn 0.000000 0.000000 1.000000
vn 0.000000 0.000000 1.000000
vn 0.000000 0.000000 1.000000
vn 0.000000 0.000000 1.000000
vn 0.000000 0.000000 1.000000
vn 0.000000 0.000000 1.000000
vn 0.000000 0.000000 1.000000
vn 0.000000 0.000000 1.000000
vn 0.000000 0.000000 1.000000
vn 0.000000 0.000000 1.000000
vn 0.000000 0.000000 1.000000
vn 0.000000 0.000000 1.000000
vn 0.000000 0.000000 1.000000
vn 0.000000 0.000000 1.000000
vn 0.000000 0.000000 1.000000
vn 0.000000 0.000000 1.000000
vn 0.000000 0.000000 1.000000
vn 0.000000 0.000000 1.000000
vn 0.000000 0.000000 1.000000
vn 0.000000 0.000000 1.000000
vn 0.000000 0.000000 1.000000
vn 0.000000 0.000000 1.000000
vn 0.000000 0.000000 1.000000
vn 0.000000 0.000000 1.000000
vn 0.000000 0.000000 1.000000
vn 0.000000 0.000000 1.000000
vn 0.000000 0.000000 1.000000
vn 0.000000 0.000000 1.000000
vn 0.000000 0.000000 1.000000
vn 0.000000 0.000000 1.000000
vn 0.000000 0.000000 1.000000
vn 0.000000 0.000000 1.000000
vn 0.000000 0.000000 1.000000
vn 0.000000 0.000000 1.000000
vn 0.000000 0.000000 1.000000
vn 0.000000 0.000000 1.000000
vn 0.000000 0.000000 1.000000
vn 0.000000 0.000000 1.000000
vn 0.000000 0.000000 1.000000
vn 0.000000 0.000000 1.000000
vn 0.000000 0.000000 1.000000
vn 0.000000 0.000000 1.000000
vn 0.000000 0.000000 1.000000
vn 0.000000 0.000000 1.000000
vn 0.000000 0.000000 1.000000
vn 0.000000 0.000000 1.000000
vn 0.000000 0.000000 1.000000
vn 0.000000 0.000000 1.000000
vn 0.000000 0.000000 -1.000000
vn 0.000000 0.000000 -1.000000
vn 0.000000 0.000000 -1.000000
vn 0.000000 0.000000 -1.000000
vn 0.000000 0.000000 -1.000000
vn 0.000000 0.000000 -1.000000
vn 0.000000 0.000000 -1.000000
vn 0.000000 0.000000 -1.000000
vn 0.000000 0.000000 -1.000000
vn 0.000000 0.000000 -1.000000
vn 0.000000 0.000000 -1.000000
vn 0.000000 0.000000 -1.000000
vn 0.000000 0.000000 -1.000000
vn 0.000000 -0.000000 -1.000000
vn 0.000000 0.000000 -1.000000
vn 0.000000 -0.000000 -1.000000
vn 0.000000 0.000000 -1.000000
vn 0.000000 -0.000000 -1.000000
vn 0.000000 -0.000000 -1.000000
vn 0.000000 0.000000 -1.000000
vn 0.000000 -0.000000 -1.000000
vn 0.000000 0.000000 -1.000000
vn 0.000000 -0.000000 -1.000000
vn 0.000000 -0.000000 -1.000000
vn 0.000000 0.000000 -1.000000
vn 0.000000 0.000000 -1.000000
vn 0.000000 0.000000 -1.000000
vn 0.000000 -0.000000 -1.000000
vn 0.000000 0.000000 -1.000000
vn 0.000000 -0.000000 -1.000000
vn 0.000000 -0.000000 -1.000000
vn 0.000000 0.000000 -1.000000
vn 0.000000 -0.000000 -1.000000
vn 0.000000 -0.000000 -1.000000
vn 0.000000 0.000000 -1.000000
vn 0.000000 0.000000 -1.000000
vn 0.000000 0.000000 -1.000000
vn 0.000000 0.000000 -1.000000
vn 0.000000 0.000000 -1.000000
vn 0.000000 0.000000 -1.000000
vn 0.000000 0.000000 -1.000000
vn 0.000000 0.000000 -1.000000
vn 0.000000 0.000000 -1.000000
vn 0.000000 0.000000 -1.000000
vn 0.000000 0.000000 -1.000000
vn 0.000000 0.000000 -1.000000
vn 0.000000 0.000000 -1.000000
vn 0.000000 0.000000 -1.000000
vn 0.000000 -0.000000 -1.000000
vn 0.000000 0.000000 -1.000000
vn 0.000000 -0.000000 -1.000000
vn 0.000000 0.000000 -1.000000
vn 0.000000 -0.000000 -1.000000
vn 0.000000 0.000000 -1.000000
vn 0.000000 0.000000 -1.000000
vn 0.000000 0.000000 -1.000000
vn 0.000000 0.000000 -1.000000
vn 0.000000 0.000000 -1.000000
vn 0.000000 0.000000 -1.000000
vn 0.000000 0.000000 -1.000000
vn 0.000000 -0.000000 -1.000000
vn 0.000000 -0.000000 -1.000000
vn 0.000000 0.000000 -1.000000
vn 0.000000 0.000000 -1.000000
vn 0.000000 0.000000 -1.000000
vn 0.000000 -0.000000 -1.000000
vn 0.000000 0.000000 -1.000000
vn 0.000000 0.000000 -1.000000
vn 0.000000 0.000000 -1.000000
vn 0.000000 0.000000 -1.000000
vn 0.000000 -0.000000 -1.000000
vn 0.000000 0.000000 -1.000000
vn 0.000000 0.000000 -1.000000
vn 0.000000 -0.000000 -1.000000
vn 0.000000 -0.000000 -1.000000
vn 0.000000 0.000000 -1.000000
vn 0.000000 0.000000 -1.000000
vn 0.000000 0.000000 -1.000000
vn 0.000000 0.000000 -1.000000
vn 0.000000 0.000000 -1.000000
vn 0.000000 -0.000000 -1.000000
vn 0.000000 0.000000 -1.000000
vn 0.000000 0.000000 -1.000000
vn 0.000000 -0.000000 -1.000000
vn 0.000000 0.000000 -1.000000
vn 0.000000 0.000000 -1.000000
vn 0.000000 0.000000 -1.000000
vn -0.000000 -0.000000 -1.000000
vn 0.000000 0.000000 -1.000000
vn -0.000000 -0.000000 -1.000000
vn 0.000000 0.000000 -1.000000
vn 0.000000 0.000000 -1.000000
vn 0.000000 0.000000 -1.000000
vn 0.000000 0.000000 -1.000000
vn 0.000000 0.000000 -1.000000
vn 0.000000 0.000000 -1.000000
vn 0.000000 0.000000 -1.000000
vn 0.000000 0.000000 -1.000000
vn 0.000000 0.000000 -1.000000
vn 0.000000 0.000000 -1.000000
vn 0.000000 0.000000 -1.000000
vn 0.000000 0.000000 -1.000000
vn 0.000000 0.000000 -1.000000
vn -0.000000 -0.000000 -1.000000
vn 0.000000 0.000000 -1.000000
vn 0.000000 0.000000 -1.000000
vn 0.000000 0.000000 -1.000000
vn 0.000000 0.000000 -1.000000
vn -0.000000 -0.000000 -1.000000
vn -0.000000 -0.000000 -1.000000
vn 0.000000 0.000000 -1.000000
vn 0.000000 0.000000 -1.000000
vn 0.000000 0.000000 -1.000000
vn 0.000000 0.000000 -1.000000
vn 0.000000 0.000000 -1.000000
vn -0.000000 -0.000000 -1.000000
vn 0.000000 0.000000 -1.000000
vn 0.000000 0.000000 -1.000000
vn -0.000000 -0.000000 -1.000000
vn 0.000000 0.000000 -1.000000
vn 0.000000 0.000000 -1.000000
vn 0.000000 0.000000 -1.000000
vn -0.000000 -0.000000 -1.000000
vn 0.000000 0.000000 -1.000000
vn -1.000000 0.000000 0.000000
vn -1.000000 0.000000 0.000000
vn 1.000000 0.000000 0.000000
vn 1.000000 -0.000000 0.000000
vn 0.000000 -1.000000 0.000000
vn 0.000000 -1.000000 0.000000
vn 0.000000 1.000000 0.000000
vn 0.000000 1.000000 0.000000
vn 0.000000 0.000000 -1.000000
vn 0.000000 0.000000 -1.000000
vn 0.000000 0.000000 1.000000
vn 0.000000 0.000000 1.000000
vn -1.000000 0.000000 0.000000
vn -1.000000 0.000000 0.000000
vn 1.000000 0.000000 0.000000
vn 1.000000 -0.000000 0.000000
vn 0.000000 -1.000000 0.000000
vn 0.000000 -1.000000 0.000000
vn 0.000000 1.000000 0.000000
vn 0.000000 1.000000 0.000000
vn 0.000000 0.000000 -1.000000
vn 0.000000 0.000000 -1.000000
vn 0.000000 0.000000 1.000000
vn 0.000000 0.000000 1.000000
g \u53a8\u623f\xb7\u8fde\u7eed\u5730\u67dc
f 1//1 2//1 3//1
f 3//2 2//2 4//2
f 5//3 6//3 7//3
f 5//4 7//4 8//4
f 6//5 5//5 1//5
f 1//6 5//6 2//6
f 8//7 7//7 3//7
f 8//8 3//8 4//8
f 3//9 7//9 1//9
f 1//10 7//10 6//10
f 8//11 4//11 2//11
f 8//12 2//12 5//12
g \u53a8\u623f\xb7\u77f3\u6750\u53f0\u9762
f 9//13 10//13 11//13
f 11//14 10//14 12//14
f 13//15 14//15 15//15
f 13//16 15//16 16//16
f 14//17 13//17 9//17
f 9//18 13//18 10//18
f 16//19 15//19 11//19
f 16//20 11//20 12//20
f 11//21 14//21 9//21
f 11//22 15//22 14//22
f 13//23 12//23 10//23
f 16//24 12//24 13//24
g \u53a8\u623f\xb7\u8fde\u7eed\u5907\u9910\u53f0
f 17//25 18//25 19//25
f 18//26 20//26 19//26
f 21//27 22//27 23//27
f 24//28 21//28 23//28
f 21//29 24//29 18//29
f 18//30 24//30 20//30
f 23//31 22//31 17//31
f 23//32 17//32 19//32
f 17//33 22//33 18//33
f 18//34 22//34 21//34
f 23//35 19//35 20//35
f 23//36 20//36 24//36
g \u53a8\u623f\xb7\u7076\u53f0
f 25//37 26//37 27//37
f 27//38 26//38 28//38
f 29//39 30//39 31//39
f 29//40 31//40 32//40
f 30//41 29//41 25//41
f 25//42 29//42 26//42
f 32//43 31//43 27//43
f 32//44 27//44 28//44
f 27//45 30//45 25//45
f 27//46 31//46 30//46
f 29//47 28//47 26//47
f 32//48 28//48 29//48
g \u53a8\u623f\xb7\u6c34\u69fd
f 33//49 34//49 35//49
f 34//50 36//50 35//50
f 37//51 38//51 39//51
f 40//52 37//52 39//52
f 37//53 40//53 34//53
f 34//54 40//54 36//54
f 39//55 38//55 33//55
f 39//56 33//56 35//56
f 33//57 38//57 34//57
f 34//58 38//58 37//58
f 39//59 35//59 36//59
f 39//60 36//60 40//60
g \u8d70\u5eca\xb7\u8584\u578b\u51b0\u7bb1\xb7\u9760\u53a8\u623f\u72ec\u7acb\u5217
f 41//61 42//61 43//61
f 41//62 44//62 42//62
f 45//63 46//63 47//63
f 48//64 46//64 45//64
f 46//65 48//65 41//65
f 41//66 48//66 44//66
f 45//67 47//67 43//67
f 45//68 43//68 42//68
f 43//69 47//69 41//69
f 41//70 47//70 46//70
f 45//71 42//71 44//71
f 45//72 44//72 48//72
g \u8d70\u5eca\xb7\u51b0\u7bb1\u4e0a\u65b9\u9ad8\u67dc
f 49//73 50//73 51//73
f 51//74 50//74 52//74
f 53//75 54//75 55//75
f 53//76 55//76 56//76
f 54//77 53//77 49//77
f 49//78 53//78 50//78
f 56//79 55//79 51//79
f 56//80 51//80 52//80
f 51//81 55//81 49//81
f 49//82 55//82 54//82
f 56//83 52//83 50//83
f 56//84 50//84 53//84
g \u8d70\u5eca\xb7\u84b8\u7bb1/\u70e4\u7bb1\u72ec\u7acb\u5217
f 57//85 58//85 59//85
f 57//86 60//86 58//86
f 61//87 62//87 63//87
f 64//88 62//88 61//88
f 62//89 60//89 57//89
f 62//90 64//90 60//90
f 58//91 63//91 59//91
f 61//92 63//92 58//92
f 59//93 63//93 57//93
f 57//94 63//94 62//94
f 61//95 58//95 60//95
f 61//96 60//96 64//96
g \u8d70\u5eca\xb7\u84b8\u7bb1\u9762\u677f
f 65//97 66//97 67//97
f 66//98 68//98 67//98
f 69//99 70//99 71//99
f 72//100 69//100 71//100
f 69//101 68//101 66//101
f 69//102 72//102 68//102
f 67//103 70//103 65//103
f 71//104 70//104 67//104
f 66//105 65//105 69//105
f 65//106 70//106 69//106
f 67//107 68//107 72//107
f 71//108 67//108 72//108
g \u8d70\u5eca\xb7\u70e4\u7bb1\u9762\u677f
f 73//109 74//109 75//109
f 74//110 76//110 75//110
f 77//111 78//111 79//111
f 80//112 77//112 79//112
f 77//113 76//113 74//113
f 77//114 80//114 76//114
f 75//115 78//115 73//115
f 79//116 78//116 75//116
f 74//117 73//117 77//117
f 73//118 78//118 77//118
f 75//119 76//119 80//119
f 79//120 75//120 80//120
g \u8d70\u5eca\xb7\u84b8\u70e4\u5217\u4e0a\u65b9\u9ad8\u67dc
f 81//121 82//121 83//121
f 82//122 84//122 83//122
f 85//123 86//123 87//123
f 88//124 85//124 87//124
f 82//125 85//125 84//125
f 85//126 88//126 84//126
f 86//127 81//127 83//127
f 87//128 86//128 83//128
f 81//129 86//129 82//129
f 82//130 86//130 85//130
f 87//131 83//131 84//131
f 87//132 84//132 88//132
g \u8d70\u5eca\xb7\u6d17\u8863\u673a/\u70d8\u5e72\u673a\u53e0\u653e\u5217
f 89//133 90//133 91//133
f 91//134 90//134 92//134
f 93//135 94//135 95//135
f 93//136 95//136 96//136
f 94//137 93//137 89//137
f 89//138 93//138 90//138
f 96//139 95//139 91//139
f 96//140 91//140 92//140
f 91//141 95//141 89//141
f 89//142 95//142 94//142
f 96//143 92//143 90//143
f 96//144 90//144 93//144
g \u8d70\u5eca\xb7\u6d17\u8863\u673a\u9762\u677f
f 97//145 98//145 99//145
f 99//146 98//146 100//146
f 101//147 102//147 103//147
f 101//148 103//148 104//148
f 102//149 101//149 97//149
f 97//150 101//150 98//150
f 104//151 103//151 99//151
f 104//152 99//152 100//152
f 99//153 103//153 97//153
f 97//154 103//154 102//154
f 104//155 100//155 98//155
f 104//156 98//156 101//156
g \u8d70\u5eca\xb7\u70d8\u5e72\u673a\u9762\u677f
f 105//157 106//157 107//157
f 107//158 106//158 108//158
f 109//159 110//159 111//159
f 109//160 111//160 112//160
f 110//161 109//161 105//161
f 105//162 109//162 106//162
f 112//163 111//163 107//163
f 112//164 107//164 108//164
f 107//165 111//165 105//165
f 105//166 111//166 110//166
f 112//167 108//167 106//167
f 112//168 106//168 109//168
g \u8d70\u5eca\xb7\u6d17\u70d8\u5217\u4e0a\u65b9\u9ad8\u67dc
f 113//169 114//169 115//169
f 115//170 114//170 116//170
f 117//171 118//171 119//171
f 117//172 119//172 120//172
f 113//173 118//173 114//173
f 118//174 117//174 114//174
f 119//175 115//175 116//175
f 120//176 119//176 116//176
f 115//177 119//177 113//177
f 113//178 119//178 118//178
f 120//179 116//179 114//179
f 120//180 114//180 117//180
g \u4e3b\u536b\xb71500\xd7700 \u6d74\u7f38
f 121//181 122//181 123//181
f 122//182 124//182 123//182
f 125//183 126//183 127//183
f 128//184 125//184 127//184
f 122//185 125//185 124//185
f 125//186 128//186 124//186
f 126//187 121//187 123//187
f 127//188 126//188 123//188
f 121//189 125//189 122//189
f 121//190 126//190 125//190
f 128//191 123//191 124//191
f 127//192 123//192 128//192
g \u4e3b\u536b\xb7\u6d74\u7f38\u5185\u76c6
f 129//193 130//193 131//193
f 130//194 132//194 131//194
f 133//195 134//195 135//195
f 136//196 133//196 135//196
f 133//197 136//197 130//197
f 130//198 136//198 132//198
f 135//199 134//199 129//199
f 135//200 129//200 131//200
f 129//201 133//201 130//201
f 129//202 134//202 133//202
f 136//203 131//203 132//203
f 135//204 131//204 136//204
g \u4e3b\u536b\xb7\u5750\u4fbf\u5668\xb7\u4e00\u4f53\u6c34\u7bb1
f 137//205 138//205 139//205
f 137//206 140//206 138//206
f 141//207 142//207 143//207
f 144//208 142//208 141//208
f 142//209 140//209 137//209
f 142//210 144//210 140//210
f 138//211 143//211 139//211
f 141//212 143//212 138//212
f 139//213 143//213 137//213
f 137//214 143//214 142//214
f 141//215 138//215 140//215
f 141//216 140//216 144//216
g \u4e3b\u536b\xb7\u5750\u4fbf\u5668\xb7\u76c6\u4f53
f 145//217 146//217 147//217
f 145//218 148//218 146//218
f 149//219 150//219 151//219
f 152//220 150//220 149//220
f 150//221 152//221 145//221
f 145//222 152//222 148//222
f 149//223 151//223 147//223
f 149//224 147//224 146//224
f 147//225 151//225 145//225
f 145//226 151//226 150//226
f 149//227 146//227 148//227
f 149//228 148//228 152//228
g \u4e3b\u536b\xb7\u5750\u4fbf\u5668\xb7\u76c6\u4f53\u524d\u5f27
f 153//229 154//229 155//229
f 153//230 155//230 156//230
f 153//231 156//231 157//231
f 158//232 157//232 159//232
f 158//233 153//233 157//233
f 160//234 158//234 159//234
f 161//235 159//235 162//235
f 161//236 162//236 163//236
f 161//237 160//237 159//237
f 164//238 161//238 163//238
f 165//239 163//239 166//239
f 165//240 166//240 167//240
f 165//241 164//241 163//241
f 168//242 165//242 167//242
f 169//243 167//243 170//243
f 169//244 168//244 167//244
f 171//245 170//245 172//245
f 171//246 169//246 170//246
f 173//247 172//247 174//247
f 173//248 171//248 172//248
f 175//249 174//249 176//249
f 175//250 176//250 177//250
f 175//251 173//251 174//251
f 178//252 175//252 177//252
f 179//253 178//253 177//253
f 179//254 177//254 180//254
f 179//255 180//255 181//255
f 182//256 179//256 181//256
f 183//257 182//257 181//257
f 183//258 181//258 184//258
f 185//259 183//259 184//259
f 185//260 184//260 186//260
f 185//261 186//261 187//261
f 188//262 185//262 187//262
f 189//263 188//263 187//263
f 189//264 187//264 190//264
f 189//265 190//265 191//265
f 192//266 189//266 191//266
f 192//267 191//267 193//267
f 194//268 192//268 193//268
f 194//269 193//269 195//269
f 196//270 194//270 195//270
f 197//271 196//271 195//271
f 197//272 195//272 198//272
f 199//273 198//273 200//273
f 199//274 197//274 198//274
f 201//275 200//275 202//275
f 201//276 199//276 200//276
f 203//277 202//277 204//277
f 203//278 201//278 202//278
f 205//279 204//279 206//279
f 205//280 206//280 207//280
f 205//281 203//281 204//281
f 208//282 205//282 207//282
f 209//283 207//283 210//283
f 209//284 208//284 207//284
f 211//285 210//285 212//285
f 211//286 209//286 210//286
f 213//287 212//287 214//287
f 213//288 211//288 212//288
f 215//289 214//289 216//289
f 215//290 213//290 214//290
f 217//291 216//291 218//291
f 217//292 215//292 216//292
f 219//293 218//293 220//293
f 219//294 220//294 221//294
f 219//295 217//295 218//295
f 222//296 219//296 221//296
f 223//297 221//297 224//297
f 223//298 222//298 221//298
f 225//299 224//299 226//299
f 225//300 223//300 224//300
f 227//301 225//301 226//301
f 227//302 226//302 228//302
f 229//303 227//303 228//303
f 229//304 228//304 230//304
f 231//305 229//305 230//305
f 231//306 230//306 232//306
f 233//307 231//307 232//307
f 233//308 232//308 234//308
f 235//309 233//309 234//309
f 235//310 234//310 236//310
f 235//311 236//311 237//311
f 238//312 235//312 237//312
f 239//313 238//313 237//313
f 239//314 237//314 240//314
f 241//315 239//315 240//315
f 241//316 240//316 242//316
f 243//317 241//317 242//317
f 243//318 242//318 244//318
f 245//319 243//319 244//319
f 245//320 244//320 246//320
f 247//321 245//321 246//321
f 247//322 246//322 248//322
f 247//323 248//323 249//323
f 250//324 247//324 249//324
f 251//325 250//325 249//325
f 251//326 249//326 252//326
f 253//327 251//327 252//327
f 253//328 252//328 254//328
f 253//329 254//329 255//329
f 256//330 253//330 255//330
f 256//331 255//331 257//331
f 258//332 256//332 257//332
f 259//333 258//333 257//333
f 259//334 257//334 260//334
f 261//335 259//335 260//335
f 261//336 260//336 262//336
f 261//337 262//337 263//337
f 264//338 261//338 263//338
f 265//339 264//339 263//339
f 265//340 263//340 266//340
f 267//341 266//341 268//341
f 267//342 265//342 266//342
f 269//343 268//343 270//343
f 269//344 267//344 268//344
f 271//345 270//345 272//345
f 271//346 272//346 273//346
f 271//347 269//347 270//347
f 274//348 273//348 275//348
f 274//349 271//349 273//349
f 276//350 274//350 275//350
f 277//351 276//351 275//351
f 277//352 275//352 278//352
f 277//353 278//353 279//353
f 280//354 277//354 279//354
f 281//355 280//355 279//355
f 281//356 279//356 282//356
f 283//357 281//357 282//357
f 283//358 282//358 284//358
f 285//359 283//359 284//359
f 285//360 284//360 286//360
f 285//361 286//361 287//361
f 288//362 285//362 287//362
f 289//363 288//363 287//363
f 289//364 287//364 290//364
f 291//365 289//365 290//365
f 291//366 290//366 292//366
f 293//367 291//367 292//367
f 293//368 292//368 294//368
f 295//369 293//369 294//369
f 295//370 294//370 296//370
f 297//371 295//371 296//371
f 297//372 296//372 298//372
f 299//373 297//373 298//373
f 299//374 298//374 300//374
f 299//375 300//375 301//375
f 302//376 299//376 301//376
f 303//377 301//377 304//377
f 303//378 302//378 301//378
f 305//379 304//379 306//379
f 305//380 303//380 304//380
f 307//381 306//381 308//381
f 307//382 305//382 306//382
f 309//383 308//383 310//383
f 309//384 307//384 308//384
f 311//385 310//385 312//385
f 311//386 312//386 313//386
f 311//387 309//387 310//387
f 314//388 313//388 315//388
f 314//389 311//389 313//389
f 316//390 314//390 315//390
f 317//391 315//391 318//391
f 317//392 316//392 315//392
f 319//393 318//393 320//393
f 319//394 317//394 318//394
f 321//395 320//395 322//395
f 321//396 319//396 320//396
f 323//397 322//397 324//397
f 323//398 324//398 325//398
f 323//399 321//399 322//399
f 326//400 323//400 325//400
f 327//401 326//401 325//401
f 327//402 325//402 328//402
f 329//403 327//403 328//403
f 329//404 328//404 330//404
f 331//405 329//405 330//405
f 331//406 330//406 332//406
f 331//407 332//407 333//407
f 334//408 331//408 333//408
f 335//409 333//409 336//409
f 335//410 334//410 333//410
f 337//411 335//411 336//411
f 337//412 336//412 338//412
f 337//413 338//413 339//413
f 340//414 339//414 341//414
f 340//415 337//415 339//415
f 342//416 340//416 341//416
f 343//417 341//417 344//417
f 343//418 342//418 341//418
f 345//419 344//419 346//419
f 345//420 343//420 344//420
f 347//421 346//421 348//421
f 347//422 345//422 346//422
f 349//423 348//423 350//423
f 349//424 350//424 351//424
f 349//425 347//425 348//425
f 352//426 349//426 351//426
f 353//427 351//427 354//427
f 353//428 352//428 351//428
f 355//429 354//429 356//429
f 355//430 353//430 354//430
f 357//431 356//431 358//431
f 357//432 355//432 356//432
f 359//433 358//433 360//433
f 359//434 360//434 361//434
f 359//435 357//435 358//435
f 362//436 359//436 361//436
f 363//437 361//437 364//437
f 363//438 364//438 365//438
f 363//439 362//439 361//439
f 366//440 365//440 367//440
f 366//441 363//441 365//441
f 368//442 366//442 367//442
f 369//443 367//443 370//443
f 369//444 368//444 367//444
f 371//445 370//445 372//445
f 371//446 369//446 370//446
f 373//447 372//447 374//447
f 373//448 371//448 372//448
f 375//449 374//449 376//449
f 375//450 376//450 377//450
f 375//451 373//451 374//451
f 378//452 375//452 377//452
f 379//453 378//453 377//453
f 379//454 377//454 380//454
f 379//455 380//455 381//455
f 382//456 379//456 381//456
f 383//457 382//457 381//457
f 383//458 381//458 384//458
f 385//459 383//459 384//459
f 385//460 384//460 386//460
f 387//461 385//461 386//461
f 387//462 386//462 388//462
f 389//463 387//463 388//463
f 389//464 388//464 390//464
f 389//465 390//465 391//465
f 392//466 389//466 391//466
f 393//467 392//467 391//467
f 393//468 391//468 394//468
f 395//469 393//469 394//469
f 395//470 394//470 396//470
f 397//471 395//471 396//471
f 397//472 396//472 398//472
f 399//473 397//473 398//473
f 399//474 398//474 400//474
f 399//475 400//475 401//475
f 402//476 399//476 401//476
f 403//477 402//477 401//477
f 403//478 401//478 404//478
f 154//479 404//479 155//479
f 154//480 403//480 404//480
f 316//481 311//481 314//481
f 305//482 307//482 309//482
f 305//483 309//483 311//483
f 317//484 311//484 316//484
f 317//485 305//485 311//485
f 302//486 303//486 305//486
f 321//487 317//487 319//487
f 323//488 317//488 321//488
f 297//489 305//489 317//489
f 297//490 302//490 305//490
f 297//491 299//491 302//491
f 327//492 323//492 326//492
f 329//493 323//493 327//493
f 291//494 293//494 295//494
f 291//495 295//495 297//495
f 289//496 291//496 297//496
f 334//497 329//497 331//497
f 335//498 323//498 329//498
f 335//499 329//499 334//499
f 285//500 288//500 289//500
f 337//501 323//501 335//501
f 340//502 297//502 317//502
f 340//503 317//503 323//503
f 340//504 323//504 337//504
f 280//505 281//505 283//505
f 280//506 283//506 285//506
f 277//507 280//507 285//507
f 345//508 342//508 343//508
f 274//509 276//509 277//509
f 349//510 345//510 347//510
f 269//511 271//511 274//511
f 269//512 289//512 297//512
f 269//513 285//513 289//513
f 269//514 297//514 340//514
f 269//515 340//515 342//515
f 269//516 277//516 285//516
f 269//517 274//517 277//517
f 353//518 345//518 349//518
f 353//519 269//519 342//519
f 353//520 342//520 345//520
f 353//521 349//521 352//521
f 264//522 265//522 267//522
f 359//523 355//523 357//523
f 261//524 264//524 267//524
f 362//525 353//525 355//525
f 362//526 355//526 359//526
f 366//527 362//527 363//527
f 253//528 256//528 258//528
f 253//529 258//529 259//529
f 253//530 259//530 261//530
f 371//531 366//531 368//531
f 371//532 368//532 369//532
f 250//533 253//533 261//533
f 250//534 251//534 253//534
f 247//535 269//535 353//535
f 247//536 261//536 267//536
f 247//537 250//537 261//537
f 247//538 267//538 269//538
f 379//539 375//539 378//539
f 241//540 243//540 245//540
f 382//541 371//541 373//541
f 382//542 373//542 375//542
f 382//543 375//543 379//543
f 238//544 239//544 241//544
f 385//545 382//545 383//545
f 235//546 241//546 245//546
f 235//547 245//547 247//547
f 235//548 238//548 241//548
f 387//549 371//549 382//549
f 387//550 382//550 385//550
f 233//551 235//551 247//551
f 393//552 387//552 389//552
f 393//553 389//553 392//553
f 393//554 366//554 371//554
f 393//555 371//555 387//555
f 227//556 229//556 231//556
f 227//557 231//557 233//557
f 225//558 233//558 247//558
f 225//559 227//559 233//559
f 399//560 393//560 395//560
f 399//561 395//561 397//561
f 219//562 222//562 223//562
f 219//563 223//563 225//563
f 403//564 399//564 402//564
f 217//565 219//565 225//565
f 217//566 353//566 362//566
f 217//567 362//567 366//567
f 217//568 247//568 353//568
f 217//569 225//569 247//569
f 154//570 393//570 399//570
f 154//571 399//571 403//571
f 158//572 154//572 153//572
f 158//573 393//573 154//573
f 161//574 158//574 160//574
f 205//575 208//575 209//575
f 205//576 209//576 211//576
f 205//577 211//577 213//577
f 205//578 213//578 215//578
f 205//579 215//579 217//579
f 165//580 161//580 164//580
f 168//581 161//581 165//581
f 201//582 217//582 366//582
f 201//583 203//583 205//583
f 201//584 205//584 217//584
f 199//585 201//585 366//585
f 173//586 168//586 169//586
f 173//587 169//587 171//587
f 173//588 161//588 168//588
f 173//589 158//589 161//589
f 178//590 173//590 175//590
f 189//591 192//591 194//591
f 189//592 194//592 196//592
f 189//593 196//593 197//593
f 189//594 197//594 199//594
f 182//595 178//595 179//595
f 183//596 393//596 158//596
f 183//597 199//597 366//597
f 183//598 189//598 199//598
f 183//599 158//599 173//599
f 183//600 173//600 178//600
f 183//601 178//601 182//601
f 183//602 366//602 393//602
f 185//603 188//603 189//603
f 185//604 189//604 183//604
f 312//605 315//605 313//605
f 308//606 306//606 310//606
f 310//607 306//607 312//607
f 312//608 318//608 315//608
f 306//609 318//609 312//609
f 304//610 301//610 306//610
f 318//611 322//611 320//611
f 318//612 324//612 322//612
f 306//613 298//613 318//613
f 301//614 298//614 306//614
f 300//615 298//615 301//615
f 324//616 328//616 325//616
f 324//617 330//617 328//617
f 294//618 292//618 296//618
f 296//619 292//619 298//619
f 292//620 290//620 298//620
f 330//621 333//621 332//621
f 324//622 336//622 330//622
f 330//623 336//623 333//623
f 287//624 286//624 290//624
f 324//625 338//625 336//625
f 298//626 339//626 318//626
f 318//627 339//627 324//627
f 324//628 339//628 338//628
f 282//629 279//629 284//629
f 284//630 279//630 286//630
f 279//631 278//631 286//631
f 341//632 346//632 344//632
f 275//633 273//633 278//633
f 346//634 350//634 348//634
f 272//635 270//635 273//635
f 290//636 270//636 298//636
f 286//637 270//637 290//637
f 298//638 270//638 339//638
f 339//639 270//639 341//639
f 278//640 270//640 286//640
f 273//641 270//641 278//641
f 346//642 354//642 350//642
f 270//643 354//643 341//643
f 341//644 354//644 346//644
f 350//645 354//645 351//645
f 266//646 263//646 268//646
f 356//647 360//647 358//647
f 263//648 262//648 268//648
f 354//649 361//649 356//649
f 356//650 361//650 360//650
f 361//651 365//651 364//651
f 255//652 254//652 257//652
f 257//653 254//653 260//653
f 260//654 254//654 262//654
f 365//655 372//655 367//655
f 367//656 372//656 370//656
f 254//657 249//657 262//657
f 252//658 249//658 254//658
f 270//659 248//659 354//659
f 262//660 248//660 268//660
f 249//661 248//661 262//661
f 268//662 248//662 270//662
f 376//663 380//663 377//663
f 244//664 242//664 246//664
f 372//665 381//665 374//665
f 374//666 381//666 376//666
f 376//667 381//667 380//667
f 240//668 237//668 242//668
f 381//669 386//669 384//669
f 242//670 236//670 246//670
f 246//671 236//671 248//671
f 237//672 236//672 242//672
f 372//673 388//673 381//673
f 381//674 388//674 386//674
f 236//675 234//675 248//675
f 388//676 394//676 390//676
f 390//677 394//677 391//677
f 365//678 394//678 372//678
f 372//679 394//679 388//679
f 230//680 228//680 232//680
f 232//681 228//681 234//681
f 234//682 226//682 248//682
f 228//683 226//683 234//683
f 394//684 400//684 396//684
f 396//685 400//685 398//685
f 221//686 220//686 224//686
f 224//687 220//687 226//687
f 400//688 404//688 401//688
f 220//689 218//689 226//689
f 354//690 218//690 361//690
f 361//691 218//691 365//691
f 248//692 218//692 354//692
f 226//693 218//693 248//693
f 394//694 155//694 400//694
f 400//695 155//695 404//695
f 155//696 157//696 156//696
f 394//697 157//697 155//697
f 157//698 162//698 159//698
f 207//699 206//699 210//699
f 210//700 206//700 212//700
f 212//701 206//701 214//701
f 214//702 206//702 216//702
f 216//703 206//703 218//703
f 162//704 166//704 163//704
f 162//705 167//705 166//705
f 218//706 202//706 365//706
f 204//707 202//707 206//707
f 206//708 202//708 218//708
f 202//709 200//709 365//709
f 167//710 174//710 170//710
f 170//711 174//711 172//711
f 162//712 174//712 167//712
f 157//713 174//713 162//713
f 174//714 177//714 176//714
f 191//715 190//715 193//715
f 193//716 190//716 195//716
f 195//717 190//717 198//717
f 198//718 190//718 200//718
f 177//719 181//719 180//719
f 394//720 184//720 157//720
f 200//721 184//721 365//721
f 190//722 184//722 200//722
f 157//723 184//723 174//723
f 174//724 184//724 177//724
f 177//725 184//725 181//725
f 365//726 184//726 394//726
f 187//727 186//727 190//727
f 190//728 186//728 184//728
g \u4e3b\u536b\xb7\u5750\u4fbf\u5668\xb7\u7f13\u964d\u76d6\u677f
f 405//729 406//729 407//729
f 407//730 406//730 408//730
f 409//731 410//731 411//731
f 409//732 411//732 412//732
f 410//733 409//733 405//733
f 405//734 409//734 406//734
f 412//735 411//735 407//735
f 412//736 407//736 408//736
f 407//737 410//737 405//737
f 407//738 411//738 410//738
f 409//739 408//739 406//739
f 412//740 408//740 409//740
g \u6b21\u536b\xb7\u5750\u4fbf\u5668\xb7\u4e00\u4f53\u6c34\u7bb1
f 413//741 414//741 415//741
f 413//742 416//742 414//742
f 417//743 418//743 419//743
f 420//744 418//744 417//744
f 418//745 416//745 413//745
f 418//746 420//746 416//746
f 414//747 419//747 415//747
f 417//748 419//748 414//748
f 413//749 415//749 418//749
f 415//750 419//750 418//750
f 414//751 416//751 420//751
f 417//752 414//752 420//752
g \u6b21\u536b\xb7\u5750\u4fbf\u5668\xb7\u76c6\u4f53
f 421//753 422//753 423//753
f 423//754 422//754 424//754
f 425//755 426//755 427//755
f 425//756 427//756 428//756
f 421//757 426//757 422//757
f 426//758 425//758 422//758
f 427//759 423//759 424//759
f 428//760 427//760 424//760
f 423//761 427//761 421//761
f 421//762 427//762 426//762
f 428//763 424//763 422//763
f 428//764 422//764 425//764
g \u6b21\u536b\xb7\u5750\u4fbf\u5668\xb7\u76c6\u4f53\u524d\u5f27
f 429//765 430//765 431//765
f 429//766 431//766 432//766
f 429//767 432//767 433//767
f 434//768 433//768 435//768
f 434//769 429//769 433//769
f 436//770 434//770 435//770
f 437//771 435//771 438//771
f 437//772 438//772 439//772
f 437//773 436//773 435//773
f 440//774 437//774 439//774
f 441//775 439//775 442//775
f 441//776 442//776 443//776
f 441//777 440//777 439//777
f 444//778 441//778 443//778
f 445//779 443//779 446//779
f 445//780 444//780 443//780
f 447//781 446//781 448//781
f 447//782 445//782 446//782
f 449//783 448//783 450//783
f 449//784 447//784 448//784
f 451//785 450//785 452//785
f 451//786 452//786 453//786
f 451//787 449//787 450//787
f 454//788 451//788 453//788
f 455//789 454//789 453//789
f 455//790 453//790 456//790
f 455//791 456//791 457//791
f 458//792 455//792 457//792
f 459//793 458//793 457//793
f 459//794 457//794 460//794
f 461//795 459//795 460//795
f 461//796 460//796 462//796
f 461//797 462//797 463//797
f 464//798 461//798 463//798
f 465//799 464//799 463//799
f 465//800 463//800 466//800
f 465//801 466//801 467//801
f 468//802 465//802 467//802
f 468//803 467//803 469//803
f 470//804 468//804 469//804
f 470//805 469//805 471//805
f 472//806 470//806 471//806
f 473//807 472//807 471//807
f 473//808 471//808 474//808
f 475//809 474//809 476//809
f 475//810 473//810 474//810
f 477//811 476//811 478//811
f 477//812 475//812 476//812
f 479//813 478//813 480//813
f 479//814 477//814 478//814
f 481//815 480//815 482//815
f 481//816 482//816 483//816
f 481//817 479//817 480//817
f 484//818 481//818 483//818
f 485//819 483//819 486//819
f 485//820 484//820 483//820
f 487//821 486//821 488//821
f 487//822 485//822 486//822
f 489//823 488//823 490//823
f 489//824 487//824 488//824
f 491//825 490//825 492//825
f 491//826 489//826 490//826
f 493//827 492//827 494//827
f 493//828 491//828 492//828
f 495//829 494//829 496//829
f 495//830 496//830 497//830
f 495//831 493//831 494//831
f 498//832 495//832 497//832
f 499//833 497//833 500//833
f 499//834 498//834 497//834
f 501//835 500//835 502//835
f 501//836 499//836 500//836
f 503//837 501//837 502//837
f 503//838 502//838 504//838
f 505//839 503//839 504//839
f 505//840 504//840 506//840
f 507//841 505//841 506//841
f 507//842 506//842 508//842
f 509//843 507//843 508//843
f 509//844 508//844 510//844
f 511//845 509//845 510//845
f 511//846 510//846 512//846
f 511//847 512//847 513//847
f 514//848 511//848 513//848
f 515//849 514//849 513//849
f 515//850 513//850 516//850
f 517//851 515//851 516//851
f 517//852 516//852 518//852
f 519//853 517//853 518//853
f 519//854 518//854 520//854
f 521//855 519//855 520//855
f 521//856 520//856 522//856
f 523//857 521//857 522//857
f 523//858 522//858 524//858
f 523//859 524//859 525//859
f 526//860 523//860 525//860
f 527//861 526//861 525//861
f 527//862 525//862 528//862
f 529//863 527//863 528//863
f 529//864 528//864 530//864
f 529//865 530//865 531//865
f 532//866 529//866 531//866
f 532//867 531//867 533//867
f 534//868 532//868 533//868
f 535//869 534//869 533//869
f 535//870 533//870 536//870
f 537//871 535//871 536//871
f 537//872 536//872 538//872
f 537//873 538//873 539//873
f 540//874 537//874 539//874
f 541//875 540//875 539//875
f 541//876 539//876 542//876
f 543//877 542//877 544//877
f 543//878 541//878 542//878
f 545//879 544//879 546//879
f 545//880 543//880 544//880
f 547//881 546//881 548//881
f 547//882 548//882 549//882
f 547//883 545//883 546//883
f 550//884 549//884 551//884
f 550//885 547//885 549//885
f 552//886 550//886 551//886
f 553//887 552//887 551//887
f 553//888 551//888 554//888
f 553//889 554//889 555//889
f 556//890 553//890 555//890
f 557//891 556//891 555//891
f 557//892 555//892 558//892
f 559//893 557//893 558//893
f 559//894 558//894 560//894
f 561//895 559//895 560//895
f 561//896 560//896 562//896
f 561//897 562//897 563//897
f 564//898 561//898 563//898
f 565//899 564//899 563//899
f 565//900 563//900 566//900
f 567//901 565//901 566//901
f 567//902 566//902 568//902
f 569//903 567//903 568//903
f 569//904 568//904 570//904
f 571//905 569//905 570//905
f 571//906 570//906 572//906
f 573//907 571//907 572//907
f 573//908 572//908 574//908
f 575//909 573//909 574//909
f 575//910 574//910 576//910
f 575//911 576//911 577//911
f 578//912 575//912 577//912
f 579//913 577//913 580//913
f 579//914 578//914 577//914
f 581//915 580//915 582//915
f 581//916 579//916 580//916
f 583//917 582//917 584//917
f 583//918 581//918 582//918
f 585//919 584//919 586//919
f 585//920 583//920 584//920
f 587//921 586//921 588//921
f 587//922 588//922 589//922
f 587//923 585//923 586//923
f 590//924 589//924 591//924
f 590//925 587//925 589//925
f 592//926 590//926 591//926
f 593//927 591//927 594//927
f 593//928 592//928 591//928
f 595//929 594//929 596//929
f 595//930 593//930 594//930
f 597//931 596//931 598//931
f 597//932 595//932 596//932
f 599//933 598//933 600//933
f 599//934 600//934 601//934
f 599//935 597//935 598//935
f 602//936 599//936 601//936
f 603//937 602//937 601//937
f 603//938 601//938 604//938
f 605//939 603//939 604//939
f 605//940 604//940 606//940
f 607//941 605//941 606//941
f 607//942 606//942 608//942
f 607//943 608//943 609//943
f 610//944 607//944 609//944
f 611//945 609//945 612//945
f 611//946 610//946 609//946
f 613//947 611//947 612//947
f 613//948 612//948 614//948
f 613//949 614//949 615//949
f 616//950 615//950 617//950
f 616//951 613//951 615//951
f 618//952 616//952 617//952
f 619//953 617//953 620//953
f 619//954 618//954 617//954
f 621//955 620//955 622//955
f 621//956 619//956 620//956
f 623//957 622//957 624//957
f 623//958 621//958 622//958
f 625//959 624//959 626//959
f 625//960 626//960 627//960
f 625//961 623//961 624//961
f 628//962 625//962 627//962
f 629//963 627//963 630//963
f 629//964 628//964 627//964
f 631//965 630//965 632//965
f 631//966 629//966 630//966
f 633//967 632//967 634//967
f 633//968 631//968 632//968
f 635//969 634//969 636//969
f 635//970 636//970 637//970
f 635//971 633//971 634//971
f 638//972 635//972 637//972
f 639//973 637//973 640//973
f 639//974 640//974 641//974
f 639//975 638//975 637//975
f 642//976 641//976 643//976
f 642//977 639//977 641//977
f 644//978 642//978 643//978
f 645//979 643//979 646//979
f 645//980 644//980 643//980
f 647//981 646//981 648//981
f 647//982 645//982 646//982
f 649//983 648//983 650//983
f 649//984 647//984 648//984
f 651//985 650//985 652//985
f 651//986 652//986 653//986
f 651//987 649//987 650//987
f 654//988 651//988 653//988
f 655//989 654//989 653//989
f 655//990 653//990 656//990
f 655//991 656//991 657//991
f 658//992 655//992 657//992
f 659//993 658//993 657//993
f 659//994 657//994 660//994
f 661//995 659//995 660//995
f 661//996 660//996 662//996
f 663//997 661//997 662//997
f 663//998 662//998 664//998
f 665//999 663//999 664//999
f 665//1000 664//1000 666//1000
f 665//1001 666//1001 667//1001
f 668//1002 665//1002 667//1002
f 669//1003 668//1003 667//1003
f 669//1004 667//1004 670//1004
f 671//1005 669//1005 670//1005
f 671//1006 670//1006 672//1006
f 673//1007 671//1007 672//1007
f 673//1008 672//1008 674//1008
f 675//1009 673//1009 674//1009
f 675//1010 674//1010 676//1010
f 675//1011 676//1011 677//1011
f 678//1012 675//1012 677//1012
f 679//1013 678//1013 677//1013
f 679//1014 677//1014 680//1014
f 430//1015 680//1015 431//1015
f 430//1016 679//1016 680//1016
f 592//1017 587//1017 590//1017
f 581//1018 583//1018 585//1018
f 593//1019 587//1019 592//1019
f 593//1020 585//1020 587//1020
f 578//1021 579//1021 581//1021
f 597//1022 593//1022 595//1022
f 599//1023 593//1023 597//1023
f 573//1024 581//1024 585//1024
f 573//1025 585//1025 593//1025
f 573//1026 578//1026 581//1026
f 573//1027 575//1027 578//1027
f 603//1028 599//1028 602//1028
f 605//1029 593//1029 599//1029
f 605//1030 599//1030 603//1030
f 567//1031 569//1031 571//1031
f 567//1032 571//1032 573//1032
f 565//1033 567//1033 573//1033
f 610//1034 605//1034 607//1034
f 613//1035 593//1035 605//1035
f 613//1036 605//1036 610//1036
f 613//1037 610//1037 611//1037
f 618//1038 613//1038 616//1038
f 556//1039 557//1039 559//1039
f 556//1040 559//1040 561//1040
f 553//1041 561//1041 564//1041
f 553//1042 556//1042 561//1042
f 553//1043 564//1043 565//1043
f 553//1044 565//1044 573//1044
f 550//1045 552//1045 553//1045
f 545//1046 547//1046 550//1046
f 545//1047 550//1047 553//1047
f 545//1048 553//1048 573//1048
f 629//1049 625//1049 628//1049
f 631//1050 625//1050 629//1050
f 541//1051 545//1051 573//1051
f 541//1052 573//1052 593//1052
f 541//1053 543//1053 545//1053
f 541//1054 593//1054 613//1054
f 541//1055 613//1055 618//1055
f 537//1056 540//1056 541//1056
f 537//1057 541//1057 618//1057
f 639//1058 631//1058 633//1058
f 639//1059 633//1059 635//1059
f 639//1060 635//1060 638//1060
f 642//1061 631//1061 639//1061
f 527//1062 529//1062 532//1062
f 526//1063 527//1063 532//1063
f 526//1064 532//1064 534//1064
f 526//1065 534//1065 535//1065
f 526//1066 535//1066 537//1066
f 523//1067 537//1067 618//1067
f 523//1068 526//1068 537//1068
f 651//1069 642//1069 644//1069
f 651//1070 644//1070 645//1070
f 651//1071 645//1071 647//1071
f 651//1072 647//1072 649//1072
f 521//1073 523//1073 618//1073
f 521//1074 618//1074 619//1074
f 521//1075 619//1075 621//1075
f 521//1076 621//1076 623//1076
f 521//1077 623//1077 625//1077
f 654//1078 642//1078 651//1078
f 663//1079 659//1079 661//1079
f 509//1080 511//1080 514//1080
f 509//1081 514//1081 515//1081
f 509//1082 515//1082 517//1082
f 509//1083 517//1083 519//1083
f 509//1084 519//1084 521//1084
f 665//1085 654//1085 655//1085
f 665//1086 655//1086 658//1086
f 665//1087 658//1087 659//1087
f 665//1088 642//1088 654//1088
f 665//1089 659//1089 663//1089
f 668//1090 642//1090 665//1090
f 503//1091 505//1091 507//1091
f 503//1092 507//1092 509//1092
f 501//1093 521//1093 625//1093
f 501//1094 509//1094 521//1094
f 501//1095 503//1095 509//1095
f 673//1096 669//1096 671//1096
f 498//1097 499//1097 501//1097
f 678//1098 673//1098 675//1098
f 495//1099 498//1099 501//1099
f 430//1100 673//1100 678//1100
f 430//1101 678//1101 679//1101
f 491//1102 493//1102 495//1102
f 489//1103 491//1103 495//1103
f 489//1104 495//1104 501//1104
f 437//1105 429//1105 434//1105
f 437//1106 434//1106 436//1106
f 484//1107 485//1107 487//1107
f 441//1108 437//1108 440//1108
f 477//1109 625//1109 631//1109
f 477//1110 489//1110 501//1110
f 477//1111 479//1111 481//1111
f 477//1112 481//1112 484//1112
f 477//1113 487//1113 489//1113
f 477//1114 631//1114 642//1114
f 477//1115 484//1115 487//1115
f 477//1116 501//1116 625//1116
f 475//1117 477//1117 642//1117
f 451//1118 441//1118 444//1118
f 451//1119 444//1119 445//1119
f 451//1120 445//1120 447//1120
f 451//1121 447//1121 449//1121
f 470//1122 472//1122 473//1122
f 470//1123 473//1123 475//1123
f 454//1124 437//1124 441//1124
f 454//1125 441//1125 451//1125
f 465//1126 468//1126 470//1126
f 465//1127 470//1127 475//1127
f 458//1128 454//1128 455//1128
f 459//1129 430//1129 429//1129
f 459//1130 668//1130 669//1130
f 459//1131 475//1131 642//1131
f 459//1132 429//1132 437//1132
f 459//1133 437//1133 454//1133
f 459//1134 454//1134 458//1134
f 459//1135 673//1135 430//1135
f 459//1136 642//1136 668//1136
f 459//1137 669//1137 673//1137
f 461//1138 475//1138 459//1138
f 461//1139 464//1139 465//1139
f 461//1140 465//1140 475//1140
f 588//1141 591//1141 589//1141
f 584//1142 582//1142 586//1142
f 588//1143 594//1143 591//1143
f 586//1144 594//1144 588//1144
f 580//1145 577//1145 582//1145
f 594//1146 598//1146 596//1146
f 594//1147 600//1147 598//1147
f 582//1148 574//1148 586//1148
f 586//1149 574//1149 594//1149
f 577//1150 574//1150 582//1150
f 576//1151 574//1151 577//1151
f 600//1152 604//1152 601//1152
f 594//1153 606//1153 600//1153
f 600//1154 606//1154 604//1154
f 570//1155 568//1155 572//1155
f 572//1156 568//1156 574//1156
f 568//1157 566//1157 574//1157
f 606//1158 609//1158 608//1158
f 594//1159 614//1159 606//1159
f 606//1160 614//1160 609//1160
f 609//1161 614//1161 612//1161
f 614//1162 617//1162 615//1162
f 558//1163 555//1163 560//1163
f 560//1164 555//1164 562//1164
f 562//1165 554//1165 563//1165
f 555//1166 554//1166 562//1166
f 563//1167 554//1167 566//1167
f 566//1168 554//1168 574//1168
f 551//1169 549//1169 554//1169
f 548//1170 546//1170 549//1170
f 549//1171 546//1171 554//1171
f 554//1172 546//1172 574//1172
f 626//1173 630//1173 627//1173
f 626//1174 632//1174 630//1174
f 546//1175 542//1175 574//1175
f 574//1176 542//1176 594//1176
f 544//1177 542//1177 546//1177
f 594//1178 542//1178 614//1178
f 614//1179 542//1179 617//1179
f 539//1180 538//1180 542//1180
f 542//1181 538//1181 617//1181
f 632//1182 640//1182 634//1182
f 634//1183 640//1183 636//1183
f 636//1184 640//1184 637//1184
f 632//1185 641//1185 640//1185
f 530//1186 528//1186 531//1186
f 528//1187 525//1187 531//1187
f 531//1188 525//1188 533//1188
f 533//1189 525//1189 536//1189
f 536//1190 525//1190 538//1190
f 538//1191 524//1191 617//1191
f 525//1192 524//1192 538//1192
f 641//1193 652//1193 643//1193
f 643//1194 652//1194 646//1194
f 646//1195 652//1195 648//1195
f 648//1196 652//1196 650//1196
f 524//1197 522//1197 617//1197
f 617//1198 522//1198 620//1198
f 620//1199 522//1199 622//1199
f 622//1200 522//1200 624//1200
f 624//1201 522//1201 626//1201
f 641//1202 653//1202 652//1202
f 660//1203 664//1203 662//1203
f 512//1204 510//1204 513//1204
f 513//1205 510//1205 516//1205
f 516//1206 510//1206 518//1206
f 518//1207 510//1207 520//1207
f 520//1208 510//1208 522//1208
f 653//1209 666//1209 656//1209
f 656//1210 666//1210 657//1210
f 657//1211 666//1211 660//1211
f 641//1212 666//1212 653//1212
f 660//1213 666//1213 664//1213
f 641//1214 667//1214 666//1214
f 506//1215 504//1215 508//1215
f 508//1216 504//1216 510//1216
f 522//1217 502//1217 626//1217
f 510//1218 502//1218 522//1218
f 504//1219 502//1219 510//1219
f 670//1220 674//1220 672//1220
f 500//1221 497//1221 502//1221
f 674//1222 677//1222 676//1222
f 497//1223 496//1223 502//1223
f 674//1224 431//1224 677//1224
f 677//1225 431//1225 680//1225
f 494//1226 492//1226 496//1226
f 492//1227 490//1227 496//1227
f 496//1228 490//1228 502//1228
f 432//1229 438//1229 433//1229
f 433//1230 438//1230 435//1230
f 486//1231 483//1231 488//1231
f 438//1232 442//1232 439//1232
f 626//1233 478//1233 632//1233
f 490//1234 478//1234 502//1234
f 480//1235 478//1235 482//1235
f 482//1236 478//1236 483//1236
f 488//1237 478//1237 490//1237
f 632//1238 478//1238 641//1238
f 483//1239 478//1239 488//1239
f 502//1240 478//1240 626//1240
f 478//1241 476//1241 641//1241
f 442//1242 452//1242 443//1242
f 443//1243 452//1243 446//1243
f 446//1244 452//1244 448//1244
f 448//1245 452//1245 450//1245
f 471//1246 469//1246 474//1246
f 474//1247 469//1247 476//1247
f 438//1248 453//1248 442//1248
f 442//1249 453//1249 452//1249
f 467//1250 466//1250 469//1250
f 469//1251 466//1251 476//1251
f 453//1252 457//1252 456//1252
f 431//1253 460//1253 432//1253
f 667//1254 460//1254 670//1254
f 476//1255 460//1255 641//1255
f 432//1256 460//1256 438//1256
f 438//1257 460//1257 453//1257
f 453//1258 460//1258 457//1258
f 674//1259 460//1259 431//1259
f 641//1260 460//1260 667//1260
f 670//1261 460//1261 674//1261
f 476//1262 462//1262 460//1262
f 463//1263 462//1263 466//1263
f 466//1264 462//1264 476//1264
g \u6b21\u536b\xb7\u5750\u4fbf\u5668\xb7\u7f13\u964d\u76d6\u677f
f 681//1265 682//1265 683//1265
f 683//1266 682//1266 684//1266
f 685//1267 686//1267 687//1267
f 685//1268 687//1268 688//1268
f 686//1269 685//1269 681//1269
f 681//1270 685//1270 682//1270
f 688//1271 687//1271 683//1271
f 688//1272 683//1272 684//1272
f 683//1273 687//1273 681//1273
f 681//1274 687//1274 686//1274
f 688//1275 684//1275 682//1275
f 688//1276 682//1276 685//1276
g \u4e3b\u536b\xb7\u53f0\u76c6\xb7\u67dc\u4f53
f 689//1277 690//1277 691//1277
f 689//1278 692//1278 690//1278
f 693//1279 694//1279 695//1279
f 696//1280 694//1280 693//1280
f 694//1281 696//1281 689//1281
f 689//1282 696//1282 692//1282
f 693//1283 695//1283 691//1283
f 693//1284 691//1284 690//1284
f 689//1285 691//1285 694//1285
f 691//1286 695//1286 694//1286
f 690//1287 692//1287 696//1287
f 693//1288 690//1288 696//1288
g \u4e3b\u536b\xb7\u53f0\u76c6\xb7\u76c6\u4f53
f 697//1289 698//1289 699//1289
f 699//1290 698//1290 700//1290
f 701//1291 702//1291 703//1291
f 701//1292 703//1292 704//1292
f 702//1293 701//1293 697//1293
f 697//1294 701//1294 698//1294
f 704//1295 703//1295 699//1295
f 704//1296 699//1296 700//1296
f 697//1297 699//1297 702//1297
f 699//1298 703//1298 702//1298
f 700//1299 698//1299 701//1299
f 704//1300 700//1300 701//1300
g \u4e3b\u536b\xb7\u53f0\u76c6\xb7\u9f99\u5934
f 705//1301 706//1301 707//1301
f 705//1302 707//1302 708//1302
f 709//1303 708//1303 710//1303
f 709//1304 710//1304 711//1304
f 709//1305 705//1305 708//1305
f 712//1306 711//1306 713//1306
f 712//1307 709//1307 711//1307
f 714//1308 712//1308 713//1308
f 715//1309 713//1309 716//1309
f 715//1310 716//1310 717//1310
f 715//1311 714//1311 713//1311
f 718//1312 717//1312 719//1312
f 718//1313 715//1313 717//1313
f 720//1314 718//1314 719//1314
f 721//1315 719//1315 722//1315
f 721//1316 720//1316 719//1316
f 723//1317 722//1317 724//1317
f 723//1318 721//1318 722//1318
f 725//1319 724//1319 726//1319
f 725//1320 723//1320 724//1320
f 727//1321 725//1321 726//1321
f 727//1322 726//1322 728//1322
f 729//1323 727//1323 728//1323
f 729//1324 728//1324 730//1324
f 731//1325 729//1325 730//1325
f 731//1326 730//1326 732//1326
f 733//1327 731//1327 732//1327
f 733//1328 732//1328 734//1328
f 733//1329 734//1329 735//1329
f 736//1330 733//1330 735//1330
f 737//1331 736//1331 735//1331
f 737//1332 735//1332 738//1332
f 737//1333 738//1333 739//1333
f 740//1334 737//1334 739//1334
f 741//1335 740//1335 739//1335
f 741//1336 739//1336 742//1336
f 743//1337 741//1337 742//1337
f 743//1338 742//1338 744//1338
f 745//1339 743//1339 744//1339
f 745//1340 744//1340 746//1340
f 747//1341 745//1341 746//1341
f 747//1342 746//1342 748//1342
f 749//1343 747//1343 748//1343
f 749//1344 748//1344 750//1344
f 751//1345 750//1345 752//1345
f 751//1346 749//1346 750//1346
f 751//1347 752//1347 753//1347
f 754//1348 751//1348 753//1348
f 755//1349 753//1349 756//1349
f 755//1350 754//1350 753//1350
f 757//1351 756//1351 758//1351
f 757//1352 758//1352 759//1352
f 757//1353 755//1353 756//1353
f 760//1354 759//1354 761//1354
f 760//1355 757//1355 759//1355
f 762//1356 760//1356 761//1356
f 763//1357 761//1357 764//1357
f 763//1358 762//1358 761//1358
f 765//1359 764//1359 766//1359
f 765//1360 763//1360 764//1360
f 767//1361 766//1361 768//1361
f 767//1362 765//1362 766//1362
f 769//1363 768//1363 770//1363
f 769//1364 770//1364 771//1364
f 769//1365 767//1365 768//1365
f 772//1366 771//1366 773//1366
f 772//1367 769//1367 771//1367
f 774//1368 772//1368 773//1368
f 775//1369 773//1369 776//1369
f 775//1370 774//1370 773//1370
f 777//1371 776//1371 778//1371
f 777//1372 775//1372 776//1372
f 779//1373 777//1373 778//1373
f 779//1374 778//1374 780//1374
f 781//1375 779//1375 780//1375
f 781//1376 780//1376 782//1376
f 781//1377 782//1377 783//1377
f 784//1378 781//1378 783//1378
f 785//1379 784//1379 783//1379
f 785//1380 783//1380 786//1380
f 785//1381 786//1381 787//1381
f 788//1382 785//1382 787//1382
f 789//1383 788//1383 787//1383
f 789//1384 787//1384 790//1384
f 791//1385 789//1385 790//1385
f 791//1386 790//1386 792//1386
f 793//1387 791//1387 792//1387
f 793//1388 792//1388 794//1388
f 795//1389 793//1389 794//1389
f 795//1390 794//1390 796//1390
f 797//1391 795//1391 796//1391
f 797//1392 796//1392 798//1392
f 799//1393 797//1393 798//1393
f 799//1394 798//1394 800//1394
f 801//1395 799//1395 800//1395
f 801//1396 800//1396 802//1396
f 801//1397 802//1397 803//1397
f 804//1398 801//1398 803//1398
f 805//1399 804//1399 803//1399
f 805//1400 803//1400 806//1400
f 807//1401 805//1401 806//1401
f 807//1402 806//1402 808//1402
f 807//1403 808//1403 809//1403
f 810//1404 807//1404 809//1404
f 811//1405 810//1405 809//1405
f 811//1406 809//1406 812//1406
f 813//1407 811//1407 812//1407
f 813//1408 812//1408 814//1408
f 813//1409 814//1409 815//1409
f 816//1410 813//1410 815//1410
f 817//1411 816//1411 815//1411
f 817//1412 815//1412 818//1412
f 819//1413 817//1413 818//1413
f 819//1414 818//1414 820//1414
f 821//1415 820//1415 822//1415
f 821//1416 819//1416 820//1416
f 821//1417 822//1417 823//1417
f 824//1418 823//1418 825//1418
f 824//1419 821//1419 823//1419
f 826//1420 824//1420 825//1420
f 827//1421 825//1421 828//1421
f 827//1422 826//1422 825//1422
f 829//1423 827//1423 828//1423
f 829//1424 828//1424 830//1424
f 831//1425 829//1425 830//1425
f 831//1426 830//1426 832//1426
f 833//1427 831//1427 832//1427
f 833//1428 832//1428 834//1428
f 833//1429 834//1429 835//1429
f 836//1430 833//1430 835//1430
f 837//1431 836//1431 835//1431
f 837//1432 835//1432 838//1432
f 837//1433 838//1433 839//1433
f 840//1434 837//1434 839//1434
f 841//1435 840//1435 839//1435
f 841//1436 839//1436 842//1436
f 841//1437 842//1437 843//1437
f 844//1438 841//1438 843//1438
f 845//1439 844//1439 843//1439
f 845//1440 843//1440 846//1440
f 847//1441 845//1441 846//1441
f 847//1442 846//1442 848//1442
f 849//1443 847//1443 848//1443
f 849//1444 848//1444 850//1444
f 851//1445 849//1445 850//1445
f 851//1446 850//1446 852//1446
f 853//1447 851//1447 852//1447
f 853//1448 852//1448 854//1448
f 855//1449 854//1449 856//1449
f 855//1450 853//1450 854//1450
f 857//1451 856//1451 858//1451
f 857//1452 858//1452 859//1452
f 857//1453 855//1453 856//1453
f 860//1454 857//1454 859//1454
f 861//1455 859//1455 862//1455
f 861//1456 860//1456 859//1456
f 863//1457 862//1457 864//1457
f 863//1458 861//1458 862//1458
f 865//1459 864//1459 866//1459
f 865//1460 863//1460 864//1460
f 867//1461 866//1461 868//1461
f 867//1462 865//1462 866//1462
f 869//1463 868//1463 870//1463
f 869//1464 867//1464 868//1464
f 871//1465 870//1465 872//1465
f 871//1466 869//1466 870//1466
f 873//1467 872//1467 874//1467
f 873//1468 874//1468 875//1468
f 873//1469 871//1469 872//1469
f 876//1470 873//1470 875//1470
f 877//1471 875//1471 878//1471
f 877//1472 876//1472 875//1472
f 879//1473 878//1473 880//1473
f 879//1474 877//1474 878//1474
f 881//1475 879//1475 880//1475
f 881//1476 880//1476 882//1476
f 883//1477 881//1477 882//1477
f 883//1478 882//1478 884//1478
f 885//1479 883//1479 884//1479
f 885//1480 884//1480 886//1480
f 887//1481 885//1481 886//1481
f 887//1482 886//1482 888//1482
f 889//1483 888//1483 890//1483
f 889//1484 890//1484 891//1484
f 889//1485 887//1485 888//1485
f 892//1486 889//1486 891//1486
f 893//1487 891//1487 894//1487
f 893//1488 892//1488 891//1488
f 895//1489 894//1489 896//1489
f 895//1490 893//1490 894//1490
f 897//1491 896//1491 898//1491
f 897//1492 895//1492 896//1492
f 899//1493 898//1493 900//1493
f 899//1494 897//1494 898//1494
f 901//1495 900//1495 902//1495
f 901//1496 902//1496 903//1496
f 901//1497 899//1497 900//1497
f 904//1498 901//1498 903//1498
f 905//1499 903//1499 906//1499
f 905//1500 904//1500 903//1500
f 907//1501 906//1501 908//1501
f 907//1502 905//1502 906//1502
f 909//1503 908//1503 910//1503
f 909//1504 907//1504 908//1504
f 911//1505 910//1505 912//1505
f 911//1506 912//1506 913//1506
f 911//1507 909//1507 910//1507
f 914//1508 911//1508 913//1508
f 915//1509 913//1509 916//1509
f 915//1510 916//1510 917//1510
f 915//1511 914//1511 913//1511
f 918//1512 915//1512 917//1512
f 918//1513 917//1513 919//1513
f 920//1514 919//1514 921//1514
f 920//1515 918//1515 919//1515
f 922//1516 920//1516 921//1516
f 923//1517 921//1517 924//1517
f 923//1518 922//1518 921//1518
f 925//1519 924//1519 926//1519
f 925//1520 923//1520 924//1520
f 927//1521 926//1521 928//1521
f 927//1522 925//1522 926//1522
f 929//1523 927//1523 928//1523
f 929//1524 928//1524 930//1524
f 931//1525 929//1525 930//1525
f 931//1526 930//1526 932//1526
f 933//1527 931//1527 932//1527
f 933//1528 932//1528 934//1528
f 935//1529 933//1529 934//1529
f 935//1530 934//1530 936//1530
f 937//1531 935//1531 936//1531
f 937//1532 936//1532 938//1532
f 939//1533 937//1533 938//1533
f 939//1534 938//1534 940//1534
f 941//1535 939//1535 940//1535
f 941//1536 940//1536 942//1536
f 943//1537 941//1537 942//1537
f 943//1538 942//1538 944//1538
f 945//1539 943//1539 944//1539
f 945//1540 944//1540 946//1540
f 947//1541 945//1541 946//1541
f 947//1542 946//1542 948//1542
f 949//1543 947//1543 948//1543
f 949//1544 948//1544 950//1544
f 951//1545 949//1545 950//1545
f 951//1546 950//1546 952//1546
f 953//1547 952//1547 954//1547
f 953//1548 951//1548 952//1548
f 955//1549 953//1549 954//1549
f 955//1550 954//1550 956//1550
f 706//1551 956//1551 707//1551
f 706//1552 955//1552 956//1552
f 867//1553 863//1553 865//1553
f 857//1554 860//1554 861//1554
f 849//1555 851//1555 853//1555
f 849//1556 853//1556 855//1556
f 849//1557 855//1557 857//1557
f 881//1558 877//1558 879//1558
f 844//1559 845//1559 847//1559
f 844//1560 847//1560 849//1560
f 885//1561 881//1561 883//1561
f 837//1562 840//1562 841//1562
f 831//1563 833//1563 836//1563
f 831//1564 836//1564 837//1564
f 831//1565 837//1565 841//1565
f 827//1566 829//1566 831//1566
f 899//1567 895//1567 897//1567
f 824//1568 826//1568 827//1568
f 824//1569 831//1569 841//1569
f 824//1570 827//1570 831//1570
f 819//1571 821//1571 824//1571
f 819//1572 824//1572 841//1572
f 813//1573 819//1573 841//1573
f 813//1574 844//1574 849//1574
f 813//1575 816//1575 817//1575
f 813//1576 817//1576 819//1576
f 813//1577 841//1577 844//1577
f 810//1578 857//1578 861//1578
f 810//1579 849//1579 857//1579
f 810//1580 811//1580 813//1580
f 810//1581 813//1581 849//1581
f 805//1582 807//1582 810//1582
f 804//1583 805//1583 810//1583
f 923//1584 920//1584 922//1584
f 799//1585 804//1585 810//1585
f 799//1586 801//1586 804//1586
f 799//1587 810//1587 861//1587
f 799//1588 861//1588 863//1588
f 927//1589 923//1589 925//1589
f 797//1590 799//1590 863//1590
f 797//1591 863//1591 867//1591
f 797//1592 867//1592 869//1592
f 797//1593 869//1593 871//1593
f 795//1594 797//1594 871//1594
f 931//1595 927//1595 929//1595
f 793//1596 795//1596 871//1596
f 793//1597 871//1597 873//1597
f 933//1598 927//1598 931//1598
f 935//1599 923//1599 927//1599
f 935//1600 927//1600 933//1600
f 789//1601 791//1601 793//1601
f 937//1602 923//1602 935//1602
f 785//1603 789//1603 793//1603
f 785//1604 793//1604 873//1604
f 785//1605 788//1605 789//1605
f 785//1606 877//1606 881//1606
f 785//1607 873//1607 876//1607
f 785//1608 876//1608 877//1608
f 945//1609 937//1609 939//1609
f 945//1610 939//1610 941//1610
f 945//1611 941//1611 943//1611
f 779//1612 785//1612 881//1612
f 779//1613 781//1613 784//1613
f 779//1614 784//1614 785//1614
f 779//1615 881//1615 885//1615
f 949//1616 945//1616 947//1616
f 949//1617 937//1617 945//1617
f 775//1618 777//1618 779//1618
f 775//1619 779//1619 885//1619
f 775//1620 885//1620 887//1620
f 951//1621 937//1621 949//1621
f 953//1622 937//1622 951//1622
f 772//1623 774//1623 775//1623
f 772//1624 775//1624 887//1624
f 772//1625 887//1625 889//1625
f 769//1626 772//1626 889//1626
f 767//1627 769//1627 889//1627
f 767//1628 889//1628 892//1628
f 767//1629 892//1629 893//1629
f 705//1630 953//1630 955//1630
f 705//1631 955//1631 706//1631
f 705//1632 937//1632 953//1632
f 765//1633 767//1633 893//1633
f 765//1634 893//1634 895//1634
f 763//1635 895//1635 899//1635
f 763//1636 765//1636 895//1636
f 763//1637 899//1637 901//1637
f 712//1638 705//1638 709//1638
f 712//1639 937//1639 705//1639
f 760//1640 762//1640 763//1640
f 715//1641 712//1641 714//1641
f 757//1642 760//1642 763//1642
f 757//1643 763//1643 901//1643
f 757//1644 901//1644 904//1644
f 757//1645 904//1645 905//1645
f 718//1646 937//1646 712//1646
f 718//1647 712//1647 715//1647
f 755//1648 905//1648 907//1648
f 755//1649 757//1649 905//1649
f 751//1650 907//1650 909//1650
f 751//1651 909//1651 911//1651
f 751//1652 911//1652 914//1652
f 751//1653 914//1653 915//1653
f 751//1654 915//1654 918//1654
f 751//1655 918//1655 920//1655
f 751//1656 754//1656 755//1656
f 751//1657 755//1657 907//1657
f 723//1658 718//1658 720//1658
f 723//1659 720//1659 721//1659
f 723//1660 937//1660 718//1660
f 747//1661 749//1661 751//1661
f 745//1662 747//1662 751//1662
f 729//1663 723//1663 725//1663
f 729//1664 725//1664 727//1664
f 729//1665 937//1665 723//1665
f 743//1666 751//1666 920//1666
f 743//1667 920//1667 923//1667
f 743//1668 745//1668 751//1668
f 733//1669 729//1669 731//1669
f 733//1670 937//1670 729//1670
f 740//1671 741//1671 743//1671
f 737//1672 733//1672 736//1672
f 737//1673 743//1673 923//1673
f 737//1674 937//1674 733//1674
f 737//1675 740//1675 743//1675
f 737//1676 923//1676 937//1676
f 864//1677 868//1677 866//1677
f 859//1678 858//1678 862//1678
f 852//1679 850//1679 854//1679
f 854//1680 850//1680 856//1680
f 856//1681 850//1681 858//1681
f 878//1682 882//1682 880//1682
f 846//1683 843//1683 848//1683
f 848//1684 843//1684 850//1684
f 882//1685 886//1685 884//1685
f 839//1686 838//1686 842//1686
f 834//1687 832//1687 835//1687
f 835//1688 832//1688 838//1688
f 838//1689 832//1689 842//1689
f 830//1690 828//1690 832//1690
f 896//1691 900//1691 898//1691
f 825//1692 823//1692 828//1692
f 832//1693 823//1693 842//1693
f 828//1694 823//1694 832//1694
f 822//1695 820//1695 823//1695
f 823//1696 820//1696 842//1696
f 820//1697 814//1697 842//1697
f 843//1698 814//1698 850//1698
f 815//1699 814//1699 818//1699
f 818//1700 814//1700 820//1700
f 842//1701 814//1701 843//1701
f 858//1702 809//1702 862//1702
f 850//1703 809//1703 858//1703
f 812//1704 809//1704 814//1704
f 814//1705 809//1705 850//1705
f 808//1706 806//1706 809//1706
f 806//1707 803//1707 809//1707
f 919//1708 924//1708 921//1708
f 803//1709 800//1709 809//1709
f 802//1710 800//1710 803//1710
f 809//1711 800//1711 862//1711
f 862//1712 800//1712 864//1712
f 924//1713 928//1713 926//1713
f 800//1714 798//1714 864//1714
f 864//1715 798//1715 868//1715
f 868//1716 798//1716 870//1716
f 870//1717 798//1717 872//1717
f 798//1718 796//1718 872//1718
f 928//1719 932//1719 930//1719
f 796//1720 794//1720 872//1720
f 872//1721 794//1721 874//1721
f 928//1722 934//1722 932//1722
f 924//1723 936//1723 928//1723
f 928//1724 936//1724 934//1724
f 792//1725 790//1725 794//1725
f 924//1726 938//1726 936//1726
f 790//1727 786//1727 794//1727
f 794//1728 786//1728 874//1728
f 787//1729 786//1729 790//1729
f 878//1730 786//1730 882//1730
f 874//1731 786//1731 875//1731
f 875//1732 786//1732 878//1732
f 938//1733 946//1733 940//1733
f 940//1734 946//1734 942//1734
f 942//1735 946//1735 944//1735
f 786//1736 780//1736 882//1736
f 782//1737 780//1737 783//1737
f 783//1738 780//1738 786//1738
f 882//1739 780//1739 886//1739
f 946//1740 950//1740 948//1740
f 938//1741 950//1741 946//1741
f 778//1742 776//1742 780//1742
f 780//1743 776//1743 886//1743
f 886//1744 776//1744 888//1744
f 938//1745 952//1745 950//1745
f 938//1746 954//1746 952//1746
f 773//1747 771//1747 776//1747
f 776//1748 771//1748 888//1748
f 888//1749 771//1749 890//1749
f 771//1750 770//1750 890//1750
f 770//1751 768//1751 890//1751
f 890//1752 768//1752 891//1752
f 891//1753 768//1753 894//1753
f 954//1754 708//1754 956//1754
f 956//1755 708//1755 707//1755
f 938//1756 708//1756 954//1756
f 768//1757 766//1757 894//1757
f 894//1758 766//1758 896//1758
f 896//1759 764//1759 900//1759
f 766//1760 764//1760 896//1760
f 900//1761 764//1761 902//1761
f 708//1762 711//1762 710//1762
f 938//1763 711//1763 708//1763
f 761//1764 759//1764 764//1764
f 711//1765 716//1765 713//1765
f 759//1766 758//1766 764//1766
f 764//1767 758//1767 902//1767
f 902//1768 758//1768 903//1768
f 903//1769 758//1769 906//1769
f 938//1770 717//1770 711//1770
f 711//1771 717//1771 716//1771
f 906//1772 756//1772 908//1772
f 758//1773 756//1773 906//1773
f 908//1774 752//1774 910//1774
f 910//1775 752//1775 912//1775
f 912//1776 752//1776 913//1776
f 913//1777 752//1777 916//1777
f 916//1778 752//1778 917//1778
f 917//1779 752//1779 919//1779
f 753//1780 752//1780 756//1780
f 756//1781 752//1781 908//1781
f 717//1782 724//1782 719//1782
f 719//1783 724//1783 722//1783
f 938//1784 724//1784 717//1784
f 750//1785 748//1785 752//1785
f 748//1786 746//1786 752//1786
f 724//1787 730//1787 726//1787
f 726//1788 730//1788 728//1788
f 938//1789 730//1789 724//1789
f 752//1790 744//1790 919//1790
f 919//1791 744//1791 924//1791
f 746//1792 744//1792 752//1792
f 730//1793 734//1793 732//1793
f 938//1794 734//1794 730//1794
f 742//1795 739//1795 744//1795
f 734//1796 738//1796 735//1796
f 744//1797 738//1797 924//1797
f 938//1798 738//1798 734//1798
f 739//1799 738//1799 744//1799
f 924//1800 738//1800 938//1800
g \u6b21\u536b\xb7\u53f0\u76c6\xb7\u67dc\u4f53
f 957//1801 958//1801 959//1801
f 957//1802 960//1802 958//1802
f 961//1803 962//1803 963//1803
f 964//1804 962//1804 961//1804
f 962//1805 964//1805 957//1805
f 957//1806 964//1806 960//1806
f 961//1807 963//1807 959//1807
f 961//1808 959//1808 958//1808
f 957//1809 959//1809 962//1809
f 959//1810 963//1810 962//1810
f 958//1811 960//1811 964//1811
f 961//1812 958//1812 964//1812
g \u6b21\u536b\xb7\u53f0\u76c6\xb7\u76c6\u4f53
f 965//1813 966//1813 967//1813
f 967//1814 966//1814 968//1814
f 969//1815 970//1815 971//1815
f 969//1816 971//1816 972//1816
f 970//1817 969//1817 965//1817
f 965//1818 969//1818 966//1818
f 972//1819 971//1819 967//1819
f 972//1820 967//1820 968//1820
f 965//1821 967//1821 970//1821
f 967//1822 971//1822 970//1822
f 968//1823 966//1823 969//1823
f 972//1824 968//1824 969//1824
g \u6b21\u536b\xb7\u53f0\u76c6\xb7\u9f99\u5934
f 973//1825 974//1825 975//1825
f 973//1826 975//1826 976//1826
f 977//1827 976//1827 978//1827
f 977//1828 978//1828 979//1828
f 977//1829 973//1829 976//1829
f 980//1830 979//1830 981//1830
f 980//1831 977//1831 979//1831
f 982//1832 980//1832 981//1832
f 983//1833 981//1833 984//1833
f 983//1834 984//1834 985//1834
f 983//1835 982//1835 981//1835
f 986//1836 985//1836 987//1836
f 986//1837 983//1837 985//1837
f 988//1838 986//1838 987//1838
f 989//1839 987//1839 990//1839
f 989//1840 988//1840 987//1840
f 991//1841 990//1841 992//1841
f 991//1842 989//1842 990//1842
f 993//1843 992//1843 994//1843
f 993//1844 991//1844 992//1844
f 995//1845 993//1845 994//1845
f 995//1846 994//1846 996//1846
f 997//1847 995//1847 996//1847
f 997//1848 996//1848 998//1848
f 999//1849 997//1849 998//1849
f 999//1850 998//1850 1000//1850
f 1001//1851 999//1851 1000//1851
f 1001//1852 1000//1852 1002//1852
f 1001//1853 1002//1853 1003//1853
f 1004//1854 1001//1854 1003//1854
f 1005//1855 1004//1855 1003//1855
f 1005//1856 1003//1856 1006//1856
f 1005//1857 1006//1857 1007//1857
f 1008//1858 1005//1858 1007//1858
f 1009//1859 1008//1859 1007//1859
f 1009//1860 1007//1860 1010//1860
f 1011//1861 1009//1861 1010//1861
f 1011//1862 1010//1862 1012//1862
f 1013//1863 1011//1863 1012//1863
f 1013//1864 1012//1864 1014//1864
f 1015//1865 1013//1865 1014//1865
f 1015//1866 1014//1866 1016//1866
f 1017//1867 1015//1867 1016//1867
f 1017//1868 1016//1868 1018//1868
f 1019//1869 1018//1869 1020//1869
f 1019//1870 1017//1870 1018//1870
f 1019//1871 1020//1871 1021//1871
f 1022//1872 1019//1872 1021//1872
f 1023//1873 1021//1873 1024//1873
f 1023//1874 1022//1874 1021//1874
f 1025//1875 1024//1875 1026//1875
f 1025//1876 1026//1876 1027//1876
f 1025//1877 1023//1877 1024//1877
f 1028//1878 1027//1878 1029//1878
f 1028//1879 1025//1879 1027//1879
f 1030//1880 1028//1880 1029//1880
f 1031//1881 1029//1881 1032//1881
f 1031//1882 1030//1882 1029//1882
f 1033//1883 1032//1883 1034//1883
f 1033//1884 1031//1884 1032//1884
f 1035//1885 1034//1885 1036//1885
f 1035//1886 1033//1886 1034//1886
f 1037//1887 1036//1887 1038//1887
f 1037//1888 1038//1888 1039//1888
f 1037//1889 1035//1889 1036//1889
f 1040//1890 1039//1890 1041//1890
f 1040//1891 1037//1891 1039//1891
f 1042//1892 1040//1892 1041//1892
f 1043//1893 1041//1893 1044//1893
f 1043//1894 1042//1894 1041//1894
f 1045//1895 1044//1895 1046//1895
f 1045//1896 1043//1896 1044//1896
f 1047//1897 1045//1897 1046//1897
f 1047//1898 1046//1898 1048//1898
f 1049//1899 1047//1899 1048//1899
f 1049//1900 1048//1900 1050//1900
f 1049//1901 1050//1901 1051//1901
f 1052//1902 1049//1902 1051//1902
f 1053//1903 1052//1903 1051//1903
f 1053//1904 1051//1904 1054//1904
f 1053//1905 1054//1905 1055//1905
f 1056//1906 1053//1906 1055//1906
f 1057//1907 1056//1907 1055//1907
f 1057//1908 1055//1908 1058//1908
f 1059//1909 1057//1909 1058//1909
f 1059//1910 1058//1910 1060//1910
f 1061//1911 1059//1911 1060//1911
f 1061//1912 1060//1912 1062//1912
f 1063//1913 1061//1913 1062//1913
f 1063//1914 1062//1914 1064//1914
f 1065//1915 1063//1915 1064//1915
f 1065//1916 1064//1916 1066//1916
f 1067//1917 1065//1917 1066//1917
f 1067//1918 1066//1918 1068//1918
f 1069//1919 1067//1919 1068//1919
f 1069//1920 1068//1920 1070//1920
f 1069//1921 1070//1921 1071//1921
f 1072//1922 1069//1922 1071//1922
f 1073//1923 1072//1923 1071//1923
f 1073//1924 1071//1924 1074//1924
f 1075//1925 1073//1925 1074//1925
f 1075//1926 1074//1926 1076//1926
f 1075//1927 1076//1927 1077//1927
f 1078//1928 1075//1928 1077//1928
f 1079//1929 1078//1929 1077//1929
f 1079//1930 1077//1930 1080//1930
f 1081//1931 1079//1931 1080//1931
f 1081//1932 1080//1932 1082//1932
f 1081//1933 1082//1933 1083//1933
f 1084//1934 1081//1934 1083//1934
f 1085//1935 1084//1935 1083//1935
f 1085//1936 1083//1936 1086//1936
f 1087//1937 1085//1937 1086//1937
f 1087//1938 1086//1938 1088//1938
f 1089//1939 1088//1939 1090//1939
f 1089//1940 1087//1940 1088//1940
f 1089//1941 1090//1941 1091//1941
f 1092//1942 1091//1942 1093//1942
f 1092//1943 1089//1943 1091//1943
f 1094//1944 1092//1944 1093//1944
f 1095//1945 1093//1945 1096//1945
f 1095//1946 1094//1946 1093//1946
f 1097//1947 1095//1947 1096//1947
f 1097//1948 1096//1948 1098//1948
f 1099//1949 1097//1949 1098//1949
f 1099//1950 1098//1950 1100//1950
f 1101//1951 1099//1951 1100//1951
f 1101//1952 1100//1952 1102//1952
f 1101//1953 1102//1953 1103//1953
f 1104//1954 1101//1954 1103//1954
f 1105//1955 1104//1955 1103//1955
f 1105//1956 1103//1956 1106//1956
f 1105//1957 1106//1957 1107//1957
f 1108//1958 1105//1958 1107//1958
f 1109//1959 1108//1959 1107//1959
f 1109//1960 1107//1960 1110//1960
f 1109//1961 1110//1961 1111//1961
f 1112//1962 1109//1962 1111//1962
f 1113//1963 1112//1963 1111//1963
f 1113//1964 1111//1964 1114//1964
f 1115//1965 1113//1965 1114//1965
f 1115//1966 1114//1966 1116//1966
f 1117//1967 1115//1967 1116//1967
f 1117//1968 1116//1968 1118//1968
f 1119//1969 1117//1969 1118//1969
f 1119//1970 1118//1970 1120//1970
f 1121//1971 1119//1971 1120//1971
f 1121//1972 1120//1972 1122//1972
f 1123//1973 1122//1973 1124//1973
f 1123//1974 1121//1974 1122//1974
f 1125//1975 1124//1975 1126//1975
f 1125//1976 1126//1976 1127//1976
f 1125//1977 1123//1977 1124//1977
f 1128//1978 1125//1978 1127//1978
f 1129//1979 1127//1979 1130//1979
f 1129//1980 1128//1980 1127//1980
f 1131//1981 1130//1981 1132//1981
f 1131//1982 1129//1982 1130//1982
f 1133//1983 1132//1983 1134//1983
f 1133//1984 1131//1984 1132//1984
f 1135//1985 1134//1985 1136//1985
f 1135//1986 1133//1986 1134//1986
f 1137//1987 1136//1987 1138//1987
f 1137//1988 1135//1988 1136//1988
f 1139//1989 1138//1989 1140//1989
f 1139//1990 1137//1990 1138//1990
f 1141//1991 1140//1991 1142//1991
f 1141//1992 1142//1992 1143//1992
f 1141//1993 1139//1993 1140//1993
f 1144//1994 1141//1994 1143//1994
f 1145//1995 1143//1995 1146//1995
f 1145//1996 1144//1996 1143//1996
f 1147//1997 1146//1997 1148//1997
f 1147//1998 1145//1998 1146//1998
f 1149//1999 1147//1999 1148//1999
f 1149//2000 1148//2000 1150//2000
f 1151//2001 1149//2001 1150//2001
f 1151//2002 1150//2002 1152//2002
f 1153//2003 1151//2003 1152//2003
f 1153//2004 1152//2004 1154//2004
f 1155//2005 1153//2005 1154//2005
f 1155//2006 1154//2006 1156//2006
f 1157//2007 1156//2007 1158//2007
f 1157//2008 1158//2008 1159//2008
f 1157//2009 1155//2009 1156//2009
f 1160//2010 1157//2010 1159//2010
f 1161//2011 1159//2011 1162//2011
f 1161//2012 1160//2012 1159//2012
f 1163//2013 1162//2013 1164//2013
f 1163//2014 1161//2014 1162//2014
f 1165//2015 1164//2015 1166//2015
f 1165//2016 1163//2016 1164//2016
f 1167//2017 1166//2017 1168//2017
f 1167//2018 1165//2018 1166//2018
f 1169//2019 1168//2019 1170//2019
f 1169//2020 1170//2020 1171//2020
f 1169//2021 1167//2021 1168//2021
f 1172//2022 1169//2022 1171//2022
f 1173//2023 1171//2023 1174//2023
f 1173//2024 1172//2024 1171//2024
f 1175//2025 1174//2025 1176//2025
f 1175//2026 1173//2026 1174//2026
f 1177//2027 1176//2027 1178//2027
f 1177//2028 1175//2028 1176//2028
f 1179//2029 1178//2029 1180//2029
f 1179//2030 1180//2030 1181//2030
f 1179//2031 1177//2031 1178//2031
f 1182//2032 1179//2032 1181//2032
f 1183//2033 1181//2033 1184//2033
f 1183//2034 1184//2034 1185//2034
f 1183//2035 1182//2035 1181//2035
f 1186//2036 1183//2036 1185//2036
f 1186//2037 1185//2037 1187//2037
f 1188//2038 1187//2038 1189//2038
f 1188//2039 1186//2039 1187//2039
f 1190//2040 1188//2040 1189//2040
f 1191//2041 1189//2041 1192//2041
f 1191//2042 1190//2042 1189//2042
f 1193//2043 1192//2043 1194//2043
f 1193//2044 1191//2044 1192//2044
f 1195//2045 1194//2045 1196//2045
f 1195//2046 1193//2046 1194//2046
f 1197//2047 1195//2047 1196//2047
f 1197//2048 1196//2048 1198//2048
f 1199//2049 1197//2049 1198//2049
f 1199//2050 1198//2050 1200//2050
f 1201//2051 1199//2051 1200//2051
f 1201//2052 1200//2052 1202//2052
f 1203//2053 1201//2053 1202//2053
f 1203//2054 1202//2054 1204//2054
f 1205//2055 1203//2055 1204//2055
f 1205//2056 1204//2056 1206//2056
f 1207//2057 1205//2057 1206//2057
f 1207//2058 1206//2058 1208//2058
f 1209//2059 1207//2059 1208//2059
f 1209//2060 1208//2060 1210//2060
f 1211//2061 1209//2061 1210//2061
f 1211//2062 1210//2062 1212//2062
f 1213//2063 1211//2063 1212//2063
f 1213//2064 1212//2064 1214//2064
f 1215//2065 1213//2065 1214//2065
f 1215//2066 1214//2066 1216//2066
f 1217//2067 1215//2067 1216//2067
f 1217//2068 1216//2068 1218//2068
f 1219//2069 1217//2069 1218//2069
f 1219//2070 1218//2070 1220//2070
f 1221//2071 1220//2071 1222//2071
f 1221//2072 1219//2072 1220//2072
f 1223//2073 1221//2073 1222//2073
f 1223//2074 1222//2074 1224//2074
f 974//2075 1224//2075 975//2075
f 974//2076 1223//2076 1224//2076
f 1135//2077 1131//2077 1133//2077
f 1125//2078 1128//2078 1129//2078
f 1117//2079 1119//2079 1121//2079
f 1117//2080 1121//2080 1123//2080
f 1117//2081 1123//2081 1125//2081
f 1149//2082 1145//2082 1147//2082
f 1112//2083 1113//2083 1115//2083
f 1112//2084 1115//2084 1117//2084
f 1153//2085 1149//2085 1151//2085
f 1105//2086 1108//2086 1109//2086
f 1099//2087 1101//2087 1104//2087
f 1099//2088 1104//2088 1105//2088
f 1099//2089 1105//2089 1109//2089
f 1095//2090 1097//2090 1099//2090
f 1167//2091 1163//2091 1165//2091
f 1092//2092 1094//2092 1095//2092
f 1092//2093 1099//2093 1109//2093
f 1092//2094 1095//2094 1099//2094
f 1087//2095 1089//2095 1092//2095
f 1087//2096 1092//2096 1109//2096
f 1081//2097 1087//2097 1109//2097
f 1081//2098 1112//2098 1117//2098
f 1081//2099 1084//2099 1085//2099
f 1081//2100 1085//2100 1087//2100
f 1081//2101 1109//2101 1112//2101
f 1078//2102 1125//2102 1129//2102
f 1078//2103 1117//2103 1125//2103
f 1078//2104 1079//2104 1081//2104
f 1078//2105 1081//2105 1117//2105
f 1073//2106 1075//2106 1078//2106
f 1072//2107 1073//2107 1078//2107
f 1191//2108 1188//2108 1190//2108
f 1067//2109 1072//2109 1078//2109
f 1067//2110 1069//2110 1072//2110
f 1067//2111 1078//2111 1129//2111
f 1067//2112 1129//2112 1131//2112
f 1195//2113 1191//2113 1193//2113
f 1065//2114 1067//2114 1131//2114
f 1065//2115 1131//2115 1135//2115
f 1065//2116 1135//2116 1137//2116
f 1065//2117 1137//2117 1139//2117
f 1063//2118 1065//2118 1139//2118
f 1199//2119 1195//2119 1197//2119
f 1061//2120 1063//2120 1139//2120
f 1061//2121 1139//2121 1141//2121
f 1201//2122 1195//2122 1199//2122
f 1203//2123 1191//2123 1195//2123
f 1203//2124 1195//2124 1201//2124
f 1057//2125 1059//2125 1061//2125
f 1205//2126 1191//2126 1203//2126
f 1053//2127 1057//2127 1061//2127
f 1053//2128 1061//2128 1141//2128
f 1053//2129 1056//2129 1057//2129
f 1053//2130 1145//2130 1149//2130
f 1053//2131 1141//2131 1144//2131
f 1053//2132 1144//2132 1145//2132
f 1213//2133 1205//2133 1207//2133
f 1213//2134 1207//2134 1209//2134
f 1213//2135 1209//2135 1211//2135
f 1047//2136 1053//2136 1149//2136
f 1047//2137 1049//2137 1052//2137
f 1047//2138 1052//2138 1053//2138
f 1047//2139 1149//2139 1153//2139
f 1217//2140 1213//2140 1215//2140
f 1217//2141 1205//2141 1213//2141
f 1043//2142 1045//2142 1047//2142
f 1043//2143 1047//2143 1153//2143
f 1043//2144 1153//2144 1155//2144
f 1219//2145 1205//2145 1217//2145
f 1221//2146 1205//2146 1219//2146
f 1040//2147 1042//2147 1043//2147
f 1040//2148 1043//2148 1155//2148
f 1040//2149 1155//2149 1157//2149
f 1037//2150 1040//2150 1157//2150
f 1035//2151 1037//2151 1157//2151
f 1035//2152 1157//2152 1160//2152
f 1035//2153 1160//2153 1161//2153
f 973//2154 1221//2154 1223//2154
f 973//2155 1223//2155 974//2155
f 973//2156 1205//2156 1221//2156
f 1033//2157 1035//2157 1161//2157
f 1033//2158 1161//2158 1163//2158
f 1031//2159 1163//2159 1167//2159
f 1031//2160 1033//2160 1163//2160
f 1031//2161 1167//2161 1169//2161
f 980//2162 973//2162 977//2162
f 980//2163 1205//2163 973//2163
f 1028//2164 1030//2164 1031//2164
f 983//2165 980//2165 982//2165
f 1025//2166 1028//2166 1031//2166
f 1025//2167 1031//2167 1169//2167
f 1025//2168 1169//2168 1172//2168
f 1025//2169 1172//2169 1173//2169
f 986//2170 1205//2170 980//2170
f 986//2171 980//2171 983//2171
f 1023//2172 1173//2172 1175//2172
f 1023//2173 1025//2173 1173//2173
f 1019//2174 1175//2174 1177//2174
f 1019//2175 1177//2175 1179//2175
f 1019//2176 1179//2176 1182//2176
f 1019//2177 1182//2177 1183//2177
f 1019//2178 1183//2178 1186//2178
f 1019//2179 1186//2179 1188//2179
f 1019//2180 1022//2180 1023//2180
f 1019//2181 1023//2181 1175//2181
f 991//2182 986//2182 988//2182
f 991//2183 988//2183 989//2183
f 991//2184 1205//2184 986//2184
f 1015//2185 1017//2185 1019//2185
f 1013//2186 1015//2186 1019//2186
f 997//2187 991//2187 993//2187
f 997//2188 993//2188 995//2188
f 997//2189 1205//2189 991//2189
f 1011//2190 1019//2190 1188//2190
f 1011//2191 1188//2191 1191//2191
f 1011//2192 1013//2192 1019//2192
f 1001//2193 997//2193 999//2193
f 1001//2194 1205//2194 997//2194
f 1008//2195 1009//2195 1011//2195
f 1005//2196 1001//2196 1004//2196
f 1005//2197 1011//2197 1191//2197
f 1005//2198 1205//2198 1001//2198
f 1005//2199 1008//2199 1011//2199
f 1005//2200 1191//2200 1205//2200
f 1132//2201 1136//2201 1134//2201
f 1127//2202 1126//2202 1130//2202
f 1120//2203 1118//2203 1122//2203
f 1122//2204 1118//2204 1124//2204
f 1124//2205 1118//2205 1126//2205
f 1146//2206 1150//2206 1148//2206
f 1114//2207 1111//2207 1116//2207
f 1116//2208 1111//2208 1118//2208
f 1150//2209 1154//2209 1152//2209
f 1107//2210 1106//2210 1110//2210
f 1102//2211 1100//2211 1103//2211
f 1103//2212 1100//2212 1106//2212
f 1106//2213 1100//2213 1110//2213
f 1098//2214 1096//2214 1100//2214
f 1164//2215 1168//2215 1166//2215
f 1093//2216 1091//2216 1096//2216
f 1100//2217 1091//2217 1110//2217
f 1096//2218 1091//2218 1100//2218
f 1090//2219 1088//2219 1091//2219
f 1091//2220 1088//2220 1110//2220
f 1088//2221 1082//2221 1110//2221
f 1111//2222 1082//2222 1118//2222
f 1083//2223 1082//2223 1086//2223
f 1086//2224 1082//2224 1088//2224
f 1110//2225 1082//2225 1111//2225
f 1126//2226 1077//2226 1130//2226
f 1118//2227 1077//2227 1126//2227
f 1080//2228 1077//2228 1082//2228
f 1082//2229 1077//2229 1118//2229
f 1076//2230 1074//2230 1077//2230
f 1074//2231 1071//2231 1077//2231
f 1187//2232 1192//2232 1189//2232
f 1071//2233 1068//2233 1077//2233
f 1070//2234 1068//2234 1071//2234
f 1077//2235 1068//2235 1130//2235
f 1130//2236 1068//2236 1132//2236
f 1192//2237 1196//2237 1194//2237
f 1068//2238 1066//2238 1132//2238
f 1132//2239 1066//2239 1136//2239
f 1136//2240 1066//2240 1138//2240
f 1138//2241 1066//2241 1140//2241
f 1066//2242 1064//2242 1140//2242
f 1196//2243 1200//2243 1198//2243
f 1064//2244 1062//2244 1140//2244
f 1140//2245 1062//2245 1142//2245
f 1196//2246 1202//2246 1200//2246
f 1192//2247 1204//2247 1196//2247
f 1196//2248 1204//2248 1202//2248
f 1060//2249 1058//2249 1062//2249
f 1192//2250 1206//2250 1204//2250
f 1058//2251 1054//2251 1062//2251
f 1062//2252 1054//2252 1142//2252
f 1055//2253 1054//2253 1058//2253
f 1146//2254 1054//2254 1150//2254
f 1142//2255 1054//2255 1143//2255
f 1143//2256 1054//2256 1146//2256
f 1206//2257 1214//2257 1208//2257
f 1208//2258 1214//2258 1210//2258
f 1210//2259 1214//2259 1212//2259
f 1054//2260 1048//2260 1150//2260
f 1050//2261 1048//2261 1051//2261
f 1051//2262 1048//2262 1054//2262
f 1150//2263 1048//2263 1154//2263
f 1214//2264 1218//2264 1216//2264
f 1206//2265 1218//2265 1214//2265
f 1046//2266 1044//2266 1048//2266
f 1048//2267 1044//2267 1154//2267
f 1154//2268 1044//2268 1156//2268
f 1206//2269 1220//2269 1218//2269
f 1206//2270 1222//2270 1220//2270
f 1041//2271 1039//2271 1044//2271
f 1044//2272 1039//2272 1156//2272
f 1156//2273 1039//2273 1158//2273
f 1039//2274 1038//2274 1158//2274
f 1038//2275 1036//2275 1158//2275
f 1158//2276 1036//2276 1159//2276
f 1159//2277 1036//2277 1162//2277
f 1222//2278 976//2278 1224//2278
f 1224//2279 976//2279 975//2279
f 1206//2280 976//2280 1222//2280
f 1036//2281 1034//2281 1162//2281
f 1162//2282 1034//2282 1164//2282
f 1164//2283 1032//2283 1168//2283
f 1034//2284 1032//2284 1164//2284
f 1168//2285 1032//2285 1170//2285
f 976//2286 979//2286 978//2286
f 1206//2287 979//2287 976//2287
f 1029//2288 1027//2288 1032//2288
f 979//2289 984//2289 981//2289
f 1027//2290 1026//2290 1032//2290
f 1032//2291 1026//2291 1170//2291
f 1170//2292 1026//2292 1171//2292
f 1171//2293 1026//2293 1174//2293
f 1206//2294 985//2294 979//2294
f 979//2295 985//2295 984//2295
f 1174//2296 1024//2296 1176//2296
f 1026//2297 1024//2297 1174//2297
f 1176//2298 1020//2298 1178//2298
f 1178//2299 1020//2299 1180//2299
f 1180//2300 1020//2300 1181//2300
f 1181//2301 1020//2301 1184//2301
f 1184//2302 1020//2302 1185//2302
f 1185//2303 1020//2303 1187//2303
f 1021//2304 1020//2304 1024//2304
f 1024//2305 1020//2305 1176//2305
f 985//2306 992//2306 987//2306
f 987//2307 992//2307 990//2307
f 1206//2308 992//2308 985//2308
f 1018//2309 1016//2309 1020//2309
f 1016//2310 1014//2310 1020//2310
f 992//2311 998//2311 994//2311
f 994//2312 998//2312 996//2312
f 1206//2313 998//2313 992//2313
f 1020//2314 1012//2314 1187//2314
f 1187//2315 1012//2315 1192//2315
f 1014//2316 1012//2316 1020//2316
f 998//2317 1002//2317 1000//2317
f 1206//2318 1002//2318 998//2318
f 1010//2319 1007//2319 1012//2319
f 1002//2320 1006//2320 1003//2320
f 1012//2321 1006//2321 1192//2321
f 1206//2322 1006//2322 1002//2322
f 1007//2323 1006//2323 1012//2323
f 1192//2324 1006//2324 1206//2324
g \u4e3b\u536b\xb7\u6dcb\u6d74\xb7\u5e95\u76d8
f 1225//2325 1226//2325 1227//2325
f 1226//2326 1228//2326 1227//2326
f 1229//2327 1230//2327 1231//2327
f 1232//2328 1229//2328 1231//2328
f 1226//2329 1229//2329 1228//2329
f 1229//2330 1232//2330 1228//2330
f 1230//2331 1225//2331 1227//2331
f 1231//2332 1230//2332 1227//2332
f 1225//2333 1229//2333 1226//2333
f 1225//2334 1230//2334 1229//2334
f 1232//2335 1227//2335 1228//2335
f 1231//2336 1227//2336 1232//2336
g \u6b21\u536b\xb7\u6dcb\u6d74\xb7\u5e95\u76d8
f 1233//2337 1234//2337 1235//2337
f 1235//2338 1234//2338 1236//2338
f 1237//2339 1238//2339 1239//2339
f 1237//2340 1239//2340 1240//2340
f 1233//2341 1238//2341 1234//2341
f 1238//2342 1237//2342 1234//2342
f 1239//2343 1235//2343 1236//2343
f 1240//2344 1239//2344 1236//2344
f 1235//2345 1238//2345 1233//2345
f 1235//2346 1239//2346 1238//2346
f 1237//2347 1236//2347 1234//2347
f 1240//2348 1236//2348 1237//2348
