# Created by FreeCAD <https://www.freecad.org>
v 1993.459961 11705.440430 0.000000
v 1993.459961 11705.440430 2700.000000
v 3093.300049 11705.440430 2700.000000
v 3093.300049 11705.440430 0.000000
v 3093.300049 11587.599609 2700.000000
v 3093.300049 11587.599609 0.000000
v 2111.300049 11587.599609 0.000000
v 2111.300049 11587.599609 2700.000000
v 2111.300049 10085.139648 2700.000000
v 2111.300049 10085.139648 0.000000
v 1993.459961 10085.139648 2700.000000
v 1993.459961 10085.139648 0.000000
v 1993.459961 10085.139648 0.000000
v 1993.459961 10085.139648 2700.000000
v 3849.439941 10085.139648 2700.000000
v 3849.439941 10085.139648 0.000000
v 3849.439941 9849.459961 0.000000
v 3849.439941 9849.459961 2700.000000
v 2238.959961 9849.459961 0.000000
v 2238.959961 9849.459961 2700.000000
v 2238.959961 9643.240234 2700.000000
v 2238.959961 9643.240234 0.000000
v 1993.459961 9643.240234 0.000000
v 1993.459961 9643.240234 2700.000000
v 6913.279785 10085.139648 0.000000
v 5567.939941 10085.139648 0.000000
v 5567.939941 10085.139648 2700.000000
v 6913.279785 10085.139648 2700.000000
v 6913.279785 9849.459961 0.000000
v 6913.279785 9849.459961 2700.000000
v 5793.799805 9849.459961 0.000000
v 5793.799805 9849.459961 2700.000000
v 5793.799805 7649.779785 0.000000
v 5793.799805 7649.779785 2700.000000
v 5567.939941 7649.779785 0.000000
v 5567.939941 7649.779785 2700.000000
v 9662.879883 10085.139648 0.000000
v 8317.540039 10085.139648 0.000000
v 8317.540039 10085.139648 2700.000000
v 9662.879883 10085.139648 2700.000000
v 9662.879883 6510.660156 0.000000
v 9662.879883 6510.660156 2700.000000
v 9427.200195 6510.660156 2700.000000
v 9427.200195 6510.660156 0.000000
v 9427.200195 9849.459961 2700.000000
v 9427.200195 9849.459961 0.000000
v 8317.540039 9849.459961 0.000000
v 8317.540039 9849.459961 2700.000000
v 9427.200195 6824.899902 0.000000
v 6667.779785 6824.899902 0.000000
v 6667.779785 6824.899902 2700.000000
v 9427.200195 6824.899902 2700.000000
v 9427.200195 6589.220215 2700.000000
v 9427.200195 6589.220215 0.000000
v 6667.779785 6589.220215 0.000000
v 6667.779785 6589.220215 2700.000000
v 5793.799805 6874.000000 0.000000
v 5567.939941 6874.000000 0.000000
v 5567.939941 6874.000000 2700.000000
v 5793.799805 6874.000000 2700.000000
v 5793.799805 6589.220215 0.000000
v 5793.799805 6589.220215 2700.000000
v 5567.939941 6589.220215 0.000000
v 5567.939941 6589.220215 2700.000000
v 2238.959961 9024.580078 0.000000
v 1993.459961 9024.580078 0.000000
v 1993.459961 9024.580078 2700.000000
v 2238.959961 9024.580078 2700.000000
v 2238.959961 6815.080078 0.000000
v 2238.959961 6815.080078 2700.000000
v 1993.459961 6815.080078 0.000000
v 1993.459961 6815.080078 2700.000000
v 1993.459961 7649.779785 0.000000
v 1993.459961 7649.779785 2700.000000
v 1797.060059 7649.779785 2700.000000
v 1797.060059 7649.779785 0.000000
v 1797.060059 7885.459961 2700.000000
v 1797.060059 7885.459961 0.000000
v 1993.459961 7885.459961 2700.000000
v 1993.459961 7885.459961 0.000000
v 1198.040039 7885.459961 0.000000
v 0.000000 7885.459961 0.000000
v 0.000000 7885.459961 2700.000000
v 1198.040039 7885.459961 2700.000000
v 1198.040039 7649.779785 2700.000000
v 1198.040039 7649.779785 0.000000
v 235.679993 7649.779785 0.000000
v 235.679993 7649.779785 2700.000000
v 235.679993 2297.879883 2700.000000
v 235.679993 2297.879883 0.000000
v 392.799988 2297.879883 0.000000
v 392.799988 2297.879883 2700.000000
v 392.799988 2052.379883 0.000000
v 392.799988 2052.379883 2700.000000
v 0.000000 2052.379883 0.000000
v 0.000000 2052.379883 2700.000000
v 1993.459961 6815.080078 0.000000
v 1993.459961 6815.080078 2700.000000
v 4566.299805 6815.080078 2700.000000
v 4566.299805 6815.080078 0.000000
v 4566.299805 6579.399902 2700.000000
v 4566.299805 6579.399902 0.000000
v 1993.459961 6579.399902 0.000000
v 1993.459961 6579.399902 2700.000000
v 2238.959961 6579.399902 0.000000
v 1993.459961 6579.399902 0.000000
v 1993.459961 6579.399902 2700.000000
v 2238.959961 6579.399902 2700.000000
v 2238.959961 3279.879883 0.000000
v 2238.959961 3279.879883 2700.000000
v 1993.459961 3279.879883 0.000000
v 1993.459961 3279.879883 2700.000000
v 4438.640137 6579.399902 0.000000
v 4438.640137 6579.399902 2700.000000
v 4566.299805 6579.399902 2700.000000
v 4566.299805 6579.399902 0.000000
v 4566.299805 5587.580078 0.000000
v 4566.299805 5587.580078 2700.000000
v 4664.500000 5587.580078 0.000000
v 4664.500000 5587.580078 2700.000000
v 4664.500000 5459.919922 2700.000000
v 4664.500000 5459.919922 0.000000
v 4438.640137 5459.919922 0.000000
v 4438.640137 5459.919922 2700.000000
v 5558.120117 5567.939941 0.000000
v 5558.120117 5567.939941 2700.000000
v 5793.799805 5567.939941 2700.000000
v 5793.799805 5567.939941 0.000000
v 5793.799805 225.860001 0.000000
v 5793.799805 225.860001 2700.000000
v 5548.299805 225.860001 0.000000
v 5548.299805 225.860001 2700.000000
v 5548.299805 1826.520020 2700.000000
v 5548.299805 1826.520020 0.000000
v 4959.100098 1826.520020 0.000000
v 4959.100098 1826.520020 2700.000000
v 4959.100098 2052.379883 0.000000
v 4959.100098 2052.379883 2700.000000
v 5558.120117 2052.379883 0.000000
v 5558.120117 2052.379883 2700.000000
v 2238.959961 2415.719971 0.000000
v 1993.459961 2415.719971 0.000000
v 1993.459961 2415.719971 2700.000000
v 2238.959961 2415.719971 2700.000000
v 2238.959961 2052.379883 0.000000
v 2238.959961 2052.379883 2700.000000
v 2837.979980 2052.379883 0.000000
v 2837.979980 2052.379883 2700.000000
v 2837.979980 1826.520020 0.000000
v 2837.979980 1826.520020 2700.000000
v 2238.959961 1826.520020 0.000000
v 2238.959961 1826.520020 2700.000000
v 2238.959961 225.860001 2700.000000
v 2238.959961 225.860001 0.000000
v 1993.459961 225.860001 0.000000
v 1993.459961 225.860001 2700.000000
v 2238.959961 225.860001 0.000000
v 1993.459961 225.860001 0.000000
v 1993.459961 225.860001 2700.000000
v 2238.959961 225.860001 2700.000000
v 2238.959961 0.000000 0.000000
v 2238.959961 0.000000 2700.000000
v 1993.459961 0.000000 0.000000
v 1993.459961 0.000000 2700.000000
v 5970.560059 225.860001 0.000000
v 5401.000000 225.860001 0.000000
v 5401.000000 225.860001 2700.000000
v 5970.560059 225.860001 2700.000000
v 5970.560059 0.000000 0.000000
v 5970.560059 0.000000 2700.000000
v 5401.000000 0.000000 0.000000
v 5401.000000 0.000000 2700.000000
v 9427.200195 225.860001 0.000000
v 8965.660156 225.860001 0.000000
v 8965.660156 225.860001 2700.000000
v 9427.200195 225.860001 2700.000000
v 9427.200195 0.000000 0.000000
v 9427.200195 0.000000 2700.000000
v 8965.660156 0.000000 0.000000
v 8965.660156 0.000000 2700.000000
v 12618.700195 5666.140137 0.000000
v 9112.959961 5666.140137 0.000000
v 9112.959961 5666.140137 2700.000000
v 12618.700195 5666.140137 2700.000000
v 12618.700195 0.000000 0.000000
v 12618.700195 0.000000 2700.000000
v 12353.559570 0.000000 0.000000
v 12353.559570 0.000000 2700.000000
v 12353.559570 5420.640137 2700.000000
v 12353.559570 5420.640137 0.000000
v 9348.639648 5420.640137 2700.000000
v 9348.639648 5420.640137 0.000000
v 9348.639648 5302.799805 2700.000000
v 9348.639648 5302.799805 0.000000
v 9112.959961 5302.799805 0.000000
v 9112.959961 5302.799805 2700.000000
v 9348.639648 4507.379883 0.000000
v 9112.959961 4507.379883 0.000000
v 9112.959961 4507.379883 2700.000000
v 9348.639648 4507.379883 2700.000000
v 9348.639648 2052.379883 2700.000000
v 9348.639648 2052.379883 0.000000
v 10163.700195 2052.379883 2700.000000
v 10163.700195 2052.379883 0.000000
v 10163.700195 1826.520020 0.000000
v 10163.700195 1826.520020 2700.000000
v 9112.959961 1826.520020 0.000000
v 9112.959961 1826.520020 2700.000000
v 9112.959961 2445.179932 2700.000000
v 9112.959961 2445.179932 0.000000
v 8720.160156 2445.179932 2700.000000
v 8720.160156 2445.179932 0.000000
v 8720.160156 2680.860107 2700.000000
v 8720.160156 2680.860107 0.000000
v 9112.959961 2680.860107 2700.000000
v 9112.959961 2680.860107 0.000000
v 11567.959961 2052.379883 0.000000
v 11567.959961 2052.379883 2700.000000
v 12353.559570 2052.379883 2700.000000
v 12353.559570 2052.379883 0.000000
v 12353.559570 1826.520020 0.000000
v 12353.559570 1826.520020 2700.000000
v 11567.959961 1826.520020 2700.000000
v 11567.959961 1826.520020 0.000000
v 1109.660034 4851.080078 0.000000
v 235.679993 4851.080078 0.000000
v 235.679993 4851.080078 2700.000000
v 1109.660034 4851.080078 2700.000000
v 1109.660034 4723.419922 2700.000000
v 1109.660034 4723.419922 0.000000
v 235.679993 4723.419922 0.000000
v 235.679993 4723.419922 2700.000000
v 1855.979980 4851.080078 0.000000
v 1855.979980 4851.080078 2700.000000
v 1993.459961 4851.080078 2700.000000
v 1993.459961 4851.080078 0.000000
v 1993.459961 4723.419922 2700.000000
v 1993.459961 4723.419922 0.000000
v 1855.979980 4723.419922 2700.000000
v 1855.979980 4723.419922 0.000000
v 3731.600098 8955.839844 0.000000
v 3731.600098 8955.839844 2700.000000
v 3849.439941 8955.839844 2700.000000
v 3849.439941 8955.839844 0.000000
v 3849.439941 7610.500000 0.000000
v 3849.439941 7610.500000 2700.000000
v 3731.600098 7610.500000 2700.000000
v 3731.600098 7610.500000 0.000000
v 1855.979980 2297.879883 0.000000
v 1855.979980 2297.879883 2700.000000
v 1993.459961 2297.879883 2700.000000
v 1993.459961 2297.879883 0.000000
v 1993.459961 2415.719971 2700.000000
v 1993.459961 2415.719971 0.000000
v 2238.959961 2415.719971 0.000000
v 2238.959961 2415.719971 2700.000000
v 2238.959961 2052.379883 0.000000
v 2238.959961 2052.379883 2700.000000
v 1855.979980 2052.379883 0.000000
v 1855.979980 2052.379883 2700.000000
v 5793.799805 11705.440430 2600.000000
v 1993.459961 11705.440430 2600.000000
v 1993.459961 11705.440430 2650.000000
v 5793.799805 11705.440430 2650.000000
v 5793.799805 10085.139648 2650.000000
v 5793.799805 10085.139648 2600.000000
v 9662.879883 10085.139648 2600.000000
v 9662.879883 10085.139648 2650.000000
v 9662.879883 6510.660156 2600.000000
v 9662.879883 6510.660156 2650.000000
v 9427.200195 6510.660156 2600.000000
v 9427.200195 6510.660156 2650.000000
v 9427.200195 5666.140137 2650.000000
v 9427.200195 5666.140137 2600.000000
v 12618.700195 5666.140137 2650.000000
v 12618.700195 5666.140137 2600.000000
v 12618.700195 0.000000 2600.000000
v 12618.700195 0.000000 2650.000000
v 1993.459961 0.000000 2650.000000
v 1993.459961 0.000000 2600.000000
v 1993.459961 2052.379883 2600.000000
v 1993.459961 2052.379883 2650.000000
v 0.000000 2052.379883 2600.000000
v 0.000000 2052.379883 2650.000000
v 0.000000 7885.459961 2600.000000
v 0.000000 7885.459961 2650.000000
v 1993.459961 7885.459961 2600.000000
v 1993.459961 7885.459961 2650.000000
v 5793.799805 11705.440430 0.000000
v 1993.459961 11705.440430 0.000000
v 1993.459961 11705.440430 35.000000
v 5793.799805 11705.440430 35.000000
v 5793.799805 10085.139648 0.000000
v 5793.799805 10085.139648 35.000000
v 9662.879883 10085.139648 0.000000
v 9662.879883 10085.139648 35.000000
v 9662.879883 6510.660156 0.000000
v 9662.879883 6510.660156 35.000000
v 9427.200195 6510.660156 0.000000
v 9427.200195 6510.660156 35.000000
v 9427.200195 5666.140137 35.000000
v 9427.200195 5666.140137 0.000000
v 12618.700195 5666.140137 0.000000
v 12618.700195 5666.140137 35.000000
v 12618.700195 0.000000 0.000000
v 12618.700195 0.000000 35.000000
v 1993.459961 0.000000 0.000000
v 1993.459961 0.000000 35.000000
v 1993.459961 2052.379883 0.000000
v 1993.459961 2052.379883 35.000000
v 0.000000 2052.379883 0.000000
v 0.000000 2052.379883 35.000000
v 0.000000 7885.459961 35.000000
v 0.000000 7885.459961 0.000000
v 1993.459961 7885.459961 0.000000
v 1993.459961 7885.459961 35.000000
v 5685.779785 11587.599609 35.000000
v 2111.300049 11587.599609 35.000000
v 2111.300049 11587.599609 60.000000
v 5685.779785 11587.599609 60.000000
v 5685.779785 10085.139648 35.000000
v 5685.779785 10085.139648 60.000000
v 2111.300049 10085.139648 35.000000
v 2111.300049 10085.139648 60.000000
v 3731.600098 9849.459961 35.000000
v 2238.959961 9849.459961 35.000000
v 2238.959961 9849.459961 60.000000
v 3731.600098 9849.459961 60.000000
v 3731.600098 6815.080078 35.000000
v 3731.600098 6815.080078 60.000000
v 2238.959961 6815.080078 35.000000
v 2238.959961 6815.080078 60.000000
v 1993.459961 7649.779785 60.000000
v 235.679993 7649.779785 35.000000
v 235.679993 7649.779785 60.000000
v 1993.459961 7649.779785 35.000000
v 1993.459961 4851.080078 60.000000
v 1993.459961 4851.080078 35.000000
v 235.679993 4851.080078 60.000000
v 235.679993 4851.080078 35.000000
v 1993.459961 4723.419922 60.000000
v 235.679993 4723.419922 35.000000
v 235.679993 4723.419922 60.000000
v 1993.459961 4723.419922 35.000000
v 1993.459961 2297.879883 35.000000
v 1993.459961 2297.879883 60.000000
v 235.679993 2297.879883 60.000000
v 235.679993 2297.879883 35.000000
v 5558.120117 6579.399902 35.000000
v 2238.959961 6579.399902 35.000000
v 2238.959961 6579.399902 60.000000
v 5558.120117 6579.399902 60.000000
v 5558.120117 225.860001 60.000000
v 5558.120117 225.860001 35.000000
v 2238.959961 225.860001 60.000000
v 2238.959961 225.860001 35.000000
v 9427.200195 9849.459961 35.000000
v 5793.799805 9849.459961 35.000000
v 5793.799805 9849.459961 60.000000
v 9427.200195 9849.459961 60.000000
v 9427.200195 6707.060059 35.000000
v 9427.200195 6707.060059 60.000000
v 5793.799805 6707.060059 35.000000
v 5793.799805 6707.060059 60.000000
v 12353.559570 5420.640137 35.000000
v 9348.639648 5420.640137 35.000000
v 9348.639648 5420.640137 60.000000
v 12353.559570 5420.640137 60.000000
v 12353.559570 2052.379883 35.000000
v 12353.559570 2052.379883 60.000000
v 9348.639648 2052.379883 35.000000
v 9348.639648 2052.379883 60.000000
v 12353.559570 1826.520020 35.000000
v 9230.799805 1826.520020 35.000000
v 9230.799805 1826.520020 60.000000
v 12353.559570 1826.520020 60.000000
v 12353.559570 225.860001 60.000000
v 12353.559570 225.860001 35.000000
v 9230.799805 225.860001 35.000000
v 9230.799805 225.860001 60.000000
v 3093.300049 11646.519531 850.000000
v 3093.300049 11646.519531 2100.000000
v 3093.300049 11656.339844 850.000000
v 3093.300049 11656.339844 2100.000000
v 5793.799805 11646.519531 2100.000000
v 5793.799805 11646.519531 850.000000
v 5793.799805 11656.339844 850.000000
v 5793.799805 11656.339844 2100.000000
v 5725.060059 10085.139648 850.000000
v 5725.060059 10085.139648 2100.000000
v 5725.060059 11587.599609 850.000000
v 5725.060059 11587.599609 2100.000000
v 5734.879883 10085.139648 2100.000000
v 5734.879883 10085.139648 850.000000
v 5734.879883 11587.599609 850.000000
v 5734.879883 11587.599609 2100.000000
v 6913.279785 9967.299805 850.000000
v 6913.279785 9967.299805 2100.000000
v 6913.279785 9977.120117 850.000000
v 6913.279785 9977.120117 2100.000000
v 8317.540039 9967.299805 2100.000000
v 8317.540039 9967.299805 850.000000
v 8317.540039 9977.120117 850.000000
v 8317.540039 9977.120117 2100.000000
v 2101.479980 9024.580078 850.000000
v 2101.479980 9024.580078 2100.000000
v 2101.479980 9643.240234 850.000000
v 2101.479980 9643.240234 2100.000000
v 2111.300049 9024.580078 2100.000000
v 2111.300049 9024.580078 850.000000
v 2111.300049 9643.240234 850.000000
v 2111.300049 9643.240234 2100.000000
v 1198.040039 7767.620117 850.000000
v 1198.040039 7767.620117 2100.000000
v 1198.040039 7777.439941 850.000000
v 1198.040039 7777.439941 2100.000000
v 1797.060059 7767.620117 2100.000000
v 1797.060059 7767.620117 850.000000
v 1797.060059 7777.439941 850.000000
v 1797.060059 7777.439941 2100.000000
v 235.679993 2180.040039 850.000000
v 235.679993 2180.040039 2100.000000
v 235.679993 2189.860107 850.000000
v 235.679993 2189.860107 2100.000000
v 1855.979980 2180.040039 2100.000000
v 1855.979980 2180.040039 850.000000
v 1855.979980 2189.860107 850.000000
v 1855.979980 2189.860107 2100.000000
v 2238.959961 117.839996 850.000000
v 2238.959961 117.839996 2100.000000
v 2238.959961 127.660004 850.000000
v 2238.959961 127.660004 2100.000000
v 5401.000000 117.839996 2100.000000
v 5401.000000 117.839996 850.000000
v 5401.000000 127.660004 850.000000
v 5401.000000 127.660004 2100.000000
v 5970.560059 117.839996 850.000000
v 5970.560059 117.839996 2100.000000
v 5970.560059 127.660004 850.000000
v 5970.560059 127.660004 2100.000000
v 8965.660156 117.839996 2100.000000
v 8965.660156 117.839996 850.000000
v 8965.660156 127.660004 850.000000
v 8965.660156 127.660004 2100.000000
v 9427.200195 117.839996 850.000000
v 9427.200195 117.839996 2100.000000
v 9427.200195 127.660004 850.000000
v 9427.200195 127.660004 2100.000000
v 12353.559570 117.839996 2100.000000
v 12353.559570 117.839996 850.000000
v 12353.559570 127.660004 850.000000
v 12353.559570 127.660004 2100.000000
v 10163.700195 1934.540039 850.000000
v 10163.700195 1934.540039 2100.000000
v 10163.700195 1944.359985 850.000000
v 10163.700195 1944.359985 2100.000000
v 11567.959961 1934.540039 2100.000000
v 11567.959961 1934.540039 850.000000
v 11567.959961 1944.359985 850.000000
v 11567.959961 1944.359985 2100.000000
v 9162.059570 1826.520020 850.000000
v 9162.059570 225.860001 850.000000
v 9162.059570 1826.520020 2100.000000
v 9162.059570 225.860001 2100.000000
v 9171.879883 225.860001 850.000000
v 9171.879883 1826.520020 850.000000
v 9171.879883 1826.520020 2100.000000
v 9171.879883 225.860001 2100.000000
v 3849.439941 10026.219727 850.000000
v 3849.439941 10026.219727 2100.000000
v 3849.439941 10036.040039 850.000000
v 3849.439941 10036.040039 2100.000000
v 5567.939941 10026.219727 2100.000000
v 5567.939941 10026.219727 850.000000
v 5567.939941 10036.040039 850.000000
v 5567.939941 10036.040039 2100.000000
v 235.679993 6628.500000 0.000000
v 235.679993 6628.500000 2100.000000
v 235.679993 6824.899902 0.000000
v 235.679993 6824.899902 2100.000000
v 1993.459961 6628.500000 2100.000000
v 1993.459961 6628.500000 0.000000
v 1993.459961 6824.899902 0.000000
v 1993.459961 6824.899902 2100.000000
v 2238.959961 8838.000000 0.000000
v 2238.959961 8838.000000 2100.000000
v 2238.959961 9034.400391 0.000000
v 2238.959961 9034.400391 2100.000000
v 3731.600098 8838.000000 2100.000000
v 3731.600098 8838.000000 0.000000
v 3731.600098 9034.400391 0.000000
v 3731.600098 9034.400391 2100.000000
v 8631.780273 6461.560059 0.000000
v 8631.780273 6461.560059 2100.000000
v 8631.780273 6510.660156 0.000000
v 8631.780273 6510.660156 2100.000000
v 9427.200195 6461.560059 2100.000000
v 9427.200195 6461.560059 0.000000
v 9427.200195 6510.660156 0.000000
v 9427.200195 6510.660156 2100.000000
v 5882.180176 6824.899902 0.000000
v 5882.180176 7620.319824 2100.000000
v 5882.180176 7620.319824 0.000000
v 5882.180176 6824.899902 2100.000000
v 5931.279785 7620.319824 2100.000000
v 5931.279785 6824.899902 0.000000
v 5931.279785 7620.319824 0.000000
v 5931.279785 6824.899902 2100.000000
v 9348.639648 5253.700195 0.000000
v 9348.639648 5253.700195 2100.000000
v 9348.639648 5302.799805 0.000000
v 9348.639648 5302.799805 2100.000000
v 10163.700195 5253.700195 2100.000000
v 10163.700195 5253.700195 0.000000
v 10163.700195 5302.799805 0.000000
v 10163.700195 5302.799805 2100.000000
v 5410.819824 4644.859863 0.000000
v 5410.819824 4644.859863 2100.000000
v 5410.819824 5459.919922 0.000000
v 5410.819824 5459.919922 2100.000000
v 5459.919922 4644.859863 2100.000000
v 5459.919922 4644.859863 0.000000
v 5459.919922 5459.919922 0.000000
v 5459.919922 5459.919922 2100.000000
v 2238.959961 2415.719971 0.000000
v 2238.959961 3279.879883 2100.000000
v 2238.959961 3279.879883 0.000000
v 2238.959961 2415.719971 2100.000000
v 2288.060059 3279.879883 2100.000000
v 2288.060059 2415.719971 0.000000
v 2288.060059 3279.879883 0.000000
v 2288.060059 2415.719971 2100.000000
v 1855.979980 4851.080078 0.000000
v 1855.979980 5577.759766 2100.000000
v 1855.979980 5577.759766 0.000000
v 1855.979980 4851.080078 2100.000000
v 1905.079956 5577.759766 2100.000000
v 1905.079956 4851.080078 0.000000
v 1905.079956 5577.759766 0.000000
v 1905.079956 4851.080078 2100.000000
v 2985.280029 6824.899902 0.000000
v 2985.280029 6824.899902 2100.000000
v 2985.280029 6874.000000 0.000000
v 2985.280029 6874.000000 2100.000000
v 3731.600098 6824.899902 2100.000000
v 3731.600098 6824.899902 0.000000
v 3731.600098 6874.000000 0.000000
v 3731.600098 6874.000000 2100.000000
v 3446.820068 2396.080078 80.000000
v 3446.820068 2396.080078 300.000000
v 3446.820068 4232.419922 80.000000
v 3446.820068 4232.419922 300.000000
v 5548.299805 2396.080078 300.000000
v 5548.299805 2396.080078 80.000000
v 5548.299805 4232.419922 80.000000
v 5548.299805 4232.419922 300.000000
v 3515.560059 2464.820068 300.000000
v 3515.560059 2464.820068 560.000000
v 3515.560059 4163.680176 300.000000
v 3515.560059 4163.680176 560.000000
v 5479.560059 2464.820068 560.000000
v 5479.560059 2464.820068 300.000000
v 5479.560059 4163.680176 300.000000
v 5479.560059 4163.680176 560.000000
v 5450.100098 2396.080078 300.000000
v 5450.100098 2396.080078 920.000000
v 5450.100098 4232.419922 300.000000
v 5450.100098 4232.419922 920.000000
v 5548.299805 2396.080078 920.000000
v 5548.299805 2396.080078 300.000000
v 5548.299805 4232.419922 300.000000
v 5548.299805 4232.419922 920.000000
v 3614.938477 3754.971680 560.000000
v 3614.938477 2873.528320 560.000000
v 3614.938477 3754.971680 615.000000
v 3614.938477 2873.528320 615.000000
v 5380.181641 2873.528320 560.000000
v 5380.181641 3754.971680 560.000000
v 5380.181641 3754.971680 615.000000
v 5380.181641 2873.528320 615.000000
v 4623.648926 4048.785889 615.000000
v 4623.648926 3773.334961 615.000000
v 4623.648926 4048.785889 705.000000
v 4623.648926 3773.334961 705.000000
v 4959.885742 3773.334961 615.000000
v 4959.885742 4048.785889 615.000000
v 4959.885742 4048.785889 705.000000
v 4959.885742 3773.334961 705.000000
v 5064.959473 4048.785889 615.000000
v 5064.959473 3773.334961 615.000000
v 5064.959473 4048.785889 705.000000
v 5064.959473 3773.334961 705.000000
v 5401.196289 3773.334961 615.000000
v 5401.196289 4048.785889 615.000000
v 5401.196289 4048.785889 705.000000
v 5401.196289 3773.334961 705.000000
v 7315.899902 9299.540039 80.000000
v 7315.899902 7482.839844 80.000000
v 7315.899902 9299.540039 300.000000
v 7315.899902 7482.839844 300.000000
v 9427.200195 7482.839844 80.000000
v 9427.200195 9299.540039 80.000000
v 9427.200195 9299.540039 300.000000
v 9427.200195 7482.839844 300.000000
v 7384.640137 7551.580078 300.000000
v 7384.640137 7551.580078 560.000000
v 7384.640137 9230.799805 300.000000
v 7384.640137 9230.799805 560.000000
v 9358.459961 7551.580078 560.000000
v 9358.459961 7551.580078 300.000000
v 9358.459961 9230.799805 300.000000
v 9358.459961 9230.799805 560.000000
v 9329.000000 9299.540039 300.000000
v 9329.000000 7482.839844 300.000000
v 9329.000000 9299.540039 920.000000
v 9329.000000 7482.839844 920.000000
v 9427.200195 7482.839844 300.000000
v 9427.200195 9299.540039 300.000000
v 9427.200195 9299.540039 920.000000
v 9427.200195 7482.839844 920.000000
v 7484.804199 7955.182129 560.000000
v 7484.804199 7955.182129 615.000000
v 7484.804199 8827.198242 560.000000
v 7484.804199 8827.198242 615.000000
v 9258.295898 7955.182129 615.000000
v 9258.295898 7955.182129 560.000000
v 9258.295898 8827.198242 560.000000
v 9258.295898 8827.198242 615.000000
v 8498.227539 9117.870117 615.000000
v 8498.227539 8845.365234 615.000000
v 8498.227539 9117.870117 705.000000
v 8498.227539 8845.365234 705.000000
v 8836.036133 8845.365234 615.000000
v 8836.036133 9117.870117 615.000000
v 8836.036133 9117.870117 705.000000
v 8836.036133 8845.365234 705.000000
v 8941.600586 9117.870117 615.000000
v 8941.600586 8845.365234 615.000000
v 8941.600586 9117.870117 705.000000
v 8941.600586 8845.365234 705.000000
v 9279.409180 8845.365234 615.000000
v 9279.409180 9117.870117 615.000000
v 9279.409180 9117.870117 705.000000
v 9279.409180 8845.365234 705.000000
v 10252.080078 4124.399902 80.000000
v 10252.080078 2572.840088 80.000000
v 10252.080078 4124.399902 300.000000
v 10252.080078 2572.840088 300.000000
v 12353.559570 2572.840088 80.000000
v 12353.559570 4124.399902 80.000000
v 12353.559570 4124.399902 300.000000
v 12353.559570 2572.840088 300.000000
v 10320.820312 2641.580078 300.000000
v 10320.820312 2641.580078 560.000000
v 10320.820312 4055.659912 300.000000
v 10320.820312 4055.659912 560.000000
v 12284.820312 2641.580078 560.000000
v 12284.820312 2641.580078 300.000000
v 12284.820312 4055.659912 300.000000
v 12284.820312 4055.659912 560.000000
v 12255.360352 2572.840088 300.000000
v 12255.360352 2572.840088 920.000000
v 12255.360352 4124.399902 300.000000
v 12255.360352 4124.399902 920.000000
v 12353.559570 2572.840088 920.000000
v 12353.559570 2572.840088 300.000000
v 12353.559570 4124.399902 300.000000
v 12353.559570 4124.399902 920.000000
v 10420.198242 2976.245605 560.000000
v 10420.198242 2976.245605 615.000000
v 10420.198242 3720.994385 560.000000
v 10420.198242 3720.994385 615.000000
v 12185.441406 2976.245605 615.000000
v 12185.441406 2976.245605 560.000000
v 12185.441406 3720.994385 560.000000
v 12185.441406 3720.994385 615.000000
v 11428.909180 3736.510010 615.000000
v 11428.909180 3736.510010 705.000000
v 11428.909180 3969.243896 615.000000
v 11428.909180 3969.243896 705.000000
v 11765.145508 3736.510010 705.000000
v 11765.145508 3736.510010 615.000000
v 11765.145508 3969.243896 615.000000
v 11765.145508 3969.243896 705.000000
v 11870.219727 3736.510010 615.000000
v 11870.219727 3736.510010 705.000000
v 11870.219727 3969.243896 615.000000
v 11870.219727 3969.243896 705.000000
v 12206.456055 3736.510010 705.000000
v 12206.456055 3736.510010 615.000000
v 12206.456055 3969.243896 615.000000
v 12206.456055 3969.243896 705.000000
v 235.679993 2415.719971 0.000000
v 235.679993 2415.719971 2300.000000
v 235.679993 4723.419922 0.000000
v 235.679993 4723.419922 2300.000000
v 824.880005 2415.719971 2300.000000
v 824.880005 2415.719971 0.000000
v 824.880005 4723.419922 0.000000
v 824.880005 4723.419922 2300.000000
v 402.619995 2415.719971 0.000000
v 402.619995 2415.719971 2250.000000
v 402.619995 4723.419922 0.000000
v 402.619995 4723.419922 2250.000000
v 461.540009 2415.719971 2250.000000
v 461.540009 2415.719971 0.000000
v 461.540009 4723.419922 0.000000
v 461.540009 4723.419922 2250.000000
v 599.020020 2415.719971 0.000000
v 599.020020 2415.719971 2250.000000
v 599.020020 4723.419922 0.000000
v 599.020020 4723.419922 2250.000000
v 657.940002 2415.719971 2250.000000
v 657.940002 2415.719971 0.000000
v 657.940002 4723.419922 0.000000
v 657.940002 4723.419922 2250.000000
v 2238.959961 5990.200195 0.000000
v 2238.959961 5990.200195 2300.000000
v 2238.959961 6579.399902 0.000000
v 2238.959961 6579.399902 2300.000000
v 4438.640137 5990.200195 2300.000000
v 4438.640137 5990.200195 0.000000
v 4438.640137 6579.399902 0.000000
v 4438.640137 6579.399902 2300.000000
v 2942.726562 5990.200195 0.000000
v 2942.726562 5990.200195 2250.000000
v 2942.726562 6579.399902 0.000000
v 2942.726562 6579.399902 2250.000000
v 3001.646729 5990.200195 2250.000000
v 3001.646729 5990.200195 0.000000
v 3001.646729 6579.399902 0.000000
v 3001.646729 6579.399902 2250.000000
v 3675.953369 5990.200195 0.000000
v 3675.953369 5990.200195 2250.000000
v 3675.953369 6579.399902 0.000000
v 3675.953369 6579.399902 2250.000000
v 3734.873291 5990.200195 2250.000000
v 3734.873291 5990.200195 0.000000
v 3734.873291 6579.399902 0.000000
v 3734.873291 6579.399902 2250.000000
v 2238.959961 4566.299805 0.000000
v 2238.959961 5990.200195 2300.000000
v 2238.959961 5990.200195 0.000000
v 2238.959961 4566.299805 2300.000000
v 2828.159912 5990.200195 2300.000000
v 2828.159912 4566.299805 0.000000
v 2828.159912 5990.200195 0.000000
v 2828.159912 4566.299805 2300.000000
v 2405.899902 4566.299805 0.000000
v 2405.899902 5990.200195 2250.000000
v 2405.899902 5990.200195 0.000000
v 2405.899902 4566.299805 2250.000000
v 2464.820068 5990.200195 2250.000000
v 2464.820068 4566.299805 0.000000
v 2464.820068 5990.200195 0.000000
v 2464.820068 4566.299805 2250.000000
v 2602.300049 4566.299805 0.000000
v 2602.300049 5990.200195 2250.000000
v 2602.300049 5990.200195 0.000000
v 2602.300049 4566.299805 2250.000000
v 2661.219971 5990.200195 2250.000000
v 2661.219971 4566.299805 0.000000
v 2661.219971 5990.200195 0.000000
v 2661.219971 4566.299805 2250.000000
v 5882.180176 7836.359863 0.000000
v 5882.180176 7836.359863 2300.000000
v 5882.180176 9849.459961 0.000000
v 5882.180176 9849.459961 2300.000000
v 6392.819824 7836.359863 2300.000000
v 6392.819824 7836.359863 0.000000
v 6392.819824 9849.459961 0.000000
v 6392.819824 9849.459961 2300.000000
v 6022.933105 7836.359863 0.000000
v 6022.933105 7836.359863 2250.000000
v 6022.933105 9849.459961 0.000000
v 6022.933105 9849.459961 2250.000000
v 6081.853516 7836.359863 2250.000000
v 6081.853516 7836.359863 0.000000
v 6081.853516 9849.459961 0.000000
v 6081.853516 9849.459961 2250.000000
v 6193.146484 7836.359863 0.000000
v 6193.146484 7836.359863 2250.000000
v 6193.146484 9849.459961 0.000000
v 6193.146484 9849.459961 2250.000000
v 6252.066895 7836.359863 2250.000000
v 6252.066895 7836.359863 0.000000
v 6252.066895 9849.459961 0.000000
v 6252.066895 9849.459961 2250.000000
v 10360.099609 4801.979980 0.000000
v 10360.099609 5420.640137 2300.000000
v 10360.099609 5420.640137 0.000000
v 10360.099609 4801.979980 2300.000000
v 12353.559570 5420.640137 2300.000000
v 12353.559570 4801.979980 0.000000
v 12353.559570 5420.640137 0.000000
v 12353.559570 4801.979980 2300.000000
v 10995.126953 4801.979980 0.000000
v 10995.126953 4801.979980 2250.000000
v 10995.126953 5420.640137 0.000000
v 10995.126953 5420.640137 2250.000000
v 11054.046875 4801.979980 2250.000000
v 11054.046875 4801.979980 0.000000
v 11054.046875 5420.640137 0.000000
v 11054.046875 5420.640137 2250.000000
v 11659.613281 4801.979980 0.000000
v 11659.613281 4801.979980 2250.000000
v 11659.613281 5420.640137 0.000000
v 11659.613281 5420.640137 2250.000000
v 11718.533203 4801.979980 2250.000000
v 11718.533203 4801.979980 0.000000
v 11718.533203 5420.640137 0.000000
v 11718.533203 5420.640137 2250.000000
v 12049.139648 1826.520020 0.000000
v 12049.139648 225.860001 0.000000
v 12049.139648 1826.520020 1100.000000
v 12049.139648 225.860001 1100.000000
v 12353.559570 225.860001 0.000000
v 12353.559570 1826.520020 0.000000
v 12353.559570 1826.520020 1100.000000
v 12353.559570 225.860001 1100.000000
v 2837.979980 225.860001 0.000000
v 2837.979980 677.580017 750.000000
v 2837.979980 677.580017 0.000000
v 2837.979980 225.860001 750.000000
v 4036.020020 677.580017 750.000000
v 4036.020020 225.860001 0.000000
v 4036.020020 677.580017 0.000000
v 4036.020020 225.860001 750.000000
v 9820.000000 235.679993 0.000000
v 9820.000000 834.700012 750.000000
v 9820.000000 834.700012 0.000000
v 9820.000000 235.679993 750.000000
v 11617.059570 834.700012 750.000000
v 11617.059570 235.679993 0.000000
v 11617.059570 834.700012 0.000000
v 11617.059570 235.679993 750.000000
v 6579.399902 5037.660156 0.000000
v 6579.399902 4232.419922 0.000000
v 6579.399902 5037.660156 760.000000
v 6579.399902 4232.419922 760.000000
v 8003.299805 4232.419922 0.000000
v 8003.299805 5037.660156 0.000000
v 8003.299805 5037.660156 760.000000
v 8003.299805 4232.419922 760.000000
v 6785.620117 5106.399902 420.000000
v 6785.620117 5106.399902 510.000000
v 6785.620117 5420.640137 420.000000
v 6785.620117 5420.640137 510.000000
v 7099.859863 5106.399902 510.000000
v 7099.859863 5106.399902 420.000000
v 7099.859863 5420.640137 420.000000
v 7099.859863 5420.640137 510.000000
v 6785.620117 5371.540039 510.000000
v 6785.620117 5450.100098 890.000000
v 6785.620117 5450.100098 510.000000
v 6785.620117 5371.540039 890.000000
v 7099.859863 5450.100098 890.000000
v 7099.859863 5371.540039 510.000000
v 7099.859863 5450.100098 510.000000
v 7099.859863 5371.540039 890.000000
v 7423.919922 5106.399902 420.000000
v 7423.919922 5106.399902 510.000000
v 7423.919922 5420.640137 420.000000
v 7423.919922 5420.640137 510.000000
v 7738.160156 5106.399902 510.000000
v 7738.160156 5106.399902 420.000000
v 7738.160156 5420.640137 420.000000
v 7738.160156 5420.640137 510.000000
v 7423.919922 5371.540039 510.000000
v 7423.919922 5450.100098 890.000000
v 7423.919922 5450.100098 510.000000
v 7423.919922 5371.540039 890.000000
v 7738.160156 5450.100098 890.000000
v 7738.160156 5371.540039 510.000000
v 7738.160156 5450.100098 510.000000
v 7738.160156 5371.540039 890.000000
v 6785.620117 3800.340088 420.000000
v 6785.620117 3800.340088 510.000000
v 6785.620117 4114.580078 420.000000
v 6785.620117 4114.580078 510.000000
v 7099.859863 3800.340088 510.000000
v 7099.859863 3800.340088 420.000000
v 7099.859863 4114.580078 420.000000
v 7099.859863 4114.580078 510.000000
v 6785.620117 3770.879883 510.000000
v 6785.620117 3770.879883 890.000000
v 6785.620117 3849.439941 510.000000
v 6785.620117 3849.439941 890.000000
v 7099.859863 3770.879883 890.000000
v 7099.859863 3770.879883 510.000000
v 7099.859863 3849.439941 510.000000
v 7099.859863 3849.439941 890.000000
v 7423.919922 3800.340088 420.000000
v 7423.919922 3800.340088 510.000000
v 7423.919922 4114.580078 420.000000
v 7423.919922 4114.580078 510.000000
v 7738.160156 3800.340088 510.000000
v 7738.160156 3800.340088 420.000000
v 7738.160156 4114.580078 420.000000
v 7738.160156 4114.580078 510.000000
v 7423.919922 3770.879883 510.000000
v 7423.919922 3770.879883 890.000000
v 7423.919922 3849.439941 510.000000
v 7423.919922 3849.439941 890.000000
v 7738.160156 3770.879883 890.000000
v 7738.160156 3770.879883 510.000000
v 7738.160156 3849.439941 510.000000
v 7738.160156 3849.439941 890.000000
v 8052.399902 225.860001 80.000000
v 8052.399902 225.860001 440.000000
v 8052.399902 2425.540039 80.000000
v 8052.399902 2425.540039 440.000000
v 8955.839844 225.860001 440.000000
v 8955.839844 225.860001 80.000000
v 8955.839844 2425.540039 80.000000
v 8955.839844 2425.540039 440.000000
v 8130.959961 343.700012 440.000000
v 8130.959961 343.700012 610.000000
v 8130.959961 2307.699951 440.000000
v 8130.959961 2307.699951 610.000000
v 8877.280273 343.700012 610.000000
v 8877.280273 343.700012 440.000000
v 8877.280273 2307.699951 440.000000
v 8877.280273 2307.699951 610.000000
v 8818.360352 343.700012 600.000000
v 8818.360352 343.700012 870.000000
v 8818.360352 2307.699951 600.000000
v 8818.360352 2307.699951 870.000000
v 8955.839844 343.700012 870.000000
v 8955.839844 343.700012 600.000000
v 8955.839844 2307.699951 600.000000
v 8955.839844 2307.699951 870.000000
v 8091.680176 2189.860107 500.000000
v 8091.680176 2189.860107 730.000000
v 8091.680176 2327.340088 500.000000
v 8091.680176 2327.340088 730.000000
v 8818.360352 2189.860107 730.000000
v 8818.360352 2189.860107 500.000000
v 8818.360352 2327.340088 500.000000
v 8818.360352 2327.340088 730.000000
v 8091.680176 324.059998 500.000000
v 8091.680176 461.540009 730.000000
v 8091.680176 461.540009 500.000000
v 8091.680176 324.059998 730.000000
v 8818.360352 461.540009 730.000000
v 8818.360352 324.059998 500.000000
v 8818.360352 461.540009 500.000000
v 8818.360352 324.059998 730.000000
v 5813.439941 422.260010 0.000000
v 5813.439941 422.260010 500.000000
v 5813.439941 2229.139893 0.000000
v 5813.439941 2229.139893 500.000000
v 6157.140137 422.260010 500.000000
v 6157.140137 422.260010 0.000000
v 6157.140137 2229.139893 0.000000
v 6157.140137 2229.139893 500.000000
v 5754.520020 707.039978 650.000000
v 5754.520020 707.039978 1550.000000
v 5754.520020 1934.540039 650.000000
v 5754.520020 1934.540039 1550.000000
v 5872.359863 707.039978 1550.000000
v 5872.359863 707.039978 650.000000
v 5872.359863 1934.540039 650.000000
v 5872.359863 1934.540039 1550.000000
v 7070.399902 500.820007 0.000000
v 7070.399902 500.820007 450.000000
v 7070.399902 1394.439941 0.000000
v 7070.399902 1394.439941 450.000000
v 7620.319824 500.820007 450.000000
v 7620.319824 500.820007 0.000000
v 7620.319824 1394.439941 0.000000
v 7620.319824 1394.439941 450.000000
v 8317.540039 2523.739990 0.000000
v 8317.540039 2936.179932 500.000000
v 8317.540039 2936.179932 0.000000
v 8317.540039 2523.739990 500.000000
v 8729.980469 2936.179932 500.000000
v 8729.980469 2523.739990 0.000000
v 8729.980469 2936.179932 0.000000
v 8729.980469 2523.739990 500.000000
v 5793.799805 3584.300049 0.000000
v 5793.799805 3584.300049 2300.000000
v 5793.799805 5567.939941 0.000000
v 5793.799805 5567.939941 2300.000000
v 6196.419922 3584.300049 2300.000000
v 6196.419922 3584.300049 0.000000
v 6196.419922 5567.939941 0.000000
v 6196.419922 5567.939941 2300.000000
v 5793.799805 3584.300049 0.000000
v 5793.799805 2680.860107 0.000000
v 5793.799805 3584.300049 850.000000
v 5793.799805 2680.860107 850.000000
v 6196.419922 2680.860107 0.000000
v 6196.419922 3584.300049 0.000000
v 6196.419922 3584.300049 850.000000
v 6196.419922 2680.860107 850.000000
v 2111.300049 10988.580078 0.000000
v 2111.300049 10988.580078 860.000000
v 2111.300049 11587.599609 0.000000
v 2111.300049 11587.599609 860.000000
v 5685.779785 10988.580078 860.000000
v 5685.779785 10988.580078 0.000000
v 5685.779785 11587.599609 0.000000
v 5685.779785 11587.599609 860.000000
v 2111.300049 11459.940430 860.000000
v 2111.300049 11459.940430 940.000000
v 2111.300049 11587.599609 860.000000
v 2111.300049 11587.599609 940.000000
v 5685.779785 11459.940430 940.000000
v 5685.779785 11459.940430 860.000000
v 5685.779785 11587.599609 860.000000
v 5685.779785 11587.599609 940.000000
v 2111.300049 10978.759766 0.000000
v 2111.300049 10085.139648 0.000000
v 2111.300049 10978.759766 850.000000
v 2111.300049 10085.139648 850.000000
v 2808.520020 10085.139648 0.000000
v 2808.520020 10978.759766 0.000000
v 2808.520020 10978.759766 850.000000
v 2808.520020 10085.139648 850.000000
v 3240.600098 11106.419922 940.000000
v 3240.600098 11106.419922 975.000000
v 3240.600098 11479.580078 940.000000
v 3240.600098 11479.580078 975.000000
v 4075.300049 11106.419922 975.000000
v 4075.300049 11106.419922 940.000000
v 4075.300049 11479.580078 940.000000
v 4075.300049 11479.580078 975.000000
v 4811.799805 11509.040039 940.000000
v 4811.799805 11086.780273 940.000000
v 4811.799805 11509.040039 975.000000
v 4811.799805 11086.780273 975.000000
v 5518.839844 11086.780273 940.000000
v 5518.839844 11509.040039 940.000000
v 5518.839844 11509.040039 975.000000
v 5518.839844 11086.780273 975.000000
v 3849.439941 9073.679688 0.000000
v 3849.439941 9967.299805 1950.000000
v 3849.439941 9967.299805 0.000000
v 3849.439941 9073.679688 1950.000000
v 4468.100098 9967.299805 1950.000000
v 4468.100098 9073.679688 0.000000
v 4468.100098 9967.299805 0.000000
v 4468.100098 9073.679688 1950.000000
v 3849.439941 9073.679688 2000.000000
v 3849.439941 9073.679688 2450.000000
v 3849.439941 9967.299805 2000.000000
v 3849.439941 9967.299805 2450.000000
v 4468.100098 9073.679688 2450.000000
v 4468.100098 9073.679688 2000.000000
v 4468.100098 9967.299805 2000.000000
v 4468.100098 9967.299805 2450.000000
v 3849.439941 8386.280273 0.000000
v 3849.439941 9073.679688 2300.000000
v 3849.439941 9073.679688 0.000000
v 3849.439941 8386.280273 2300.000000
v 4468.100098 9073.679688 2300.000000
v 4468.100098 8386.280273 0.000000
v 4468.100098 9073.679688 0.000000
v 4468.100098 8386.280273 2300.000000
v 4448.459961 9034.400391 1250.000000
v 4448.459961 8425.559570 1250.000000
v 4448.459961 9034.400391 1845.000000
v 4448.459961 8425.559570 1845.000000
v 4468.100098 8425.559570 1250.000000
v 4468.100098 9034.400391 1250.000000
v 4468.100098 9034.400391 1845.000000
v 4468.100098 8425.559570 1845.000000
v 4448.459961 9034.400391 550.000000
v 4448.459961 8425.559570 550.000000
v 4448.459961 9034.400391 1145.000000
v 4448.459961 8425.559570 1145.000000
v 4468.100098 8425.559570 550.000000
v 4468.100098 9034.400391 550.000000
v 4468.100098 9034.400391 1145.000000
v 4468.100098 8425.559570 1145.000000
v 3849.439941 9073.679688 2300.000000
v 3849.439941 8386.280273 2300.000000
v 3849.439941 9073.679688 2600.000000
v 3849.439941 8386.280273 2600.000000
v 4468.100098 8386.280273 2300.000000
v 4468.100098 9073.679688 2300.000000
v 4468.100098 9073.679688 2600.000000
v 4468.100098 8386.280273 2600.000000
v 3849.439941 7669.419922 0.000000
v 3849.439941 7669.419922 1900.000000
v 3849.439941 8386.280273 0.000000
v 3849.439941 8386.280273 1900.000000
v 4468.100098 7669.419922 1900.000000
v 4468.100098 7669.419922 0.000000
v 4468.100098 8386.280273 0.000000
v 4468.100098 8386.280273 1900.000000
v 4448.459961 7708.700195 100.000000
v 4448.459961 7708.700195 950.000000
v 4448.459961 8347.000000 100.000000
v 4448.459961 8347.000000 950.000000
v 4468.100098 7708.700195 950.000000
v 4468.100098 7708.700195 100.000000
v 4468.100098 8347.000000 100.000000
v 4468.100098 8347.000000 950.000000
v 4448.459961 7708.700195 1000.000000
v 4448.459961 7708.700195 1850.000000
v 4448.459961 8347.000000 1000.000000
v 4448.459961 8347.000000 1850.000000
v 4468.100098 7708.700195 1850.000000
v 4468.100098 7708.700195 1000.000000
v 4468.100098 8347.000000 1000.000000
v 4468.100098 8347.000000 1850.000000
v 3849.439941 7669.419922 1950.000000
v 3849.439941 7669.419922 2450.000000
v 3849.439941 8386.280273 1950.000000
v 3849.439941 8386.280273 2450.000000
v 4468.100098 7669.419922 2450.000000
v 4468.100098 7669.419922 1950.000000
v 4468.100098 8386.280273 1950.000000
v 4468.100098 8386.280273 2450.000000
v 235.679993 7649.779785 80.000000
v 235.679993 6952.560059 80.000000
v 235.679993 7649.779785 600.000000
v 235.679993 6952.560059 600.000000
v 1738.140015 6952.560059 80.000000
v 1738.140015 7649.779785 80.000000
v 1738.140015 7649.779785 600.000000
v 1738.140015 6952.560059 600.000000
v 382.980011 7531.939941 560.000000
v 382.980011 7070.399902 560.000000
v 382.980011 7531.939941 640.000000
v 382.980011 7070.399902 640.000000
v 1590.839966 7070.399902 560.000000
v 1590.839966 7531.939941 560.000000
v 1590.839966 7531.939941 640.000000
v 1590.839966 7070.399902 640.000000
v 274.959991 5943.751465 380.000000
v 274.959991 6225.879883 820.000000
v 274.959991 6225.879883 380.000000
v 274.959991 5943.751465 820.000000
v 512.949646 6225.879883 820.000000
v 512.949646 5943.751465 380.000000
v 512.949646 6225.879883 380.000000
v 512.949646 5943.751465 820.000000
v 445.670868 5963.391602 60.000000
v 445.670868 6206.240234 400.000000
v 445.670868 6206.240234 60.000000
v 445.670868 5963.391602 400.000000
v 851.653259 6206.240234 400.000000
v 851.653259 5963.391602 60.000000
v 851.653259 6206.240234 60.000000
v 851.653259 5963.391602 400.000000
v 972.926636 6090.868164 400.000000
v 973.077576 6084.815918 400.000000
v 973.077576 6084.815918 60.000000
v 972.926636 6090.868164 60.000000
v 972.474182 6096.905762 60.000000
v 972.474182 6096.905762 400.000000
v 971.721313 6102.913086 60.000000
v 971.721313 6102.913086 400.000000
v 970.669983 6108.875488 400.000000
v 970.669983 6108.875488 60.000000
v 969.322754 6114.777832 60.000000
v 969.322754 6114.777832 400.000000
v 967.682983 6120.605957 400.000000
v 967.682983 6120.605957 60.000000
v 965.754761 6126.345215 60.000000
v 965.754761 6126.345215 400.000000
v 963.542847 6131.980957 400.000000
v 963.542847 6131.980957 60.000000
v 961.052734 6137.499512 400.000000
v 961.052734 6137.499512 60.000000
v 958.290710 6142.887207 400.000000
v 958.290710 6142.887207 60.000000
v 955.263489 6148.130371 400.000000
v 955.263489 6148.130371 60.000000
v 951.978699 6153.216309 60.000000
v 951.978699 6153.216309 400.000000
v 948.444519 6158.132324 400.000000
v 948.444519 6158.132324 60.000000
v 944.669678 6162.865723 60.000000
v 944.669678 6162.865723 400.000000
v 940.663574 6167.405273 400.000000
v 940.663574 6167.405273 60.000000
v 936.436157 6171.739258 400.000000
v 936.436157 6171.739258 60.000000
v 931.997986 6175.857422 60.000000
v 931.997986 6175.857422 400.000000
v 927.360046 6179.749023 400.000000
v 927.360046 6179.749023 60.000000
v 922.533936 6183.404785 60.000000
v 922.533936 6183.404785 400.000000
v 917.531555 6186.815430 60.000000
v 917.531555 6186.815430 400.000000
v 912.365417 6189.972168 60.000000
v 912.365417 6189.972168 400.000000
v 907.048279 6192.867676 400.000000
v 907.048279 6192.867676 60.000000
v 901.593506 6195.494629 400.000000
v 901.593506 6195.494629 60.000000
v 896.014526 6197.846191 400.000000
v 896.014526 6197.846191 60.000000
v 890.325256 6199.916992 400.000000
v 890.325256 6199.916992 60.000000
v 884.539856 6201.701660 400.000000
v 884.539856 6201.701660 60.000000
v 878.672668 6203.195801 60.000000
v 878.672668 6203.195801 400.000000
v 872.738342 6204.395508 400.000000
v 872.738342 6204.395508 60.000000
v 866.751587 6205.297852 400.000000
v 866.751587 6205.297852 60.000000
v 860.727295 6205.900391 400.000000
v 860.727295 6205.900391 60.000000
v 854.680420 6206.202148 400.000000
v 854.680420 6206.202148 60.000000
v 848.626038 6206.202148 400.000000
v 848.626038 6206.202148 60.000000
v 842.579224 6205.900391 400.000000
v 842.579224 6205.900391 60.000000
v 836.554871 6205.297852 60.000000
v 836.554871 6205.297852 400.000000
v 830.568115 6204.395508 400.000000
v 830.568115 6204.395508 60.000000
v 824.633789 6203.195801 400.000000
v 824.633789 6203.195801 60.000000
v 818.766663 6201.701660 400.000000
v 818.766663 6201.701660 60.000000
v 812.981201 6199.916992 400.000000
v 812.981201 6199.916992 60.000000
v 807.291992 6197.846191 400.000000
v 807.291992 6197.846191 60.000000
v 801.713013 6195.494629 400.000000
v 801.713013 6195.494629 60.000000
v 796.258179 6192.867676 400.000000
v 796.258179 6192.867676 60.000000
v 790.941101 6189.972168 60.000000
v 790.941101 6189.972168 400.000000
v 785.774963 6186.815430 400.000000
v 785.774963 6186.815430 60.000000
v 780.772583 6183.404785 400.000000
v 780.772583 6183.404785 60.000000
v 775.946411 6179.749023 400.000000
v 775.946411 6179.749023 60.000000
v 771.308533 6175.857422 400.000000
v 771.308533 6175.857422 60.000000
v 766.870361 6171.739258 400.000000
v 766.870361 6171.739258 60.000000
v 762.642944 6167.405273 60.000000
v 762.642944 6167.405273 400.000000
v 758.636841 6162.865723 400.000000
v 758.636841 6162.865723 60.000000
v 754.862000 6158.132324 400.000000
v 754.862000 6158.132324 60.000000
v 751.327759 6153.216309 60.000000
v 751.327759 6153.216309 400.000000
v 748.043030 6148.130371 60.000000
v 748.043030 6148.130371 400.000000
v 745.015808 6142.887207 400.000000
v 745.015808 6142.887207 60.000000
v 742.253723 6137.499512 400.000000
v 742.253723 6137.499512 60.000000
v 739.763672 6131.980957 60.000000
v 739.763672 6131.980957 400.000000
v 737.551758 6126.345215 400.000000
v 737.551758 6126.345215 60.000000
v 735.623474 6120.605957 400.000000
v 735.623474 6120.605957 60.000000
v 733.983704 6114.777832 400.000000
v 733.983704 6114.777832 60.000000
v 732.636475 6108.875488 400.000000
v 732.636475 6108.875488 60.000000
v 731.585144 6102.913086 60.000000
v 731.585144 6102.913086 400.000000
v 730.832336 6096.905762 60.000000
v 730.832336 6096.905762 400.000000
v 730.379883 6090.868164 400.000000
v 730.379883 6090.868164 60.000000
v 730.228943 6084.815918 60.000000
v 730.228943 6084.815918 400.000000
v 730.379883 6078.763184 400.000000
v 730.379883 6078.763184 60.000000
v 730.832336 6072.725586 400.000000
v 730.832336 6072.725586 60.000000
v 731.585144 6066.718262 400.000000
v 731.585144 6066.718262 60.000000
v 732.636475 6060.755859 60.000000
v 732.636475 6060.755859 400.000000
v 733.983704 6054.853516 400.000000
v 733.983704 6054.853516 60.000000
v 735.623474 6049.025391 400.000000
v 735.623474 6049.025391 60.000000
v 737.551758 6043.286133 400.000000
v 737.551758 6043.286133 60.000000
v 739.763672 6037.650391 400.000000
v 739.763672 6037.650391 60.000000
v 742.253723 6032.131836 400.000000
v 742.253723 6032.131836 60.000000
v 745.015808 6026.744141 400.000000
v 745.015808 6026.744141 60.000000
v 748.043030 6021.500977 60.000000
v 748.043030 6021.500977 400.000000
v 751.327759 6016.415039 400.000000
v 751.327759 6016.415039 60.000000
v 754.862000 6011.499023 400.000000
v 754.862000 6011.499023 60.000000
v 758.636841 6006.765625 400.000000
v 758.636841 6006.765625 60.000000
v 762.642944 6002.226074 400.000000
v 762.642944 6002.226074 60.000000
v 766.870361 5997.892090 400.000000
v 766.870361 5997.892090 60.000000
v 771.308533 5993.773926 60.000000
v 771.308533 5993.773926 400.000000
v 775.946411 5989.882324 60.000000
v 775.946411 5989.882324 400.000000
v 780.772583 5986.226562 400.000000
v 780.772583 5986.226562 60.000000
v 785.774963 5982.815918 400.000000
v 785.774963 5982.815918 60.000000
v 790.941101 5979.659180 400.000000
v 790.941101 5979.659180 60.000000
v 796.258179 5976.763672 400.000000
v 796.258179 5976.763672 60.000000
v 801.713013 5974.136719 60.000000
v 801.713013 5974.136719 400.000000
v 807.291992 5971.785156 400.000000
v 807.291992 5971.785156 60.000000
v 812.981201 5969.714355 400.000000
v 812.981201 5969.714355 60.000000
v 818.766663 5967.929688 400.000000
v 818.766663 5967.929688 60.000000
v 824.633789 5966.435547 60.000000
v 824.633789 5966.435547 400.000000
v 830.568115 5965.236328 400.000000
v 830.568115 5965.236328 60.000000
v 836.554871 5964.333984 400.000000
v 836.554871 5964.333984 60.000000
v 842.579224 5963.730957 60.000000
v 842.579224 5963.730957 400.000000
v 848.626038 5963.429199 60.000000
v 848.626038 5963.429199 400.000000
v 854.680420 5963.429199 400.000000
v 854.680420 5963.429199 60.000000
v 860.727295 5963.730957 400.000000
v 860.727295 5963.730957 60.000000
v 866.751587 5964.333984 400.000000
v 866.751587 5964.333984 60.000000
v 872.738342 5965.236328 400.000000
v 872.738342 5965.236328 60.000000
v 878.672668 5966.435547 60.000000
v 878.672668 5966.435547 400.000000
v 884.539856 5967.929688 400.000000
v 884.539856 5967.929688 60.000000
v 890.325256 5969.714355 400.000000
v 890.325256 5969.714355 60.000000
v 896.014526 5971.785156 400.000000
v 896.014526 5971.785156 60.000000
v 901.593506 5974.136719 400.000000
v 901.593506 5974.136719 60.000000
v 907.048279 5976.763672 60.000000
v 907.048279 5976.763672 400.000000
v 912.365417 5979.659180 400.000000
v 912.365417 5979.659180 60.000000
v 917.531555 5982.815918 60.000000
v 917.531555 5982.815918 400.000000
v 922.533936 5986.226562 60.000000
v 922.533936 5986.226562 400.000000
v 927.360046 5989.882324 400.000000
v 927.360046 5989.882324 60.000000
v 931.997986 5993.773926 400.000000
v 931.997986 5993.773926 60.000000
v 936.436157 5997.892090 400.000000
v 936.436157 5997.892090 60.000000
v 940.663574 6002.226074 400.000000
v 940.663574 6002.226074 60.000000
v 944.669678 6006.765625 60.000000
v 944.669678 6006.765625 400.000000
v 948.444519 6011.499023 400.000000
v 948.444519 6011.499023 60.000000
v 951.978699 6016.415039 60.000000
v 951.978699 6016.415039 400.000000
v 955.263489 6021.500977 400.000000
v 955.263489 6021.500977 60.000000
v 958.290710 6026.744141 400.000000
v 958.290710 6026.744141 60.000000
v 961.052734 6032.131836 400.000000
v 961.052734 6032.131836 60.000000
v 963.542847 6037.650391 400.000000
v 963.542847 6037.650391 60.000000
v 965.754761 6043.286133 60.000000
v 965.754761 6043.286133 400.000000
v 967.682983 6049.025391 400.000000
v 967.682983 6049.025391 60.000000
v 969.322754 6054.853516 400.000000
v 969.322754 6054.853516 60.000000
v 970.669983 6060.755859 400.000000
v 970.669983 6060.755859 60.000000
v 971.721313 6066.718262 400.000000
v 971.721313 6066.718262 60.000000
v 972.474182 6072.725586 60.000000
v 972.474182 6072.725586 400.000000
v 972.926636 6078.763184 400.000000
v 972.926636 6078.763184 60.000000
v 487.669067 5983.031250 400.000000
v 487.669067 5983.031250 435.000000
v 487.669067 6186.600098 400.000000
v 487.669067 6186.600098 435.000000
v 837.653870 5983.031250 435.000000
v 837.653870 5983.031250 400.000000
v 837.653870 6186.600098 400.000000
v 837.653870 6186.600098 435.000000
v 2278.239990 8202.351562 380.000000
v 2278.239990 8484.480469 820.000000
v 2278.239990 8484.480469 380.000000
v 2278.239990 8202.351562 820.000000
v 2516.229736 8484.480469 820.000000
v 2516.229736 8202.351562 380.000000
v 2516.229736 8484.480469 380.000000
v 2516.229736 8202.351562 820.000000
v 2448.950928 8221.991211 60.000000
v 2448.950928 8221.991211 400.000000
v 2448.950928 8464.839844 60.000000
v 2448.950928 8464.839844 400.000000
v 2854.933350 8221.991211 400.000000
v 2854.933350 8221.991211 60.000000
v 2854.933350 8464.839844 60.000000
v 2854.933350 8464.839844 400.000000
v 2976.206543 8349.467773 400.000000
v 2976.357666 8343.416016 400.000000
v 2976.357666 8343.416016 60.000000
v 2976.206543 8349.467773 60.000000
v 2975.754150 8355.505859 60.000000
v 2975.754150 8355.505859 400.000000
v 2975.001221 8361.512695 60.000000
v 2975.001221 8361.512695 400.000000
v 2973.949951 8367.475586 400.000000
v 2973.949951 8367.475586 60.000000
v 2972.602783 8373.377930 60.000000
v 2972.602783 8373.377930 400.000000
v 2970.962891 8379.206055 400.000000
v 2970.962891 8379.206055 60.000000
v 2969.034668 8384.945312 60.000000
v 2969.034668 8384.945312 400.000000
v 2966.822754 8390.581055 400.000000
v 2966.822754 8390.581055 60.000000
v 2964.332764 8396.099609 400.000000
v 2964.332764 8396.099609 60.000000
v 2961.570801 8401.487305 400.000000
v 2961.570801 8401.487305 60.000000
v 2958.543457 8406.730469 400.000000
v 2958.543457 8406.730469 60.000000
v 2955.258789 8411.816406 60.000000
v 2955.258789 8411.816406 400.000000
v 2951.724609 8416.732422 400.000000
v 2951.724609 8416.732422 60.000000
v 2947.949707 8421.465820 60.000000
v 2947.949707 8421.465820 400.000000
v 2943.943604 8426.004883 400.000000
v 2943.943604 8426.004883 60.000000
v 2939.716064 8430.338867 400.000000
v 2939.716064 8430.338867 60.000000
v 2935.278076 8434.457031 60.000000
v 2935.278076 8434.457031 400.000000
v 2930.640137 8438.348633 400.000000
v 2930.640137 8438.348633 60.000000
v 2925.813965 8442.004883 60.000000
v 2925.813965 8442.004883 400.000000
v 2920.811523 8445.415039 60.000000
v 2920.811523 8445.415039 400.000000
v 2915.645508 8448.572266 60.000000
v 2915.645508 8448.572266 400.000000
v 2910.328369 8451.467773 400.000000
v 2910.328369 8451.467773 60.000000
v 2904.873535 8454.094727 400.000000
v 2904.873535 8454.094727 60.000000
v 2899.294434 8456.446289 400.000000
v 2899.294434 8456.446289 60.000000
v 2893.605225 8458.517578 400.000000
v 2893.605225 8458.517578 60.000000
v 2887.819824 8460.301758 400.000000
v 2887.819824 8460.301758 60.000000
v 2881.952637 8461.795898 60.000000
v 2881.952637 8461.795898 400.000000
v 2876.018311 8462.995117 400.000000
v 2876.018311 8462.995117 60.000000
v 2870.031494 8463.897461 400.000000
v 2870.031494 8463.897461 60.000000
v 2864.007324 8464.500000 400.000000
v 2864.007324 8464.500000 60.000000
v 2857.960449 8464.802734 400.000000
v 2857.960449 8464.802734 60.000000
v 2851.906006 8464.802734 400.000000
v 2851.906006 8464.802734 60.000000
v 2845.859131 8464.500000 400.000000
v 2845.859131 8464.500000 60.000000
v 2839.834961 8463.897461 60.000000
v 2839.834961 8463.897461 400.000000
v 2833.848145 8462.995117 400.000000
v 2833.848145 8462.995117 60.000000
v 2827.913818 8461.795898 400.000000
v 2827.913818 8461.795898 60.000000
v 2822.046631 8460.301758 400.000000
v 2822.046631 8460.301758 60.000000
v 2816.261230 8458.517578 400.000000
v 2816.261230 8458.517578 60.000000
v 2810.572021 8456.446289 400.000000
v 2810.572021 8456.446289 60.000000
v 2804.992920 8454.094727 400.000000
v 2804.992920 8454.094727 60.000000
v 2799.538086 8451.467773 400.000000
v 2799.538086 8451.467773 60.000000
v 2794.221191 8448.572266 60.000000
v 2794.221191 8448.572266 400.000000
v 2789.054932 8445.415039 400.000000
v 2789.054932 8445.415039 60.000000
v 2784.052490 8442.004883 400.000000
v 2784.052490 8442.004883 60.000000
v 2779.226318 8438.348633 400.000000
v 2779.226318 8438.348633 60.000000
v 2774.588623 8434.457031 400.000000
v 2774.588623 8434.457031 60.000000
v 2770.150391 8430.338867 400.000000
v 2770.150391 8430.338867 60.000000
v 2765.922852 8426.004883 60.000000
v 2765.922852 8426.004883 400.000000
v 2761.916748 8421.465820 400.000000
v 2761.916748 8421.465820 60.000000
v 2758.142090 8416.732422 400.000000
v 2758.142090 8416.732422 60.000000
v 2754.607666 8411.816406 60.000000
v 2754.607666 8411.816406 400.000000
v 2751.322998 8406.730469 60.000000
v 2751.322998 8406.730469 400.000000
v 2748.295898 8401.487305 400.000000
v 2748.295898 8401.487305 60.000000
v 2745.533691 8396.099609 400.000000
v 2745.533691 8396.099609 60.000000
v 2743.043701 8390.581055 60.000000
v 2743.043701 8390.581055 400.000000
v 2740.831787 8384.945312 400.000000
v 2740.831787 8384.945312 60.000000
v 2738.903564 8379.206055 400.000000
v 2738.903564 8379.206055 60.000000
v 2737.263672 8373.377930 400.000000
v 2737.263672 8373.377930 60.000000
v 2735.916504 8367.475586 400.000000
v 2735.916504 8367.475586 60.000000
v 2734.865234 8361.512695 60.000000
v 2734.865234 8361.512695 400.000000
v 2734.112305 8355.505859 60.000000
v 2734.112305 8355.505859 400.000000
v 2733.659912 8349.467773 400.000000
v 2733.659912 8349.467773 60.000000
v 2733.509033 8343.416016 60.000000
v 2733.509033 8343.416016 400.000000
v 2733.659912 8337.363281 400.000000
v 2733.659912 8337.363281 60.000000
v 2734.112305 8331.326172 400.000000
v 2734.112305 8331.326172 60.000000
v 2734.865234 8325.318359 400.000000
v 2734.865234 8325.318359 60.000000
v 2735.916504 8319.355469 60.000000
v 2735.916504 8319.355469 400.000000
v 2737.263672 8313.453125 400.000000
v 2737.263672 8313.453125 60.000000
v 2738.903564 8307.625000 400.000000
v 2738.903564 8307.625000 60.000000
v 2740.831787 8301.885742 400.000000
v 2740.831787 8301.885742 60.000000
v 2743.043701 8296.250000 400.000000
v 2743.043701 8296.250000 60.000000
v 2745.533691 8290.731445 400.000000
v 2745.533691 8290.731445 60.000000
v 2748.295898 8285.343750 400.000000
v 2748.295898 8285.343750 60.000000
v 2751.322998 8280.100586 60.000000
v 2751.322998 8280.100586 400.000000
v 2754.607666 8275.014648 400.000000
v 2754.607666 8275.014648 60.000000
v 2758.142090 8270.099609 400.000000
v 2758.142090 8270.099609 60.000000
v 2761.916748 8265.365234 400.000000
v 2761.916748 8265.365234 60.000000
v 2765.922852 8260.826172 400.000000
v 2765.922852 8260.826172 60.000000
v 2770.150391 8256.492188 400.000000
v 2770.150391 8256.492188 60.000000
v 2774.588623 8252.374023 60.000000
v 2774.588623 8252.374023 400.000000
v 2779.226318 8248.482422 60.000000
v 2779.226318 8248.482422 400.000000
v 2784.052490 8244.827148 400.000000
v 2784.052490 8244.827148 60.000000
v 2789.054932 8241.416016 400.000000
v 2789.054932 8241.416016 60.000000
v 2794.221191 8238.258789 400.000000
v 2794.221191 8238.258789 60.000000
v 2799.538086 8235.363281 400.000000
v 2799.538086 8235.363281 60.000000
v 2804.992920 8232.736328 60.000000
v 2804.992920 8232.736328 400.000000
v 2810.572021 8230.384766 400.000000
v 2810.572021 8230.384766 60.000000
v 2816.261230 8228.314453 400.000000
v 2816.261230 8228.314453 60.000000
v 2822.046631 8226.529297 400.000000
v 2822.046631 8226.529297 60.000000
v 2827.913818 8225.036133 60.000000
v 2827.913818 8225.036133 400.000000
v 2833.848145 8223.835938 400.000000
v 2833.848145 8223.835938 60.000000
v 2839.834961 8222.933594 400.000000
v 2839.834961 8222.933594 60.000000
v 2845.859131 8222.331055 60.000000
v 2845.859131 8222.331055 400.000000
v 2851.906006 8222.029297 60.000000
v 2851.906006 8222.029297 400.000000
v 2857.960449 8222.029297 400.000000
v 2857.960449 8222.029297 60.000000
v 2864.007324 8222.331055 400.000000
v 2864.007324 8222.331055 60.000000
v 2870.031494 8222.933594 400.000000
v 2870.031494 8222.933594 60.000000
v 2876.018311 8223.835938 400.000000
v 2876.018311 8223.835938 60.000000
v 2881.952637 8225.036133 60.000000
v 2881.952637 8225.036133 400.000000
v 2887.819824 8226.529297 400.000000
v 2887.819824 8226.529297 60.000000
v 2893.605225 8228.314453 400.000000
v 2893.605225 8228.314453 60.000000
v 2899.294434 8230.384766 400.000000
v 2899.294434 8230.384766 60.000000
v 2904.873535 8232.736328 400.000000
v 2904.873535 8232.736328 60.000000
v 2910.328369 8235.363281 60.000000
v 2910.328369 8235.363281 400.000000
v 2915.645508 8238.258789 400.000000
v 2915.645508 8238.258789 60.000000
v 2920.811523 8241.416016 60.000000
v 2920.811523 8241.416016 400.000000
v 2925.813965 8244.827148 60.000000
v 2925.813965 8244.827148 400.000000
v 2930.640137 8248.482422 400.000000
v 2930.640137 8248.482422 60.000000
v 2935.278076 8252.374023 400.000000
v 2935.278076 8252.374023 60.000000
v 2939.716064 8256.492188 400.000000
v 2939.716064 8256.492188 60.000000
v 2943.943604 8260.826172 400.000000
v 2943.943604 8260.826172 60.000000
v 2947.949707 8265.365234 60.000000
v 2947.949707 8265.365234 400.000000
v 2951.724609 8270.099609 400.000000
v 2951.724609 8270.099609 60.000000
v 2955.258789 8275.014648 60.000000
v 2955.258789 8275.014648 400.000000
v 2958.543457 8280.100586 400.000000
v 2958.543457 8280.100586 60.000000
v 2961.570801 8285.343750 400.000000
v 2961.570801 8285.343750 60.000000
v 2964.332764 8290.731445 400.000000
v 2964.332764 8290.731445 60.000000
v 2966.822754 8296.250000 400.000000
v 2966.822754 8296.250000 60.000000
v 2969.034668 8301.885742 60.000000
v 2969.034668 8301.885742 400.000000
v 2970.962891 8307.625000 400.000000
v 2970.962891 8307.625000 60.000000
v 2972.602783 8313.453125 400.000000
v 2972.602783 8313.453125 60.000000
v 2973.949951 8319.355469 400.000000
v 2973.949951 8319.355469 60.000000
v 2975.001221 8325.318359 400.000000
v 2975.001221 8325.318359 60.000000
v 2975.754150 8331.326172 60.000000
v 2975.754150 8331.326172 400.000000
v 2976.206543 8337.363281 400.000000
v 2976.206543 8337.363281 60.000000
v 2490.948975 8241.631836 400.000000
v 2490.948975 8241.631836 435.000000
v 2490.948975 8445.200195 400.000000
v 2490.948975 8445.200195 435.000000
v 2840.933838 8241.631836 435.000000
v 2840.933838 8241.631836 400.000000
v 2840.933838 8445.200195 400.000000
v 2840.933838 8445.200195 435.000000
v 235.679993 5007.217773 0.000000
v 235.679993 5607.220215 820.000000
v 235.679993 5607.220215 0.000000
v 235.679993 5007.217773 820.000000
v 735.714417 5607.220215 820.000000
v 735.714417 5007.217773 0.000000
v 735.714417 5607.220215 0.000000
v 735.714417 5007.217773 820.000000
v 284.779999 5056.317871 820.000000
v 284.779999 5056.317871 905.000000
v 284.779999 5558.120117 820.000000
v 284.779999 5558.120117 905.000000
v 686.614380 5056.317871 905.000000
v 686.614380 5056.317871 820.000000
v 686.614380 5558.120117 820.000000
v 686.614380 5558.120117 905.000000
v 501.677307 5488.017090 1325.000000
v 501.697205 5487.219727 1325.000000
v 501.697205 5487.219727 905.000000
v 501.677307 5488.017090 905.000000
v 501.617706 5488.812500 1325.000000
v 501.617706 5488.812500 905.000000
v 501.518494 5489.604492 905.000000
v 501.518494 5489.604492 1325.000000
v 501.379974 5490.390137 905.000000
v 501.379974 5490.390137 1325.000000
v 501.202423 5491.167480 1325.000000
v 501.202423 5491.167480 905.000000
v 500.986359 5491.935547 905.000000
v 500.986359 5491.935547 1325.000000
v 500.732269 5492.691895 905.000000
v 500.732269 5492.691895 1325.000000
v 500.440826 5493.434570 1325.000000
v 500.440826 5493.434570 905.000000
v 500.112701 5494.161621 1325.000000
v 500.112701 5494.161621 905.000000
v 499.748749 5494.871582 1325.000000
v 499.748749 5494.871582 905.000000
v 499.349854 5495.562500 1325.000000
v 499.349854 5495.562500 905.000000
v 498.917023 5496.232910 1325.000000
v 498.917023 5496.232910 905.000000
v 498.451324 5496.880371 1325.000000
v 498.451324 5496.880371 905.000000
v 497.953918 5497.504395 1325.000000
v 497.953918 5497.504395 905.000000
v 497.426025 5498.102539 905.000000
v 497.426025 5498.102539 1325.000000
v 496.868988 5498.673340 1325.000000
v 496.868988 5498.673340 905.000000
v 496.284180 5499.216309 905.000000
v 496.284180 5499.216309 1325.000000
v 495.673035 5499.729004 1325.000000
v 495.673035 5499.729004 905.000000
v 495.037109 5500.210449 1325.000000
v 495.037109 5500.210449 905.000000
v 494.377930 5500.660156 1325.000000
v 494.377930 5500.660156 905.000000
v 493.697205 5501.076172 1325.000000
v 493.697205 5501.076172 905.000000
v 492.996582 5501.457520 1325.000000
v 492.996582 5501.457520 905.000000
v 492.277802 5501.803711 1325.000000
v 492.277802 5501.803711 905.000000
v 491.542664 5502.113770 905.000000
v 491.542664 5502.113770 1325.000000
v 490.792999 5502.386230 1325.000000
v 490.792999 5502.386230 905.000000
v 490.030640 5502.621582 1325.000000
v 490.030640 5502.621582 905.000000
v 489.257538 5502.818359 905.000000
v 489.257538 5502.818359 1325.000000
v 488.475586 5502.976562 905.000000
v 488.475586 5502.976562 1325.000000
v 487.686707 5503.095215 1325.000000
v 487.686707 5503.095215 905.000000
v 486.892883 5503.174805 1325.000000
v 486.892883 5503.174805 905.000000
v 486.096100 5503.214844 1325.000000
v 486.096100 5503.214844 905.000000
v 485.298309 5503.214844 1325.000000
v 485.298309 5503.214844 905.000000
v 484.501526 5503.174805 905.000000
v 484.501526 5503.174805 1325.000000
v 483.707703 5503.095215 905.000000
v 483.707703 5503.095215 1325.000000
v 482.918823 5502.976562 1325.000000
v 482.918823 5502.976562 905.000000
v 482.136871 5502.818359 1325.000000
v 482.136871 5502.818359 905.000000
v 481.363739 5502.621582 1325.000000
v 481.363739 5502.621582 905.000000
v 480.601410 5502.386230 1325.000000
v 480.601410 5502.386230 905.000000
v 479.851746 5502.113770 905.000000
v 479.851746 5502.113770 1325.000000
v 479.116608 5501.803711 1325.000000
v 479.116608 5501.803711 905.000000
v 478.397827 5501.457520 905.000000
v 478.397827 5501.457520 1325.000000
v 477.697205 5501.076172 1325.000000
v 477.697205 5501.076172 905.000000
v 477.016449 5500.660156 1325.000000
v 477.016449 5500.660156 905.000000
v 476.357300 5500.210449 1325.000000
v 476.357300 5500.210449 905.000000
v 475.721375 5499.729004 1325.000000
v 475.721375 5499.729004 905.000000
v 475.110229 5499.216309 1325.000000
v 475.110229 5499.216309 905.000000
v 474.525421 5498.673340 1325.000000
v 474.525421 5498.673340 905.000000
v 473.968384 5498.102539 1325.000000
v 473.968384 5498.102539 905.000000
v 473.440491 5497.504395 905.000000
v 473.440491 5497.504395 1325.000000
v 472.943085 5496.880371 1325.000000
v 472.943085 5496.880371 905.000000
v 472.477386 5496.232910 1325.000000
v 472.477386 5496.232910 905.000000
v 472.044556 5495.562500 905.000000
v 472.044556 5495.562500 1325.000000
v 471.645660 5494.871582 1325.000000
v 471.645660 5494.871582 905.000000
v 471.281708 5494.161621 1325.000000
v 471.281708 5494.161621 905.000000
v 470.953583 5493.434570 905.000000
v 470.953583 5493.434570 1325.000000
v 470.662109 5492.691895 1325.000000
v 470.662109 5492.691895 905.000000
v 470.408020 5491.935547 1325.000000
v 470.408020 5491.935547 905.000000
v 470.191956 5491.167480 1325.000000
v 470.191956 5491.167480 905.000000
v 470.014435 5490.390137 905.000000
v 470.014435 5490.390137 1325.000000
v 469.875916 5489.604492 905.000000
v 469.875916 5489.604492 1325.000000
v 469.776703 5488.812500 1325.000000
v 469.776703 5488.812500 905.000000
v 469.717102 5488.017090 1325.000000
v 469.717102 5488.017090 905.000000
v 469.697205 5487.219727 1325.000000
v 469.697205 5487.219727 905.000000
v 469.717102 5486.421875 1325.000000
v 469.717102 5486.421875 905.000000
v 469.776703 5485.626465 905.000000
v 469.776703 5485.626465 1325.000000
v 469.875916 5484.834961 1325.000000
v 469.875916 5484.834961 905.000000
v 470.014435 5484.049316 905.000000
v 470.014435 5484.049316 1325.000000
v 470.191956 5483.271484 1325.000000
v 470.191956 5483.271484 905.000000
v 470.408020 5482.503418 905.000000
v 470.408020 5482.503418 1325.000000
v 470.662109 5481.747070 1325.000000
v 470.662109 5481.747070 905.000000
v 470.953583 5481.004883 1325.000000
v 470.953583 5481.004883 905.000000
v 471.281708 5480.277344 1325.000000
v 471.281708 5480.277344 905.000000
v 471.645660 5479.567383 1325.000000
v 471.645660 5479.567383 905.000000
v 472.044556 5478.876465 1325.000000
v 472.044556 5478.876465 905.000000
v 472.477386 5478.206543 1325.000000
v 472.477386 5478.206543 905.000000
v 472.943085 5477.558594 1325.000000
v 472.943085 5477.558594 905.000000
v 473.440491 5476.935059 905.000000
v 473.440491 5476.935059 1325.000000
v 473.968384 5476.336914 1325.000000
v 473.968384 5476.336914 905.000000
v 474.525421 5475.765625 1325.000000
v 474.525421 5475.765625 905.000000
v 475.110229 5475.223145 1325.000000
v 475.110229 5475.223145 905.000000
v 475.721375 5474.710449 1325.000000
v 475.721375 5474.710449 905.000000
v 476.357300 5474.228516 1325.000000
v 476.357300 5474.228516 905.000000
v 477.016449 5473.779297 1325.000000
v 477.016449 5473.779297 905.000000
v 477.697205 5473.363281 1325.000000
v 477.697205 5473.363281 905.000000
v 478.397827 5472.981445 905.000000
v 478.397827 5472.981445 1325.000000
v 479.116608 5472.635742 1325.000000
v 479.116608 5472.635742 905.000000
v 479.851746 5472.325684 1325.000000
v 479.851746 5472.325684 905.000000
v 480.601410 5472.052734 1325.000000
v 480.601410 5472.052734 905.000000
v 481.363739 5471.817383 1325.000000
v 481.363739 5471.817383 905.000000
v 482.136871 5471.620605 1325.000000
v 482.136871 5471.620605 905.000000
v 482.918823 5471.462891 1325.000000
v 482.918823 5471.462891 905.000000
v 483.707703 5471.343750 1325.000000
v 483.707703 5471.343750 905.000000
v 484.501526 5471.264160 905.000000
v 484.501526 5471.264160 1325.000000
v 485.298309 5471.224609 1325.000000
v 485.298309 5471.224609 905.000000
v 486.096100 5471.224609 1325.000000
v 486.096100 5471.224609 905.000000
v 486.892883 5471.264160 1325.000000
v 486.892883 5471.264160 905.000000
v 487.686707 5471.343750 1325.000000
v 487.686707 5471.343750 905.000000
v 488.475586 5471.462891 1325.000000
v 488.475586 5471.462891 905.000000
v 489.257538 5471.620605 905.000000
v 489.257538 5471.620605 1325.000000
v 490.030640 5471.817383 1325.000000
v 490.030640 5471.817383 905.000000
v 490.792999 5472.052734 1325.000000
v 490.792999 5472.052734 905.000000
v 491.542664 5472.325684 1325.000000
v 491.542664 5472.325684 905.000000
v 492.277802 5472.635742 1325.000000
v 492.277802 5472.635742 905.000000
v 492.996582 5472.981445 905.000000
v 492.996582 5472.981445 1325.000000
v 493.697205 5473.363281 1325.000000
v 493.697205 5473.363281 905.000000
v 494.377930 5473.779297 905.000000
v 494.377930 5473.779297 1325.000000
v 495.037109 5474.228516 905.000000
v 495.037109 5474.228516 1325.000000
v 495.673035 5474.710449 905.000000
v 495.673035 5474.710449 1325.000000
v 496.284180 5475.223145 1325.000000
v 496.284180 5475.223145 905.000000
v 496.868988 5475.765625 1325.000000
v 496.868988 5475.765625 905.000000
v 497.426025 5476.336914 1325.000000
v 497.426025 5476.336914 905.000000
v 497.953918 5476.935059 1325.000000
v 497.953918 5476.935059 905.000000
v 498.451324 5477.558594 1325.000000
v 498.451324 5477.558594 905.000000
v 498.917023 5478.206543 1325.000000
v 498.917023 5478.206543 905.000000
v 499.349854 5478.876465 1325.000000
v 499.349854 5478.876465 905.000000
v 499.748749 5479.567383 1325.000000
v 499.748749 5479.567383 905.000000
v 500.112701 5480.277344 1325.000000
v 500.112701 5480.277344 905.000000
v 500.440826 5481.004883 1325.000000
v 500.440826 5481.004883 905.000000
v 500.732269 5481.747070 1325.000000
v 500.732269 5481.747070 905.000000
v 500.986359 5482.503418 1325.000000
v 500.986359 5482.503418 905.000000
v 501.202423 5483.271484 1325.000000
v 501.202423 5483.271484 905.000000
v 501.379974 5484.049316 1325.000000
v 501.379974 5484.049316 905.000000
v 501.518494 5484.834961 1325.000000
v 501.518494 5484.834961 905.000000
v 501.617706 5485.626465 1325.000000
v 501.617706 5485.626465 905.000000
v 501.677307 5486.421875 1325.000000
v 501.677307 5486.421875 905.000000
v 2238.959961 7118.518066 0.000000
v 2238.959961 7718.520020 820.000000
v 2238.959961 7718.520020 0.000000
v 2238.959961 7118.518066 820.000000
v 2738.994385 7718.520020 820.000000
v 2738.994385 7118.518066 0.000000
v 2738.994385 7718.520020 0.000000
v 2738.994385 7118.518066 820.000000
v 2288.060059 7167.618164 820.000000
v 2288.060059 7167.618164 905.000000
v 2288.060059 7669.419922 820.000000
v 2288.060059 7669.419922 905.000000
v 2689.894287 7167.618164 905.000000
v 2689.894287 7167.618164 820.000000
v 2689.894287 7669.419922 820.000000
v 2689.894287 7669.419922 905.000000
v 2504.957275 7599.316895 1325.000000
v 2504.977295 7598.519531 1325.000000
v 2504.977295 7598.519531 905.000000
v 2504.957275 7599.316895 905.000000
v 2504.897705 7600.112793 1325.000000
v 2504.897705 7600.112793 905.000000
v 2504.798584 7600.904297 905.000000
v 2504.798584 7600.904297 1325.000000
v 2504.659912 7601.689941 905.000000
v 2504.659912 7601.689941 1325.000000
v 2504.482422 7602.467773 1325.000000
v 2504.482422 7602.467773 905.000000
v 2504.266357 7603.235840 905.000000
v 2504.266357 7603.235840 1325.000000
v 2504.012207 7603.991699 905.000000
v 2504.012207 7603.991699 1325.000000
v 2503.720703 7604.734375 1325.000000
v 2503.720703 7604.734375 905.000000
v 2503.392822 7605.461914 1325.000000
v 2503.392822 7605.461914 905.000000
v 2503.028809 7606.171875 1325.000000
v 2503.028809 7606.171875 905.000000
v 2502.629883 7606.862793 1325.000000
v 2502.629883 7606.862793 905.000000
v 2502.197021 7607.532715 1325.000000
v 2502.197021 7607.532715 905.000000
v 2501.731201 7608.180664 1325.000000
v 2501.731201 7608.180664 905.000000
v 2501.233887 7608.804199 1325.000000
v 2501.233887 7608.804199 905.000000
v 2500.706055 7609.402344 905.000000
v 2500.706055 7609.402344 1325.000000
v 2500.148926 7609.973633 1325.000000
v 2500.148926 7609.973633 905.000000
v 2499.564209 7610.516113 905.000000
v 2499.564209 7610.516113 1325.000000
v 2498.953125 7611.028809 1325.000000
v 2498.953125 7611.028809 905.000000
v 2498.317139 7611.510742 1325.000000
v 2498.317139 7611.510742 905.000000
v 2497.657959 7611.959961 1325.000000
v 2497.657959 7611.959961 905.000000
v 2496.977295 7612.375977 1325.000000
v 2496.977295 7612.375977 905.000000
v 2496.276611 7612.757324 1325.000000
v 2496.276611 7612.757324 905.000000
v 2495.557861 7613.103516 1325.000000
v 2495.557861 7613.103516 905.000000
v 2494.822754 7613.413574 905.000000
v 2494.822754 7613.413574 1325.000000
v 2494.072998 7613.686523 1325.000000
v 2494.072998 7613.686523 905.000000
v 2493.310547 7613.921387 1325.000000
v 2493.310547 7613.921387 905.000000
v 2492.537598 7614.118652 905.000000
v 2492.537598 7614.118652 1325.000000
v 2491.755615 7614.276367 905.000000
v 2491.755615 7614.276367 1325.000000
v 2490.966797 7614.395508 1325.000000
v 2490.966797 7614.395508 905.000000
v 2490.172852 7614.475098 1325.000000
v 2490.172852 7614.475098 905.000000
v 2489.375977 7614.514648 1325.000000
v 2489.375977 7614.514648 905.000000
v 2488.578369 7614.514648 1325.000000
v 2488.578369 7614.514648 905.000000
v 2487.781494 7614.475098 905.000000
v 2487.781494 7614.475098 1325.000000
v 2486.987793 7614.395508 905.000000
v 2486.987793 7614.395508 1325.000000
v 2486.198730 7614.276367 1325.000000
v 2486.198730 7614.276367 905.000000
v 2485.416748 7614.118652 1325.000000
v 2485.416748 7614.118652 905.000000
v 2484.643799 7613.921387 1325.000000
v 2484.643799 7613.921387 905.000000
v 2483.881348 7613.686523 1325.000000
v 2483.881348 7613.686523 905.000000
v 2483.131836 7613.413574 905.000000
v 2483.131836 7613.413574 1325.000000
v 2482.396484 7613.103516 1325.000000
v 2482.396484 7613.103516 905.000000
v 2481.677734 7612.757324 905.000000
v 2481.677734 7612.757324 1325.000000
v 2480.977295 7612.375977 1325.000000
v 2480.977295 7612.375977 905.000000
v 2480.296387 7611.959961 1325.000000
v 2480.296387 7611.959961 905.000000
v 2479.637207 7611.510742 1325.000000
v 2479.637207 7611.510742 905.000000
v 2479.001465 7611.028809 1325.000000
v 2479.001465 7611.028809 905.000000
v 2478.390137 7610.516113 1325.000000
v 2478.390137 7610.516113 905.000000
v 2477.805420 7609.973633 1325.000000
v 2477.805420 7609.973633 905.000000
v 2477.248291 7609.402344 1325.000000
v 2477.248291 7609.402344 905.000000
v 2476.720459 7608.804199 905.000000
v 2476.720459 7608.804199 1325.000000
v 2476.223145 7608.180664 1325.000000
v 2476.223145 7608.180664 905.000000
v 2475.757324 7607.532715 1325.000000
v 2475.757324 7607.532715 905.000000
v 2475.324463 7606.862793 905.000000
v 2475.324463 7606.862793 1325.000000
v 2474.925537 7606.171875 1325.000000
v 2474.925537 7606.171875 905.000000
v 2474.561768 7605.461914 1325.000000
v 2474.561768 7605.461914 905.000000
v 2474.233643 7604.734375 905.000000
v 2474.233643 7604.734375 1325.000000
v 2473.942139 7603.991699 1325.000000
v 2473.942139 7603.991699 905.000000
v 2473.687988 7603.235840 1325.000000
v 2473.687988 7603.235840 905.000000
v 2473.471924 7602.467773 1325.000000
v 2473.471924 7602.467773 905.000000
v 2473.294434 7601.689941 905.000000
v 2473.294434 7601.689941 1325.000000
v 2473.156006 7600.904297 905.000000
v 2473.156006 7600.904297 1325.000000
v 2473.056641 7600.112793 1325.000000
v 2473.056641 7600.112793 905.000000
v 2472.997070 7599.316895 1325.000000
v 2472.997070 7599.316895 905.000000
v 2472.977295 7598.519531 1325.000000
v 2472.977295 7598.519531 905.000000
v 2472.997070 7597.722168 1325.000000
v 2472.997070 7597.722168 905.000000
v 2473.056641 7596.926758 905.000000
v 2473.056641 7596.926758 1325.000000
v 2473.156006 7596.134766 1325.000000
v 2473.156006 7596.134766 905.000000
v 2473.294434 7595.349121 905.000000
v 2473.294434 7595.349121 1325.000000
v 2473.471924 7594.571289 1325.000000
v 2473.471924 7594.571289 905.000000
v 2473.687988 7593.803711 905.000000
v 2473.687988 7593.803711 1325.000000
v 2473.942139 7593.047363 1325.000000
v 2473.942139 7593.047363 905.000000
v 2474.233643 7592.304688 1325.000000
v 2474.233643 7592.304688 905.000000
v 2474.561768 7591.577637 1325.000000
v 2474.561768 7591.577637 905.000000
v 2474.925537 7590.867676 1325.000000
v 2474.925537 7590.867676 905.000000
v 2475.324463 7590.176758 1325.000000
v 2475.324463 7590.176758 905.000000
v 2475.757324 7589.506348 1325.000000
v 2475.757324 7589.506348 905.000000
v 2476.223145 7588.858887 1325.000000
v 2476.223145 7588.858887 905.000000
v 2476.720459 7588.234863 905.000000
v 2476.720459 7588.234863 1325.000000
v 2477.248291 7587.636719 1325.000000
v 2477.248291 7587.636719 905.000000
v 2477.805420 7587.065918 1325.000000
v 2477.805420 7587.065918 905.000000
v 2478.390137 7586.522949 1325.000000
v 2478.390137 7586.522949 905.000000
v 2479.001465 7586.010254 1325.000000
v 2479.001465 7586.010254 905.000000
v 2479.637207 7585.528809 1325.000000
v 2479.637207 7585.528809 905.000000
v 2480.296387 7585.079102 1325.000000
v 2480.296387 7585.079102 905.000000
v 2480.977295 7584.663086 1325.000000
v 2480.977295 7584.663086 905.000000
v 2481.677734 7584.281738 905.000000
v 2481.677734 7584.281738 1325.000000
v 2482.396484 7583.935547 1325.000000
v 2482.396484 7583.935547 905.000000
v 2483.131836 7583.625488 1325.000000
v 2483.131836 7583.625488 905.000000
v 2483.881348 7583.352539 1325.000000
v 2483.881348 7583.352539 905.000000
v 2484.643799 7583.117676 1325.000000
v 2484.643799 7583.117676 905.000000
v 2485.416748 7582.920898 1325.000000
v 2485.416748 7582.920898 905.000000
v 2486.198730 7582.762695 1325.000000
v 2486.198730 7582.762695 905.000000
v 2486.987793 7582.643555 1325.000000
v 2486.987793 7582.643555 905.000000
v 2487.781494 7582.564453 905.000000
v 2487.781494 7582.564453 1325.000000
v 2488.578369 7582.524414 1325.000000
v 2488.578369 7582.524414 905.000000
v 2489.375977 7582.524414 1325.000000
v 2489.375977 7582.524414 905.000000
v 2490.172852 7582.564453 1325.000000
v 2490.172852 7582.564453 905.000000
v 2490.966797 7582.643555 1325.000000
v 2490.966797 7582.643555 905.000000
v 2491.755615 7582.762695 1325.000000
v 2491.755615 7582.762695 905.000000
v 2492.537598 7582.920898 905.000000
v 2492.537598 7582.920898 1325.000000
v 2493.310547 7583.117676 1325.000000
v 2493.310547 7583.117676 905.000000
v 2494.072998 7583.352539 1325.000000
v 2494.072998 7583.352539 905.000000
v 2494.822754 7583.625488 1325.000000
v 2494.822754 7583.625488 905.000000
v 2495.557861 7583.935547 1325.000000
v 2495.557861 7583.935547 905.000000
v 2496.276611 7584.281738 905.000000
v 2496.276611 7584.281738 1325.000000
v 2496.977295 7584.663086 1325.000000
v 2496.977295 7584.663086 905.000000
v 2497.657959 7585.079102 905.000000
v 2497.657959 7585.079102 1325.000000
v 2498.317139 7585.528809 905.000000
v 2498.317139 7585.528809 1325.000000
v 2498.953125 7586.010254 905.000000
v 2498.953125 7586.010254 1325.000000
v 2499.564209 7586.522949 1325.000000
v 2499.564209 7586.522949 905.000000
v 2500.148926 7587.065918 1325.000000
v 2500.148926 7587.065918 905.000000
v 2500.706055 7587.636719 1325.000000
v 2500.706055 7587.636719 905.000000
v 2501.233887 7588.234863 1325.000000
v 2501.233887 7588.234863 905.000000
v 2501.731201 7588.858887 1325.000000
v 2501.731201 7588.858887 905.000000
v 2502.197021 7589.506348 1325.000000
v 2502.197021 7589.506348 905.000000
v 2502.629883 7590.176758 1325.000000
v 2502.629883 7590.176758 905.000000
v 2503.028809 7590.867676 1325.000000
v 2503.028809 7590.867676 905.000000
v 2503.392822 7591.577637 1325.000000
v 2503.392822 7591.577637 905.000000
v 2503.720703 7592.304688 1325.000000
v 2503.720703 7592.304688 905.000000
v 2504.012207 7593.047363 1325.000000
v 2504.012207 7593.047363 905.000000
v 2504.266357 7593.803711 1325.000000
v 2504.266357 7593.803711 905.000000
v 2504.482422 7594.571289 1325.000000
v 2504.482422 7594.571289 905.000000
v 2504.659912 7595.349121 1325.000000
v 2504.659912 7595.349121 905.000000
v 2504.798584 7596.134766 1325.000000
v 2504.798584 7596.134766 905.000000
v 2504.897705 7596.926758 1325.000000
v 2504.897705 7596.926758 905.000000
v 2504.957275 7597.722168 1325.000000
v 2504.957275 7597.722168 905.000000
v 235.679993 7649.779785 20.000000
v 235.679993 6628.500000 20.000000
v 235.679993 7649.779785 70.000000
v 235.679993 6628.500000 70.000000
v 1993.459961 6628.500000 20.000000
v 1993.459961 7649.779785 20.000000
v 1993.459961 7649.779785 70.000000
v 1993.459961 6628.500000 70.000000
v 2238.959961 8838.000000 20.000000
v 2238.959961 8838.000000 70.000000
v 2238.959961 9849.459961 20.000000
v 2238.959961 9849.459961 70.000000
v 3731.600098 8838.000000 70.000000
v 3731.600098 8838.000000 20.000000
v 3731.600098 9849.459961 20.000000
v 3731.600098 9849.459961 70.000000
v 1993.459961 11705.440430 0.000000
v 1993.459961 11705.440430 2700.000000
v 3093.300049 11705.440430 2700.000000
v 3093.300049 11705.440430 0.000000
v 3093.300049 11587.599609 2700.000000
v 3093.300049 11587.599609 0.000000
v 2111.300049 11587.599609 0.000000
v 2111.300049 11587.599609 2700.000000
v 2111.300049 10085.139648 2700.000000
v 2111.300049 10085.139648 0.000000
v 1993.459961 10085.139648 2700.000000
v 1993.459961 10085.139648 0.000000
v 1993.459961 10085.139648 0.000000
v 1993.459961 10085.139648 2700.000000
v 3849.439941 10085.139648 2700.000000
v 3849.439941 10085.139648 0.000000
v 3849.439941 9849.459961 0.000000
v 3849.439941 9849.459961 2700.000000
v 2238.959961 9849.459961 0.000000
v 2238.959961 9849.459961 2700.000000
v 2238.959961 9643.240234 2700.000000
v 2238.959961 9643.240234 0.000000
v 1993.459961 9643.240234 0.000000
v 1993.459961 9643.240234 2700.000000
v 6913.279785 10085.139648 0.000000
v 5567.939941 10085.139648 0.000000
v 5567.939941 10085.139648 2700.000000
v 6913.279785 10085.139648 2700.000000
v 6913.279785 9849.459961 0.000000
v 6913.279785 9849.459961 2700.000000
v 5793.799805 9849.459961 0.000000
v 5793.799805 9849.459961 2700.000000
v 5793.799805 7649.779785 0.000000
v 5793.799805 7649.779785 2700.000000
v 5567.939941 7649.779785 0.000000
v 5567.939941 7649.779785 2700.000000
v 9662.879883 10085.139648 0.000000
v 8317.540039 10085.139648 0.000000
v 8317.540039 10085.139648 2700.000000
v 9662.879883 10085.139648 2700.000000
v 9662.879883 6510.660156 0.000000
v 9662.879883 6510.660156 2700.000000
v 9427.200195 6510.660156 2700.000000
v 9427.200195 6510.660156 0.000000
v 9427.200195 9849.459961 2700.000000
v 9427.200195 9849.459961 0.000000
v 8317.540039 9849.459961 0.000000
v 8317.540039 9849.459961 2700.000000
v 9427.200195 6824.899902 0.000000
v 6667.779785 6824.899902 0.000000
v 6667.779785 6824.899902 2700.000000
v 9427.200195 6824.899902 2700.000000
v 9427.200195 6589.220215 2700.000000
v 9427.200195 6589.220215 0.000000
v 6667.779785 6589.220215 0.000000
v 6667.779785 6589.220215 2700.000000
v 5793.799805 6874.000000 0.000000
v 5567.939941 6874.000000 0.000000
v 5567.939941 6874.000000 2700.000000
v 5793.799805 6874.000000 2700.000000
v 5793.799805 6589.220215 0.000000
v 5793.799805 6589.220215 2700.000000
v 5567.939941 6589.220215 0.000000
v 5567.939941 6589.220215 2700.000000
v 2238.959961 9024.580078 0.000000
v 1993.459961 9024.580078 0.000000
v 1993.459961 9024.580078 2700.000000
v 2238.959961 9024.580078 2700.000000
v 2238.959961 6815.080078 0.000000
v 2238.959961 6815.080078 2700.000000
v 1993.459961 6815.080078 0.000000
v 1993.459961 6815.080078 2700.000000
v 1993.459961 7649.779785 0.000000
v 1993.459961 7649.779785 2700.000000
v 1797.060059 7649.779785 2700.000000
v 1797.060059 7649.779785 0.000000
v 1797.060059 7885.459961 2700.000000
v 1797.060059 7885.459961 0.000000
v 1993.459961 7885.459961 2700.000000
v 1993.459961 7885.459961 0.000000
v 1198.040039 7885.459961 0.000000
v 0.000000 7885.459961 0.000000
v 0.000000 7885.459961 2700.000000
v 1198.040039 7885.459961 2700.000000
v 1198.040039 7649.779785 2700.000000
v 1198.040039 7649.779785 0.000000
v 235.679993 7649.779785 0.000000
v 235.679993 7649.779785 2700.000000
v 235.679993 2297.879883 2700.000000
v 235.679993 2297.879883 0.000000
v 392.799988 2297.879883 0.000000
v 392.799988 2297.879883 2700.000000
v 392.799988 2052.379883 0.000000
v 392.799988 2052.379883 2700.000000
v 0.000000 2052.379883 0.000000
v 0.000000 2052.379883 2700.000000
v 1993.459961 6815.080078 0.000000
v 1993.459961 6815.080078 2700.000000
v 4566.299805 6815.080078 2700.000000
v 4566.299805 6815.080078 0.000000
v 4566.299805 6579.399902 2700.000000
v 4566.299805 6579.399902 0.000000
v 1993.459961 6579.399902 0.000000
v 1993.459961 6579.399902 2700.000000
v 2238.959961 6579.399902 0.000000
v 1993.459961 6579.399902 0.000000
v 1993.459961 6579.399902 2700.000000
v 2238.959961 6579.399902 2700.000000
v 2238.959961 3279.879883 0.000000
v 2238.959961 3279.879883 2700.000000
v 1993.459961 3279.879883 0.000000
v 1993.459961 3279.879883 2700.000000
v 4438.640137 6579.399902 0.000000
v 4438.640137 6579.399902 2700.000000
v 4566.299805 6579.399902 2700.000000
v 4566.299805 6579.399902 0.000000
v 4566.299805 5587.580078 0.000000
v 4566.299805 5587.580078 2700.000000
v 4664.500000 5587.580078 0.000000
v 4664.500000 5587.580078 2700.000000
v 4664.500000 5459.919922 2700.000000
v 4664.500000 5459.919922 0.000000
v 4438.640137 5459.919922 0.000000
v 4438.640137 5459.919922 2700.000000
v 5558.120117 5567.939941 0.000000
v 5558.120117 5567.939941 2700.000000
v 5793.799805 5567.939941 2700.000000
v 5793.799805 5567.939941 0.000000
v 5793.799805 225.860001 0.000000
v 5793.799805 225.860001 2700.000000
v 5548.299805 225.860001 0.000000
v 5548.299805 225.860001 2700.000000
v 5548.299805 1826.520020 2700.000000
v 5548.299805 1826.520020 0.000000
v 4959.100098 1826.520020 0.000000
v 4959.100098 1826.520020 2700.000000
v 4959.100098 2052.379883 0.000000
v 4959.100098 2052.379883 2700.000000
v 5558.120117 2052.379883 0.000000
v 5558.120117 2052.379883 2700.000000
v 2238.959961 2415.719971 0.000000
v 1993.459961 2415.719971 0.000000
v 1993.459961 2415.719971 2700.000000
v 2238.959961 2415.719971 2700.000000
v 2238.959961 2052.379883 0.000000
v 2238.959961 2052.379883 2700.000000
v 2837.979980 2052.379883 0.000000
v 2837.979980 2052.379883 2700.000000
v 2837.979980 1826.520020 0.000000
v 2837.979980 1826.520020 2700.000000
v 2238.959961 1826.520020 0.000000
v 2238.959961 1826.520020 2700.000000
v 2238.959961 225.860001 2700.000000
v 2238.959961 225.860001 0.000000
v 1993.459961 225.860001 0.000000
v 1993.459961 225.860001 2700.000000
v 2238.959961 225.860001 0.000000
v 1993.459961 225.860001 0.000000
v 1993.459961 225.860001 2700.000000
v 2238.959961 225.860001 2700.000000
v 2238.959961 0.000000 0.000000
v 2238.959961 0.000000 2700.000000
v 1993.459961 0.000000 0.000000
v 1993.459961 0.000000 2700.000000
v 5970.560059 225.860001 0.000000
v 5401.000000 225.860001 0.000000
v 5401.000000 225.860001 2700.000000
v 5970.560059 225.860001 2700.000000
v 5970.560059 0.000000 0.000000
v 5970.560059 0.000000 2700.000000
v 5401.000000 0.000000 0.000000
v 5401.000000 0.000000 2700.000000
v 9427.200195 225.860001 0.000000
v 8965.660156 225.860001 0.000000
v 8965.660156 225.860001 2700.000000
v 9427.200195 225.860001 2700.000000
v 9427.200195 0.000000 0.000000
v 9427.200195 0.000000 2700.000000
v 8965.660156 0.000000 0.000000
v 8965.660156 0.000000 2700.000000
v 12618.700195 5666.140137 0.000000
v 9112.959961 5666.140137 0.000000
v 9112.959961 5666.140137 2700.000000
v 12618.700195 5666.140137 2700.000000
v 12618.700195 0.000000 0.000000
v 12618.700195 0.000000 2700.000000
v 12353.559570 0.000000 0.000000
v 12353.559570 0.000000 2700.000000
v 12353.559570 5420.640137 2700.000000
v 12353.559570 5420.640137 0.000000
v 9348.639648 5420.640137 2700.000000
v 9348.639648 5420.640137 0.000000
v 9348.639648 5302.799805 2700.000000
v 9348.639648 5302.799805 0.000000
v 9112.959961 5302.799805 0.000000
v 9112.959961 5302.799805 2700.000000
v 9348.639648 4507.379883 0.000000
v 9112.959961 4507.379883 0.000000
v 9112.959961 4507.379883 2700.000000
v 9348.639648 4507.379883 2700.000000
v 9348.639648 2052.379883 2700.000000
v 9348.639648 2052.379883 0.000000
v 10163.700195 2052.379883 2700.000000
v 10163.700195 2052.379883 0.000000
v 10163.700195 1826.520020 0.000000
v 10163.700195 1826.520020 2700.000000
v 9112.959961 1826.520020 0.000000
v 9112.959961 1826.520020 2700.000000
v 9112.959961 2445.179932 2700.000000
v 9112.959961 2445.179932 0.000000
v 8720.160156 2445.179932 2700.000000
v 8720.160156 2445.179932 0.000000
v 8720.160156 2680.860107 2700.000000
v 8720.160156 2680.860107 0.000000
v 9112.959961 2680.860107 2700.000000
v 9112.959961 2680.860107 0.000000
v 11567.959961 2052.379883 0.000000
v 11567.959961 2052.379883 2700.000000
v 12353.559570 2052.379883 2700.000000
v 12353.559570 2052.379883 0.000000
v 12353.559570 1826.520020 0.000000
v 12353.559570 1826.520020 2700.000000
v 11567.959961 1826.520020 2700.000000
v 11567.959961 1826.520020 0.000000
v 1109.660034 4851.080078 0.000000
v 235.679993 4851.080078 0.000000
v 235.679993 4851.080078 2700.000000
v 1109.660034 4851.080078 2700.000000
v 1109.660034 4723.419922 2700.000000
v 1109.660034 4723.419922 0.000000
v 235.679993 4723.419922 0.000000
v 235.679993 4723.419922 2700.000000
v 1855.979980 4851.080078 0.000000
v 1855.979980 4851.080078 2700.000000
v 1993.459961 4851.080078 2700.000000
v 1993.459961 4851.080078 0.000000
v 1993.459961 4723.419922 2700.000000
v 1993.459961 4723.419922 0.000000
v 1855.979980 4723.419922 2700.000000
v 1855.979980 4723.419922 0.000000
v 3731.600098 8955.839844 0.000000
v 3731.600098 8955.839844 2700.000000
v 3849.439941 8955.839844 2700.000000
v 3849.439941 8955.839844 0.000000
v 3849.439941 7610.500000 0.000000
v 3849.439941 7610.500000 2700.000000
v 3731.600098 7610.500000 2700.000000
v 3731.600098 7610.500000 0.000000
v 1855.979980 2297.879883 0.000000
v 1855.979980 2297.879883 2700.000000
v 1993.459961 2297.879883 2700.000000
v 1993.459961 2297.879883 0.000000
v 1993.459961 2415.719971 2700.000000
v 1993.459961 2415.719971 0.000000
v 2238.959961 2415.719971 0.000000
v 2238.959961 2415.719971 2700.000000
v 2238.959961 2052.379883 0.000000
v 2238.959961 2052.379883 2700.000000
v 1855.979980 2052.379883 0.000000
v 1855.979980 2052.379883 2700.000000
v 5793.799805 11705.440430 0.000000
v 1993.459961 11705.440430 0.000000
v 1993.459961 11705.440430 35.000000
v 5793.799805 11705.440430 35.000000
v 5793.799805 10085.139648 0.000000
v 5793.799805 10085.139648 35.000000
v 9662.879883 10085.139648 0.000000
v 9662.879883 10085.139648 35.000000
v 9662.879883 6510.660156 0.000000
v 9662.879883 6510.660156 35.000000
v 9427.200195 6510.660156 0.000000
v 9427.200195 6510.660156 35.000000
v 9427.200195 5666.140137 35.000000
v 9427.200195 5666.140137 0.000000
v 12618.700195 5666.140137 0.000000
v 12618.700195 5666.140137 35.000000
v 12618.700195 0.000000 0.000000
v 12618.700195 0.000000 35.000000
v 1993.459961 0.000000 0.000000
v 1993.459961 0.000000 35.000000
v 1993.459961 2052.379883 0.000000
v 1993.459961 2052.379883 35.000000
v 0.000000 2052.379883 0.000000
v 0.000000 2052.379883 35.000000
v 0.000000 7885.459961 35.000000
v 0.000000 7885.459961 0.000000
v 1993.459961 7885.459961 0.000000
v 1993.459961 7885.459961 35.000000
v 5685.779785 11587.599609 35.000000
v 2111.300049 11587.599609 35.000000
v 2111.300049 11587.599609 60.000000
v 5685.779785 11587.599609 60.000000
v 5685.779785 10085.139648 35.000000
v 5685.779785 10085.139648 60.000000
v 2111.300049 10085.139648 35.000000
v 2111.300049 10085.139648 60.000000
v 3731.600098 9849.459961 35.000000
v 2238.959961 9849.459961 35.000000
v 2238.959961 9849.459961 60.000000
v 3731.600098 9849.459961 60.000000
v 3731.600098 6815.080078 35.000000
v 3731.600098 6815.080078 60.000000
v 2238.959961 6815.080078 35.000000
v 2238.959961 6815.080078 60.000000
v 1993.459961 7649.779785 60.000000
v 235.679993 7649.779785 35.000000
v 235.679993 7649.779785 60.000000
v 1993.459961 7649.779785 35.000000
v 1993.459961 4851.080078 60.000000
v 1993.459961 4851.080078 35.000000
v 235.679993 4851.080078 60.000000
v 235.679993 4851.080078 35.000000
v 1993.459961 4723.419922 60.000000
v 235.679993 4723.419922 35.000000
v 235.679993 4723.419922 60.000000
v 1993.459961 4723.419922 35.000000
v 1993.459961 2297.879883 35.000000
v 1993.459961 2297.879883 60.000000
v 235.679993 2297.879883 60.000000
v 235.679993 2297.879883 35.000000
v 5558.120117 6579.399902 35.000000
v 2238.959961 6579.399902 35.000000
v 2238.959961 6579.399902 60.000000
v 5558.120117 6579.399902 60.000000
v 5558.120117 225.860001 60.000000
v 5558.120117 225.860001 35.000000
v 2238.959961 225.860001 60.000000
v 2238.959961 225.860001 35.000000
v 9427.200195 9849.459961 35.000000
v 5793.799805 9849.459961 35.000000
v 5793.799805 9849.459961 60.000000
v 9427.200195 9849.459961 60.000000
v 9427.200195 6707.060059 35.000000
v 9427.200195 6707.060059 60.000000
v 5793.799805 6707.060059 35.000000
v 5793.799805 6707.060059 60.000000
v 12353.559570 5420.640137 35.000000
v 9348.639648 5420.640137 35.000000
v 9348.639648 5420.640137 60.000000
v 12353.559570 5420.640137 60.000000
v 12353.559570 2052.379883 35.000000
v 12353.559570 2052.379883 60.000000
v 9348.639648 2052.379883 35.000000
v 9348.639648 2052.379883 60.000000
v 12353.559570 1826.520020 35.000000
v 9230.799805 1826.520020 35.000000
v 9230.799805 1826.520020 60.000000
v 12353.559570 1826.520020 60.000000
v 12353.559570 225.860001 60.000000
v 12353.559570 225.860001 35.000000
v 9230.799805 225.860001 35.000000
v 9230.799805 225.860001 60.000000
v 3093.300049 11646.519531 850.000000
v 3093.300049 11646.519531 2100.000000
v 3093.300049 11656.339844 850.000000
v 3093.300049 11656.339844 2100.000000
v 5793.799805 11646.519531 2100.000000
v 5793.799805 11646.519531 850.000000
v 5793.799805 11656.339844 850.000000
v 5793.799805 11656.339844 2100.000000
v 5725.060059 10085.139648 850.000000
v 5725.060059 10085.139648 2100.000000
v 5725.060059 11587.599609 850.000000
v 5725.060059 11587.599609 2100.000000
v 5734.879883 10085.139648 2100.000000
v 5734.879883 10085.139648 850.000000
v 5734.879883 11587.599609 850.000000
v 5734.879883 11587.599609 2100.000000
v 6913.279785 9967.299805 850.000000
v 6913.279785 9967.299805 2100.000000
v 6913.279785 9977.120117 850.000000
v 6913.279785 9977.120117 2100.000000
v 8317.540039 9967.299805 2100.000000
v 8317.540039 9967.299805 850.000000
v 8317.540039 9977.120117 850.000000
v 8317.540039 9977.120117 2100.000000
v 2101.479980 9024.580078 850.000000
v 2101.479980 9024.580078 2100.000000
v 2101.479980 9643.240234 850.000000
v 2101.479980 9643.240234 2100.000000
v 2111.300049 9024.580078 2100.000000
v 2111.300049 9024.580078 850.000000
v 2111.300049 9643.240234 850.000000
v 2111.300049 9643.240234 2100.000000
v 1198.040039 7767.620117 850.000000
v 1198.040039 7767.620117 2100.000000
v 1198.040039 7777.439941 850.000000
v 1198.040039 7777.439941 2100.000000
v 1797.060059 7767.620117 2100.000000
v 1797.060059 7767.620117 850.000000
v 1797.060059 7777.439941 850.000000
v 1797.060059 7777.439941 2100.000000
v 235.679993 2180.040039 850.000000
v 235.679993 2180.040039 2100.000000
v 235.679993 2189.860107 850.000000
v 235.679993 2189.860107 2100.000000
v 1855.979980 2180.040039 2100.000000
v 1855.979980 2180.040039 850.000000
v 1855.979980 2189.860107 850.000000
v 1855.979980 2189.860107 2100.000000
v 2238.959961 117.839996 850.000000
v 2238.959961 117.839996 2100.000000
v 2238.959961 127.660004 850.000000
v 2238.959961 127.660004 2100.000000
v 5401.000000 117.839996 2100.000000
v 5401.000000 117.839996 850.000000
v 5401.000000 127.660004 850.000000
v 5401.000000 127.660004 2100.000000
v 5970.560059 117.839996 850.000000
v 5970.560059 117.839996 2100.000000
v 5970.560059 127.660004 850.000000
v 5970.560059 127.660004 2100.000000
v 8965.660156 117.839996 2100.000000
v 8965.660156 117.839996 850.000000
v 8965.660156 127.660004 850.000000
v 8965.660156 127.660004 2100.000000
v 9427.200195 117.839996 850.000000
v 9427.200195 117.839996 2100.000000
v 9427.200195 127.660004 850.000000
v 9427.200195 127.660004 2100.000000
v 12353.559570 117.839996 2100.000000
v 12353.559570 117.839996 850.000000
v 12353.559570 127.660004 850.000000
v 12353.559570 127.660004 2100.000000
v 10163.700195 1934.540039 850.000000
v 10163.700195 1934.540039 2100.000000
v 10163.700195 1944.359985 850.000000
v 10163.700195 1944.359985 2100.000000
v 11567.959961 1934.540039 2100.000000
v 11567.959961 1934.540039 850.000000
v 11567.959961 1944.359985 850.000000
v 11567.959961 1944.359985 2100.000000
v 9162.059570 1826.520020 850.000000
v 9162.059570 225.860001 850.000000
v 9162.059570 1826.520020 2100.000000
v 9162.059570 225.860001 2100.000000
v 9171.879883 225.860001 850.000000
v 9171.879883 1826.520020 850.000000
v 9171.879883 1826.520020 2100.000000
v 9171.879883 225.860001 2100.000000
v 3849.439941 10026.219727 850.000000
v 3849.439941 10026.219727 2100.000000
v 3849.439941 10036.040039 850.000000
v 3849.439941 10036.040039 2100.000000
v 5567.939941 10026.219727 2100.000000
v 5567.939941 10026.219727 850.000000
v 5567.939941 10036.040039 850.000000
v 5567.939941 10036.040039 2100.000000
v 8631.780273 6461.560059 0.000000
v 8631.780273 6461.560059 2100.000000
v 8631.780273 6510.660156 0.000000
v 8631.780273 6510.660156 2100.000000
v 9427.200195 6461.560059 2100.000000
v 9427.200195 6461.560059 0.000000
v 9427.200195 6510.660156 0.000000
v 9427.200195 6510.660156 2100.000000
v 5882.180176 6824.899902 0.000000
v 5882.180176 7620.319824 2100.000000
v 5882.180176 7620.319824 0.000000
v 5882.180176 6824.899902 2100.000000
v 5931.279785 7620.319824 2100.000000
v 5931.279785 6824.899902 0.000000
v 5931.279785 7620.319824 0.000000
v 5931.279785 6824.899902 2100.000000
v 9348.639648 5253.700195 0.000000
v 9348.639648 5253.700195 2100.000000
v 9348.639648 5302.799805 0.000000
v 9348.639648 5302.799805 2100.000000
v 10163.700195 5253.700195 2100.000000
v 10163.700195 5253.700195 0.000000
v 10163.700195 5302.799805 0.000000
v 10163.700195 5302.799805 2100.000000
v 5410.819824 4644.859863 0.000000
v 5410.819824 4644.859863 2100.000000
v 5410.819824 5459.919922 0.000000
v 5410.819824 5459.919922 2100.000000
v 5459.919922 4644.859863 2100.000000
v 5459.919922 4644.859863 0.000000
v 5459.919922 5459.919922 0.000000
v 5459.919922 5459.919922 2100.000000
v 2238.959961 2415.719971 0.000000
v 2238.959961 3279.879883 2100.000000
v 2238.959961 3279.879883 0.000000
v 2238.959961 2415.719971 2100.000000
v 2288.060059 3279.879883 2100.000000
v 2288.060059 2415.719971 0.000000
v 2288.060059 3279.879883 0.000000
v 2288.060059 2415.719971 2100.000000
v 1855.979980 4851.080078 0.000000
v 1855.979980 5577.759766 2100.000000
v 1855.979980 5577.759766 0.000000
v 1855.979980 4851.080078 2100.000000
v 1905.079956 5577.759766 2100.000000
v 1905.079956 4851.080078 0.000000
v 1905.079956 5577.759766 0.000000
v 1905.079956 4851.080078 2100.000000
v 2985.280029 6824.899902 0.000000
v 2985.280029 6824.899902 2100.000000
v 2985.280029 6874.000000 0.000000
v 2985.280029 6874.000000 2100.000000
v 3731.600098 6824.899902 2100.000000
v 3731.600098 6824.899902 0.000000
v 3731.600098 6874.000000 0.000000
v 3731.600098 6874.000000 2100.000000
v 3446.820068 2396.080078 80.000000
v 3446.820068 2396.080078 300.000000
v 3446.820068 4232.419922 80.000000
v 3446.820068 4232.419922 300.000000
v 5548.299805 2396.080078 300.000000
v 5548.299805 2396.080078 80.000000
v 5548.299805 4232.419922 80.000000
v 5548.299805 4232.419922 300.000000
v 3515.560059 2464.820068 300.000000
v 3515.560059 2464.820068 560.000000
v 3515.560059 4163.680176 300.000000
v 3515.560059 4163.680176 560.000000
v 5479.560059 2464.820068 560.000000
v 5479.560059 2464.820068 300.000000
v 5479.560059 4163.680176 300.000000
v 5479.560059 4163.680176 560.000000
v 5450.100098 2396.080078 300.000000
v 5450.100098 2396.080078 920.000000
v 5450.100098 4232.419922 300.000000
v 5450.100098 4232.419922 920.000000
v 5548.299805 2396.080078 920.000000
v 5548.299805 2396.080078 300.000000
v 5548.299805 4232.419922 300.000000
v 5548.299805 4232.419922 920.000000
v 3614.938477 3754.971680 560.000000
v 3614.938477 2873.528320 560.000000
v 3614.938477 3754.971680 615.000000
v 3614.938477 2873.528320 615.000000
v 5380.181641 2873.528320 560.000000
v 5380.181641 3754.971680 560.000000
v 5380.181641 3754.971680 615.000000
v 5380.181641 2873.528320 615.000000
v 4623.648926 4048.785889 615.000000
v 4623.648926 3773.334961 615.000000
v 4623.648926 4048.785889 705.000000
v 4623.648926 3773.334961 705.000000
v 4959.885742 3773.334961 615.000000
v 4959.885742 4048.785889 615.000000
v 4959.885742 4048.785889 705.000000
v 4959.885742 3773.334961 705.000000
v 5064.959473 4048.785889 615.000000
v 5064.959473 3773.334961 615.000000
v 5064.959473 4048.785889 705.000000
v 5064.959473 3773.334961 705.000000
v 5401.196289 3773.334961 615.000000
v 5401.196289 4048.785889 615.000000
v 5401.196289 4048.785889 705.000000
v 5401.196289 3773.334961 705.000000
v 7315.899902 9299.540039 80.000000
v 7315.899902 7482.839844 80.000000
v 7315.899902 9299.540039 300.000000
v 7315.899902 7482.839844 300.000000
v 9427.200195 7482.839844 80.000000
v 9427.200195 9299.540039 80.000000
v 9427.200195 9299.540039 300.000000
v 9427.200195 7482.839844 300.000000
v 7384.640137 7551.580078 300.000000
v 7384.640137 7551.580078 560.000000
v 7384.640137 9230.799805 300.000000
v 7384.640137 9230.799805 560.000000
v 9358.459961 7551.580078 560.000000
v 9358.459961 7551.580078 300.000000
v 9358.459961 9230.799805 300.000000
v 9358.459961 9230.799805 560.000000
v 9329.000000 9299.540039 300.000000
v 9329.000000 7482.839844 300.000000
v 9329.000000 9299.540039 920.000000
v 9329.000000 7482.839844 920.000000
v 9427.200195 7482.839844 300.000000
v 9427.200195 9299.540039 300.000000
v 9427.200195 9299.540039 920.000000
v 9427.200195 7482.839844 920.000000
v 7484.804199 7955.182129 560.000000
v 7484.804199 7955.182129 615.000000
v 7484.804199 8827.198242 560.000000
v 7484.804199 8827.198242 615.000000
v 9258.295898 7955.182129 615.000000
v 9258.295898 7955.182129 560.000000
v 9258.295898 8827.198242 560.000000
v 9258.295898 8827.198242 615.000000
v 8498.227539 9117.870117 615.000000
v 8498.227539 8845.365234 615.000000
v 8498.227539 9117.870117 705.000000
v 8498.227539 8845.365234 705.000000
v 8836.036133 8845.365234 615.000000
v 8836.036133 9117.870117 615.000000
v 8836.036133 9117.870117 705.000000
v 8836.036133 8845.365234 705.000000
v 8941.600586 9117.870117 615.000000
v 8941.600586 8845.365234 615.000000
v 8941.600586 9117.870117 705.000000
v 8941.600586 8845.365234 705.000000
v 9279.409180 8845.365234 615.000000
v 9279.409180 9117.870117 615.000000
v 9279.409180 9117.870117 705.000000
v 9279.409180 8845.365234 705.000000
v 10252.080078 4124.399902 80.000000
v 10252.080078 2572.840088 80.000000
v 10252.080078 4124.399902 300.000000
v 10252.080078 2572.840088 300.000000
v 12353.559570 2572.840088 80.000000
v 12353.559570 4124.399902 80.000000
v 12353.559570 4124.399902 300.000000
v 12353.559570 2572.840088 300.000000
v 10320.820312 2641.580078 300.000000
v 10320.820312 2641.580078 560.000000
v 10320.820312 4055.659912 300.000000
v 10320.820312 4055.659912 560.000000
v 12284.820312 2641.580078 560.000000
v 12284.820312 2641.580078 300.000000
v 12284.820312 4055.659912 300.000000
v 12284.820312 4055.659912 560.000000
v 12255.360352 2572.840088 300.000000
v 12255.360352 2572.840088 920.000000
v 12255.360352 4124.399902 300.000000
v 12255.360352 4124.399902 920.000000
v 12353.559570 2572.840088 920.000000
v 12353.559570 2572.840088 300.000000
v 12353.559570 4124.399902 300.000000
v 12353.559570 4124.399902 920.000000
v 10420.198242 2976.245605 560.000000
v 10420.198242 2976.245605 615.000000
v 10420.198242 3720.994385 560.000000
v 10420.198242 3720.994385 615.000000
v 12185.441406 2976.245605 615.000000
v 12185.441406 2976.245605 560.000000
v 12185.441406 3720.994385 560.000000
v 12185.441406 3720.994385 615.000000
v 11428.909180 3736.510010 615.000000
v 11428.909180 3736.510010 705.000000
v 11428.909180 3969.243896 615.000000
v 11428.909180 3969.243896 705.000000
v 11765.145508 3736.510010 705.000000
v 11765.145508 3736.510010 615.000000
v 11765.145508 3969.243896 615.000000
v 11765.145508 3969.243896 705.000000
v 11870.219727 3736.510010 615.000000
v 11870.219727 3736.510010 705.000000
v 11870.219727 3969.243896 615.000000
v 11870.219727 3969.243896 705.000000
v 12206.456055 3736.510010 705.000000
v 12206.456055 3736.510010 615.000000
v 12206.456055 3969.243896 615.000000
v 12206.456055 3969.243896 705.000000
v 235.679993 2415.719971 0.000000
v 235.679993 2415.719971 2300.000000
v 235.679993 4723.419922 0.000000
v 235.679993 4723.419922 2300.000000
v 824.880005 2415.719971 2300.000000
v 824.880005 2415.719971 0.000000
v 824.880005 4723.419922 0.000000
v 824.880005 4723.419922 2300.000000
v 402.619995 2415.719971 0.000000
v 402.619995 2415.719971 2250.000000
v 402.619995 4723.419922 0.000000
v 402.619995 4723.419922 2250.000000
v 461.540009 2415.719971 2250.000000
v 461.540009 2415.719971 0.000000
v 461.540009 4723.419922 0.000000
v 461.540009 4723.419922 2250.000000
v 599.020020 2415.719971 0.000000
v 599.020020 2415.719971 2250.000000
v 599.020020 4723.419922 0.000000
v 599.020020 4723.419922 2250.000000
v 657.940002 2415.719971 2250.000000
v 657.940002 2415.719971 0.000000
v 657.940002 4723.419922 0.000000
v 657.940002 4723.419922 2250.000000
v 2238.959961 5990.200195 0.000000
v 2238.959961 5990.200195 2300.000000
v 2238.959961 6579.399902 0.000000
v 2238.959961 6579.399902 2300.000000
v 4438.640137 5990.200195 2300.000000
v 4438.640137 5990.200195 0.000000
v 4438.640137 6579.399902 0.000000
v 4438.640137 6579.399902 2300.000000
v 2942.726562 5990.200195 0.000000
v 2942.726562 5990.200195 2250.000000
v 2942.726562 6579.399902 0.000000
v 2942.726562 6579.399902 2250.000000
v 3001.646729 5990.200195 2250.000000
v 3001.646729 5990.200195 0.000000
v 3001.646729 6579.399902 0.000000
v 3001.646729 6579.399902 2250.000000
v 3675.953369 5990.200195 0.000000
v 3675.953369 5990.200195 2250.000000
v 3675.953369 6579.399902 0.000000
v 3675.953369 6579.399902 2250.000000
v 3734.873291 5990.200195 2250.000000
v 3734.873291 5990.200195 0.000000
v 3734.873291 6579.399902 0.000000
v 3734.873291 6579.399902 2250.000000
v 2238.959961 4566.299805 0.000000
v 2238.959961 5990.200195 2300.000000
v 2238.959961 5990.200195 0.000000
v 2238.959961 4566.299805 2300.000000
v 2828.159912 5990.200195 2300.000000
v 2828.159912 4566.299805 0.000000
v 2828.159912 5990.200195 0.000000
v 2828.159912 4566.299805 2300.000000
v 2405.899902 4566.299805 0.000000
v 2405.899902 5990.200195 2250.000000
v 2405.899902 5990.200195 0.000000
v 2405.899902 4566.299805 2250.000000
v 2464.820068 5990.200195 2250.000000
v 2464.820068 4566.299805 0.000000
v 2464.820068 5990.200195 0.000000
v 2464.820068 4566.299805 2250.000000
v 2602.300049 4566.299805 0.000000
v 2602.300049 5990.200195 2250.000000
v 2602.300049 5990.200195 0.000000
v 2602.300049 4566.299805 2250.000000
v 2661.219971 5990.200195 2250.000000
v 2661.219971 4566.299805 0.000000
v 2661.219971 5990.200195 0.000000
v 2661.219971 4566.299805 2250.000000
v 5882.180176 7836.359863 0.000000
v 5882.180176 7836.359863 2300.000000
v 5882.180176 9849.459961 0.000000
v 5882.180176 9849.459961 2300.000000
v 6392.819824 7836.359863 2300.000000
v 6392.819824 7836.359863 0.000000
v 6392.819824 9849.459961 0.000000
v 6392.819824 9849.459961 2300.000000
v 6022.933105 7836.359863 0.000000
v 6022.933105 7836.359863 2250.000000
v 6022.933105 9849.459961 0.000000
v 6022.933105 9849.459961 2250.000000
v 6081.853516 7836.359863 2250.000000
v 6081.853516 7836.359863 0.000000
v 6081.853516 9849.459961 0.000000
v 6081.853516 9849.459961 2250.000000
v 6193.146484 7836.359863 0.000000
v 6193.146484 7836.359863 2250.000000
v 6193.146484 9849.459961 0.000000
v 6193.146484 9849.459961 2250.000000
v 6252.066895 7836.359863 2250.000000
v 6252.066895 7836.359863 0.000000
v 6252.066895 9849.459961 0.000000
v 6252.066895 9849.459961 2250.000000
v 10360.099609 4801.979980 0.000000
v 10360.099609 5420.640137 2300.000000
v 10360.099609 5420.640137 0.000000
v 10360.099609 4801.979980 2300.000000
v 12353.559570 5420.640137 2300.000000
v 12353.559570 4801.979980 0.000000
v 12353.559570 5420.640137 0.000000
v 12353.559570 4801.979980 2300.000000
v 10995.126953 4801.979980 0.000000
v 10995.126953 4801.979980 2250.000000
v 10995.126953 5420.640137 0.000000
v 10995.126953 5420.640137 2250.000000
v 11054.046875 4801.979980 2250.000000
v 11054.046875 4801.979980 0.000000
v 11054.046875 5420.640137 0.000000
v 11054.046875 5420.640137 2250.000000
v 11659.613281 4801.979980 0.000000
v 11659.613281 4801.979980 2250.000000
v 11659.613281 5420.640137 0.000000
v 11659.613281 5420.640137 2250.000000
v 11718.533203 4801.979980 2250.000000
v 11718.533203 4801.979980 0.000000
v 11718.533203 5420.640137 0.000000
v 11718.533203 5420.640137 2250.000000
v 12049.139648 1826.520020 0.000000
v 12049.139648 225.860001 0.000000
v 12049.139648 1826.520020 1100.000000
v 12049.139648 225.860001 1100.000000
v 12353.559570 225.860001 0.000000
v 12353.559570 1826.520020 0.000000
v 12353.559570 1826.520020 1100.000000
v 12353.559570 225.860001 1100.000000
v 2837.979980 225.860001 0.000000
v 2837.979980 677.580017 750.000000
v 2837.979980 677.580017 0.000000
v 2837.979980 225.860001 750.000000
v 4036.020020 677.580017 750.000000
v 4036.020020 225.860001 0.000000
v 4036.020020 677.580017 0.000000
v 4036.020020 225.860001 750.000000
v 9820.000000 235.679993 0.000000
v 9820.000000 834.700012 750.000000
v 9820.000000 834.700012 0.000000
v 9820.000000 235.679993 750.000000
v 11617.059570 834.700012 750.000000
v 11617.059570 235.679993 0.000000
v 11617.059570 834.700012 0.000000
v 11617.059570 235.679993 750.000000
v 6579.399902 5037.660156 0.000000
v 6579.399902 4232.419922 0.000000
v 6579.399902 5037.660156 760.000000
v 6579.399902 4232.419922 760.000000
v 8003.299805 4232.419922 0.000000
v 8003.299805 5037.660156 0.000000
v 8003.299805 5037.660156 760.000000
v 8003.299805 4232.419922 760.000000
v 6785.620117 5106.399902 420.000000
v 6785.620117 5106.399902 510.000000
v 6785.620117 5420.640137 420.000000
v 6785.620117 5420.640137 510.000000
v 7099.859863 5106.399902 510.000000
v 7099.859863 5106.399902 420.000000
v 7099.859863 5420.640137 420.000000
v 7099.859863 5420.640137 510.000000
v 6785.620117 5371.540039 510.000000
v 6785.620117 5450.100098 890.000000
v 6785.620117 5450.100098 510.000000
v 6785.620117 5371.540039 890.000000
v 7099.859863 5450.100098 890.000000
v 7099.859863 5371.540039 510.000000
v 7099.859863 5450.100098 510.000000
v 7099.859863 5371.540039 890.000000
v 7423.919922 5106.399902 420.000000
v 7423.919922 5106.399902 510.000000
v 7423.919922 5420.640137 420.000000
v 7423.919922 5420.640137 510.000000
v 7738.160156 5106.399902 510.000000
v 7738.160156 5106.399902 420.000000
v 7738.160156 5420.640137 420.000000
v 7738.160156 5420.640137 510.000000
v 7423.919922 5371.540039 510.000000
v 7423.919922 5450.100098 890.000000
v 7423.919922 5450.100098 510.000000
v 7423.919922 5371.540039 890.000000
v 7738.160156 5450.100098 890.000000
v 7738.160156 5371.540039 510.000000
v 7738.160156 5450.100098 510.000000
v 7738.160156 5371.540039 890.000000
v 6785.620117 3800.340088 420.000000
v 6785.620117 3800.340088 510.000000
v 6785.620117 4114.580078 420.000000
v 6785.620117 4114.580078 510.000000
v 7099.859863 3800.340088 510.000000
v 7099.859863 3800.340088 420.000000
v 7099.859863 4114.580078 420.000000
v 7099.859863 4114.580078 510.000000
v 6785.620117 3770.879883 510.000000
v 6785.620117 3770.879883 890.000000
v 6785.620117 3849.439941 510.000000
v 6785.620117 3849.439941 890.000000
v 7099.859863 3770.879883 890.000000
v 7099.859863 3770.879883 510.000000
v 7099.859863 3849.439941 510.000000
v 7099.859863 3849.439941 890.000000
v 7423.919922 3800.340088 420.000000
v 7423.919922 3800.340088 510.000000
v 7423.919922 4114.580078 420.000000
v 7423.919922 4114.580078 510.000000
v 7738.160156 3800.340088 510.000000
v 7738.160156 3800.340088 420.000000
v 7738.160156 4114.580078 420.000000
v 7738.160156 4114.580078 510.000000
v 7423.919922 3770.879883 510.000000
v 7423.919922 3770.879883 890.000000
v 7423.919922 3849.439941 510.000000
v 7423.919922 3849.439941 890.000000
v 7738.160156 3770.879883 890.000000
v 7738.160156 3770.879883 510.000000
v 7738.160156 3849.439941 510.000000
v 7738.160156 3849.439941 890.000000
v 8052.399902 225.860001 80.000000
v 8052.399902 225.860001 440.000000
v 8052.399902 2425.540039 80.000000
v 8052.399902 2425.540039 440.000000
v 8955.839844 225.860001 440.000000
v 8955.839844 225.860001 80.000000
v 8955.839844 2425.540039 80.000000
v 8955.839844 2425.540039 440.000000
v 8130.959961 343.700012 440.000000
v 8130.959961 343.700012 610.000000
v 8130.959961 2307.699951 440.000000
v 8130.959961 2307.699951 610.000000
v 8877.280273 343.700012 610.000000
v 8877.280273 343.700012 440.000000
v 8877.280273 2307.699951 440.000000
v 8877.280273 2307.699951 610.000000
v 8818.360352 343.700012 600.000000
v 8818.360352 343.700012 870.000000
v 8818.360352 2307.699951 600.000000
v 8818.360352 2307.699951 870.000000
v 8955.839844 343.700012 870.000000
v 8955.839844 343.700012 600.000000
v 8955.839844 2307.699951 600.000000
v 8955.839844 2307.699951 870.000000
v 8091.680176 2189.860107 500.000000
v 8091.680176 2189.860107 730.000000
v 8091.680176 2327.340088 500.000000
v 8091.680176 2327.340088 730.000000
v 8818.360352 2189.860107 730.000000
v 8818.360352 2189.860107 500.000000
v 8818.360352 2327.340088 500.000000
v 8818.360352 2327.340088 730.000000
v 8091.680176 324.059998 500.000000
v 8091.680176 461.540009 730.000000
v 8091.680176 461.540009 500.000000
v 8091.680176 324.059998 730.000000
v 8818.360352 461.540009 730.000000
v 8818.360352 324.059998 500.000000
v 8818.360352 461.540009 500.000000
v 8818.360352 324.059998 730.000000
v 5813.439941 422.260010 0.000000
v 5813.439941 422.260010 500.000000
v 5813.439941 2229.139893 0.000000
v 5813.439941 2229.139893 500.000000
v 6157.140137 422.260010 500.000000
v 6157.140137 422.260010 0.000000
v 6157.140137 2229.139893 0.000000
v 6157.140137 2229.139893 500.000000
v 5754.520020 707.039978 650.000000
v 5754.520020 707.039978 1550.000000
v 5754.520020 1934.540039 650.000000
v 5754.520020 1934.540039 1550.000000
v 5872.359863 707.039978 1550.000000
v 5872.359863 707.039978 650.000000
v 5872.359863 1934.540039 650.000000
v 5872.359863 1934.540039 1550.000000
v 7070.399902 500.820007 0.000000
v 7070.399902 500.820007 450.000000
v 7070.399902 1394.439941 0.000000
v 7070.399902 1394.439941 450.000000
v 7620.319824 500.820007 450.000000
v 7620.319824 500.820007 0.000000
v 7620.319824 1394.439941 0.000000
v 7620.319824 1394.439941 450.000000
v 8317.540039 2523.739990 0.000000
v 8317.540039 2936.179932 500.000000
v 8317.540039 2936.179932 0.000000
v 8317.540039 2523.739990 500.000000
v 8729.980469 2936.179932 500.000000
v 8729.980469 2523.739990 0.000000
v 8729.980469 2936.179932 0.000000
v 8729.980469 2523.739990 500.000000
v 5793.799805 3584.300049 0.000000
v 5793.799805 3584.300049 2300.000000
v 5793.799805 5567.939941 0.000000
v 5793.799805 5567.939941 2300.000000
v 6196.419922 3584.300049 2300.000000
v 6196.419922 3584.300049 0.000000
v 6196.419922 5567.939941 0.000000
v 6196.419922 5567.939941 2300.000000
v 5793.799805 3584.300049 0.000000
v 5793.799805 2680.860107 0.000000
v 5793.799805 3584.300049 850.000000
v 5793.799805 2680.860107 850.000000
v 6196.419922 2680.860107 0.000000
v 6196.419922 3584.300049 0.000000
v 6196.419922 3584.300049 850.000000
v 6196.419922 2680.860107 850.000000
v 2111.300049 10988.580078 0.000000
v 2111.300049 10988.580078 860.000000
v 2111.300049 11587.599609 0.000000
v 2111.300049 11587.599609 860.000000
v 5685.779785 10988.580078 860.000000
v 5685.779785 10988.580078 0.000000
v 5685.779785 11587.599609 0.000000
v 5685.779785 11587.599609 860.000000
v 2111.300049 11459.940430 860.000000
v 2111.300049 11459.940430 940.000000
v 2111.300049 11587.599609 860.000000
v 2111.300049 11587.599609 940.000000
v 5685.779785 11459.940430 940.000000
v 5685.779785 11459.940430 860.000000
v 5685.779785 11587.599609 860.000000
v 5685.779785 11587.599609 940.000000
v 2111.300049 10978.759766 0.000000
v 2111.300049 10085.139648 0.000000
v 2111.300049 10978.759766 850.000000
v 2111.300049 10085.139648 850.000000
v 2808.520020 10085.139648 0.000000
v 2808.520020 10978.759766 0.000000
v 2808.520020 10978.759766 850.000000
v 2808.520020 10085.139648 850.000000
v 3240.600098 11106.419922 940.000000
v 3240.600098 11106.419922 975.000000
v 3240.600098 11479.580078 940.000000
v 3240.600098 11479.580078 975.000000
v 4075.300049 11106.419922 975.000000
v 4075.300049 11106.419922 940.000000
v 4075.300049 11479.580078 940.000000
v 4075.300049 11479.580078 975.000000
v 4811.799805 11509.040039 940.000000
v 4811.799805 11086.780273 940.000000
v 4811.799805 11509.040039 975.000000
v 4811.799805 11086.780273 975.000000
v 5518.839844 11086.780273 940.000000
v 5518.839844 11509.040039 940.000000
v 5518.839844 11509.040039 975.000000
v 5518.839844 11086.780273 975.000000
v 3849.439941 9073.679688 0.000000
v 3849.439941 9967.299805 1950.000000
v 3849.439941 9967.299805 0.000000
v 3849.439941 9073.679688 1950.000000
v 4468.100098 9967.299805 1950.000000
v 4468.100098 9073.679688 0.000000
v 4468.100098 9967.299805 0.000000
v 4468.100098 9073.679688 1950.000000
v 3849.439941 9073.679688 2000.000000
v 3849.439941 9073.679688 2450.000000
v 3849.439941 9967.299805 2000.000000
v 3849.439941 9967.299805 2450.000000
v 4468.100098 9073.679688 2450.000000
v 4468.100098 9073.679688 2000.000000
v 4468.100098 9967.299805 2000.000000
v 4468.100098 9967.299805 2450.000000
v 3849.439941 8386.280273 0.000000
v 3849.439941 9073.679688 2300.000000
v 3849.439941 9073.679688 0.000000
v 3849.439941 8386.280273 2300.000000
v 4468.100098 9073.679688 2300.000000
v 4468.100098 8386.280273 0.000000
v 4468.100098 9073.679688 0.000000
v 4468.100098 8386.280273 2300.000000
v 4448.459961 9034.400391 1250.000000
v 4448.459961 8425.559570 1250.000000
v 4448.459961 9034.400391 1845.000000
v 4448.459961 8425.559570 1845.000000
v 4468.100098 8425.559570 1250.000000
v 4468.100098 9034.400391 1250.000000
v 4468.100098 9034.400391 1845.000000
v 4468.100098 8425.559570 1845.000000
v 4448.459961 9034.400391 550.000000
v 4448.459961 8425.559570 550.000000
v 4448.459961 9034.400391 1145.000000
v 4448.459961 8425.559570 1145.000000
v 4468.100098 8425.559570 550.000000
v 4468.100098 9034.400391 550.000000
v 4468.100098 9034.400391 1145.000000
v 4468.100098 8425.559570 1145.000000
v 3849.439941 9073.679688 2300.000000
v 3849.439941 8386.280273 2300.000000
v 3849.439941 9073.679688 2600.000000
v 3849.439941 8386.280273 2600.000000
v 4468.100098 8386.280273 2300.000000
v 4468.100098 9073.679688 2300.000000
v 4468.100098 9073.679688 2600.000000
v 4468.100098 8386.280273 2600.000000
v 3849.439941 7669.419922 0.000000
v 3849.439941 7669.419922 1900.000000
v 3849.439941 8386.280273 0.000000
v 3849.439941 8386.280273 1900.000000
v 4468.100098 7669.419922 1900.000000
v 4468.100098 7669.419922 0.000000
v 4468.100098 8386.280273 0.000000
v 4468.100098 8386.280273 1900.000000
v 4448.459961 7708.700195 100.000000
v 4448.459961 7708.700195 950.000000
v 4448.459961 8347.000000 100.000000
v 4448.459961 8347.000000 950.000000
v 4468.100098 7708.700195 950.000000
v 4468.100098 7708.700195 100.000000
v 4468.100098 8347.000000 100.000000
v 4468.100098 8347.000000 950.000000
v 4448.459961 7708.700195 1000.000000
v 4448.459961 7708.700195 1850.000000
v 4448.459961 8347.000000 1000.000000
v 4448.459961 8347.000000 1850.000000
v 4468.100098 7708.700195 1850.000000
v 4468.100098 7708.700195 1000.000000
v 4468.100098 8347.000000 1000.000000
v 4468.100098 8347.000000 1850.000000
v 3849.439941 7669.419922 1950.000000
v 3849.439941 7669.419922 2450.000000
v 3849.439941 8386.280273 1950.000000
v 3849.439941 8386.280273 2450.000000
v 4468.100098 7669.419922 2450.000000
v 4468.100098 7669.419922 1950.000000
v 4468.100098 8386.280273 1950.000000
v 4468.100098 8386.280273 2450.000000
v 235.679993 7649.779785 80.000000
v 235.679993 6952.560059 80.000000
v 235.679993 7649.779785 600.000000
v 235.679993 6952.560059 600.000000
v 1738.140015 6952.560059 80.000000
v 1738.140015 7649.779785 80.000000
v 1738.140015 7649.779785 600.000000
v 1738.140015 6952.560059 600.000000
v 382.980011 7531.939941 560.000000
v 382.980011 7070.399902 560.000000
v 382.980011 7531.939941 640.000000
v 382.980011 7070.399902 640.000000
v 1590.839966 7070.399902 560.000000
v 1590.839966 7531.939941 560.000000
v 1590.839966 7531.939941 640.000000
v 1590.839966 7070.399902 640.000000
v 274.959991 5943.751465 380.000000
v 274.959991 6225.879883 820.000000
v 274.959991 6225.879883 380.000000
v 274.959991 5943.751465 820.000000
v 512.949646 6225.879883 820.000000
v 512.949646 5943.751465 380.000000
v 512.949646 6225.879883 380.000000
v 512.949646 5943.751465 820.000000
v 445.670868 5963.391602 60.000000
v 445.670868 6206.240234 400.000000
v 445.670868 6206.240234 60.000000
v 445.670868 5963.391602 400.000000
v 851.653259 6206.240234 400.000000
v 851.653259 5963.391602 60.000000
v 851.653259 6206.240234 60.000000
v 851.653259 5963.391602 400.000000
v 972.926636 6090.868164 400.000000
v 973.077576 6084.815918 400.000000
v 973.077576 6084.815918 60.000000
v 972.926636 6090.868164 60.000000
v 972.474182 6096.905762 60.000000
v 972.474182 6096.905762 400.000000
v 971.721313 6102.913086 60.000000
v 971.721313 6102.913086 400.000000
v 970.669983 6108.875488 400.000000
v 970.669983 6108.875488 60.000000
v 969.322754 6114.777832 60.000000
v 969.322754 6114.777832 400.000000
v 967.682983 6120.605957 400.000000
v 967.682983 6120.605957 60.000000
v 965.754761 6126.345215 60.000000
v 965.754761 6126.345215 400.000000
v 963.542847 6131.980957 400.000000
v 963.542847 6131.980957 60.000000
v 961.052734 6137.499512 400.000000
v 961.052734 6137.499512 60.000000
v 958.290710 6142.887207 400.000000
v 958.290710 6142.887207 60.000000
v 955.263489 6148.130371 400.000000
v 955.263489 6148.130371 60.000000
v 951.978699 6153.216309 60.000000
v 951.978699 6153.216309 400.000000
v 948.444519 6158.132324 400.000000
v 948.444519 6158.132324 60.000000
v 944.669678 6162.865723 60.000000
v 944.669678 6162.865723 400.000000
v 940.663574 6167.405273 400.000000
v 940.663574 6167.405273 60.000000
v 936.436157 6171.739258 400.000000
v 936.436157 6171.739258 60.000000
v 931.997986 6175.857422 60.000000
v 931.997986 6175.857422 400.000000
v 927.360046 6179.749023 400.000000
v 927.360046 6179.749023 60.000000
v 922.533936 6183.404785 60.000000
v 922.533936 6183.404785 400.000000
v 917.531555 6186.815430 60.000000
v 917.531555 6186.815430 400.000000
v 912.365417 6189.972168 60.000000
v 912.365417 6189.972168 400.000000
v 907.048279 6192.867676 400.000000
v 907.048279 6192.867676 60.000000
v 901.593506 6195.494629 400.000000
v 901.593506 6195.494629 60.000000
v 896.014526 6197.846191 400.000000
v 896.014526 6197.846191 60.000000
v 890.325256 6199.916992 400.000000
v 890.325256 6199.916992 60.000000
v 884.539856 6201.701660 400.000000
v 884.539856 6201.701660 60.000000
v 878.672668 6203.195801 60.000000
v 878.672668 6203.195801 400.000000
v 872.738342 6204.395508 400.000000
v 872.738342 6204.395508 60.000000
v 866.751587 6205.297852 400.000000
v 866.751587 6205.297852 60.000000
v 860.727295 6205.900391 400.000000
v 860.727295 6205.900391 60.000000
v 854.680420 6206.202148 400.000000
v 854.680420 6206.202148 60.000000
v 848.626038 6206.202148 400.000000
v 848.626038 6206.202148 60.000000
v 842.579224 6205.900391 400.000000
v 842.579224 6205.900391 60.000000
v 836.554871 6205.297852 60.000000
v 836.554871 6205.297852 400.000000
v 830.568115 6204.395508 400.000000
v 830.568115 6204.395508 60.000000
v 824.633789 6203.195801 400.000000
v 824.633789 6203.195801 60.000000
v 818.766663 6201.701660 400.000000
v 818.766663 6201.701660 60.000000
v 812.981201 6199.916992 400.000000
v 812.981201 6199.916992 60.000000
v 807.291992 6197.846191 400.000000
v 807.291992 6197.846191 60.000000
v 801.713013 6195.494629 400.000000
v 801.713013 6195.494629 60.000000
v 796.258179 6192.867676 400.000000
v 796.258179 6192.867676 60.000000
v 790.941101 6189.972168 60.000000
v 790.941101 6189.972168 400.000000
v 785.774963 6186.815430 400.000000
v 785.774963 6186.815430 60.000000
v 780.772583 6183.404785 400.000000
v 780.772583 6183.404785 60.000000
v 775.946411 6179.749023 400.000000
v 775.946411 6179.749023 60.000000
v 771.308533 6175.857422 400.000000
v 771.308533 6175.857422 60.000000
v 766.870361 6171.739258 400.000000
v 766.870361 6171.739258 60.000000
v 762.642944 6167.405273 60.000000
v 762.642944 6167.405273 400.000000
v 758.636841 6162.865723 400.000000
v 758.636841 6162.865723 60.000000
v 754.862000 6158.132324 400.000000
v 754.862000 6158.132324 60.000000
v 751.327759 6153.216309 60.000000
v 751.327759 6153.216309 400.000000
v 748.043030 6148.130371 60.000000
v 748.043030 6148.130371 400.000000
v 745.015808 6142.887207 400.000000
v 745.015808 6142.887207 60.000000
v 742.253723 6137.499512 400.000000
v 742.253723 6137.499512 60.000000
v 739.763672 6131.980957 60.000000
v 739.763672 6131.980957 400.000000
v 737.551758 6126.345215 400.000000
v 737.551758 6126.345215 60.000000
v 735.623474 6120.605957 400.000000
v 735.623474 6120.605957 60.000000
v 733.983704 6114.777832 400.000000
v 733.983704 6114.777832 60.000000
v 732.636475 6108.875488 400.000000
v 732.636475 6108.875488 60.000000
v 731.585144 6102.913086 60.000000
v 731.585144 6102.913086 400.000000
v 730.832336 6096.905762 60.000000
v 730.832336 6096.905762 400.000000
v 730.379883 6090.868164 400.000000
v 730.379883 6090.868164 60.000000
v 730.228943 6084.815918 60.000000
v 730.228943 6084.815918 400.000000
v 730.379883 6078.763184 400.000000
v 730.379883 6078.763184 60.000000
v 730.832336 6072.725586 400.000000
v 730.832336 6072.725586 60.000000
v 731.585144 6066.718262 400.000000
v 731.585144 6066.718262 60.000000
v 732.636475 6060.755859 60.000000
v 732.636475 6060.755859 400.000000
v 733.983704 6054.853516 400.000000
v 733.983704 6054.853516 60.000000
v 735.623474 6049.025391 400.000000
v 735.623474 6049.025391 60.000000
v 737.551758 6043.286133 400.000000
v 737.551758 6043.286133 60.000000
v 739.763672 6037.650391 400.000000
v 739.763672 6037.650391 60.000000
v 742.253723 6032.131836 400.000000
v 742.253723 6032.131836 60.000000
v 745.015808 6026.744141 400.000000
v 745.015808 6026.744141 60.000000
v 748.043030 6021.500977 60.000000
v 748.043030 6021.500977 400.000000
v 751.327759 6016.415039 400.000000
v 751.327759 6016.415039 60.000000
v 754.862000 6011.499023 400.000000
v 754.862000 6011.499023 60.000000
v 758.636841 6006.765625 400.000000
v 758.636841 6006.765625 60.000000
v 762.642944 6002.226074 400.000000
v 762.642944 6002.226074 60.000000
v 766.870361 5997.892090 400.000000
v 766.870361 5997.892090 60.000000
v 771.308533 5993.773926 60.000000
v 771.308533 5993.773926 400.000000
v 775.946411 5989.882324 60.000000
v 775.946411 5989.882324 400.000000
v 780.772583 5986.226562 400.000000
v 780.772583 5986.226562 60.000000
v 785.774963 5982.815918 400.000000
v 785.774963 5982.815918 60.000000
v 790.941101 5979.659180 400.000000
v 790.941101 5979.659180 60.000000
v 796.258179 5976.763672 400.000000
v 796.258179 5976.763672 60.000000
v 801.713013 5974.136719 60.000000
v 801.713013 5974.136719 400.000000
v 807.291992 5971.785156 400.000000
v 807.291992 5971.785156 60.000000
v 812.981201 5969.714355 400.000000
v 812.981201 5969.714355 60.000000
v 818.766663 5967.929688 400.000000
v 818.766663 5967.929688 60.000000
v 824.633789 5966.435547 60.000000
v 824.633789 5966.435547 400.000000
v 830.568115 5965.236328 400.000000
v 830.568115 5965.236328 60.000000
v 836.554871 5964.333984 400.000000
v 836.554871 5964.333984 60.000000
v 842.579224 5963.730957 60.000000
v 842.579224 5963.730957 400.000000
v 848.626038 5963.429199 60.000000
v 848.626038 5963.429199 400.000000
v 854.680420 5963.429199 400.000000
v 854.680420 5963.429199 60.000000
v 860.727295 5963.730957 400.000000
v 860.727295 5963.730957 60.000000
v 866.751587 5964.333984 400.000000
v 866.751587 5964.333984 60.000000
v 872.738342 5965.236328 400.000000
v 872.738342 5965.236328 60.000000
v 878.672668 5966.435547 60.000000
v 878.672668 5966.435547 400.000000
v 884.539856 5967.929688 400.000000
v 884.539856 5967.929688 60.000000
v 890.325256 5969.714355 400.000000
v 890.325256 5969.714355 60.000000
v 896.014526 5971.785156 400.000000
v 896.014526 5971.785156 60.000000
v 901.593506 5974.136719 400.000000
v 901.593506 5974.136719 60.000000
v 907.048279 5976.763672 60.000000
v 907.048279 5976.763672 400.000000
v 912.365417 5979.659180 400.000000
v 912.365417 5979.659180 60.000000
v 917.531555 5982.815918 60.000000
v 917.531555 5982.815918 400.000000
v 922.533936 5986.226562 60.000000
v 922.533936 5986.226562 400.000000
v 927.360046 5989.882324 400.000000
v 927.360046 5989.882324 60.000000
v 931.997986 5993.773926 400.000000
v 931.997986 5993.773926 60.000000
v 936.436157 5997.892090 400.000000
v 936.436157 5997.892090 60.000000
v 940.663574 6002.226074 400.000000
v 940.663574 6002.226074 60.000000
v 944.669678 6006.765625 60.000000
v 944.669678 6006.765625 400.000000
v 948.444519 6011.499023 400.000000
v 948.444519 6011.499023 60.000000
v 951.978699 6016.415039 60.000000
v 951.978699 6016.415039 400.000000
v 955.263489 6021.500977 400.000000
v 955.263489 6021.500977 60.000000
v 958.290710 6026.744141 400.000000
v 958.290710 6026.744141 60.000000
v 961.052734 6032.131836 400.000000
v 961.052734 6032.131836 60.000000
v 963.542847 6037.650391 400.000000
v 963.542847 6037.650391 60.000000
v 965.754761 6043.286133 60.000000
v 965.754761 6043.286133 400.000000
v 967.682983 6049.025391 400.000000
v 967.682983 6049.025391 60.000000
v 969.322754 6054.853516 400.000000
v 969.322754 6054.853516 60.000000
v 970.669983 6060.755859 400.000000
v 970.669983 6060.755859 60.000000
v 971.721313 6066.718262 400.000000
v 971.721313 6066.718262 60.000000
v 972.474182 6072.725586 60.000000
v 972.474182 6072.725586 400.000000
v 972.926636 6078.763184 400.000000
v 972.926636 6078.763184 60.000000
v 487.669067 5983.031250 400.000000
v 487.669067 5983.031250 435.000000
v 487.669067 6186.600098 400.000000
v 487.669067 6186.600098 435.000000
v 837.653870 5983.031250 435.000000
v 837.653870 5983.031250 400.000000
v 837.653870 6186.600098 400.000000
v 837.653870 6186.600098 435.000000
v 2278.239990 8202.351562 380.000000
v 2278.239990 8484.480469 820.000000
v 2278.239990 8484.480469 380.000000
v 2278.239990 8202.351562 820.000000
v 2516.229736 8484.480469 820.000000
v 2516.229736 8202.351562 380.000000
v 2516.229736 8484.480469 380.000000
v 2516.229736 8202.351562 820.000000
v 2448.950928 8221.991211 60.000000
v 2448.950928 8221.991211 400.000000
v 2448.950928 8464.839844 60.000000
v 2448.950928 8464.839844 400.000000
v 2854.933350 8221.991211 400.000000
v 2854.933350 8221.991211 60.000000
v 2854.933350 8464.839844 60.000000
v 2854.933350 8464.839844 400.000000
v 2976.206543 8349.467773 400.000000
v 2976.357666 8343.416016 400.000000
v 2976.357666 8343.416016 60.000000
v 2976.206543 8349.467773 60.000000
v 2975.754150 8355.505859 60.000000
v 2975.754150 8355.505859 400.000000
v 2975.001221 8361.512695 60.000000
v 2975.001221 8361.512695 400.000000
v 2973.949951 8367.475586 400.000000
v 2973.949951 8367.475586 60.000000
v 2972.602783 8373.377930 60.000000
v 2972.602783 8373.377930 400.000000
v 2970.962891 8379.206055 400.000000
v 2970.962891 8379.206055 60.000000
v 2969.034668 8384.945312 60.000000
v 2969.034668 8384.945312 400.000000
v 2966.822754 8390.581055 400.000000
v 2966.822754 8390.581055 60.000000
v 2964.332764 8396.099609 400.000000
v 2964.332764 8396.099609 60.000000
v 2961.570801 8401.487305 400.000000
v 2961.570801 8401.487305 60.000000
v 2958.543457 8406.730469 400.000000
v 2958.543457 8406.730469 60.000000
v 2955.258789 8411.816406 60.000000
v 2955.258789 8411.816406 400.000000
v 2951.724609 8416.732422 400.000000
v 2951.724609 8416.732422 60.000000
v 2947.949707 8421.465820 60.000000
v 2947.949707 8421.465820 400.000000
v 2943.943604 8426.004883 400.000000
v 2943.943604 8426.004883 60.000000
v 2939.716064 8430.338867 400.000000
v 2939.716064 8430.338867 60.000000
v 2935.278076 8434.457031 60.000000
v 2935.278076 8434.457031 400.000000
v 2930.640137 8438.348633 400.000000
v 2930.640137 8438.348633 60.000000
v 2925.813965 8442.004883 60.000000
v 2925.813965 8442.004883 400.000000
v 2920.811523 8445.415039 60.000000
v 2920.811523 8445.415039 400.000000
v 2915.645508 8448.572266 60.000000
v 2915.645508 8448.572266 400.000000
v 2910.328369 8451.467773 400.000000
v 2910.328369 8451.467773 60.000000
v 2904.873535 8454.094727 400.000000
v 2904.873535 8454.094727 60.000000
v 2899.294434 8456.446289 400.000000
v 2899.294434 8456.446289 60.000000
v 2893.605225 8458.517578 400.000000
v 2893.605225 8458.517578 60.000000
v 2887.819824 8460.301758 400.000000
v 2887.819824 8460.301758 60.000000
v 2881.952637 8461.795898 60.000000
v 2881.952637 8461.795898 400.000000
v 2876.018311 8462.995117 400.000000
v 2876.018311 8462.995117 60.000000
v 2870.031494 8463.897461 400.000000
v 2870.031494 8463.897461 60.000000
v 2864.007324 8464.500000 400.000000
v 2864.007324 8464.500000 60.000000
v 2857.960449 8464.802734 400.000000
v 2857.960449 8464.802734 60.000000
v 2851.906006 8464.802734 400.000000
v 2851.906006 8464.802734 60.000000
v 2845.859131 8464.500000 400.000000
v 2845.859131 8464.500000 60.000000
v 2839.834961 8463.897461 60.000000
v 2839.834961 8463.897461 400.000000
v 2833.848145 8462.995117 400.000000
v 2833.848145 8462.995117 60.000000
v 2827.913818 8461.795898 400.000000
v 2827.913818 8461.795898 60.000000
v 2822.046631 8460.301758 400.000000
v 2822.046631 8460.301758 60.000000
v 2816.261230 8458.517578 400.000000
v 2816.261230 8458.517578 60.000000
v 2810.572021 8456.446289 400.000000
v 2810.572021 8456.446289 60.000000
v 2804.992920 8454.094727 400.000000
v 2804.992920 8454.094727 60.000000
v 2799.538086 8451.467773 400.000000
v 2799.538086 8451.467773 60.000000
v 2794.221191 8448.572266 60.000000
v 2794.221191 8448.572266 400.000000
v 2789.054932 8445.415039 400.000000
v 2789.054932 8445.415039 60.000000
v 2784.052490 8442.004883 400.000000
v 2784.052490 8442.004883 60.000000
v 2779.226318 8438.348633 400.000000
v 2779.226318 8438.348633 60.000000
v 2774.588623 8434.457031 400.000000
v 2774.588623 8434.457031 60.000000
v 2770.150391 8430.338867 400.000000
v 2770.150391 8430.338867 60.000000
v 2765.922852 8426.004883 60.000000
v 2765.922852 8426.004883 400.000000
v 2761.916748 8421.465820 400.000000
v 2761.916748 8421.465820 60.000000
v 2758.142090 8416.732422 400.000000
v 2758.142090 8416.732422 60.000000
v 2754.607666 8411.816406 60.000000
v 2754.607666 8411.816406 400.000000
v 2751.322998 8406.730469 60.000000
v 2751.322998 8406.730469 400.000000
v 2748.295898 8401.487305 400.000000
v 2748.295898 8401.487305 60.000000
v 2745.533691 8396.099609 400.000000
v 2745.533691 8396.099609 60.000000
v 2743.043701 8390.581055 60.000000
v 2743.043701 8390.581055 400.000000
v 2740.831787 8384.945312 400.000000
v 2740.831787 8384.945312 60.000000
v 2738.903564 8379.206055 400.000000
v 2738.903564 8379.206055 60.000000
v 2737.263672 8373.377930 400.000000
v 2737.263672 8373.377930 60.000000
v 2735.916504 8367.475586 400.000000
v 2735.916504 8367.475586 60.000000
v 2734.865234 8361.512695 60.000000
v 2734.865234 8361.512695 400.000000
v 2734.112305 8355.505859 60.000000
v 2734.112305 8355.505859 400.000000
v 2733.659912 8349.467773 400.000000
v 2733.659912 8349.467773 60.000000
v 2733.509033 8343.416016 60.000000
v 2733.509033 8343.416016 400.000000
v 2733.659912 8337.363281 400.000000
v 2733.659912 8337.363281 60.000000
v 2734.112305 8331.326172 400.000000
v 2734.112305 8331.326172 60.000000
v 2734.865234 8325.318359 400.000000
v 2734.865234 8325.318359 60.000000
v 2735.916504 8319.355469 60.000000
v 2735.916504 8319.355469 400.000000
v 2737.263672 8313.453125 400.000000
v 2737.263672 8313.453125 60.000000
v 2738.903564 8307.625000 400.000000
v 2738.903564 8307.625000 60.000000
v 2740.831787 8301.885742 400.000000
v 2740.831787 8301.885742 60.000000
v 2743.043701 8296.250000 400.000000
v 2743.043701 8296.250000 60.000000
v 2745.533691 8290.731445 400.000000
v 2745.533691 8290.731445 60.000000
v 2748.295898 8285.343750 400.000000
v 2748.295898 8285.343750 60.000000
v 2751.322998 8280.100586 60.000000
v 2751.322998 8280.100586 400.000000
v 2754.607666 8275.014648 400.000000
v 2754.607666 8275.014648 60.000000
v 2758.142090 8270.099609 400.000000
v 2758.142090 8270.099609 60.000000
v 2761.916748 8265.365234 400.000000
v 2761.916748 8265.365234 60.000000
v 2765.922852 8260.826172 400.000000
v 2765.922852 8260.826172 60.000000
v 2770.150391 8256.492188 400.000000
v 2770.150391 8256.492188 60.000000
v 2774.588623 8252.374023 60.000000
v 2774.588623 8252.374023 400.000000
v 2779.226318 8248.482422 60.000000
v 2779.226318 8248.482422 400.000000
v 2784.052490 8244.827148 400.000000
v 2784.052490 8244.827148 60.000000
v 2789.054932 8241.416016 400.000000
v 2789.054932 8241.416016 60.000000
v 2794.221191 8238.258789 400.000000
v 2794.221191 8238.258789 60.000000
v 2799.538086 8235.363281 400.000000
v 2799.538086 8235.363281 60.000000
v 2804.992920 8232.736328 60.000000
v 2804.992920 8232.736328 400.000000
v 2810.572021 8230.384766 400.000000
v 2810.572021 8230.384766 60.000000
v 2816.261230 8228.314453 400.000000
v 2816.261230 8228.314453 60.000000
v 2822.046631 8226.529297 400.000000
v 2822.046631 8226.529297 60.000000
v 2827.913818 8225.036133 60.000000
v 2827.913818 8225.036133 400.000000
v 2833.848145 8223.835938 400.000000
v 2833.848145 8223.835938 60.000000
v 2839.834961 8222.933594 400.000000
v 2839.834961 8222.933594 60.000000
v 2845.859131 8222.331055 60.000000
v 2845.859131 8222.331055 400.000000
v 2851.906006 8222.029297 60.000000
v 2851.906006 8222.029297 400.000000
v 2857.960449 8222.029297 400.000000
v 2857.960449 8222.029297 60.000000
v 2864.007324 8222.331055 400.000000
v 2864.007324 8222.331055 60.000000
v 2870.031494 8222.933594 400.000000
v 2870.031494 8222.933594 60.000000
v 2876.018311 8223.835938 400.000000
v 2876.018311 8223.835938 60.000000
v 2881.952637 8225.036133 60.000000
v 2881.952637 8225.036133 400.000000
v 2887.819824 8226.529297 400.000000
v 2887.819824 8226.529297 60.000000
v 2893.605225 8228.314453 400.000000
v 2893.605225 8228.314453 60.000000
v 2899.294434 8230.384766 400.000000
v 2899.294434 8230.384766 60.000000
v 2904.873535 8232.736328 400.000000
v 2904.873535 8232.736328 60.000000
v 2910.328369 8235.363281 60.000000
v 2910.328369 8235.363281 400.000000
v 2915.645508 8238.258789 400.000000
v 2915.645508 8238.258789 60.000000
v 2920.811523 8241.416016 60.000000
v 2920.811523 8241.416016 400.000000
v 2925.813965 8244.827148 60.000000
v 2925.813965 8244.827148 400.000000
v 2930.640137 8248.482422 400.000000
v 2930.640137 8248.482422 60.000000
v 2935.278076 8252.374023 400.000000
v 2935.278076 8252.374023 60.000000
v 2939.716064 8256.492188 400.000000
v 2939.716064 8256.492188 60.000000
v 2943.943604 8260.826172 400.000000
v 2943.943604 8260.826172 60.000000
v 2947.949707 8265.365234 60.000000
v 2947.949707 8265.365234 400.000000
v 2951.724609 8270.099609 400.000000
v 2951.724609 8270.099609 60.000000
v 2955.258789 8275.014648 60.000000
v 2955.258789 8275.014648 400.000000
v 2958.543457 8280.100586 400.000000
v 2958.543457 8280.100586 60.000000
v 2961.570801 8285.343750 400.000000
v 2961.570801 8285.343750 60.000000
v 2964.332764 8290.731445 400.000000
v 2964.332764 8290.731445 60.000000
v 2966.822754 8296.250000 400.000000
v 2966.822754 8296.250000 60.000000
v 2969.034668 8301.885742 60.000000
v 2969.034668 8301.885742 400.000000
v 2970.962891 8307.625000 400.000000
v 2970.962891 8307.625000 60.000000
v 2972.602783 8313.453125 400.000000
v 2972.602783 8313.453125 60.000000
v 2973.949951 8319.355469 400.000000
v 2973.949951 8319.355469 60.000000
v 2975.001221 8325.318359 400.000000
v 2975.001221 8325.318359 60.000000
v 2975.754150 8331.326172 60.000000
v 2975.754150 8331.326172 400.000000
v 2976.206543 8337.363281 400.000000
v 2976.206543 8337.363281 60.000000
v 2490.948975 8241.631836 400.000000
v 2490.948975 8241.631836 435.000000
v 2490.948975 8445.200195 400.000000
v 2490.948975 8445.200195 435.000000
v 2840.933838 8241.631836 435.000000
v 2840.933838 8241.631836 400.000000
v 2840.933838 8445.200195 400.000000
v 2840.933838 8445.200195 435.000000
v 235.679993 5007.217773 0.000000
v 235.679993 5607.220215 820.000000
v 235.679993 5607.220215 0.000000
v 235.679993 5007.217773 820.000000
v 735.714417 5607.220215 820.000000
v 735.714417 5007.217773 0.000000
v 735.714417 5607.220215 0.000000
v 735.714417 5007.217773 820.000000
v 284.779999 5056.317871 820.000000
v 284.779999 5056.317871 905.000000
v 284.779999 5558.120117 820.000000
v 284.779999 5558.120117 905.000000
v 686.614380 5056.317871 905.000000
v 686.614380 5056.317871 820.000000
v 686.614380 5558.120117 820.000000
v 686.614380 5558.120117 905.000000
v 501.677307 5488.017090 1325.000000
v 501.697205 5487.219727 1325.000000
v 501.697205 5487.219727 905.000000
v 501.677307 5488.017090 905.000000
v 501.617706 5488.812500 1325.000000
v 501.617706 5488.812500 905.000000
v 501.518494 5489.604492 905.000000
v 501.518494 5489.604492 1325.000000
v 501.379974 5490.390137 905.000000
v 501.379974 5490.390137 1325.000000
v 501.202423 5491.167480 1325.000000
v 501.202423 5491.167480 905.000000
v 500.986359 5491.935547 905.000000
v 500.986359 5491.935547 1325.000000
v 500.732269 5492.691895 905.000000
v 500.732269 5492.691895 1325.000000
v 500.440826 5493.434570 1325.000000
v 500.440826 5493.434570 905.000000
v 500.112701 5494.161621 1325.000000
v 500.112701 5494.161621 905.000000
v 499.748749 5494.871582 1325.000000
v 499.748749 5494.871582 905.000000
v 499.349854 5495.562500 1325.000000
v 499.349854 5495.562500 905.000000
v 498.917023 5496.232910 1325.000000
v 498.917023 5496.232910 905.000000
v 498.451324 5496.880371 1325.000000
v 498.451324 5496.880371 905.000000
v 497.953918 5497.504395 1325.000000
v 497.953918 5497.504395 905.000000
v 497.426025 5498.102539 905.000000
v 497.426025 5498.102539 1325.000000
v 496.868988 5498.673340 1325.000000
v 496.868988 5498.673340 905.000000
v 496.284180 5499.216309 905.000000
v 496.284180 5499.216309 1325.000000
v 495.673035 5499.729004 1325.000000
v 495.673035 5499.729004 905.000000
v 495.037109 5500.210449 1325.000000
v 495.037109 5500.210449 905.000000
v 494.377930 5500.660156 1325.000000
v 494.377930 5500.660156 905.000000
v 493.697205 5501.076172 1325.000000
v 493.697205 5501.076172 905.000000
v 492.996582 5501.457520 1325.000000
v 492.996582 5501.457520 905.000000
v 492.277802 5501.803711 1325.000000
v 492.277802 5501.803711 905.000000
v 491.542664 5502.113770 905.000000
v 491.542664 5502.113770 1325.000000
v 490.792999 5502.386230 1325.000000
v 490.792999 5502.386230 905.000000
v 490.030640 5502.621582 1325.000000
v 490.030640 5502.621582 905.000000
v 489.257538 5502.818359 905.000000
v 489.257538 5502.818359 1325.000000
v 488.475586 5502.976562 905.000000
v 488.475586 5502.976562 1325.000000
v 487.686707 5503.095215 1325.000000
v 487.686707 5503.095215 905.000000
v 486.892883 5503.174805 1325.000000
v 486.892883 5503.174805 905.000000
v 486.096100 5503.214844 1325.000000
v 486.096100 5503.214844 905.000000
v 485.298309 5503.214844 1325.000000
v 485.298309 5503.214844 905.000000
v 484.501526 5503.174805 905.000000
v 484.501526 5503.174805 1325.000000
v 483.707703 5503.095215 905.000000
v 483.707703 5503.095215 1325.000000
v 482.918823 5502.976562 1325.000000
v 482.918823 5502.976562 905.000000
v 482.136871 5502.818359 1325.000000
v 482.136871 5502.818359 905.000000
v 481.363739 5502.621582 1325.000000
v 481.363739 5502.621582 905.000000
v 480.601410 5502.386230 1325.000000
v 480.601410 5502.386230 905.000000
v 479.851746 5502.113770 905.000000
v 479.851746 5502.113770 1325.000000
v 479.116608 5501.803711 1325.000000
v 479.116608 5501.803711 905.000000
v 478.397827 5501.457520 905.000000
v 478.397827 5501.457520 1325.000000
v 477.697205 5501.076172 1325.000000
v 477.697205 5501.076172 905.000000
v 477.016449 5500.660156 1325.000000
v 477.016449 5500.660156 905.000000
v 476.357300 5500.210449 1325.000000
v 476.357300 5500.210449 905.000000
v 475.721375 5499.729004 1325.000000
v 475.721375 5499.729004 905.000000
v 475.110229 5499.216309 1325.000000
v 475.110229 5499.216309 905.000000
v 474.525421 5498.673340 1325.000000
v 474.525421 5498.673340 905.000000
v 473.968384 5498.102539 1325.000000
v 473.968384 5498.102539 905.000000
v 473.440491 5497.504395 905.000000
v 473.440491 5497.504395 1325.000000
v 472.943085 5496.880371 1325.000000
v 472.943085 5496.880371 905.000000
v 472.477386 5496.232910 1325.000000
v 472.477386 5496.232910 905.000000
v 472.044556 5495.562500 905.000000
v 472.044556 5495.562500 1325.000000
v 471.645660 5494.871582 1325.000000
v 471.645660 5494.871582 905.000000
v 471.281708 5494.161621 1325.000000
v 471.281708 5494.161621 905.000000
v 470.953583 5493.434570 905.000000
v 470.953583 5493.434570 1325.000000
v 470.662109 5492.691895 1325.000000
v 470.662109 5492.691895 905.000000
v 470.408020 5491.935547 1325.000000
v 470.408020 5491.935547 905.000000
v 470.191956 5491.167480 1325.000000
v 470.191956 5491.167480 905.000000
v 470.014435 5490.390137 905.000000
v 470.014435 5490.390137 1325.000000
v 469.875916 5489.604492 905.000000
v 469.875916 5489.604492 1325.000000
v 469.776703 5488.812500 1325.000000
v 469.776703 5488.812500 905.000000
v 469.717102 5488.017090 1325.000000
v 469.717102 5488.017090 905.000000
v 469.697205 5487.219727 1325.000000
v 469.697205 5487.219727 905.000000
v 469.717102 5486.421875 1325.000000
v 469.717102 5486.421875 905.000000
v 469.776703 5485.626465 905.000000
v 469.776703 5485.626465 1325.000000
v 469.875916 5484.834961 1325.000000
v 469.875916 5484.834961 905.000000
v 470.014435 5484.049316 905.000000
v 470.014435 5484.049316 1325.000000
v 470.191956 5483.271484 1325.000000
v 470.191956 5483.271484 905.000000
v 470.408020 5482.503418 905.000000
v 470.408020 5482.503418 1325.000000
v 470.662109 5481.747070 1325.000000
v 470.662109 5481.747070 905.000000
v 470.953583 5481.004883 1325.000000
v 470.953583 5481.004883 905.000000
v 471.281708 5480.277344 1325.000000
v 471.281708 5480.277344 905.000000
v 471.645660 5479.567383 1325.000000
v 471.645660 5479.567383 905.000000
v 472.044556 5478.876465 1325.000000
v 472.044556 5478.876465 905.000000
v 472.477386 5478.206543 1325.000000
v 472.477386 5478.206543 905.000000
v 472.943085 5477.558594 1325.000000
v 472.943085 5477.558594 905.000000
v 473.440491 5476.935059 905.000000
v 473.440491 5476.935059 1325.000000
v 473.968384 5476.336914 1325.000000
v 473.968384 5476.336914 905.000000
v 474.525421 5475.765625 1325.000000
v 474.525421 5475.765625 905.000000
v 475.110229 5475.223145 1325.000000
v 475.110229 5475.223145 905.000000
v 475.721375 5474.710449 1325.000000
v 475.721375 5474.710449 905.000000
v 476.357300 5474.228516 1325.000000
v 476.357300 5474.228516 905.000000
v 477.016449 5473.779297 1325.000000
v 477.016449 5473.779297 905.000000
v 477.697205 5473.363281 1325.000000
v 477.697205 5473.363281 905.000000
v 478.397827 5472.981445 905.000000
v 478.397827 5472.981445 1325.000000
v 479.116608 5472.635742 1325.000000
v 479.116608 5472.635742 905.000000
v 479.851746 5472.325684 1325.000000
v 479.851746 5472.325684 905.000000
v 480.601410 5472.052734 1325.000000
v 480.601410 5472.052734 905.000000
v 481.363739 5471.817383 1325.000000
v 481.363739 5471.817383 905.000000
v 482.136871 5471.620605 1325.000000
v 482.136871 5471.620605 905.000000
v 482.918823 5471.462891 1325.000000
v 482.918823 5471.462891 905.000000
v 483.707703 5471.343750 1325.000000
v 483.707703 5471.343750 905.000000
v 484.501526 5471.264160 905.000000
v 484.501526 5471.264160 1325.000000
v 485.298309 5471.224609 1325.000000
v 485.298309 5471.224609 905.000000
v 486.096100 5471.224609 1325.000000
v 486.096100 5471.224609 905.000000
v 486.892883 5471.264160 1325.000000
v 486.892883 5471.264160 905.000000
v 487.686707 5471.343750 1325.000000
v 487.686707 5471.343750 905.000000
v 488.475586 5471.462891 1325.000000
v 488.475586 5471.462891 905.000000
v 489.257538 5471.620605 905.000000
v 489.257538 5471.620605 1325.000000
v 490.030640 5471.817383 1325.000000
v 490.030640 5471.817383 905.000000
v 490.792999 5472.052734 1325.000000
v 490.792999 5472.052734 905.000000
v 491.542664 5472.325684 1325.000000
v 491.542664 5472.325684 905.000000
v 492.277802 5472.635742 1325.000000
v 492.277802 5472.635742 905.000000
v 492.996582 5472.981445 905.000000
v 492.996582 5472.981445 1325.000000
v 493.697205 5473.363281 1325.000000
v 493.697205 5473.363281 905.000000
v 494.377930 5473.779297 905.000000
v 494.377930 5473.779297 1325.000000
v 495.037109 5474.228516 905.000000
v 495.037109 5474.228516 1325.000000
v 495.673035 5474.710449 905.000000
v 495.673035 5474.710449 1325.000000
v 496.284180 5475.223145 1325.000000
v 496.284180 5475.223145 905.000000
v 496.868988 5475.765625 1325.000000
v 496.868988 5475.765625 905.000000
v 497.426025 5476.336914 1325.000000
v 497.426025 5476.336914 905.000000
v 497.953918 5476.935059 1325.000000
v 497.953918 5476.935059 905.000000
v 498.451324 5477.558594 1325.000000
v 498.451324 5477.558594 905.000000
v 498.917023 5478.206543 1325.000000
v 498.917023 5478.206543 905.000000
v 499.349854 5478.876465 1325.000000
v 499.349854 5478.876465 905.000000
v 499.748749 5479.567383 1325.000000
v 499.748749 5479.567383 905.000000
v 500.112701 5480.277344 1325.000000
v 500.112701 5480.277344 905.000000
v 500.440826 5481.004883 1325.000000
v 500.440826 5481.004883 905.000000
v 500.732269 5481.747070 1325.000000
v 500.732269 5481.747070 905.000000
v 500.986359 5482.503418 1325.000000
v 500.986359 5482.503418 905.000000
v 501.202423 5483.271484 1325.000000
v 501.202423 5483.271484 905.000000
v 501.379974 5484.049316 1325.000000
v 501.379974 5484.049316 905.000000
v 501.518494 5484.834961 1325.000000
v 501.518494 5484.834961 905.000000
v 501.617706 5485.626465 1325.000000
v 501.617706 5485.626465 905.000000
v 501.677307 5486.421875 1325.000000
v 501.677307 5486.421875 905.000000
v 2238.959961 7118.518066 0.000000
v 2238.959961 7718.520020 820.000000
v 2238.959961 7718.520020 0.000000
v 2238.959961 7118.518066 820.000000
v 2738.994385 7718.520020 820.000000
v 2738.994385 7118.518066 0.000000
v 2738.994385 7718.520020 0.000000
v 2738.994385 7118.518066 820.000000
v 2288.060059 7167.618164 820.000000
v 2288.060059 7167.618164 905.000000
v 2288.060059 7669.419922 820.000000
v 2288.060059 7669.419922 905.000000
v 2689.894287 7167.618164 905.000000
v 2689.894287 7167.618164 820.000000
v 2689.894287 7669.419922 820.000000
v 2689.894287 7669.419922 905.000000
v 2504.957275 7599.316895 1325.000000
v 2504.977295 7598.519531 1325.000000
v 2504.977295 7598.519531 905.000000
v 2504.957275 7599.316895 905.000000
v 2504.897705 7600.112793 1325.000000
v 2504.897705 7600.112793 905.000000
v 2504.798584 7600.904297 905.000000
v 2504.798584 7600.904297 1325.000000
v 2504.659912 7601.689941 905.000000
v 2504.659912 7601.689941 1325.000000
v 2504.482422 7602.467773 1325.000000
v 2504.482422 7602.467773 905.000000
v 2504.266357 7603.235840 905.000000
v 2504.266357 7603.235840 1325.000000
v 2504.012207 7603.991699 905.000000
v 2504.012207 7603.991699 1325.000000
v 2503.720703 7604.734375 1325.000000
v 2503.720703 7604.734375 905.000000
v 2503.392822 7605.461914 1325.000000
v 2503.392822 7605.461914 905.000000
v 2503.028809 7606.171875 1325.000000
v 2503.028809 7606.171875 905.000000
v 2502.629883 7606.862793 1325.000000
v 2502.629883 7606.862793 905.000000
v 2502.197021 7607.532715 1325.000000
v 2502.197021 7607.532715 905.000000
v 2501.731201 7608.180664 1325.000000
v 2501.731201 7608.180664 905.000000
v 2501.233887 7608.804199 1325.000000
v 2501.233887 7608.804199 905.000000
v 2500.706055 7609.402344 905.000000
v 2500.706055 7609.402344 1325.000000
v 2500.148926 7609.973633 1325.000000
v 2500.148926 7609.973633 905.000000
v 2499.564209 7610.516113 905.000000
v 2499.564209 7610.516113 1325.000000
v 2498.953125 7611.028809 1325.000000
v 2498.953125 7611.028809 905.000000
v 2498.317139 7611.510742 1325.000000
v 2498.317139 7611.510742 905.000000
v 2497.657959 7611.959961 1325.000000
v 2497.657959 7611.959961 905.000000
v 2496.977295 7612.375977 1325.000000
v 2496.977295 7612.375977 905.000000
v 2496.276611 7612.757324 1325.000000
v 2496.276611 7612.757324 905.000000
v 2495.557861 7613.103516 1325.000000
v 2495.557861 7613.103516 905.000000
v 2494.822754 7613.413574 905.000000
v 2494.822754 7613.413574 1325.000000
v 2494.072998 7613.686523 1325.000000
v 2494.072998 7613.686523 905.000000
v 2493.310547 7613.921387 1325.000000
v 2493.310547 7613.921387 905.000000
v 2492.537598 7614.118652 905.000000
v 2492.537598 7614.118652 1325.000000
v 2491.755615 7614.276367 905.000000
v 2491.755615 7614.276367 1325.000000
v 2490.966797 7614.395508 1325.000000
v 2490.966797 7614.395508 905.000000
v 2490.172852 7614.475098 1325.000000
v 2490.172852 7614.475098 905.000000
v 2489.375977 7614.514648 1325.000000
v 2489.375977 7614.514648 905.000000
v 2488.578369 7614.514648 1325.000000
v 2488.578369 7614.514648 905.000000
v 2487.781494 7614.475098 905.000000
v 2487.781494 7614.475098 1325.000000
v 2486.987793 7614.395508 905.000000
v 2486.987793 7614.395508 1325.000000
v 2486.198730 7614.276367 1325.000000
v 2486.198730 7614.276367 905.000000
v 2485.416748 7614.118652 1325.000000
v 2485.416748 7614.118652 905.000000
v 2484.643799 7613.921387 1325.000000
v 2484.643799 7613.921387 905.000000
v 2483.881348 7613.686523 1325.000000
v 2483.881348 7613.686523 905.000000
v 2483.131836 7613.413574 905.000000
v 2483.131836 7613.413574 1325.000000
v 2482.396484 7613.103516 1325.000000
v 2482.396484 7613.103516 905.000000
v 2481.677734 7612.757324 905.000000
v 2481.677734 7612.757324 1325.000000
v 2480.977295 7612.375977 1325.000000
v 2480.977295 7612.375977 905.000000
v 2480.296387 7611.959961 1325.000000
v 2480.296387 7611.959961 905.000000
v 2479.637207 7611.510742 1325.000000
v 2479.637207 7611.510742 905.000000
v 2479.001465 7611.028809 1325.000000
v 2479.001465 7611.028809 905.000000
v 2478.390137 7610.516113 1325.000000
v 2478.390137 7610.516113 905.000000
v 2477.805420 7609.973633 1325.000000
v 2477.805420 7609.973633 905.000000
v 2477.248291 7609.402344 1325.000000
v 2477.248291 7609.402344 905.000000
v 2476.720459 7608.804199 905.000000
v 2476.720459 7608.804199 1325.000000
v 2476.223145 7608.180664 1325.000000
v 2476.223145 7608.180664 905.000000
v 2475.757324 7607.532715 1325.000000
v 2475.757324 7607.532715 905.000000
v 2475.324463 7606.862793 905.000000
v 2475.324463 7606.862793 1325.000000
v 2474.925537 7606.171875 1325.000000
v 2474.925537 7606.171875 905.000000
v 2474.561768 7605.461914 1325.000000
v 2474.561768 7605.461914 905.000000
v 2474.233643 7604.734375 905.000000
v 2474.233643 7604.734375 1325.000000
v 2473.942139 7603.991699 1325.000000
v 2473.942139 7603.991699 905.000000
v 2473.687988 7603.235840 1325.000000
v 2473.687988 7603.235840 905.000000
v 2473.471924 7602.467773 1325.000000
v 2473.471924 7602.467773 905.000000
v 2473.294434 7601.689941 905.000000
v 2473.294434 7601.689941 1325.000000
v 2473.156006 7600.904297 905.000000
v 2473.156006 7600.904297 1325.000000
v 2473.056641 7600.112793 1325.000000
v 2473.056641 7600.112793 905.000000
v 2472.997070 7599.316895 1325.000000
v 2472.997070 7599.316895 905.000000
v 2472.977295 7598.519531 1325.000000
v 2472.977295 7598.519531 905.000000
v 2472.997070 7597.722168 1325.000000
v 2472.997070 7597.722168 905.000000
v 2473.056641 7596.926758 905.000000
v 2473.056641 7596.926758 1325.000000
v 2473.156006 7596.134766 1325.000000
v 2473.156006 7596.134766 905.000000
v 2473.294434 7595.349121 905.000000
v 2473.294434 7595.349121 1325.000000
v 2473.471924 7594.571289 1325.000000
v 2473.471924 7594.571289 905.000000
v 2473.687988 7593.803711 905.000000
v 2473.687988 7593.803711 1325.000000
v 2473.942139 7593.047363 1325.000000
v 2473.942139 7593.047363 905.000000
v 2474.233643 7592.304688 1325.000000
v 2474.233643 7592.304688 905.000000
v 2474.561768 7591.577637 1325.000000
v 2474.561768 7591.577637 905.000000
v 2474.925537 7590.867676 1325.000000
v 2474.925537 7590.867676 905.000000
v 2475.324463 7590.176758 1325.000000
v 2475.324463 7590.176758 905.000000
v 2475.757324 7589.506348 1325.000000
v 2475.757324 7589.506348 905.000000
v 2476.223145 7588.858887 1325.000000
v 2476.223145 7588.858887 905.000000
v 2476.720459 7588.234863 905.000000
v 2476.720459 7588.234863 1325.000000
v 2477.248291 7587.636719 1325.000000
v 2477.248291 7587.636719 905.000000
v 2477.805420 7587.065918 1325.000000
v 2477.805420 7587.065918 905.000000
v 2478.390137 7586.522949 1325.000000
v 2478.390137 7586.522949 905.000000
v 2479.001465 7586.010254 1325.000000
v 2479.001465 7586.010254 905.000000
v 2479.637207 7585.528809 1325.000000
v 2479.637207 7585.528809 905.000000
v 2480.296387 7585.079102 1325.000000
v 2480.296387 7585.079102 905.000000
v 2480.977295 7584.663086 1325.000000
v 2480.977295 7584.663086 905.000000
v 2481.677734 7584.281738 905.000000
v 2481.677734 7584.281738 1325.000000
v 2482.396484 7583.935547 1325.000000
v 2482.396484 7583.935547 905.000000
v 2483.131836 7583.625488 1325.000000
v 2483.131836 7583.625488 905.000000
v 2483.881348 7583.352539 1325.000000
v 2483.881348 7583.352539 905.000000
v 2484.643799 7583.117676 1325.000000
v 2484.643799 7583.117676 905.000000
v 2485.416748 7582.920898 1325.000000
v 2485.416748 7582.920898 905.000000
v 2486.198730 7582.762695 1325.000000
v 2486.198730 7582.762695 905.000000
v 2486.987793 7582.643555 1325.000000
v 2486.987793 7582.643555 905.000000
v 2487.781494 7582.564453 905.000000
v 2487.781494 7582.564453 1325.000000
v 2488.578369 7582.524414 1325.000000
v 2488.578369 7582.524414 905.000000
v 2489.375977 7582.524414 1325.000000
v 2489.375977 7582.524414 905.000000
v 2490.172852 7582.564453 1325.000000
v 2490.172852 7582.564453 905.000000
v 2490.966797 7582.643555 1325.000000
v 2490.966797 7582.643555 905.000000
v 2491.755615 7582.762695 1325.000000
v 2491.755615 7582.762695 905.000000
v 2492.537598 7582.920898 905.000000
v 2492.537598 7582.920898 1325.000000
v 2493.310547 7583.117676 1325.000000
v 2493.310547 7583.117676 905.000000
v 2494.072998 7583.352539 1325.000000
v 2494.072998 7583.352539 905.000000
v 2494.822754 7583.625488 1325.000000
v 2494.822754 7583.625488 905.000000
v 2495.557861 7583.935547 1325.000000
v 2495.557861 7583.935547 905.000000
v 2496.276611 7584.281738 905.000000
v 2496.276611 7584.281738 1325.000000
v 2496.977295 7584.663086 1325.000000
v 2496.977295 7584.663086 905.000000
v 2497.657959 7585.079102 905.000000
v 2497.657959 7585.079102 1325.000000
v 2498.317139 7585.528809 905.000000
v 2498.317139 7585.528809 1325.000000
v 2498.953125 7586.010254 905.000000
v 2498.953125 7586.010254 1325.000000
v 2499.564209 7586.522949 1325.000000
v 2499.564209 7586.522949 905.000000
v 2500.148926 7587.065918 1325.000000
v 2500.148926 7587.065918 905.000000
v 2500.706055 7587.636719 1325.000000
v 2500.706055 7587.636719 905.000000
v 2501.233887 7588.234863 1325.000000
v 2501.233887 7588.234863 905.000000
v 2501.731201 7588.858887 1325.000000
v 2501.731201 7588.858887 905.000000
v 2502.197021 7589.506348 1325.000000
v 2502.197021 7589.506348 905.000000
v 2502.629883 7590.176758 1325.000000
v 2502.629883 7590.176758 905.000000
v 2503.028809 7590.867676 1325.000000
v 2503.028809 7590.867676 905.000000
v 2503.392822 7591.577637 1325.000000
v 2503.392822 7591.577637 905.000000
v 2503.720703 7592.304688 1325.000000
v 2503.720703 7592.304688 905.000000
v 2504.012207 7593.047363 1325.000000
v 2504.012207 7593.047363 905.000000
v 2504.266357 7593.803711 1325.000000
v 2504.266357 7593.803711 905.000000
v 2504.482422 7594.571289 1325.000000
v 2504.482422 7594.571289 905.000000
v 2504.659912 7595.349121 1325.000000
v 2504.659912 7595.349121 905.000000
v 2504.798584 7596.134766 1325.000000
v 2504.798584 7596.134766 905.000000
v 2504.897705 7596.926758 1325.000000
v 2504.897705 7596.926758 905.000000
v 2504.957275 7597.722168 1325.000000
v 2504.957275 7597.722168 905.000000
v 235.679993 7649.779785 20.000000
v 235.679993 6628.500000 20.000000
v 235.679993 7649.779785 70.000000
v 235.679993 6628.500000 70.000000
v 1993.459961 6628.500000 20.000000
v 1993.459961 7649.779785 20.000000
v 1993.459961 7649.779785 70.000000
v 1993.459961 6628.500000 70.000000
v 235.679993 6628.500000 0.000000
v 235.679993 6628.500000 2100.000000
v 235.679993 6824.899902 0.000000
v 235.679993 6824.899902 2100.000000
v 1993.459961 6628.500000 2100.000000
v 1993.459961 6628.500000 0.000000
v 1993.459961 6824.899902 0.000000
v 1993.459961 6824.899902 2100.000000
v 2238.959961 8838.000000 20.000000
v 2238.959961 8838.000000 70.000000
v 2238.959961 9849.459961 20.000000
v 2238.959961 9849.459961 70.000000
v 3731.600098 8838.000000 70.000000
v 3731.600098 8838.000000 20.000000
v 3731.600098 9849.459961 20.000000
v 3731.600098 9849.459961 70.000000
v 2238.959961 8838.000000 0.000000
v 2238.959961 8838.000000 2100.000000
v 2238.959961 9034.400391 0.000000
v 2238.959961 9034.400391 2100.000000
v 3731.600098 8838.000000 2100.000000
v 3731.600098 8838.000000 0.000000
v 3731.600098 9034.400391 0.000000
v 3731.600098 9034.400391 2100.000000
v 5793.799805 11705.440430 2600.000000
v 1993.459961 11705.440430 2600.000000
v 1993.459961 11705.440430 2650.000000
v 5793.799805 11705.440430 2650.000000
v 5793.799805 10085.139648 2650.000000
v 5793.799805 10085.139648 2600.000000
v 9662.879883 10085.139648 2600.000000
v 9662.879883 10085.139648 2650.000000
v 9662.879883 6510.660156 2600.000000
v 9662.879883 6510.660156 2650.000000
v 9427.200195 6510.660156 2600.000000
v 9427.200195 6510.660156 2650.000000
v 9427.200195 5666.140137 2650.000000
v 9427.200195 5666.140137 2600.000000
v 12618.700195 5666.140137 2650.000000
v 12618.700195 5666.140137 2600.000000
v 12618.700195 0.000000 2600.000000
v 12618.700195 0.000000 2650.000000
v 1993.459961 0.000000 2650.000000
v 1993.459961 0.000000 2600.000000
v 1993.459961 2052.379883 2600.000000
v 1993.459961 2052.379883 2650.000000
v 0.000000 2052.379883 2600.000000
v 0.000000 2052.379883 2650.000000
v 0.000000 7885.459961 2600.000000
v 0.000000 7885.459961 2650.000000
v 1993.459961 7885.459961 2600.000000
v 1993.459961 7885.459961 2650.000000
vn 0.000000 1.000000 0.000000
vn 0.000000 1.000000 -0.000000
vn 1.000000 0.000000 -0.000000
vn 1.000000 0.000000 0.000000
vn 0.000000 -1.000000 0.000000
vn 0.000000 -1.000000 0.000000
vn 1.000000 0.000000 -0.000000
vn 1.000000 0.000000 0.000000
vn 0.000000 -1.000000 0.000000
vn 0.000000 -1.000000 0.000000
vn -1.000000 0.000000 0.000000
vn -1.000000 0.000000 0.000000
vn 0.000000 0.000000 -1.000000
vn 0.000000 -0.000000 -1.000000
vn 0.000000 0.000000 -1.000000
vn 0.000000 0.000000 -1.000000
vn 0.000000 0.000000 1.000000
vn 0.000000 -0.000000 1.000000
vn 0.000000 0.000000 1.000000
vn 0.000000 0.000000 1.000000
vn 0.000000 1.000000 0.000000
vn 0.000000 1.000000 -0.000000
vn 1.000000 0.000000 0.000000
vn 1.000000 0.000000 0.000000
vn 0.000000 -1.000000 0.000000
vn 0.000000 -1.000000 0.000000
vn 1.000000 0.000000 -0.000000
vn 1.000000 0.000000 0.000000
vn 0.000000 -1.000000 0.000000
vn 0.000000 -1.000000 0.000000
vn -1.000000 0.000000 0.000000
vn -1.000000 0.000000 0.000000
vn 0.000000 0.000000 -1.000000
vn 0.000000 0.000000 -1.000000
vn 0.000000 0.000000 -1.000000
vn 0.000000 0.000000 -1.000000
vn 0.000000 0.000000 1.000000
vn 0.000000 0.000000 1.000000
vn 0.000000 0.000000 1.000000
vn 0.000000 0.000000 1.000000
vn 0.000000 1.000000 0.000000
vn 0.000000 1.000000 -0.000000
vn 1.000000 0.000000 0.000000
vn 1.000000 0.000000 0.000000
vn 0.000000 -1.000000 0.000000
vn 0.000000 -1.000000 0.000000
vn 1.000000 0.000000 0.000000
vn 1.000000 0.000000 0.000000
vn 0.000000 -1.000000 0.000000
vn 0.000000 -1.000000 0.000000
vn -1.000000 0.000000 0.000000
vn -1.000000 0.000000 0.000000
vn 0.000000 0.000000 -1.000000
vn 0.000000 -0.000000 -1.000000
vn 0.000000 0.000000 -1.000000
vn 0.000000 0.000000 -1.000000
vn 0.000000 0.000000 1.000000
vn 0.000000 -0.000000 1.000000
vn 0.000000 0.000000 1.000000
vn 0.000000 0.000000 1.000000
vn 0.000000 1.000000 0.000000
vn 0.000000 1.000000 -0.000000
vn 1.000000 0.000000 0.000000
vn 1.000000 0.000000 0.000000
vn 0.000000 -1.000000 0.000000
vn 0.000000 -1.000000 0.000000
vn -1.000000 -0.000000 0.000000
vn -1.000000 0.000000 0.000000
vn 0.000000 -1.000000 0.000000
vn 0.000000 -1.000000 0.000000
vn -1.000000 0.000000 0.000000
vn -1.000000 0.000000 0.000000
vn 0.000000 0.000000 -1.000000
vn 0.000000 0.000000 -1.000000
vn 0.000000 0.000000 -1.000000
vn 0.000000 0.000000 -1.000000
vn 0.000000 0.000000 1.000000
vn 0.000000 0.000000 1.000000
vn 0.000000 0.000000 1.000000
vn 0.000000 0.000000 1.000000
vn 0.000000 1.000000 0.000000
vn 0.000000 1.000000 -0.000000
vn 1.000000 0.000000 -0.000000
vn 1.000000 0.000000 0.000000
vn 0.000000 -1.000000 0.000000
vn 0.000000 -1.000000 0.000000
vn -1.000000 0.000000 0.000000
vn -1.000000 0.000000 0.000000
vn 0.000000 0.000000 -1.000000
vn 0.000000 0.000000 -1.000000
vn 0.000000 0.000000 1.000000
vn 0.000000 0.000000 1.000000
vn 0.000000 1.000000 0.000000
vn 0.000000 1.000000 -0.000000
vn 1.000000 0.000000 0.000000
vn 1.000000 0.000000 0.000000
vn 0.000000 -1.000000 0.000000
vn 0.000000 -1.000000 0.000000
vn -1.000000 0.000000 0.000000
vn -1.000000 0.000000 0.000000
vn 0.000000 0.000000 -1.000000
vn 0.000000 0.000000 -1.000000
vn 0.000000 0.000000 1.000000
vn 0.000000 0.000000 1.000000
vn 0.000000 1.000000 0.000000
vn 0.000000 1.000000 -0.000000
vn 1.000000 0.000000 0.000000
vn 1.000000 0.000000 0.000000
vn 0.000000 -1.000000 0.000000
vn 0.000000 -1.000000 0.000000
vn -1.000000 0.000000 0.000000
vn -1.000000 0.000000 0.000000
vn 0.000000 -1.000000 0.000000
vn 0.000000 -1.000000 0.000000
vn -1.000000 0.000000 0.000000
vn -1.000000 0.000000 0.000000
vn 0.000000 1.000000 0.000000
vn 0.000000 1.000000 -0.000000
vn -1.000000 0.000000 0.000000
vn -1.000000 0.000000 0.000000
vn 0.000000 0.000000 -1.000000
vn 0.000000 0.000000 -1.000000
vn 0.000000 0.000000 -1.000000
vn 0.000000 0.000000 -1.000000
vn 0.000000 -0.000000 -1.000000
vn 0.000000 0.000000 -1.000000
vn 0.000000 0.000000 1.000000
vn 0.000000 0.000000 1.000000
vn 0.000000 0.000000 1.000000
vn 0.000000 0.000000 1.000000
vn 0.000000 -0.000000 1.000000
vn 0.000000 0.000000 1.000000
vn 0.000000 1.000000 0.000000
vn 0.000000 1.000000 -0.000000
vn 1.000000 0.000000 -0.000000
vn 1.000000 0.000000 0.000000
vn 0.000000 -1.000000 0.000000
vn 0.000000 -1.000000 0.000000
vn 1.000000 -0.000000 0.000000
vn 1.000000 0.000000 0.000000
vn 0.000000 1.000000 0.000000
vn 0.000000 1.000000 -0.000000
vn 1.000000 0.000000 0.000000
vn 1.000000 0.000000 0.000000
vn 0.000000 -1.000000 0.000000
vn 0.000000 -1.000000 0.000000
vn -1.000000 -0.000000 0.000000
vn -1.000000 0.000000 0.000000
vn 0.000000 0.000000 -1.000000
vn 0.000000 -0.000000 -1.000000
vn 0.000000 0.000000 -1.000000
vn 0.000000 0.000000 -1.000000
vn 0.000000 0.000000 -1.000000
vn 0.000000 0.000000 -1.000000
vn 0.000000 0.000000 1.000000
vn 0.000000 0.000000 1.000000
vn 0.000000 0.000000 1.000000
vn 0.000000 0.000000 1.000000
vn 0.000000 0.000000 1.000000
vn 0.000000 0.000000 1.000000
vn 0.000000 1.000000 0.000000
vn 0.000000 1.000000 -0.000000
vn 1.000000 0.000000 -0.000000
vn 1.000000 0.000000 0.000000
vn 0.000000 -1.000000 0.000000
vn 0.000000 -1.000000 0.000000
vn -1.000000 0.000000 0.000000
vn -1.000000 0.000000 0.000000
vn 0.000000 0.000000 -1.000000
vn 0.000000 0.000000 -1.000000
vn 0.000000 0.000000 1.000000
vn 0.000000 0.000000 1.000000
vn 0.000000 1.000000 0.000000
vn 0.000000 1.000000 -0.000000
vn 1.000000 0.000000 0.000000
vn 1.000000 0.000000 0.000000
vn 0.000000 -1.000000 0.000000
vn 0.000000 -1.000000 0.000000
vn -1.000000 0.000000 0.000000
vn -1.000000 0.000000 0.000000
vn 0.000000 0.000000 -1.000000
vn 0.000000 0.000000 -1.000000
vn 0.000000 0.000000 1.000000
vn 0.000000 0.000000 1.000000
vn 0.000000 1.000000 0.000000
vn 0.000000 1.000000 -0.000000
vn 1.000000 0.000000 0.000000
vn 1.000000 0.000000 0.000000
vn 0.000000 1.000000 0.000000
vn 0.000000 1.000000 -0.000000
vn 1.000000 0.000000 -0.000000
vn 1.000000 0.000000 0.000000
vn 0.000000 -1.000000 0.000000
vn 0.000000 -1.000000 0.000000
vn -1.000000 0.000000 0.000000
vn -1.000000 0.000000 0.000000
vn 0.000000 0.000000 -1.000000
vn 0.000000 -0.000000 -1.000000
vn 0.000000 0.000000 -1.000000
vn 0.000000 0.000000 -1.000000
vn 0.000000 0.000000 1.000000
vn 0.000000 0.000000 1.000000
vn 0.000000 0.000000 1.000000
vn 0.000000 0.000000 1.000000
vn 0.000000 1.000000 0.000000
vn 0.000000 1.000000 -0.000000
vn 1.000000 0.000000 0.000000
vn 1.000000 0.000000 0.000000
vn 0.000000 -1.000000 0.000000
vn 0.000000 -1.000000 0.000000
vn -1.000000 0.000000 0.000000
vn -1.000000 0.000000 0.000000
vn 0.000000 -1.000000 0.000000
vn 0.000000 -1.000000 0.000000
vn -1.000000 0.000000 0.000000
vn -1.000000 0.000000 0.000000
vn 0.000000 1.000000 0.000000
vn 0.000000 1.000000 -0.000000
vn -1.000000 -0.000000 0.000000
vn -1.000000 0.000000 0.000000
vn 0.000000 0.000000 -1.000000
vn 0.000000 0.000000 -1.000000
vn 0.000000 0.000000 -1.000000
vn 0.000000 0.000000 -1.000000
vn 0.000000 -0.000000 -1.000000
vn 0.000000 -0.000000 -1.000000
vn 0.000000 0.000000 1.000000
vn 0.000000 0.000000 1.000000
vn 0.000000 0.000000 1.000000
vn 0.000000 0.000000 1.000000
vn 0.000000 -0.000000 1.000000
vn 0.000000 0.000000 1.000000
vn 0.000000 1.000000 0.000000
vn 0.000000 1.000000 -0.000000
vn 1.000000 0.000000 0.000000
vn 1.000000 0.000000 0.000000
vn 0.000000 1.000000 0.000000
vn 0.000000 1.000000 -0.000000
vn 1.000000 0.000000 0.000000
vn 1.000000 0.000000 0.000000
vn 0.000000 -1.000000 0.000000
vn 0.000000 -1.000000 0.000000
vn 1.000000 0.000000 -0.000000
vn 1.000000 0.000000 0.000000
vn 0.000000 -1.000000 0.000000
vn 0.000000 -1.000000 0.000000
vn -1.000000 0.000000 0.000000
vn -1.000000 0.000000 0.000000
vn 0.000000 -0.000000 -1.000000
vn 0.000000 0.000000 -1.000000
vn 0.000000 0.000000 -1.000000
vn 0.000000 0.000000 -1.000000
vn 0.000000 0.000000 -1.000000
vn 0.000000 0.000000 -1.000000
vn 0.000000 -0.000000 1.000000
vn 0.000000 0.000000 1.000000
vn 0.000000 0.000000 1.000000
vn 0.000000 0.000000 1.000000
vn 0.000000 0.000000 1.000000
vn 0.000000 0.000000 1.000000
vn 0.000000 1.000000 0.000000
vn 0.000000 1.000000 -0.000000
vn 1.000000 0.000000 0.000000
vn 1.000000 0.000000 0.000000
vn 0.000000 -1.000000 0.000000
vn 0.000000 -1.000000 0.000000
vn -1.000000 0.000000 0.000000
vn -1.000000 0.000000 0.000000
vn 0.000000 0.000000 -1.000000
vn 0.000000 0.000000 -1.000000
vn 0.000000 0.000000 1.000000
vn 0.000000 0.000000 1.000000
vn 0.000000 1.000000 0.000000
vn 0.000000 1.000000 -0.000000
vn 1.000000 0.000000 0.000000
vn 1.000000 0.000000 0.000000
vn 0.000000 -1.000000 0.000000
vn 0.000000 -1.000000 0.000000
vn -1.000000 0.000000 0.000000
vn -1.000000 0.000000 0.000000
vn 0.000000 0.000000 -1.000000
vn 0.000000 0.000000 -1.000000
vn 0.000000 0.000000 1.000000
vn 0.000000 0.000000 1.000000
vn 0.000000 1.000000 0.000000
vn 0.000000 1.000000 -0.000000
vn 1.000000 0.000000 0.000000
vn 1.000000 0.000000 0.000000
vn 0.000000 -1.000000 0.000000
vn 0.000000 -1.000000 0.000000
vn -1.000000 0.000000 0.000000
vn -1.000000 0.000000 0.000000
vn 0.000000 0.000000 -1.000000
vn 0.000000 0.000000 -1.000000
vn 0.000000 0.000000 1.000000
vn 0.000000 0.000000 1.000000
vn 0.000000 1.000000 0.000000
vn 0.000000 1.000000 -0.000000
vn 1.000000 0.000000 0.000000
vn 1.000000 0.000000 0.000000
vn 0.000000 -1.000000 0.000000
vn 0.000000 -1.000000 0.000000
vn -1.000000 -0.000000 0.000000
vn -1.000000 0.000000 0.000000
vn 0.000000 -1.000000 0.000000
vn 0.000000 -1.000000 0.000000
vn 1.000000 0.000000 -0.000000
vn 1.000000 0.000000 0.000000
vn 0.000000 -1.000000 0.000000
vn 0.000000 -1.000000 0.000000
vn -1.000000 0.000000 0.000000
vn -1.000000 0.000000 0.000000
vn 0.000000 0.000000 -1.000000
vn 0.000000 0.000000 -1.000000
vn 0.000000 0.000000 -1.000000
vn 0.000000 0.000000 -1.000000
vn 0.000000 0.000000 -1.000000
vn 0.000000 0.000000 -1.000000
vn 0.000000 0.000000 1.000000
vn 0.000000 0.000000 1.000000
vn 0.000000 0.000000 1.000000
vn 0.000000 0.000000 1.000000
vn 0.000000 0.000000 1.000000
vn 0.000000 0.000000 1.000000
vn 0.000000 1.000000 0.000000
vn 0.000000 1.000000 -0.000000
vn 1.000000 0.000000 -0.000000
vn 1.000000 0.000000 0.000000
vn 0.000000 1.000000 0.000000
vn 0.000000 1.000000 -0.000000
vn 1.000000 0.000000 0.000000
vn 1.000000 0.000000 0.000000
vn 0.000000 -1.000000 0.000000
vn 0.000000 -1.000000 0.000000
vn -1.000000 0.000000 0.000000
vn -1.000000 0.000000 0.000000
vn 0.000000 -1.000000 0.000000
vn 0.000000 -1.000000 0.000000
vn -1.000000 0.000000 0.000000
vn -1.000000 0.000000 0.000000
vn 0.000000 1.000000 0.000000
vn 0.000000 1.000000 -0.000000
vn -1.000000 0.000000 0.000000
vn -1.000000 0.000000 0.000000
vn 0.000000 0.000000 -1.000000
vn 0.000000 0.000000 -1.000000
vn 0.000000 0.000000 -1.000000
vn 0.000000 0.000000 -1.000000
vn 0.000000 0.000000 -1.000000
vn 0.000000 0.000000 -1.000000
vn 0.000000 0.000000 -1.000000
vn 0.000000 -0.000000 -1.000000
vn 0.000000 0.000000 1.000000
vn 0.000000 0.000000 1.000000
vn 0.000000 0.000000 1.000000
vn 0.000000 0.000000 1.000000
vn 0.000000 0.000000 1.000000
vn 0.000000 0.000000 1.000000
vn 0.000000 0.000000 1.000000
vn 0.000000 -0.000000 1.000000
vn 0.000000 1.000000 0.000000
vn 0.000000 1.000000 -0.000000
vn 1.000000 0.000000 0.000000
vn 1.000000 0.000000 0.000000
vn 0.000000 -1.000000 0.000000
vn 0.000000 -1.000000 0.000000
vn -1.000000 0.000000 0.000000
vn -1.000000 0.000000 0.000000
vn 0.000000 0.000000 -1.000000
vn 0.000000 0.000000 -1.000000
vn 0.000000 0.000000 1.000000
vn 0.000000 0.000000 1.000000
vn 0.000000 1.000000 0.000000
vn 0.000000 1.000000 -0.000000
vn 1.000000 0.000000 -0.000000
vn 1.000000 0.000000 0.000000
vn 0.000000 -1.000000 0.000000
vn 0.000000 -1.000000 0.000000
vn -1.000000 0.000000 0.000000
vn -1.000000 0.000000 0.000000
vn 0.000000 0.000000 -1.000000
vn 0.000000 0.000000 -1.000000
vn 0.000000 0.000000 1.000000
vn 0.000000 0.000000 1.000000
vn 0.000000 1.000000 0.000000
vn 0.000000 1.000000 -0.000000
vn 1.000000 0.000000 -0.000000
vn 1.000000 0.000000 0.000000
vn 0.000000 -1.000000 0.000000
vn 0.000000 -1.000000 0.000000
vn -1.000000 0.000000 0.000000
vn -1.000000 0.000000 0.000000
vn 0.000000 0.000000 -1.000000
vn 0.000000 0.000000 -1.000000
vn 0.000000 0.000000 1.000000
vn 0.000000 0.000000 1.000000
vn 0.000000 1.000000 0.000000
vn 0.000000 1.000000 -0.000000
vn 1.000000 0.000000 0.000000
vn 1.000000 0.000000 0.000000
vn 0.000000 -1.000000 0.000000
vn 0.000000 -1.000000 0.000000
vn -1.000000 0.000000 0.000000
vn -1.000000 0.000000 0.000000
vn 0.000000 0.000000 -1.000000
vn 0.000000 0.000000 -1.000000
vn 0.000000 0.000000 1.000000
vn 0.000000 0.000000 1.000000
vn 0.000000 1.000000 0.000000
vn 0.000000 1.000000 -0.000000
vn -1.000000 0.000000 0.000000
vn -1.000000 0.000000 0.000000
vn 0.000000 1.000000 0.000000
vn 0.000000 1.000000 -0.000000
vn 1.000000 0.000000 0.000000
vn 1.000000 0.000000 0.000000
vn 0.000000 -1.000000 0.000000
vn 0.000000 -1.000000 0.000000
vn -1.000000 0.000000 0.000000
vn -1.000000 0.000000 0.000000
vn 0.000000 0.000000 -1.000000
vn 0.000000 -0.000000 -1.000000
vn 0.000000 0.000000 -1.000000
vn 0.000000 0.000000 -1.000000
vn 0.000000 0.000000 1.000000
vn 0.000000 0.000000 1.000000
vn 0.000000 0.000000 1.000000
vn 0.000000 0.000000 1.000000
vn 0.000000 1.000000 0.000000
vn 0.000000 1.000000 -0.000000
vn 1.000000 -0.000000 0.000000
vn 1.000000 0.000000 0.000000
vn 0.000000 1.000000 0.000000
vn 0.000000 1.000000 -0.000000
vn 1.000000 0.000000 0.000000
vn 1.000000 0.000000 0.000000
vn 0.000000 -1.000000 0.000000
vn 0.000000 -1.000000 0.000000
vn 1.000000 -0.000000 0.000000
vn 1.000000 0.000000 0.000000
vn 0.000000 1.000000 0.000000
vn 0.000000 1.000000 -0.000000
vn 1.000000 0.000000 0.000000
vn 1.000000 0.000000 0.000000
vn 0.000000 -1.000000 0.000000
vn 0.000000 -1.000000 0.000000
vn -1.000000 0.000000 0.000000
vn -1.000000 0.000000 0.000000
vn 0.000000 -1.000000 0.000000
vn 0.000000 -1.000000 0.000000
vn -1.000000 0.000000 0.000000
vn -1.000000 0.000000 0.000000
vn 0.000000 1.000000 0.000000
vn 0.000000 1.000000 -0.000000
vn -1.000000 0.000000 0.000000
vn -1.000000 0.000000 0.000000
vn 0.000000 0.000000 -1.000000
vn 0.000000 0.000000 -1.000000
vn 0.000000 0.000000 -1.000000
vn 0.000000 -0.000000 -1.000000
vn 0.000000 0.000000 -1.000000
vn 0.000000 0.000000 -1.000000
vn 0.000000 0.000000 -1.000000
vn 0.000000 0.000000 -1.000000
vn 0.000000 0.000000 -1.000000
vn 0.000000 0.000000 -1.000000
vn 0.000000 0.000000 -1.000000
vn 0.000000 0.000000 -1.000000
vn 0.000000 0.000000 1.000000
vn 0.000000 0.000000 1.000000
vn 0.000000 0.000000 1.000000
vn 0.000000 -0.000000 1.000000
vn 0.000000 0.000000 1.000000
vn 0.000000 0.000000 1.000000
vn 0.000000 0.000000 1.000000
vn 0.000000 0.000000 1.000000
vn 0.000000 0.000000 1.000000
vn 0.000000 0.000000 1.000000
vn 0.000000 0.000000 1.000000
vn 0.000000 0.000000 1.000000
vn 0.000000 1.000000 0.000000
vn 0.000000 1.000000 -0.000000
vn 1.000000 0.000000 0.000000
vn 1.000000 0.000000 0.000000
vn 0.000000 1.000000 0.000000
vn 0.000000 1.000000 -0.000000
vn 1.000000 0.000000 0.000000
vn 1.000000 0.000000 0.000000
vn 0.000000 -1.000000 0.000000
vn 0.000000 -1.000000 0.000000
vn 1.000000 -0.000000 0.000000
vn 1.000000 0.000000 0.000000
vn 0.000000 1.000000 0.000000
vn 0.000000 1.000000 -0.000000
vn 1.000000 0.000000 0.000000
vn 1.000000 0.000000 0.000000
vn 0.000000 -1.000000 0.000000
vn 0.000000 -1.000000 0.000000
vn -1.000000 0.000000 0.000000
vn -1.000000 0.000000 0.000000
vn 0.000000 -1.000000 0.000000
vn 0.000000 -1.000000 0.000000
vn -1.000000 -0.000000 0.000000
vn -1.000000 0.000000 0.000000
vn 0.000000 1.000000 0.000000
vn 0.000000 1.000000 -0.000000
vn -1.000000 -0.000000 0.000000
vn -1.000000 0.000000 0.000000
vn 0.000000 0.000000 -1.000000
vn 0.000000 0.000000 -1.000000
vn 0.000000 0.000000 -1.000000
vn 0.000000 -0.000000 -1.000000
vn 0.000000 0.000000 -1.000000
vn 0.000000 0.000000 -1.000000
vn 0.000000 0.000000 -1.000000
vn 0.000000 0.000000 -1.000000
vn 0.000000 0.000000 -1.000000
vn 0.000000 0.000000 -1.000000
vn 0.000000 0.000000 -1.000000
vn 0.000000 0.000000 -1.000000
vn 0.000000 0.000000 1.000000
vn 0.000000 0.000000 1.000000
vn 0.000000 0.000000 1.000000
vn 0.000000 -0.000000 1.000000
vn 0.000000 0.000000 1.000000
vn 0.000000 0.000000 1.000000
vn 0.000000 0.000000 1.000000
vn 0.000000 0.000000 1.000000
vn 0.000000 0.000000 1.000000
vn 0.000000 0.000000 1.000000
vn 0.000000 0.000000 1.000000
vn 0.000000 0.000000 1.000000
vn 0.000000 1.000000 0.000000
vn 0.000000 1.000000 -0.000000
vn 1.000000 0.000000 0.000000
vn 1.000000 0.000000 0.000000
vn 0.000000 -1.000000 0.000000
vn 0.000000 -1.000000 0.000000
vn -1.000000 0.000000 0.000000
vn -1.000000 0.000000 0.000000
vn 0.000000 0.000000 -1.000000
vn 0.000000 0.000000 -1.000000
vn 0.000000 0.000000 1.000000
vn 0.000000 0.000000 1.000000
vn 0.000000 1.000000 0.000000
vn 0.000000 1.000000 -0.000000
vn 1.000000 0.000000 0.000000
vn 1.000000 0.000000 0.000000
vn 0.000000 -1.000000 0.000000
vn 0.000000 -1.000000 0.000000
vn -1.000000 0.000000 0.000000
vn -1.000000 0.000000 0.000000
vn 0.000000 0.000000 -1.000000
vn 0.000000 0.000000 -1.000000
vn 0.000000 0.000000 1.000000
vn 0.000000 0.000000 1.000000
vn 0.000000 1.000000 0.000000
vn 0.000000 1.000000 -0.000000
vn 1.000000 -0.000000 0.000000
vn 1.000000 0.000000 0.000000
vn 0.000000 -1.000000 0.000000
vn 0.000000 -1.000000 0.000000
vn -1.000000 -0.000000 0.000000
vn -1.000000 0.000000 0.000000
vn 0.000000 -0.000000 -1.000000
vn 0.000000 0.000000 -1.000000
vn 0.000000 -0.000000 1.000000
vn 0.000000 0.000000 1.000000
vn 0.000000 1.000000 0.000000
vn 0.000000 1.000000 -0.000000
vn 1.000000 0.000000 0.000000
vn 1.000000 0.000000 0.000000
vn 0.000000 -1.000000 0.000000
vn 0.000000 -1.000000 0.000000
vn -1.000000 -0.000000 0.000000
vn -1.000000 0.000000 0.000000
vn 0.000000 0.000000 -1.000000
vn 0.000000 0.000000 -1.000000
vn 0.000000 0.000000 1.000000
vn 0.000000 0.000000 1.000000
vn 0.000000 1.000000 0.000000
vn 0.000000 1.000000 -0.000000
vn 1.000000 -0.000000 0.000000
vn 1.000000 0.000000 0.000000
vn 0.000000 -1.000000 0.000000
vn 0.000000 -1.000000 0.000000
vn -1.000000 -0.000000 0.000000
vn -1.000000 0.000000 0.000000
vn 0.000000 0.000000 -1.000000
vn 0.000000 0.000000 -1.000000
vn 0.000000 0.000000 1.000000
vn 0.000000 0.000000 1.000000
vn 0.000000 1.000000 0.000000
vn 0.000000 1.000000 -0.000000
vn 1.000000 0.000000 0.000000
vn 1.000000 0.000000 0.000000
vn 0.000000 -1.000000 0.000000
vn 0.000000 -1.000000 0.000000
vn -1.000000 -0.000000 0.000000
vn -1.000000 0.000000 0.000000
vn 0.000000 0.000000 -1.000000
vn 0.000000 0.000000 -1.000000
vn 0.000000 0.000000 1.000000
vn 0.000000 0.000000 1.000000
vn 0.000000 1.000000 0.000000
vn 0.000000 1.000000 -0.000000
vn 1.000000 0.000000 0.000000
vn 1.000000 0.000000 0.000000
vn 0.000000 -1.000000 0.000000
vn 0.000000 -1.000000 0.000000
vn -1.000000 0.000000 0.000000
vn -1.000000 0.000000 0.000000
vn 0.000000 0.000000 -1.000000
vn 0.000000 0.000000 -1.000000
vn 0.000000 0.000000 1.000000
vn 0.000000 0.000000 1.000000
vn 0.000000 1.000000 0.000000
vn 0.000000 1.000000 -0.000000
vn 1.000000 -0.000000 0.000000
vn 1.000000 0.000000 0.000000
vn 0.000000 -1.000000 0.000000
vn 0.000000 -1.000000 0.000000
vn -1.000000 -0.000000 0.000000
vn -1.000000 0.000000 0.000000
vn 0.000000 0.000000 -1.000000
vn 0.000000 0.000000 -1.000000
vn 0.000000 0.000000 1.000000
vn 0.000000 0.000000 1.000000
vn -1.000000 0.000000 0.000000
vn -1.000000 0.000000 0.000000
vn 1.000000 0.000000 0.000000
vn 1.000000 -0.000000 0.000000
vn 0.000000 -1.000000 0.000000
vn 0.000000 -1.000000 0.000000
vn 0.000000 1.000000 0.000000
vn 0.000000 1.000000 0.000000
vn 0.000000 0.000000 -1.000000
vn 0.000000 0.000000 -1.000000
vn 0.000000 0.000000 1.000000
vn 0.000000 0.000000 1.000000
vn -1.000000 0.000000 0.000000
vn -1.000000 0.000000 0.000000
vn 1.000000 0.000000 0.000000
vn 1.000000 -0.000000 0.000000
vn 0.000000 -1.000000 0.000000
vn 0.000000 -1.000000 0.000000
vn 0.000000 1.000000 0.000000
vn 0.000000 1.000000 0.000000
vn 0.000000 0.000000 -1.000000
vn 0.000000 0.000000 -1.000000
vn 0.000000 0.000000 1.000000
vn 0.000000 0.000000 1.000000
vn -1.000000 0.000000 0.000000
vn -1.000000 0.000000 0.000000
vn 1.000000 0.000000 0.000000
vn 1.000000 -0.000000 0.000000
vn 0.000000 -1.000000 0.000000
vn 0.000000 -1.000000 0.000000
vn 0.000000 1.000000 0.000000
vn 0.000000 1.000000 0.000000
vn 0.000000 0.000000 -1.000000
vn 0.000000 0.000000 -1.000000
vn 0.000000 0.000000 1.000000
vn 0.000000 0.000000 1.000000
vn -1.000000 0.000000 0.000000
vn -1.000000 0.000000 0.000000
vn 1.000000 0.000000 0.000000
vn 1.000000 -0.000000 0.000000
vn 0.000000 -1.000000 0.000000
vn 0.000000 -1.000000 0.000000
vn 0.000000 1.000000 0.000000
vn 0.000000 1.000000 0.000000
vn 0.000000 0.000000 -1.000000
vn 0.000000 0.000000 -1.000000
vn 0.000000 0.000000 1.000000
vn 0.000000 0.000000 1.000000
vn -1.000000 0.000000 0.000000
vn -1.000000 0.000000 0.000000
vn 1.000000 0.000000 0.000000
vn 1.000000 -0.000000 0.000000
vn 0.000000 -1.000000 0.000000
vn 0.000000 -1.000000 0.000000
vn 0.000000 1.000000 0.000000
vn 0.000000 1.000000 0.000000
vn 0.000000 0.000000 -1.000000
vn 0.000000 0.000000 -1.000000
vn 0.000000 0.000000 1.000000
vn 0.000000 0.000000 1.000000
vn -1.000000 0.000000 0.000000
vn -1.000000 0.000000 0.000000
vn 1.000000 0.000000 0.000000
vn 1.000000 -0.000000 0.000000
vn 0.000000 -1.000000 0.000000
vn 0.000000 -1.000000 0.000000
vn 0.000000 1.000000 0.000000
vn 0.000000 1.000000 0.000000
vn 0.000000 0.000000 -1.000000
vn 0.000000 0.000000 -1.000000
vn 0.000000 0.000000 1.000000
vn 0.000000 0.000000 1.000000
vn -1.000000 0.000000 0.000000
vn -1.000000 0.000000 0.000000
vn 1.000000 0.000000 0.000000
vn 1.000000 -0.000000 0.000000
vn 0.000000 -1.000000 0.000000
vn 0.000000 -1.000000 0.000000
vn 0.000000 1.000000 0.000000
vn 0.000000 1.000000 0.000000
vn 0.000000 0.000000 -1.000000
vn 0.000000 0.000000 -1.000000
vn 0.000000 0.000000 1.000000
vn 0.000000 0.000000 1.000000
vn -1.000000 0.000000 0.000000
vn -1.000000 0.000000 0.000000
vn 1.000000 0.000000 0.000000
vn 1.000000 -0.000000 0.000000
vn 0.000000 -1.000000 0.000000
vn 0.000000 -1.000000 0.000000
vn 0.000000 1.000000 0.000000
vn 0.000000 1.000000 0.000000
vn 0.000000 0.000000 -1.000000
vn 0.000000 0.000000 -1.000000
vn 0.000000 0.000000 1.000000
vn 0.000000 0.000000 1.000000
vn -1.000000 0.000000 0.000000
vn -1.000000 0.000000 0.000000
vn 1.000000 0.000000 0.000000
vn 1.000000 -0.000000 0.000000
vn 0.000000 -1.000000 0.000000
vn 0.000000 -1.000000 0.000000
vn 0.000000 1.000000 0.000000
vn 0.000000 1.000000 0.000000
vn 0.000000 0.000000 -1.000000
vn 0.000000 0.000000 -1.000000
vn 0.000000 0.000000 1.000000
vn 0.000000 0.000000 1.000000
vn -1.000000 0.000000 0.000000
vn -1.000000 0.000000 0.000000
vn 1.000000 0.000000 0.000000
vn 1.000000 -0.000000 0.000000
vn 0.000000 -1.000000 0.000000
vn 0.000000 -1.000000 0.000000
vn 0.000000 1.000000 0.000000
vn 0.000000 1.000000 0.000000
vn 0.000000 0.000000 -1.000000
vn 0.000000 0.000000 -1.000000
vn 0.000000 0.000000 1.000000
vn 0.000000 0.000000 1.000000
vn -1.000000 0.000000 0.000000
vn -1.000000 0.000000 0.000000
vn 1.000000 0.000000 0.000000
vn 1.000000 -0.000000 0.000000
vn 0.000000 -1.000000 0.000000
vn 0.000000 -1.000000 0.000000
vn 0.000000 1.000000 0.000000
vn 0.000000 1.000000 0.000000
vn 0.000000 0.000000 -1.000000
vn 0.000000 0.000000 -1.000000
vn 0.000000 0.000000 1.000000
vn 0.000000 0.000000 1.000000
vn -1.000000 0.000000 0.000000
vn -1.000000 0.000000 0.000000
vn 1.000000 0.000000 0.000000
vn 1.000000 -0.000000 0.000000
vn 0.000000 -1.000000 0.000000
vn 0.000000 -1.000000 0.000000
vn 0.000000 1.000000 0.000000
vn 0.000000 1.000000 0.000000
vn 0.000000 0.000000 -1.000000
vn 0.000000 0.000000 -1.000000
vn 0.000000 0.000000 1.000000
vn 0.000000 0.000000 1.000000
vn -1.000000 0.000000 0.000000
vn -1.000000 0.000000 0.000000
vn 1.000000 0.000000 0.000000
vn 1.000000 -0.000000 0.000000
vn 0.000000 -1.000000 0.000000
vn 0.000000 -1.000000 0.000000
vn 0.000000 1.000000 0.000000
vn 0.000000 1.000000 0.000000
vn 0.000000 0.000000 -1.000000
vn 0.000000 0.000000 -1.000000
vn 0.000000 0.000000 1.000000
vn 0.000000 0.000000 1.000000
vn -1.000000 0.000000 0.000000
vn -1.000000 0.000000 0.000000
vn 1.000000 0.000000 0.000000
vn 1.000000 -0.000000 0.000000
vn 0.000000 -1.000000 0.000000
vn 0.000000 -1.000000 0.000000
vn 0.000000 1.000000 0.000000
vn 0.000000 1.000000 0.000000
vn 0.000000 0.000000 -1.000000
vn 0.000000 0.000000 -1.000000
vn 0.000000 0.000000 1.000000
vn 0.000000 0.000000 1.000000
vn -1.000000 0.000000 0.000000
vn -1.000000 0.000000 0.000000
vn 1.000000 0.000000 0.000000
vn 1.000000 -0.000000 0.000000
vn 0.000000 -1.000000 0.000000
vn 0.000000 -1.000000 0.000000
vn 0.000000 1.000000 0.000000
vn 0.000000 1.000000 0.000000
vn 0.000000 0.000000 -1.000000
vn 0.000000 0.000000 -1.000000
vn 0.000000 0.000000 1.000000
vn 0.000000 0.000000 1.000000
vn -1.000000 0.000000 0.000000
vn -1.000000 0.000000 0.000000
vn 1.000000 0.000000 0.000000
vn 1.000000 -0.000000 0.000000
vn 0.000000 -1.000000 0.000000
vn 0.000000 -1.000000 0.000000
vn 0.000000 1.000000 0.000000
vn 0.000000 1.000000 0.000000
vn 0.000000 0.000000 -1.000000
vn 0.000000 0.000000 -1.000000
vn 0.000000 0.000000 1.000000
vn 0.000000 0.000000 1.000000
vn -1.000000 0.000000 0.000000
vn -1.000000 0.000000 0.000000
vn 1.000000 0.000000 0.000000
vn 1.000000 -0.000000 0.000000
vn 0.000000 -1.000000 0.000000
vn 0.000000 -1.000000 0.000000
vn 0.000000 1.000000 0.000000
vn 0.000000 1.000000 0.000000
vn 0.000000 0.000000 -1.000000
vn 0.000000 0.000000 -1.000000
vn 0.000000 0.000000 1.000000
vn 0.000000 0.000000 1.000000
vn -1.000000 0.000000 0.000000
vn -1.000000 0.000000 0.000000
vn 1.000000 0.000000 0.000000
vn 1.000000 -0.000000 0.000000
vn 0.000000 -1.000000 0.000000
vn 0.000000 -1.000000 0.000000
vn 0.000000 1.000000 0.000000
vn 0.000000 1.000000 0.000000
vn 0.000000 0.000000 -1.000000
vn 0.000000 0.000000 -1.000000
vn 0.000000 0.000000 1.000000
vn 0.000000 0.000000 1.000000
vn -1.000000 0.000000 0.000000
vn -1.000000 0.000000 0.000000
vn 1.000000 0.000000 0.000000
vn 1.000000 -0.000000 0.000000
vn 0.000000 -1.000000 0.000000
vn 0.000000 -1.000000 0.000000
vn 0.000000 1.000000 0.000000
vn 0.000000 1.000000 0.000000
vn 0.000000 0.000000 -1.000000
vn 0.000000 0.000000 -1.000000
vn 0.000000 0.000000 1.000000
vn 0.000000 0.000000 1.000000
vn -1.000000 0.000000 0.000000
vn -1.000000 0.000000 0.000000
vn 1.000000 0.000000 0.000000
vn 1.000000 -0.000000 0.000000
vn 0.000000 -1.000000 0.000000
vn 0.000000 -1.000000 0.000000
vn 0.000000 1.000000 0.000000
vn 0.000000 1.000000 0.000000
vn 0.000000 0.000000 -1.000000
vn 0.000000 0.000000 -1.000000
vn 0.000000 0.000000 1.000000
vn 0.000000 0.000000 1.000000
vn -1.000000 0.000000 0.000000
vn -1.000000 0.000000 0.000000
vn 1.000000 0.000000 0.000000
vn 1.000000 -0.000000 0.000000
vn 0.000000 -1.000000 0.000000
vn 0.000000 -1.000000 0.000000
vn 0.000000 1.000000 0.000000
vn 0.000000 1.000000 0.000000
vn 0.000000 0.000000 -1.000000
vn 0.000000 0.000000 -1.000000
vn 0.000000 0.000000 1.000000
vn 0.000000 0.000000 1.000000
vn -1.000000 0.000000 0.000000
vn -1.000000 0.000000 0.000000
vn 1.000000 0.000000 0.000000
vn 1.000000 -0.000000 0.000000
vn 0.000000 -1.000000 0.000000
vn 0.000000 -1.000000 0.000000
vn 0.000000 1.000000 0.000000
vn 0.000000 1.000000 0.000000
vn 0.000000 0.000000 -1.000000
vn 0.000000 0.000000 -1.000000
vn 0.000000 0.000000 1.000000
vn 0.000000 0.000000 1.000000
vn -1.000000 0.000000 0.000000
vn -1.000000 0.000000 0.000000
vn 1.000000 0.000000 0.000000
vn 1.000000 -0.000000 0.000000
vn 0.000000 -1.000000 0.000000
vn 0.000000 -1.000000 0.000000
vn 0.000000 1.000000 0.000000
vn 0.000000 1.000000 0.000000
vn 0.000000 0.000000 -1.000000
vn 0.000000 0.000000 -1.000000
vn 0.000000 0.000000 1.000000
vn 0.000000 0.000000 1.000000
vn -1.000000 0.000000 0.000000
vn -1.000000 0.000000 0.000000
vn 1.000000 0.000000 0.000000
vn 1.000000 -0.000000 0.000000
vn 0.000000 -1.000000 0.000000
vn 0.000000 -1.000000 0.000000
vn 0.000000 1.000000 0.000000
vn 0.000000 1.000000 0.000000
vn 0.000000 0.000000 -1.000000
vn 0.000000 0.000000 -1.000000
vn 0.000000 0.000000 1.000000
vn 0.000000 0.000000 1.000000
vn -1.000000 0.000000 0.000000
vn -1.000000 0.000000 0.000000
vn 1.000000 0.000000 0.000000
vn 1.000000 -0.000000 0.000000
vn 0.000000 -1.000000 0.000000
vn 0.000000 -1.000000 0.000000
vn 0.000000 1.000000 0.000000
vn 0.000000 1.000000 0.000000
vn 0.000000 0.000000 -1.000000
vn 0.000000 0.000000 -1.000000
vn 0.000000 0.000000 1.000000
vn 0.000000 0.000000 1.000000
vn -1.000000 0.000000 0.000000
vn -1.000000 0.000000 0.000000
vn 1.000000 0.000000 0.000000
vn 1.000000 -0.000000 0.000000
vn 0.000000 -1.000000 0.000000
vn 0.000000 -1.000000 0.000000
vn 0.000000 1.000000 0.000000
vn 0.000000 1.000000 0.000000
vn 0.000000 0.000000 -1.000000
vn 0.000000 0.000000 -1.000000
vn 0.000000 0.000000 1.000000
vn 0.000000 0.000000 1.000000
vn -1.000000 0.000000 0.000000
vn -1.000000 0.000000 0.000000
vn 1.000000 0.000000 0.000000
vn 1.000000 -0.000000 0.000000
vn 0.000000 -1.000000 0.000000
vn 0.000000 -1.000000 0.000000
vn 0.000000 1.000000 0.000000
vn 0.000000 1.000000 0.000000
vn 0.000000 0.000000 -1.000000
vn 0.000000 0.000000 -1.000000
vn 0.000000 0.000000 1.000000
vn 0.000000 0.000000 1.000000
vn -1.000000 0.000000 0.000000
vn -1.000000 0.000000 0.000000
vn 1.000000 0.000000 0.000000
vn 1.000000 -0.000000 0.000000
vn 0.000000 -1.000000 0.000000
vn 0.000000 -1.000000 0.000000
vn 0.000000 1.000000 0.000000
vn 0.000000 1.000000 0.000000
vn 0.000000 0.000000 -1.000000
vn 0.000000 0.000000 -1.000000
vn 0.000000 0.000000 1.000000
vn 0.000000 0.000000 1.000000
vn -1.000000 0.000000 0.000000
vn -1.000000 0.000000 0.000000
vn 1.000000 0.000000 0.000000
vn 1.000000 -0.000000 0.000000
vn 0.000000 -1.000000 0.000000
vn 0.000000 -1.000000 0.000000
vn 0.000000 1.000000 0.000000
vn 0.000000 1.000000 0.000000
vn 0.000000 0.000000 -1.000000
vn 0.000000 0.000000 -1.000000
vn 0.000000 0.000000 1.000000
vn 0.000000 0.000000 1.000000
vn -1.000000 0.000000 0.000000
vn -1.000000 0.000000 0.000000
vn 1.000000 0.000000 0.000000
vn 1.000000 -0.000000 0.000000
vn 0.000000 -1.000000 0.000000
vn 0.000000 -1.000000 0.000000
vn 0.000000 1.000000 0.000000
vn 0.000000 1.000000 0.000000
vn 0.000000 0.000000 -1.000000
vn 0.000000 0.000000 -1.000000
vn 0.000000 0.000000 1.000000
vn 0.000000 0.000000 1.000000
vn -1.000000 0.000000 0.000000
vn -1.000000 0.000000 0.000000
vn 1.000000 0.000000 0.000000
vn 1.000000 -0.000000 0.000000
vn 0.000000 -1.000000 0.000000
vn 0.000000 -1.000000 0.000000
vn 0.000000 1.000000 0.000000
vn 0.000000 1.000000 0.000000
vn 0.000000 0.000000 -1.000000
vn 0.000000 0.000000 -1.000000
vn 0.000000 0.000000 1.000000
vn 0.000000 0.000000 1.000000
vn -1.000000 0.000000 0.000000
vn -1.000000 0.000000 0.000000
vn 1.000000 0.000000 0.000000
vn 1.000000 -0.000000 0.000000
vn 0.000000 -1.000000 0.000000
vn 0.000000 -1.000000 0.000000
vn 0.000000 1.000000 0.000000
vn 0.000000 1.000000 0.000000
vn 0.000000 0.000000 -1.000000
vn 0.000000 0.000000 -1.000000
vn 0.000000 0.000000 1.000000
vn 0.000000 0.000000 1.000000
vn -1.000000 0.000000 0.000000
vn -1.000000 0.000000 0.000000
vn 1.000000 0.000000 0.000000
vn 1.000000 -0.000000 0.000000
vn 0.000000 -1.000000 0.000000
vn 0.000000 -1.000000 0.000000
vn 0.000000 1.000000 0.000000
vn 0.000000 1.000000 0.000000
vn 0.000000 0.000000 -1.000000
vn 0.000000 0.000000 -1.000000
vn 0.000000 0.000000 1.000000
vn 0.000000 0.000000 1.000000
vn -1.000000 0.000000 0.000000
vn -1.000000 0.000000 0.000000
vn 1.000000 0.000000 0.000000
vn 1.000000 -0.000000 0.000000
vn 0.000000 -1.000000 0.000000
vn 0.000000 -1.000000 0.000000
vn 0.000000 1.000000 0.000000
vn 0.000000 1.000000 0.000000
vn 0.000000 0.000000 -1.000000
vn 0.000000 0.000000 -1.000000
vn 0.000000 0.000000 1.000000
vn 0.000000 0.000000 1.000000
vn -1.000000 0.000000 0.000000
vn -1.000000 0.000000 0.000000
vn 1.000000 0.000000 0.000000
vn 1.000000 -0.000000 0.000000
vn 0.000000 -1.000000 0.000000
vn 0.000000 -1.000000 0.000000
vn 0.000000 1.000000 0.000000
vn 0.000000 1.000000 0.000000
vn 0.000000 0.000000 -1.000000
vn 0.000000 0.000000 -1.000000
vn 0.000000 0.000000 1.000000
vn 0.000000 0.000000 1.000000
vn -1.000000 0.000000 0.000000
vn -1.000000 0.000000 0.000000
vn 1.000000 0.000000 0.000000
vn 1.000000 -0.000000 0.000000
vn 0.000000 -1.000000 0.000000
vn 0.000000 -1.000000 0.000000
vn 0.000000 1.000000 0.000000
vn 0.000000 1.000000 0.000000
vn 0.000000 0.000000 -1.000000
vn 0.000000 0.000000 -1.000000
vn 0.000000 0.000000 1.000000
vn 0.000000 0.000000 1.000000
vn -1.000000 0.000000 0.000000
vn -1.000000 0.000000 0.000000
vn 1.000000 0.000000 0.000000
vn 1.000000 -0.000000 0.000000
vn 0.000000 -1.000000 0.000000
vn 0.000000 -1.000000 0.000000
vn 0.000000 1.000000 0.000000
vn 0.000000 1.000000 0.000000
vn 0.000000 0.000000 -1.000000
vn 0.000000 0.000000 -1.000000
vn 0.000000 0.000000 1.000000
vn 0.000000 0.000000 1.000000
vn -1.000000 0.000000 0.000000
vn -1.000000 0.000000 0.000000
vn 1.000000 0.000000 0.000000
vn 1.000000 -0.000000 0.000000
vn 0.000000 -1.000000 0.000000
vn 0.000000 -1.000000 0.000000
vn 0.000000 1.000000 0.000000
vn 0.000000 1.000000 0.000000
vn 0.000000 0.000000 -1.000000
vn 0.000000 0.000000 -1.000000
vn 0.000000 0.000000 1.000000
vn 0.000000 0.000000 1.000000
vn -1.000000 0.000000 0.000000
vn -1.000000 0.000000 0.000000
vn 1.000000 0.000000 0.000000
vn 1.000000 -0.000000 0.000000
vn 0.000000 -1.000000 0.000000
vn 0.000000 -1.000000 0.000000
vn 0.000000 1.000000 0.000000
vn 0.000000 1.000000 0.000000
vn 0.000000 0.000000 -1.000000
vn 0.000000 0.000000 -1.000000
vn 0.000000 0.000000 1.000000
vn 0.000000 0.000000 1.000000
vn -1.000000 0.000000 0.000000
vn -1.000000 0.000000 0.000000
vn 1.000000 0.000000 0.000000
vn 1.000000 -0.000000 0.000000
vn 0.000000 -1.000000 0.000000
vn 0.000000 -1.000000 0.000000
vn 0.000000 1.000000 0.000000
vn 0.000000 1.000000 0.000000
vn 0.000000 0.000000 -1.000000
vn 0.000000 0.000000 -1.000000
vn 0.000000 0.000000 1.000000
vn 0.000000 0.000000 1.000000
vn -1.000000 0.000000 0.000000
vn -1.000000 0.000000 0.000000
vn 1.000000 0.000000 0.000000
vn 1.000000 -0.000000 0.000000
vn 0.000000 -1.000000 0.000000
vn 0.000000 -1.000000 0.000000
vn 0.000000 1.000000 0.000000
vn 0.000000 1.000000 0.000000
vn 0.000000 0.000000 -1.000000
vn 0.000000 0.000000 -1.000000
vn 0.000000 0.000000 1.000000
vn 0.000000 0.000000 1.000000
vn -1.000000 0.000000 0.000000
vn -1.000000 0.000000 0.000000
vn 1.000000 0.000000 0.000000
vn 1.000000 -0.000000 0.000000
vn 0.000000 -1.000000 0.000000
vn 0.000000 -1.000000 0.000000
vn 0.000000 1.000000 0.000000
vn 0.000000 1.000000 0.000000
vn 0.000000 0.000000 -1.000000
vn 0.000000 0.000000 -1.000000
vn 0.000000 0.000000 1.000000
vn 0.000000 0.000000 1.000000
vn -1.000000 0.000000 0.000000
vn -1.000000 0.000000 0.000000
vn 1.000000 0.000000 0.000000
vn 1.000000 -0.000000 0.000000
vn 0.000000 -1.000000 0.000000
vn 0.000000 -1.000000 0.000000
vn 0.000000 1.000000 0.000000
vn 0.000000 1.000000 0.000000
vn 0.000000 0.000000 -1.000000
vn 0.000000 0.000000 -1.000000
vn 0.000000 0.000000 1.000000
vn 0.000000 0.000000 1.000000
vn -1.000000 0.000000 0.000000
vn -1.000000 0.000000 0.000000
vn 1.000000 0.000000 0.000000
vn 1.000000 -0.000000 0.000000
vn 0.000000 -1.000000 0.000000
vn 0.000000 -1.000000 0.000000
vn 0.000000 1.000000 0.000000
vn 0.000000 1.000000 0.000000
vn 0.000000 0.000000 -1.000000
vn 0.000000 0.000000 -1.000000
vn 0.000000 0.000000 1.000000
vn 0.000000 0.000000 1.000000
vn -1.000000 0.000000 0.000000
vn -1.000000 0.000000 0.000000
vn 1.000000 0.000000 0.000000
vn 1.000000 -0.000000 0.000000
vn 0.000000 -1.000000 0.000000
vn 0.000000 -1.000000 0.000000
vn 0.000000 1.000000 0.000000
vn 0.000000 1.000000 0.000000
vn 0.000000 0.000000 -1.000000
vn 0.000000 0.000000 -1.000000
vn 0.000000 0.000000 1.000000
vn 0.000000 0.000000 1.000000
vn -1.000000 0.000000 0.000000
vn -1.000000 0.000000 0.000000
vn 1.000000 0.000000 0.000000
vn 1.000000 -0.000000 0.000000
vn 0.000000 -1.000000 0.000000
vn 0.000000 -1.000000 0.000000
vn 0.000000 1.000000 0.000000
vn 0.000000 1.000000 0.000000
vn 0.000000 0.000000 -1.000000
vn 0.000000 0.000000 -1.000000
vn 0.000000 0.000000 1.000000
vn 0.000000 0.000000 1.000000
vn -1.000000 0.000000 0.000000
vn -1.000000 0.000000 0.000000
vn 1.000000 0.000000 0.000000
vn 1.000000 -0.000000 0.000000
vn 0.000000 -1.000000 0.000000
vn 0.000000 -1.000000 0.000000
vn 0.000000 1.000000 0.000000
vn 0.000000 1.000000 0.000000
vn 0.000000 0.000000 -1.000000
vn 0.000000 0.000000 -1.000000
vn 0.000000 0.000000 1.000000
vn 0.000000 0.000000 1.000000
vn -1.000000 0.000000 0.000000
vn -1.000000 0.000000 0.000000
vn 1.000000 0.000000 0.000000
vn 1.000000 -0.000000 0.000000
vn 0.000000 -1.000000 0.000000
vn 0.000000 -1.000000 0.000000
vn 0.000000 1.000000 0.000000
vn 0.000000 1.000000 0.000000
vn 0.000000 0.000000 -1.000000
vn 0.000000 0.000000 -1.000000
vn 0.000000 0.000000 1.000000
vn 0.000000 0.000000 1.000000
vn -1.000000 0.000000 0.000000
vn -1.000000 0.000000 0.000000
vn 1.000000 0.000000 0.000000
vn 1.000000 -0.000000 0.000000
vn 0.000000 -1.000000 0.000000
vn 0.000000 -1.000000 0.000000
vn 0.000000 1.000000 0.000000
vn 0.000000 1.000000 0.000000
vn 0.000000 0.000000 -1.000000
vn 0.000000 0.000000 -1.000000
vn 0.000000 0.000000 1.000000
vn 0.000000 0.000000 1.000000
vn -1.000000 0.000000 0.000000
vn -1.000000 0.000000 0.000000
vn 1.000000 0.000000 0.000000
vn 1.000000 -0.000000 0.000000
vn 0.000000 -1.000000 0.000000
vn 0.000000 -1.000000 0.000000
vn 0.000000 1.000000 0.000000
vn 0.000000 1.000000 0.000000
vn 0.000000 0.000000 -1.000000
vn 0.000000 0.000000 -1.000000
vn 0.000000 0.000000 1.000000
vn 0.000000 0.000000 1.000000
vn -1.000000 0.000000 0.000000
vn -1.000000 0.000000 0.000000
vn 1.000000 0.000000 0.000000
vn 1.000000 -0.000000 0.000000
vn 0.000000 -1.000000 0.000000
vn 0.000000 -1.000000 0.000000
vn 0.000000 1.000000 0.000000
vn 0.000000 1.000000 0.000000
vn 0.000000 0.000000 -1.000000
vn 0.000000 0.000000 -1.000000
vn 0.000000 0.000000 1.000000
vn 0.000000 0.000000 1.000000
vn -1.000000 0.000000 0.000000
vn -1.000000 0.000000 0.000000
vn 1.000000 0.000000 0.000000
vn 1.000000 -0.000000 0.000000
vn 0.000000 -1.000000 0.000000
vn 0.000000 -1.000000 0.000000
vn 0.000000 1.000000 0.000000
vn 0.000000 1.000000 0.000000
vn 0.000000 0.000000 -1.000000
vn 0.000000 0.000000 -1.000000
vn 0.000000 0.000000 1.000000
vn 0.000000 0.000000 1.000000
vn -1.000000 0.000000 0.000000
vn -1.000000 0.000000 0.000000
vn 1.000000 0.000000 0.000000
vn 1.000000 -0.000000 0.000000
vn 0.000000 -1.000000 0.000000
vn 0.000000 -1.000000 0.000000
vn 0.000000 1.000000 0.000000
vn 0.000000 1.000000 0.000000
vn 0.000000 0.000000 -1.000000
vn 0.000000 0.000000 -1.000000
vn 0.000000 0.000000 1.000000
vn 0.000000 0.000000 1.000000
vn -1.000000 0.000000 0.000000
vn -1.000000 0.000000 0.000000
vn 1.000000 0.000000 0.000000
vn 1.000000 -0.000000 0.000000
vn 0.000000 -1.000000 0.000000
vn 0.000000 -1.000000 0.000000
vn 0.000000 1.000000 0.000000
vn 0.000000 1.000000 0.000000
vn 0.000000 0.000000 -1.000000
vn 0.000000 0.000000 -1.000000
vn 0.000000 0.000000 1.000000
vn 0.000000 0.000000 1.000000
vn -1.000000 0.000000 0.000000
vn -1.000000 0.000000 0.000000
vn 1.000000 0.000000 0.000000
vn 1.000000 -0.000000 0.000000
vn 0.000000 -1.000000 0.000000
vn 0.000000 -1.000000 0.000000
vn 0.000000 1.000000 0.000000
vn 0.000000 1.000000 0.000000
vn 0.000000 0.000000 -1.000000
vn 0.000000 0.000000 -1.000000
vn 0.000000 0.000000 1.000000
vn 0.000000 0.000000 1.000000
vn -1.000000 0.000000 0.000000
vn -1.000000 0.000000 0.000000
vn 1.000000 0.000000 0.000000
vn 1.000000 -0.000000 0.000000
vn 0.000000 -1.000000 0.000000
vn 0.000000 -1.000000 0.000000
vn 0.000000 1.000000 0.000000
vn 0.000000 1.000000 0.000000
vn 0.000000 0.000000 -1.000000
vn 0.000000 0.000000 -1.000000
vn 0.000000 0.000000 1.000000
vn 0.000000 0.000000 1.000000
vn -1.000000 0.000000 0.000000
vn -1.000000 0.000000 0.000000
vn 1.000000 0.000000 0.000000
vn 1.000000 -0.000000 0.000000
vn 0.000000 -1.000000 0.000000
vn 0.000000 -1.000000 0.000000
vn 0.000000 1.000000 0.000000
vn 0.000000 1.000000 0.000000
vn 0.000000 0.000000 -1.000000
vn 0.000000 0.000000 -1.000000
vn 0.000000 0.000000 1.000000
vn 0.000000 0.000000 1.000000
vn -1.000000 0.000000 0.000000
vn -1.000000 0.000000 0.000000
vn 1.000000 0.000000 0.000000
vn 1.000000 -0.000000 0.000000
vn 0.000000 -1.000000 0.000000
vn 0.000000 -1.000000 0.000000
vn 0.000000 1.000000 0.000000
vn 0.000000 1.000000 0.000000
vn 0.000000 0.000000 -1.000000
vn 0.000000 0.000000 -1.000000
vn 0.000000 0.000000 1.000000
vn 0.000000 0.000000 1.000000
vn -1.000000 0.000000 0.000000
vn -1.000000 0.000000 0.000000
vn 1.000000 0.000000 0.000000
vn 1.000000 -0.000000 0.000000
vn 0.000000 -1.000000 0.000000
vn 0.000000 -1.000000 0.000000
vn 0.000000 1.000000 0.000000
vn 0.000000 1.000000 0.000000
vn 0.000000 0.000000 -1.000000
vn 0.000000 0.000000 -1.000000
vn 0.000000 0.000000 1.000000
vn 0.000000 0.000000 1.000000
vn -1.000000 0.000000 0.000000
vn -1.000000 0.000000 0.000000
vn 1.000000 0.000000 0.000000
vn 1.000000 -0.000000 0.000000
vn 0.000000 -1.000000 0.000000
vn 0.000000 -1.000000 0.000000
vn 0.000000 1.000000 0.000000
vn 0.000000 1.000000 0.000000
vn 0.000000 0.000000 -1.000000
vn 0.000000 0.000000 -1.000000
vn 0.000000 0.000000 1.000000
vn 0.000000 0.000000 1.000000
vn -1.000000 0.000000 0.000000
vn -1.000000 0.000000 0.000000
vn 1.000000 0.000000 0.000000
vn 1.000000 -0.000000 0.000000
vn 0.000000 -1.000000 0.000000
vn 0.000000 -1.000000 0.000000
vn 0.000000 1.000000 0.000000
vn 0.000000 1.000000 0.000000
vn 0.000000 0.000000 -1.000000
vn 0.000000 0.000000 -1.000000
vn 0.000000 0.000000 1.000000
vn 0.000000 0.000000 1.000000
vn -1.000000 0.000000 0.000000
vn -1.000000 0.000000 0.000000
vn 1.000000 0.000000 0.000000
vn 1.000000 -0.000000 0.000000
vn 0.000000 -1.000000 0.000000
vn 0.000000 -1.000000 0.000000
vn 0.000000 1.000000 0.000000
vn 0.000000 1.000000 0.000000
vn 0.000000 0.000000 -1.000000
vn 0.000000 0.000000 -1.000000
vn 0.000000 0.000000 1.000000
vn 0.000000 0.000000 1.000000
vn -1.000000 0.000000 0.000000
vn -1.000000 0.000000 0.000000
vn 1.000000 0.000000 0.000000
vn 1.000000 -0.000000 0.000000
vn 0.000000 -1.000000 0.000000
vn 0.000000 -1.000000 0.000000
vn 0.000000 1.000000 0.000000
vn 0.000000 1.000000 0.000000
vn 0.000000 0.000000 -1.000000
vn 0.000000 0.000000 -1.000000
vn 0.000000 0.000000 1.000000
vn 0.000000 0.000000 1.000000
vn -1.000000 0.000000 0.000000
vn -1.000000 0.000000 0.000000
vn 1.000000 0.000000 0.000000
vn 1.000000 -0.000000 0.000000
vn 0.000000 -1.000000 0.000000
vn 0.000000 -1.000000 0.000000
vn 0.000000 1.000000 0.000000
vn 0.000000 1.000000 0.000000
vn 0.000000 0.000000 -1.000000
vn 0.000000 0.000000 -1.000000
vn 0.000000 0.000000 1.000000
vn 0.000000 0.000000 1.000000
vn -1.000000 0.000000 0.000000
vn -1.000000 0.000000 0.000000
vn 1.000000 0.000000 0.000000
vn 1.000000 -0.000000 0.000000
vn 0.000000 -1.000000 0.000000
vn 0.000000 -1.000000 0.000000
vn 0.000000 1.000000 0.000000
vn 0.000000 1.000000 0.000000
vn 0.000000 0.000000 -1.000000
vn 0.000000 0.000000 -1.000000
vn 0.000000 0.000000 1.000000
vn 0.000000 0.000000 1.000000
vn -1.000000 0.000000 0.000000
vn -1.000000 0.000000 0.000000
vn 1.000000 0.000000 0.000000
vn 1.000000 -0.000000 0.000000
vn 0.000000 -1.000000 0.000000
vn 0.000000 -1.000000 0.000000
vn 0.000000 1.000000 0.000000
vn 0.000000 1.000000 0.000000
vn 0.000000 0.000000 -1.000000
vn 0.000000 0.000000 -1.000000
vn 0.000000 0.000000 1.000000
vn 0.000000 0.000000 1.000000
vn -1.000000 0.000000 0.000000
vn -1.000000 0.000000 0.000000
vn 1.000000 0.000000 0.000000
vn 1.000000 -0.000000 0.000000
vn 0.000000 -1.000000 0.000000
vn 0.000000 -1.000000 0.000000
vn 0.000000 1.000000 0.000000
vn 0.000000 1.000000 0.000000
vn 0.000000 0.000000 -1.000000
vn 0.000000 0.000000 -1.000000
vn 0.000000 0.000000 1.000000
vn 0.000000 0.000000 1.000000
vn -1.000000 0.000000 0.000000
vn -1.000000 0.000000 0.000000
vn 1.000000 0.000000 0.000000
vn 1.000000 -0.000000 0.000000
vn 0.000000 -1.000000 0.000000
vn 0.000000 -1.000000 0.000000
vn 0.000000 1.000000 0.000000
vn 0.000000 1.000000 0.000000
vn 0.000000 0.000000 -1.000000
vn 0.000000 0.000000 -1.000000
vn 0.000000 0.000000 1.000000
vn 0.000000 0.000000 1.000000
vn -1.000000 0.000000 0.000000
vn -1.000000 0.000000 0.000000
vn 1.000000 0.000000 0.000000
vn 1.000000 -0.000000 0.000000
vn 0.000000 -1.000000 0.000000
vn 0.000000 -1.000000 0.000000
vn 0.000000 1.000000 0.000000
vn 0.000000 1.000000 0.000000
vn 0.000000 0.000000 -1.000000
vn 0.000000 0.000000 -1.000000
vn 0.000000 0.000000 1.000000
vn 0.000000 0.000000 1.000000
vn -1.000000 0.000000 0.000000
vn -1.000000 0.000000 0.000000
vn 1.000000 0.000000 0.000000
vn 1.000000 -0.000000 0.000000
vn 0.000000 -1.000000 0.000000
vn 0.000000 -1.000000 0.000000
vn 0.000000 1.000000 0.000000
vn 0.000000 1.000000 0.000000
vn 0.000000 0.000000 -1.000000
vn 0.000000 0.000000 -1.000000
vn 0.000000 0.000000 1.000000
vn 0.000000 0.000000 1.000000
vn -1.000000 0.000000 0.000000
vn -1.000000 0.000000 0.000000
vn 1.000000 0.000000 0.000000
vn 1.000000 -0.000000 0.000000
vn 0.000000 -1.000000 0.000000
vn 0.000000 -1.000000 0.000000
vn 0.000000 1.000000 0.000000
vn 0.000000 1.000000 0.000000
vn 0.000000 0.000000 -1.000000
vn 0.000000 0.000000 -1.000000
vn 0.000000 0.000000 1.000000
vn 0.000000 0.000000 1.000000
vn -1.000000 0.000000 0.000000
vn -1.000000 0.000000 0.000000
vn 1.000000 0.000000 0.000000
vn 1.000000 -0.000000 0.000000
vn 0.000000 -1.000000 0.000000
vn 0.000000 -1.000000 0.000000
vn 0.000000 1.000000 0.000000
vn 0.000000 1.000000 0.000000
vn 0.000000 0.000000 -1.000000
vn 0.000000 0.000000 -1.000000
vn 0.000000 0.000000 1.000000
vn 0.000000 0.000000 1.000000
vn -1.000000 0.000000 0.000000
vn -1.000000 0.000000 0.000000
vn 1.000000 0.000000 0.000000
vn 1.000000 -0.000000 0.000000
vn 0.000000 -1.000000 0.000000
vn 0.000000 -1.000000 0.000000
vn 0.000000 1.000000 0.000000
vn 0.000000 1.000000 0.000000
vn 0.000000 0.000000 -1.000000
vn 0.000000 0.000000 -1.000000
vn 0.000000 0.000000 1.000000
vn 0.000000 0.000000 1.000000
vn -1.000000 0.000000 0.000000
vn -1.000000 0.000000 0.000000
vn 1.000000 0.000000 0.000000
vn 1.000000 -0.000000 0.000000
vn 0.000000 -1.000000 0.000000
vn 0.000000 -1.000000 0.000000
vn 0.000000 1.000000 0.000000
vn 0.000000 1.000000 0.000000
vn 0.000000 0.000000 -1.000000
vn 0.000000 0.000000 -1.000000
vn 0.000000 0.000000 1.000000
vn 0.000000 0.000000 1.000000
vn -1.000000 0.000000 0.000000
vn -1.000000 0.000000 0.000000
vn 1.000000 0.000000 0.000000
vn 1.000000 -0.000000 0.000000
vn 0.000000 -1.000000 0.000000
vn 0.000000 -1.000000 0.000000
vn 0.000000 1.000000 0.000000
vn 0.000000 1.000000 0.000000
vn 0.000000 0.000000 -1.000000
vn 0.000000 0.000000 -1.000000
vn 0.000000 0.000000 1.000000
vn 0.000000 0.000000 1.000000
vn -1.000000 0.000000 0.000000
vn -1.000000 0.000000 0.000000
vn 1.000000 0.000000 0.000000
vn 1.000000 -0.000000 0.000000
vn 0.000000 -1.000000 0.000000
vn 0.000000 -1.000000 0.000000
vn 0.000000 1.000000 0.000000
vn 0.000000 1.000000 0.000000
vn 0.000000 0.000000 -1.000000
vn 0.000000 0.000000 -1.000000
vn 0.000000 0.000000 1.000000
vn 0.000000 0.000000 1.000000
vn -1.000000 0.000000 0.000000
vn -1.000000 0.000000 0.000000
vn 1.000000 0.000000 0.000000
vn 1.000000 -0.000000 0.000000
vn 0.000000 -1.000000 0.000000
vn 0.000000 -1.000000 0.000000
vn 0.000000 1.000000 0.000000
vn 0.000000 1.000000 0.000000
vn 0.000000 0.000000 -1.000000
vn 0.000000 0.000000 -1.000000
vn 0.000000 0.000000 1.000000
vn 0.000000 0.000000 1.000000
vn -1.000000 0.000000 0.000000
vn -1.000000 0.000000 0.000000
vn 1.000000 0.000000 0.000000
vn 1.000000 -0.000000 0.000000
vn 0.000000 -1.000000 0.000000
vn 0.000000 -1.000000 0.000000
vn 0.000000 1.000000 0.000000
vn 0.000000 1.000000 0.000000
vn 0.000000 0.000000 -1.000000
vn 0.000000 0.000000 -1.000000
vn 0.000000 0.000000 1.000000
vn 0.000000 0.000000 1.000000
vn -1.000000 0.000000 0.000000
vn -1.000000 0.000000 0.000000
vn 1.000000 0.000000 0.000000
vn 1.000000 -0.000000 0.000000
vn 0.000000 -1.000000 0.000000
vn 0.000000 -1.000000 0.000000
vn 0.000000 1.000000 0.000000
vn 0.000000 1.000000 0.000000
vn 0.000000 0.000000 -1.000000
vn 0.000000 0.000000 -1.000000
vn 0.000000 0.000000 1.000000
vn 0.000000 0.000000 1.000000
vn -1.000000 0.000000 0.000000
vn -1.000000 0.000000 0.000000
vn 1.000000 0.000000 0.000000
vn 1.000000 -0.000000 0.000000
vn 0.000000 -1.000000 0.000000
vn 0.000000 -1.000000 0.000000
vn 0.000000 1.000000 0.000000
vn 0.000000 1.000000 0.000000
vn 0.000000 0.000000 -1.000000
vn 0.000000 0.000000 -1.000000
vn 0.000000 0.000000 1.000000
vn 0.000000 0.000000 1.000000
vn -1.000000 0.000000 0.000000
vn -1.000000 0.000000 0.000000
vn 1.000000 0.000000 0.000000
vn 1.000000 -0.000000 0.000000
vn 0.000000 -1.000000 0.000000
vn 0.000000 -1.000000 0.000000
vn 0.000000 1.000000 0.000000
vn 0.000000 1.000000 0.000000
vn 0.000000 0.000000 -1.000000
vn 0.000000 0.000000 -1.000000
vn 0.000000 0.000000 1.000000
vn 0.000000 0.000000 1.000000
vn -1.000000 0.000000 0.000000
vn -1.000000 0.000000 0.000000
vn 1.000000 0.000000 0.000000
vn 1.000000 -0.000000 0.000000
vn 0.000000 -1.000000 0.000000
vn 0.000000 -1.000000 0.000000
vn 0.000000 1.000000 0.000000
vn 0.000000 1.000000 0.000000
vn 0.000000 0.000000 -1.000000
vn 0.000000 0.000000 -1.000000
vn 0.000000 0.000000 1.000000
vn 0.000000 0.000000 1.000000
vn -1.000000 0.000000 0.000000
vn -1.000000 0.000000 0.000000
vn 1.000000 0.000000 0.000000
vn 1.000000 -0.000000 0.000000
vn 0.000000 -1.000000 0.000000
vn 0.000000 -1.000000 0.000000
vn 0.000000 1.000000 0.000000
vn 0.000000 1.000000 0.000000
vn 0.000000 0.000000 -1.000000
vn 0.000000 0.000000 -1.000000
vn 0.000000 0.000000 1.000000
vn 0.000000 0.000000 1.000000
vn -1.000000 0.000000 0.000000
vn -1.000000 0.000000 0.000000
vn 1.000000 0.000000 0.000000
vn 1.000000 -0.000000 0.000000
vn 0.000000 -1.000000 0.000000
vn 0.000000 -1.000000 0.000000
vn 0.000000 1.000000 0.000000
vn 0.000000 1.000000 0.000000
vn 0.000000 0.000000 -1.000000
vn 0.000000 0.000000 -1.000000
vn 0.000000 0.000000 1.000000
vn 0.000000 0.000000 1.000000
vn -1.000000 0.000000 0.000000
vn -1.000000 0.000000 0.000000
vn 1.000000 0.000000 0.000000
vn 1.000000 -0.000000 0.000000
vn 0.000000 -1.000000 0.000000
vn 0.000000 -1.000000 0.000000
vn 0.000000 1.000000 0.000000
vn 0.000000 1.000000 0.000000
vn 0.000000 0.000000 -1.000000
vn 0.000000 0.000000 -1.000000
vn 0.000000 0.000000 1.000000
vn 0.000000 0.000000 1.000000
vn -1.000000 0.000000 0.000000
vn -1.000000 0.000000 0.000000
vn 1.000000 0.000000 0.000000
vn 1.000000 -0.000000 0.000000
vn 0.000000 -1.000000 0.000000
vn 0.000000 -1.000000 0.000000
vn 0.000000 1.000000 0.000000
vn 0.000000 1.000000 0.000000
vn 0.000000 0.000000 -1.000000
vn 0.000000 0.000000 -1.000000
vn 0.000000 0.000000 1.000000
vn 0.000000 0.000000 1.000000
vn -1.000000 0.000000 0.000000
vn -1.000000 0.000000 0.000000
vn 1.000000 0.000000 0.000000
vn 1.000000 -0.000000 0.000000
vn 0.000000 -1.000000 0.000000
vn 0.000000 -1.000000 0.000000
vn 0.000000 1.000000 0.000000
vn 0.000000 1.000000 0.000000
vn 0.000000 0.000000 -1.000000
vn 0.000000 0.000000 -1.000000
vn 0.000000 0.000000 1.000000
vn 0.000000 0.000000 1.000000
vn -1.000000 0.000000 0.000000
vn -1.000000 0.000000 0.000000
vn 1.000000 0.000000 0.000000
vn 1.000000 -0.000000 0.000000
vn 0.000000 -1.000000 0.000000
vn 0.000000 -1.000000 0.000000
vn 0.000000 1.000000 0.000000
vn 0.000000 1.000000 0.000000
vn 0.000000 0.000000 -1.000000
vn 0.000000 0.000000 -1.000000
vn 0.000000 0.000000 1.000000
vn 0.000000 0.000000 1.000000
vn -1.000000 0.000000 0.000000
vn -1.000000 0.000000 0.000000
vn 1.000000 0.000000 0.000000
vn 1.000000 -0.000000 0.000000
vn 0.000000 -1.000000 0.000000
vn 0.000000 -1.000000 0.000000
vn 0.000000 1.000000 0.000000
vn 0.000000 1.000000 0.000000
vn 0.000000 0.000000 -1.000000
vn 0.000000 0.000000 -1.000000
vn 0.000000 0.000000 1.000000
vn 0.000000 0.000000 1.000000
vn -1.000000 0.000000 0.000000
vn -1.000000 0.000000 0.000000
vn 1.000000 0.000000 0.000000
vn 1.000000 -0.000000 0.000000
vn 0.000000 -1.000000 0.000000
vn 0.000000 -1.000000 0.000000
vn 0.000000 1.000000 0.000000
vn 0.000000 1.000000 0.000000
vn 0.000000 0.000000 -1.000000
vn 0.000000 0.000000 -1.000000
vn 0.000000 0.000000 1.000000
vn 0.000000 0.000000 1.000000
vn -1.000000 0.000000 0.000000
vn -1.000000 0.000000 0.000000
vn 1.000000 0.000000 0.000000
vn 1.000000 -0.000000 0.000000
vn 0.000000 -1.000000 0.000000
vn 0.000000 -1.000000 0.000000
vn 0.000000 1.000000 0.000000
vn 0.000000 1.000000 0.000000
vn 0.000000 0.000000 -1.000000
vn 0.000000 0.000000 -1.000000
vn 0.000000 0.000000 1.000000
vn 0.000000 0.000000 1.000000
vn -1.000000 0.000000 0.000000
vn -1.000000 0.000000 0.000000
vn 1.000000 0.000000 0.000000
vn 1.000000 -0.000000 0.000000
vn 0.000000 -1.000000 0.000000
vn 0.000000 -1.000000 0.000000
vn 0.000000 1.000000 0.000000
vn 0.000000 1.000000 0.000000
vn 0.000000 0.000000 -1.000000
vn 0.000000 0.000000 -1.000000
vn 0.000000 0.000000 1.000000
vn 0.000000 0.000000 1.000000
vn -1.000000 0.000000 0.000000
vn -1.000000 0.000000 0.000000
vn 1.000000 0.000000 0.000000
vn 1.000000 -0.000000 0.000000
vn 0.000000 -1.000000 0.000000
vn 0.000000 -1.000000 0.000000
vn 0.000000 1.000000 0.000000
vn 0.000000 1.000000 0.000000
vn 0.000000 0.000000 -1.000000
vn 0.000000 0.000000 -1.000000
vn 0.000000 0.000000 1.000000
vn 0.000000 0.000000 1.000000
vn -1.000000 0.000000 0.000000
vn -1.000000 0.000000 0.000000
vn 1.000000 0.000000 0.000000
vn 1.000000 -0.000000 0.000000
vn 0.000000 -1.000000 0.000000
vn 0.000000 -1.000000 0.000000
vn 0.000000 1.000000 0.000000
vn 0.000000 1.000000 0.000000
vn 0.000000 0.000000 -1.000000
vn 0.000000 0.000000 -1.000000
vn 0.000000 0.000000 1.000000
vn 0.000000 0.000000 1.000000
vn -1.000000 0.000000 0.000000
vn -1.000000 0.000000 0.000000
vn 1.000000 0.000000 0.000000
vn 1.000000 -0.000000 0.000000
vn 0.000000 -1.000000 0.000000
vn 0.000000 -1.000000 0.000000
vn 0.000000 1.000000 0.000000
vn 0.000000 1.000000 0.000000
vn 0.000000 0.000000 -1.000000
vn 0.000000 0.000000 -1.000000
vn 0.000000 0.000000 1.000000
vn 0.000000 0.000000 1.000000
vn -1.000000 0.000000 0.000000
vn -1.000000 0.000000 0.000000
vn 1.000000 0.000000 0.000000
vn 1.000000 -0.000000 0.000000
vn 0.000000 -1.000000 0.000000
vn 0.000000 -1.000000 0.000000
vn 0.000000 1.000000 0.000000
vn 0.000000 1.000000 0.000000
vn 0.000000 0.000000 -1.000000
vn 0.000000 0.000000 -1.000000
vn 0.000000 0.000000 1.000000
vn 0.000000 0.000000 1.000000
vn 0.999689 0.024932 0.000000
vn 0.999689 0.024932 0.000000
vn 0.997204 0.074730 0.000000
vn 0.992238 0.124352 0.000000
vn 0.997204 0.074730 0.000000
vn 0.992238 0.124352 0.000000
vn 0.984808 0.173648 0.000000
vn 0.974926 0.222530 0.000000
vn 0.984808 0.173648 0.000000
vn 0.974926 0.222530 0.000000
vn 0.962625 0.270839 0.000000
vn 0.947931 0.318477 0.000000
vn 0.962625 0.270839 0.000000
vn 0.947931 0.318477 0.000000
vn 0.930871 0.365348 0.000000
vn 0.930871 0.365348 0.000000
vn 0.911503 0.411293 0.000000
vn 0.911503 0.411293 0.000000
vn 0.889878 0.456199 0.000000
vn 0.889878 0.456199 -0.000000
vn 0.866020 0.500010 0.000000
vn 0.840030 0.542540 0.000000
vn 0.866020 0.500010 0.000000
vn 0.840030 0.542540 0.000000
vn 0.811953 0.583722 0.000000
vn 0.811953 0.583722 0.000000
vn 0.781825 0.623498 0.000000
vn 0.781825 0.623498 0.000000
vn 0.749787 0.661679 0.000000
vn 0.749787 0.661679 0.000000
vn 0.715853 0.698251 0.000000
vn 0.715853 0.698251 0.000000
vn 0.680185 0.733040 0.000000
vn 0.680185 0.733040 0.000000
vn 0.642779 0.766052 0.000000
vn 0.642779 0.766052 0.000000
vn 0.603818 0.797123 0.000000
vn 0.603818 0.797123 0.000000
vn 0.563329 0.826233 0.000000
vn 0.563329 0.826233 0.000000
vn 0.521408 0.853307 0.000000
vn 0.521408 0.853307 0.000000
vn 0.478247 0.878225 0.000000
vn 0.478247 0.878225 0.000000
vn 0.433894 0.900964 0.000000
vn 0.433894 0.900964 -0.000000
vn 0.388410 0.921487 0.000000
vn 0.388410 0.921487 0.000000
vn 0.342031 0.939689 0.000000
vn 0.342031 0.939689 -0.000000
vn 0.294771 0.955568 0.000000
vn 0.246784 0.969071 0.000000
vn 0.294771 0.955568 0.000000
vn 0.246784 0.969071 0.000000
vn 0.198155 0.980171 0.000000
vn 0.198155 0.980171 0.000000
vn 0.149040 0.988831 0.000000
vn 0.149040 0.988831 -0.000000
vn 0.099522 0.995035 0.000000
vn 0.099522 0.995035 0.000000
vn 0.049841 0.998757 0.000000
vn 0.049841 0.998757 0.000000
vn 0.000000 1.000000 0.000000
vn -0.000000 1.000000 0.000000
vn -0.049842 0.998757 0.000000
vn -0.099521 0.995035 0.000000
vn -0.049842 0.998757 -0.000000
vn -0.099521 0.995035 0.000000
vn -0.149040 0.988831 0.000000
vn -0.149040 0.988831 0.000000
vn -0.198155 0.980171 0.000000
vn -0.198155 0.980171 -0.000000
vn -0.246786 0.969070 0.000000
vn -0.246786 0.969070 0.000000
vn -0.294769 0.955569 0.000000
vn -0.294769 0.955569 0.000000
vn -0.342034 0.939687 -0.000000
vn -0.342034 0.939687 0.000000
vn -0.388410 0.921487 0.000000
vn -0.388410 0.921487 0.000000
vn -0.433890 0.900966 -0.000000
vn -0.433890 0.900966 0.000000
vn -0.478252 0.878223 0.000000
vn -0.478252 0.878223 0.000000
vn -0.521408 0.853307 -0.000000
vn -0.521408 0.853307 0.000000
vn -0.563329 0.826233 0.000000
vn -0.563329 0.826233 0.000000
vn -0.603813 0.797126 0.000000
vn -0.603813 0.797126 0.000000
vn -0.642784 0.766048 0.000000
vn -0.642784 0.766048 0.000000
vn -0.680185 0.733040 -0.000000
vn -0.680185 0.733040 0.000000
vn -0.715853 0.698251 0.000000
vn -0.715853 0.698251 0.000000
vn -0.749787 0.661679 -0.000000
vn -0.749787 0.661679 0.000000
vn -0.781825 0.623498 -0.000000
vn -0.781825 0.623498 0.000000
vn -0.811948 0.583729 0.000000
vn -0.811948 0.583729 0.000000
vn -0.840035 0.542533 0.000000
vn -0.840035 0.542533 0.000000
vn -0.866020 0.500010 -0.000000
vn -0.866020 0.500010 0.000000
vn -0.889874 0.456207 -0.000000
vn -0.889874 0.456207 0.000000
vn -0.911507 0.411285 0.000000
vn -0.911507 0.411285 0.000000
vn -0.930871 0.365348 0.000000
vn -0.930871 0.365348 0.000000
vn -0.947928 0.318486 0.000000
vn -0.947928 0.318486 -0.000000
vn -0.962625 0.270839 0.000000
vn -0.962625 0.270839 0.000000
vn -0.974926 0.222530 0.000000
vn -0.984808 0.173648 0.000000
vn -0.974926 0.222530 -0.000000
vn -0.992239 0.124342 0.000000
vn -0.984808 0.173648 0.000000
vn -0.992239 0.124342 0.000000
vn -0.997204 0.074730 0.000000
vn -0.997204 0.074730 0.000000
vn -0.999689 0.024932 0.000000
vn -0.999689 0.024932 0.000000
vn -0.999689 -0.024930 0.000000
vn -0.999689 -0.024930 -0.000000
vn -0.997204 -0.074730 -0.000000
vn -0.997204 -0.074730 -0.000000
vn -0.992239 -0.124342 -0.000000
vn -0.992239 -0.124342 -0.000000
vn -0.984808 -0.173648 -0.000000
vn -0.984808 -0.173648 -0.000000
vn -0.974926 -0.222530 0.000000
vn -0.974926 -0.222530 -0.000000
vn -0.962625 -0.270839 0.000000
vn -0.962625 -0.270839 -0.000000
vn -0.947928 -0.318486 0.000000
vn -0.947928 -0.318486 -0.000000
vn -0.930871 -0.365348 0.000000
vn -0.930871 -0.365348 -0.000000
vn -0.911507 -0.411285 -0.000000
vn -0.911507 -0.411285 -0.000000
vn -0.889874 -0.456207 0.000000
vn -0.889874 -0.456207 -0.000000
vn -0.866020 -0.500010 -0.000000
vn -0.866020 -0.500010 -0.000000
vn -0.840035 -0.542533 -0.000000
vn -0.840035 -0.542533 0.000000
vn -0.811948 -0.583729 -0.000000
vn -0.811948 -0.583729 -0.000000
vn -0.781825 -0.623498 -0.000000
vn -0.781825 -0.623498 0.000000
vn -0.749787 -0.661679 -0.000000
vn -0.749787 -0.661679 0.000000
vn -0.715853 -0.698251 -0.000000
vn -0.680185 -0.733040 -0.000000
vn -0.715853 -0.698251 0.000000
vn -0.642784 -0.766048 -0.000000
vn -0.680185 -0.733040 -0.000000
vn -0.642784 -0.766048 -0.000000
vn -0.603813 -0.797126 -0.000000
vn -0.603813 -0.797126 -0.000000
vn -0.563329 -0.826233 -0.000000
vn -0.563329 -0.826233 -0.000000
vn -0.521408 -0.853307 -0.000000
vn -0.521408 -0.853307 0.000000
vn -0.478252 -0.878223 -0.000000
vn -0.433890 -0.900966 -0.000000
vn -0.478252 -0.878223 -0.000000
vn -0.433890 -0.900966 -0.000000
vn -0.388410 -0.921487 0.000000
vn -0.388410 -0.921487 -0.000000
vn -0.342034 -0.939687 0.000000
vn -0.342034 -0.939687 -0.000000
vn -0.294769 -0.955569 -0.000000
vn -0.294769 -0.955569 -0.000000
vn -0.246786 -0.969070 -0.000000
vn -0.246786 -0.969070 -0.000000
vn -0.198078 -0.980186 -0.000000
vn -0.198078 -0.980186 0.000000
vn -0.149040 -0.988831 -0.000000
vn -0.149040 -0.988831 -0.000000
vn -0.099601 -0.995028 -0.000000
vn -0.049842 -0.998757 -0.000000
vn -0.099601 -0.995028 -0.000000
vn -0.049842 -0.998757 -0.000000
vn 0.000000 -1.000000 -0.000000
vn -0.000000 -1.000000 0.000000
vn 0.049841 -0.998757 0.000000
vn 0.049841 -0.998757 0.000000
vn 0.099602 -0.995027 0.000000
vn 0.099602 -0.995027 0.000000
vn 0.149040 -0.988831 0.000000
vn 0.198078 -0.980186 0.000000
vn 0.149040 -0.988831 0.000000
vn 0.198078 -0.980186 0.000000
vn 0.246784 -0.969071 0.000000
vn 0.246784 -0.969071 0.000000
vn 0.294771 -0.955568 0.000000
vn 0.294771 -0.955568 -0.000000
vn 0.342031 -0.939689 0.000000
vn 0.342031 -0.939689 0.000000
vn 0.388410 -0.921487 0.000000
vn 0.433894 -0.900964 0.000000
vn 0.388410 -0.921487 0.000000
vn 0.433894 -0.900964 0.000000
vn 0.478247 -0.878225 0.000000
vn 0.521408 -0.853307 0.000000
vn 0.478247 -0.878225 -0.000000
vn 0.563329 -0.826233 0.000000
vn 0.521408 -0.853307 0.000000
vn 0.563329 -0.826233 0.000000
vn 0.603818 -0.797123 0.000000
vn 0.603818 -0.797123 -0.000000
vn 0.642779 -0.766052 0.000000
vn 0.642779 -0.766052 -0.000000
vn 0.680185 -0.733040 0.000000
vn 0.680185 -0.733040 -0.000000
vn 0.715853 -0.698251 0.000000
vn 0.749787 -0.661679 0.000000
vn 0.715853 -0.698251 -0.000000
vn 0.749787 -0.661679 0.000000
vn 0.781825 -0.623498 -0.000000
vn 0.781825 -0.623498 0.000000
vn 0.811953 -0.583722 0.000000
vn 0.811953 -0.583722 0.000000
vn 0.840030 -0.542540 -0.000000
vn 0.840030 -0.542540 0.000000
vn 0.866020 -0.500010 -0.000000
vn 0.866020 -0.500010 0.000000
vn 0.889878 -0.456199 0.000000
vn 0.889878 -0.456199 0.000000
vn 0.911503 -0.411293 -0.000000
vn 0.911503 -0.411293 0.000000
vn 0.930871 -0.365348 0.000000
vn 0.930871 -0.365348 0.000000
vn 0.947931 -0.318477 0.000000
vn 0.947931 -0.318477 0.000000
vn 0.962625 -0.270839 0.000000
vn 0.962625 -0.270839 0.000000
vn 0.974926 -0.222530 -0.000000
vn 0.974926 -0.222530 0.000000
vn 0.984808 -0.173648 -0.000000
vn 0.984808 -0.173648 0.000000
vn 0.992238 -0.124352 0.000000
vn 0.992238 -0.124352 0.000000
vn 0.997204 -0.074730 0.000000
vn 0.997204 -0.074730 0.000000
vn 0.999689 -0.024930 0.000000
vn 0.999689 -0.024930 0.000000
vn 0.000000 0.000000 1.000000
vn 0.000000 0.000000 1.000000
vn 0.000000 0.000000 1.000000
vn 0.000000 0.000000 1.000000
vn 0.000000 0.000000 1.000000
vn 0.000000 0.000000 1.000000
vn 0.000000 0.000000 1.000000
vn 0.000000 0.000000 1.000000
vn 0.000000 0.000000 1.000000
vn 0.000000 0.000000 1.000000
vn 0.000000 0.000000 1.000000
vn 0.000000 0.000000 1.000000
vn 0.000000 0.000000 1.000000
vn 0.000000 0.000000 1.000000
vn 0.000000 0.000000 1.000000
vn 0.000000 0.000000 1.000000
vn 0.000000 0.000000 1.000000
vn 0.000000 0.000000 1.000000
vn 0.000000 0.000000 1.000000
vn 0.000000 0.000000 1.000000
vn 0.000000 0.000000 1.000000
vn 0.000000 0.000000 1.000000
vn 0.000000 0.000000 1.000000
vn 0.000000 0.000000 1.000000
vn 0.000000 0.000000 1.000000
vn 0.000000 0.000000 1.000000
vn 0.000000 0.000000 1.000000
vn 0.000000 0.000000 1.000000
vn 0.000000 0.000000 1.000000
vn 0.000000 0.000000 1.000000
vn 0.000000 0.000000 1.000000
vn 0.000000 0.000000 1.000000
vn 0.000000 0.000000 1.000000
vn 0.000000 0.000000 1.000000
vn 0.000000 0.000000 1.000000
vn 0.000000 0.000000 1.000000
vn 0.000000 0.000000 1.000000
vn 0.000000 0.000000 1.000000
vn 0.000000 0.000000 1.000000
vn 0.000000 0.000000 1.000000
vn 0.000000 0.000000 1.000000
vn 0.000000 0.000000 1.000000
vn 0.000000 0.000000 1.000000
vn 0.000000 0.000000 1.000000
vn 0.000000 0.000000 1.000000
vn 0.000000 0.000000 1.000000
vn 0.000000 0.000000 1.000000
vn 0.000000 0.000000 1.000000
vn 0.000000 0.000000 1.000000
vn 0.000000 0.000000 1.000000
vn 0.000000 0.000000 1.000000
vn 0.000000 0.000000 1.000000
vn 0.000000 0.000000 1.000000
vn 0.000000 0.000000 1.000000
vn 0.000000 0.000000 1.000000
vn 0.000000 0.000000 1.000000
vn 0.000000 0.000000 1.000000
vn 0.000000 0.000000 1.000000
vn 0.000000 0.000000 1.000000
vn 0.000000 0.000000 1.000000
vn 0.000000 0.000000 1.000000
vn 0.000000 0.000000 1.000000
vn 0.000000 0.000000 1.000000
vn 0.000000 0.000000 1.000000
vn 0.000000 0.000000 1.000000
vn 0.000000 0.000000 1.000000
vn 0.000000 0.000000 1.000000
vn 0.000000 0.000000 1.000000
vn 0.000000 0.000000 1.000000
vn 0.000000 0.000000 1.000000
vn 0.000000 0.000000 1.000000
vn 0.000000 0.000000 1.000000
vn 0.000000 0.000000 1.000000
vn 0.000000 0.000000 1.000000
vn 0.000000 0.000000 1.000000
vn 0.000000 0.000000 1.000000
vn 0.000000 0.000000 1.000000
vn 0.000000 0.000000 1.000000
vn 0.000000 0.000000 1.000000
vn 0.000000 0.000000 1.000000
vn 0.000000 0.000000 1.000000
vn 0.000000 0.000000 1.000000
vn 0.000000 0.000000 1.000000
vn 0.000000 0.000000 1.000000
vn 0.000000 0.000000 1.000000
vn 0.000000 0.000000 1.000000
vn 0.000000 0.000000 1.000000
vn 0.000000 0.000000 1.000000
vn 0.000000 0.000000 1.000000
vn 0.000000 0.000000 1.000000
vn 0.000000 0.000000 1.000000
vn 0.000000 0.000000 1.000000
vn 0.000000 0.000000 1.000000
vn 0.000000 0.000000 1.000000
vn 0.000000 0.000000 1.000000
vn 0.000000 0.000000 1.000000
vn 0.000000 0.000000 1.000000
vn 0.000000 0.000000 1.000000
vn 0.000000 0.000000 1.000000
vn 0.000000 0.000000 1.000000
vn 0.000000 0.000000 1.000000
vn 0.000000 0.000000 1.000000
vn 0.000000 0.000000 1.000000
vn 0.000000 0.000000 1.000000
vn 0.000000 0.000000 1.000000
vn 0.000000 0.000000 1.000000
vn 0.000000 0.000000 1.000000
vn 0.000000 0.000000 1.000000
vn 0.000000 0.000000 1.000000
vn 0.000000 0.000000 1.000000
vn 0.000000 0.000000 1.000000
vn 0.000000 0.000000 1.000000
vn 0.000000 0.000000 1.000000
vn 0.000000 0.000000 1.000000
vn 0.000000 0.000000 1.000000
vn 0.000000 0.000000 1.000000
vn 0.000000 0.000000 1.000000
vn 0.000000 0.000000 1.000000
vn 0.000000 0.000000 1.000000
vn 0.000000 0.000000 1.000000
vn 0.000000 0.000000 1.000000
vn 0.000000 0.000000 1.000000
vn 0.000000 0.000000 1.000000
vn 0.000000 0.000000 1.000000
vn 0.000000 0.000000 -1.000000
vn 0.000000 0.000000 -1.000000
vn 0.000000 0.000000 -1.000000
vn 0.000000 0.000000 -1.000000
vn 0.000000 0.000000 -1.000000
vn 0.000000 0.000000 -1.000000
vn 0.000000 0.000000 -1.000000
vn 0.000000 0.000000 -1.000000
vn 0.000000 0.000000 -1.000000
vn 0.000000 0.000000 -1.000000
vn 0.000000 0.000000 -1.000000
vn 0.000000 0.000000 -1.000000
vn 0.000000 0.000000 -1.000000
vn 0.000000 0.000000 -1.000000
vn 0.000000 0.000000 -1.000000
vn 0.000000 0.000000 -1.000000
vn 0.000000 0.000000 -1.000000
vn 0.000000 0.000000 -1.000000
vn 0.000000 0.000000 -1.000000
vn 0.000000 0.000000 -1.000000
vn 0.000000 0.000000 -1.000000
vn 0.000000 0.000000 -1.000000
vn 0.000000 0.000000 -1.000000
vn 0.000000 0.000000 -1.000000
vn 0.000000 0.000000 -1.000000
vn 0.000000 0.000000 -1.000000
vn 0.000000 0.000000 -1.000000
vn 0.000000 0.000000 -1.000000
vn 0.000000 -0.000000 -1.000000
vn 0.000000 0.000000 -1.000000
vn 0.000000 -0.000000 -1.000000
vn 0.000000 0.000000 -1.000000
vn 0.000000 0.000000 -1.000000
vn 0.000000 0.000000 -1.000000
vn 0.000000 0.000000 -1.000000
vn 0.000000 0.000000 -1.000000
vn 0.000000 -0.000000 -1.000000
vn 0.000000 0.000000 -1.000000
vn 0.000000 0.000000 -1.000000
vn 0.000000 0.000000 -1.000000
vn 0.000000 0.000000 -1.000000
vn 0.000000 -0.000000 -1.000000
vn 0.000000 0.000000 -1.000000
vn 0.000000 -0.000000 -1.000000
vn 0.000000 0.000000 -1.000000
vn 0.000000 0.000000 -1.000000
vn 0.000000 0.000000 -1.000000
vn 0.000000 -0.000000 -1.000000
vn 0.000000 -0.000000 -1.000000
vn 0.000000 -0.000000 -1.000000
vn 0.000000 0.000000 -1.000000
vn 0.000000 0.000000 -1.000000
vn 0.000000 -0.000000 -1.000000
vn 0.000000 -0.000000 -1.000000
vn 0.000000 0.000000 -1.000000
vn 0.000000 -0.000000 -1.000000
vn 0.000000 -0.000000 -1.000000
vn 0.000000 -0.000000 -1.000000
vn 0.000000 0.000000 -1.000000
vn 0.000000 -0.000000 -1.000000
vn 0.000000 0.000000 -1.000000
vn 0.000000 0.000000 -1.000000
vn 0.000000 0.000000 -1.000000
vn 0.000000 -0.000000 -1.000000
vn 0.000000 0.000000 -1.000000
vn 0.000000 -0.000000 -1.000000
vn 0.000000 -0.000000 -1.000000
vn 0.000000 -0.000000 -1.000000
vn 0.000000 0.000000 -1.000000
vn 0.000000 0.000000 -1.000000
vn 0.000000 -0.000000 -1.000000
vn 0.000000 0.000000 -1.000000
vn 0.000000 0.000000 -1.000000
vn 0.000000 0.000000 -1.000000
vn 0.000000 0.000000 -1.000000
vn 0.000000 -0.000000 -1.000000
vn 0.000000 -0.000000 -1.000000
vn 0.000000 -0.000000 -1.000000
vn 0.000000 -0.000000 -1.000000
vn 0.000000 0.000000 -1.000000
vn 0.000000 0.000000 -1.000000
vn 0.000000 -0.000000 -1.000000
vn 0.000000 -0.000000 -1.000000
vn 0.000000 0.000000 -1.000000
vn 0.000000 -0.000000 -1.000000
vn 0.000000 0.000000 -1.000000
vn 0.000000 0.000000 -1.000000
vn 0.000000 0.000000 -1.000000
vn 0.000000 -0.000000 -1.000000
vn 0.000000 0.000000 -1.000000
vn 0.000000 0.000000 -1.000000
vn 0.000000 0.000000 -1.000000
vn 0.000000 0.000000 -1.000000
vn 0.000000 0.000000 -1.000000
vn -0.000000 -0.000000 -1.000000
vn -0.000000 -0.000000 -1.000000
vn -0.000000 -0.000000 -1.000000
vn -0.000000 -0.000000 -1.000000
vn -0.000000 -0.000000 -1.000000
vn 0.000000 0.000000 -1.000000
vn 0.000000 0.000000 -1.000000
vn 0.000000 0.000000 -1.000000
vn -0.000000 -0.000000 -1.000000
vn -0.000000 -0.000000 -1.000000
vn 0.000000 0.000000 -1.000000
vn 0.000000 0.000000 -1.000000
vn 0.000000 0.000000 -1.000000
vn 0.000000 0.000000 -1.000000
vn 0.000000 0.000000 -1.000000
vn 0.000000 0.000000 -1.000000
vn -0.000000 -0.000000 -1.000000
vn -0.000000 -0.000000 -1.000000
vn -0.000000 -0.000000 -1.000000
vn -0.000000 -0.000000 -1.000000
vn 0.000000 0.000000 -1.000000
vn 0.000000 0.000000 -1.000000
vn 0.000000 0.000000 -1.000000
vn -0.000000 -0.000000 -1.000000
vn 0.000000 0.000000 -1.000000
vn 0.000000 0.000000 -1.000000
vn 0.000000 0.000000 -1.000000
vn 0.000000 0.000000 -1.000000
vn -0.000000 -0.000000 -1.000000
vn 0.000000 0.000000 -1.000000
vn -1.000000 0.000000 0.000000
vn -1.000000 0.000000 0.000000
vn 1.000000 0.000000 0.000000
vn 1.000000 -0.000000 0.000000
vn 0.000000 -1.000000 0.000000
vn 0.000000 -1.000000 0.000000
vn 0.000000 1.000000 0.000000
vn 0.000000 1.000000 0.000000
vn 0.000000 0.000000 -1.000000
vn 0.000000 0.000000 -1.000000
vn 0.000000 0.000000 1.000000
vn 0.000000 0.000000 1.000000
vn -1.000000 0.000000 0.000000
vn -1.000000 0.000000 0.000000
vn 1.000000 0.000000 0.000000
vn 1.000000 -0.000000 0.000000
vn 0.000000 -1.000000 0.000000
vn 0.000000 -1.000000 0.000000
vn 0.000000 1.000000 0.000000
vn 0.000000 1.000000 0.000000
vn 0.000000 0.000000 -1.000000
vn 0.000000 0.000000 -1.000000
vn 0.000000 0.000000 1.000000
vn 0.000000 0.000000 1.000000
vn -1.000000 0.000000 0.000000
vn -1.000000 0.000000 0.000000
vn 1.000000 0.000000 0.000000
vn 1.000000 -0.000000 0.000000
vn 0.000000 -1.000000 0.000000
vn 0.000000 -1.000000 0.000000
vn 0.000000 1.000000 0.000000
vn 0.000000 1.000000 0.000000
vn 0.000000 0.000000 -1.000000
vn 0.000000 0.000000 -1.000000
vn 0.000000 0.000000 1.000000
vn 0.000000 0.000000 1.000000
vn 0.999688 0.024964 0.000000
vn 0.999688 0.024964 0.000000
vn 0.997205 0.074714 0.000000
vn 0.992236 0.124372 0.000000
vn 0.997205 0.074714 0.000000
vn 0.992236 0.124372 0.000000
vn 0.984812 0.173624 0.000000
vn 0.974928 0.222520 0.000000
vn 0.984812 0.173624 0.000000
vn 0.974928 0.222520 0.000000
vn 0.962619 0.270858 0.000000
vn 0.947931 0.318477 0.000000
vn 0.962619 0.270858 0.000000
vn 0.947931 0.318477 0.000000
vn 0.930871 0.365348 0.000000
vn 0.930871 0.365348 0.000000
vn 0.911511 0.411277 0.000000
vn 0.911511 0.411277 -0.000000
vn 0.889882 0.456191 0.000000
vn 0.889882 0.456191 -0.000000
vn 0.866011 0.500025 0.000000
vn 0.840039 0.542525 0.000000
vn 0.866011 0.500025 0.000000
vn 0.840039 0.542525 0.000000
vn 0.811953 0.583722 0.000000
vn 0.811953 0.583722 0.000000
vn 0.781820 0.623504 0.000000
vn 0.781820 0.623504 0.000000
vn 0.749752 0.661719 0.000000
vn 0.749752 0.661719 0.000000
vn 0.715843 0.698261 0.000000
vn 0.715843 0.698261 0.000000
vn 0.680201 0.733026 0.000000
vn 0.680201 0.733026 0.000000
vn 0.642779 0.766052 0.000000
vn 0.642779 0.766052 0.000000
vn 0.603864 0.797087 0.000000
vn 0.603864 0.797087 0.000000
vn 0.563269 0.826273 0.000000
vn 0.563269 0.826273 0.000000
vn 0.521476 0.853266 0.000000
vn 0.521476 0.853266 0.000000
vn 0.478247 0.878225 0.000000
vn 0.478247 0.878225 0.000000
vn 0.433890 0.900966 0.000000
vn 0.433890 0.900966 0.000000
vn 0.388403 0.921490 0.000000
vn 0.388403 0.921490 0.000000
vn 0.342106 0.939662 0.000000
vn 0.342106 0.939662 0.000000
vn 0.294698 0.955590 0.000000
vn 0.246784 0.969071 0.000000
vn 0.294698 0.955590 0.000000
vn 0.246784 0.969071 0.000000
vn 0.198078 0.980186 0.000000
vn 0.198078 0.980186 0.000000
vn 0.149038 0.988831 0.000000
vn 0.149038 0.988831 0.000000
vn 0.099524 0.995035 0.000000
vn 0.099524 0.995035 0.000000
vn 0.050002 0.998749 0.000000
vn 0.050002 0.998749 0.000000
vn 0.000000 1.000000 0.000000
vn -0.000000 1.000000 0.000000
vn -0.050002 0.998749 0.000000
vn -0.099524 0.995035 0.000000
vn -0.050002 0.998749 0.000000
vn -0.099524 0.995035 0.000000
vn -0.149038 0.988831 0.000000
vn -0.149038 0.988831 0.000000
vn -0.198078 0.980186 0.000000
vn -0.198078 0.980186 0.000000
vn -0.246784 0.969071 0.000000
vn -0.246784 0.969071 0.000000
vn -0.294698 0.955590 -0.000000
vn -0.294698 0.955590 0.000000
vn -0.342106 0.939662 -0.000000
vn -0.342106 0.939662 0.000000
vn -0.388403 0.921490 0.000000
vn -0.388403 0.921490 0.000000
vn -0.433890 0.900966 -0.000000
vn -0.433890 0.900966 0.000000
vn -0.478264 0.878216 0.000000
vn -0.478264 0.878216 0.000000
vn -0.521458 0.853277 0.000000
vn -0.521458 0.853277 0.000000
vn -0.563269 0.826273 0.000000
vn -0.563269 0.826273 0.000000
vn -0.603864 0.797087 0.000000
vn -0.603864 0.797087 0.000000
vn -0.642799 0.766035 0.000000
vn -0.642799 0.766035 0.000000
vn -0.680180 0.733045 0.000000
vn -0.680180 0.733045 0.000000
vn -0.715843 0.698261 0.000000
vn -0.715843 0.698261 0.000000
vn -0.749752 0.661719 0.000000
vn -0.749752 0.661719 0.000000
vn -0.781840 0.623480 0.000000
vn -0.781840 0.623480 0.000000
vn -0.811934 0.583749 0.000000
vn -0.811934 0.583749 0.000000
vn -0.840039 0.542525 0.000000
vn -0.840039 0.542525 0.000000
vn -0.866028 0.499995 -0.000000
vn -0.866028 0.499995 0.000000
vn -0.889865 0.456223 0.000000
vn -0.889865 0.456223 0.000000
vn -0.911511 0.411277 0.000000
vn -0.911511 0.411277 0.000000
vn -0.930871 0.365348 0.000000
vn -0.930871 0.365348 0.000000
vn -0.947931 0.318477 0.000000
vn -0.947931 0.318477 0.000000
vn -0.962619 0.270858 0.000000
vn -0.962619 0.270858 0.000000
vn -0.974928 0.222520 0.000000
vn -0.984812 0.173624 0.000000
vn -0.974928 0.222520 0.000000
vn -0.992236 0.124372 0.000000
vn -0.984812 0.173624 0.000000
vn -0.992236 0.124372 0.000000
vn -0.997205 0.074714 0.000000
vn -0.997205 0.074714 0.000000
vn -0.999689 0.024924 0.000000
vn -0.999689 0.024924 0.000000
vn -0.999690 -0.024920 0.000000
vn -0.999690 -0.024920 -0.000000
vn -0.997204 -0.074726 0.000000
vn -0.997204 -0.074726 -0.000000
vn -0.992238 -0.124352 0.000000
vn -0.992238 -0.124352 -0.000000
vn -0.984812 -0.173624 -0.000000
vn -0.984812 -0.173624 -0.000000
vn -0.974928 -0.222520 0.000000
vn -0.974928 -0.222520 -0.000000
vn -0.962619 -0.270858 0.000000
vn -0.962619 -0.270858 -0.000000
vn -0.947931 -0.318477 -0.000000
vn -0.947931 -0.318477 -0.000000
vn -0.930871 -0.365348 0.000000
vn -0.930871 -0.365348 -0.000000
vn -0.911511 -0.411277 -0.000000
vn -0.911511 -0.411277 -0.000000
vn -0.889865 -0.456223 -0.000000
vn -0.889865 -0.456223 -0.000000
vn -0.866028 -0.499995 -0.000000
vn -0.866028 -0.499995 -0.000000
vn -0.840039 -0.542525 -0.000000
vn -0.840039 -0.542525 0.000000
vn -0.811879 -0.583825 -0.000000
vn -0.811879 -0.583825 0.000000
vn -0.781902 -0.623401 -0.000000
vn -0.781902 -0.623401 0.000000
vn -0.749752 -0.661719 -0.000000
vn -0.749752 -0.661719 0.000000
vn -0.715843 -0.698261 -0.000000
vn -0.680180 -0.733045 -0.000000
vn -0.715843 -0.698261 0.000000
vn -0.642799 -0.766035 -0.000000
vn -0.680180 -0.733045 -0.000000
vn -0.642799 -0.766035 -0.000000
vn -0.603761 -0.797165 -0.000000
vn -0.603761 -0.797165 0.000000
vn -0.563379 -0.826198 -0.000000
vn -0.563379 -0.826198 -0.000000
vn -0.521458 -0.853277 -0.000000
vn -0.521458 -0.853277 -0.000000
vn -0.478264 -0.878216 -0.000000
vn -0.433890 -0.900966 -0.000000
vn -0.478264 -0.878216 -0.000000
vn -0.433890 -0.900966 -0.000000
vn -0.388403 -0.921490 0.000000
vn -0.388403 -0.921490 -0.000000
vn -0.341963 -0.939713 0.000000
vn -0.341963 -0.939713 -0.000000
vn -0.294845 -0.955545 0.000000
vn -0.294845 -0.955545 -0.000000
vn -0.246632 -0.969109 -0.000000
vn -0.246632 -0.969109 -0.000000
vn -0.198233 -0.980155 -0.000000
vn -0.198233 -0.980155 0.000000
vn -0.149038 -0.988831 0.000000
vn -0.149038 -0.988831 -0.000000
vn -0.099524 -0.995035 -0.000000
vn -0.049841 -0.998757 -0.000000
vn -0.099524 -0.995035 -0.000000
vn -0.049841 -0.998757 -0.000000
vn 0.000000 -1.000000 -0.000000
vn -0.000000 -1.000000 0.000000
vn 0.049841 -0.998757 0.000000
vn 0.049841 -0.998757 0.000000
vn 0.099524 -0.995035 0.000000
vn 0.099524 -0.995035 0.000000
vn 0.149038 -0.988831 0.000000
vn 0.198233 -0.980155 0.000000
vn 0.149038 -0.988831 0.000000
vn 0.198233 -0.980155 0.000000
vn 0.246632 -0.969109 0.000000
vn 0.246632 -0.969109 0.000000
vn 0.294845 -0.955545 0.000000
vn 0.294845 -0.955545 0.000000
vn 0.341963 -0.939713 0.000000
vn 0.341963 -0.939713 0.000000
vn 0.388403 -0.921490 0.000000
vn 0.433890 -0.900966 0.000000
vn 0.388403 -0.921490 0.000000
vn 0.433890 -0.900966 0.000000
vn 0.478247 -0.878225 0.000000
vn 0.521476 -0.853266 0.000000
vn 0.478247 -0.878225 -0.000000
vn 0.563379 -0.826198 0.000000
vn 0.521476 -0.853266 0.000000
vn 0.563379 -0.826198 0.000000
vn 0.603761 -0.797165 0.000000
vn 0.603761 -0.797165 0.000000
vn 0.642779 -0.766052 0.000000
vn 0.642779 -0.766052 -0.000000
vn 0.680201 -0.733026 0.000000
vn 0.680201 -0.733026 0.000000
vn 0.715843 -0.698261 0.000000
vn 0.749752 -0.661719 0.000000
vn 0.715843 -0.698261 0.000000
vn 0.749752 -0.661719 0.000000
vn 0.781883 -0.623426 0.000000
vn 0.781883 -0.623426 0.000000
vn 0.811898 -0.583799 0.000000
vn 0.811898 -0.583799 0.000000
vn 0.840039 -0.542525 0.000000
vn 0.840039 -0.542525 0.000000
vn 0.866011 -0.500025 0.000000
vn 0.866011 -0.500025 0.000000
vn 0.889882 -0.456191 0.000000
vn 0.889882 -0.456191 0.000000
vn 0.911511 -0.411277 0.000000
vn 0.911511 -0.411277 0.000000
vn 0.930871 -0.365348 0.000000
vn 0.930871 -0.365348 0.000000
vn 0.947931 -0.318477 0.000000
vn 0.947931 -0.318477 0.000000
vn 0.962619 -0.270858 0.000000
vn 0.962619 -0.270858 0.000000
vn 0.974928 -0.222520 0.000000
vn 0.974928 -0.222520 0.000000
vn 0.984812 -0.173624 0.000000
vn 0.984812 -0.173624 0.000000
vn 0.992238 -0.124352 0.000000
vn 0.992238 -0.124352 0.000000
vn 0.997204 -0.074726 0.000000
vn 0.997204 -0.074726 0.000000
vn 0.999688 -0.024960 0.000000
vn 0.999688 -0.024960 0.000000
vn 0.000000 0.000000 1.000000
vn 0.000000 0.000000 1.000000
vn 0.000000 0.000000 1.000000
vn 0.000000 0.000000 1.000000
vn 0.000000 0.000000 1.000000
vn 0.000000 0.000000 1.000000
vn 0.000000 0.000000 1.000000
vn 0.000000 0.000000 1.000000
vn 0.000000 0.000000 1.000000
vn 0.000000 0.000000 1.000000
vn 0.000000 0.000000 1.000000
vn 0.000000 0.000000 1.000000
vn 0.000000 0.000000 1.000000
vn 0.000000 0.000000 1.000000
vn 0.000000 0.000000 1.000000
vn 0.000000 0.000000 1.000000
vn 0.000000 0.000000 1.000000
vn 0.000000 0.000000 1.000000
vn 0.000000 0.000000 1.000000
vn 0.000000 0.000000 1.000000
vn 0.000000 0.000000 1.000000
vn 0.000000 0.000000 1.000000
vn 0.000000 0.000000 1.000000
vn 0.000000 0.000000 1.000000
vn 0.000000 0.000000 1.000000
vn 0.000000 0.000000 1.000000
vn 0.000000 0.000000 1.000000
vn 0.000000 0.000000 1.000000
vn 0.000000 0.000000 1.000000
vn 0.000000 0.000000 1.000000
vn 0.000000 0.000000 1.000000
vn 0.000000 0.000000 1.000000
vn 0.000000 0.000000 1.000000
vn 0.000000 0.000000 1.000000
vn 0.000000 0.000000 1.000000
vn 0.000000 0.000000 1.000000
vn 0.000000 0.000000 1.000000
vn 0.000000 0.000000 1.000000
vn 0.000000 0.000000 1.000000
vn 0.000000 0.000000 1.000000
vn 0.000000 0.000000 1.000000
vn 0.000000 0.000000 1.000000
vn 0.000000 0.000000 1.000000
vn 0.000000 0.000000 1.000000
vn 0.000000 0.000000 1.000000
vn 0.000000 0.000000 1.000000
vn 0.000000 0.000000 1.000000
vn 0.000000 0.000000 1.000000
vn 0.000000 0.000000 1.000000
vn 0.000000 0.000000 1.000000
vn 0.000000 0.000000 1.000000
vn 0.000000 0.000000 1.000000
vn 0.000000 0.000000 1.000000
vn 0.000000 0.000000 1.000000
vn 0.000000 0.000000 1.000000
vn 0.000000 0.000000 1.000000
vn 0.000000 0.000000 1.000000
vn 0.000000 0.000000 1.000000
vn 0.000000 0.000000 1.000000
vn 0.000000 0.000000 1.000000
vn 0.000000 0.000000 1.000000
vn 0.000000 0.000000 1.000000
vn 0.000000 0.000000 1.000000
vn 0.000000 0.000000 1.000000
vn 0.000000 0.000000 1.000000
vn 0.000000 0.000000 1.000000
vn 0.000000 0.000000 1.000000
vn 0.000000 0.000000 1.000000
vn 0.000000 0.000000 1.000000
vn 0.000000 0.000000 1.000000
vn 0.000000 0.000000 1.000000
vn 0.000000 0.000000 1.000000
vn 0.000000 0.000000 1.000000
vn 0.000000 0.000000 1.000000
vn 0.000000 0.000000 1.000000
vn 0.000000 0.000000 1.000000
vn 0.000000 0.000000 1.000000
vn 0.000000 0.000000 1.000000
vn 0.000000 0.000000 1.000000
vn 0.000000 0.000000 1.000000
vn 0.000000 0.000000 1.000000
vn 0.000000 0.000000 1.000000
vn 0.000000 0.000000 1.000000
vn 0.000000 0.000000 1.000000
vn 0.000000 0.000000 1.000000
vn 0.000000 0.000000 1.000000
vn 0.000000 0.000000 1.000000
vn 0.000000 0.000000 1.000000
vn 0.000000 0.000000 1.000000
vn 0.000000 0.000000 1.000000
vn 0.000000 0.000000 1.000000
vn 0.000000 0.000000 1.000000
vn 0.000000 0.000000 1.000000
vn 0.000000 0.000000 1.000000
vn 0.000000 0.000000 1.000000
vn 0.000000 0.000000 1.000000
vn 0.000000 0.000000 1.000000
vn 0.000000 0.000000 1.000000
vn 0.000000 0.000000 1.000000
vn 0.000000 0.000000 1.000000
vn 0.000000 0.000000 1.000000
vn 0.000000 0.000000 1.000000
vn 0.000000 0.000000 1.000000
vn 0.000000 0.000000 1.000000
vn 0.000000 0.000000 1.000000
vn 0.000000 0.000000 1.000000
vn 0.000000 0.000000 1.000000
vn 0.000000 0.000000 1.000000
vn 0.000000 0.000000 1.000000
vn 0.000000 0.000000 1.000000
vn 0.000000 0.000000 1.000000
vn 0.000000 0.000000 1.000000
vn 0.000000 0.000000 1.000000
vn 0.000000 0.000000 1.000000
vn 0.000000 0.000000 1.000000
vn 0.000000 0.000000 1.000000
vn 0.000000 0.000000 1.000000
vn 0.000000 0.000000 1.000000
vn 0.000000 0.000000 1.000000
vn 0.000000 0.000000 1.000000
vn 0.000000 0.000000 1.000000
vn 0.000000 0.000000 1.000000
vn 0.000000 0.000000 1.000000
vn 0.000000 0.000000 1.000000
vn 0.000000 0.000000 -1.000000
vn 0.000000 0.000000 -1.000000
vn 0.000000 0.000000 -1.000000
vn 0.000000 0.000000 -1.000000
vn 0.000000 0.000000 -1.000000
vn 0.000000 0.000000 -1.000000
vn 0.000000 0.000000 -1.000000
vn 0.000000 0.000000 -1.000000
vn 0.000000 0.000000 -1.000000
vn 0.000000 0.000000 -1.000000
vn 0.000000 0.000000 -1.000000
vn 0.000000 0.000000 -1.000000
vn 0.000000 0.000000 -1.000000
vn 0.000000 0.000000 -1.000000
vn 0.000000 0.000000 -1.000000
vn 0.000000 0.000000 -1.000000
vn 0.000000 0.000000 -1.000000
vn 0.000000 0.000000 -1.000000
vn 0.000000 0.000000 -1.000000
vn 0.000000 0.000000 -1.000000
vn 0.000000 0.000000 -1.000000
vn 0.000000 0.000000 -1.000000
vn 0.000000 0.000000 -1.000000
vn 0.000000 0.000000 -1.000000
vn 0.000000 0.000000 -1.000000
vn 0.000000 0.000000 -1.000000
vn 0.000000 0.000000 -1.000000
vn 0.000000 0.000000 -1.000000
vn 0.000000 -0.000000 -1.000000
vn 0.000000 -0.000000 -1.000000
vn 0.000000 -0.000000 -1.000000
vn 0.000000 0.000000 -1.000000
vn 0.000000 0.000000 -1.000000
vn 0.000000 0.000000 -1.000000
vn 0.000000 0.000000 -1.000000
vn 0.000000 0.000000 -1.000000
vn 0.000000 -0.000000 -1.000000
vn 0.000000 0.000000 -1.000000
vn 0.000000 0.000000 -1.000000
vn 0.000000 -0.000000 -1.000000
vn 0.000000 0.000000 -1.000000
vn 0.000000 0.000000 -1.000000
vn 0.000000 0.000000 -1.000000
vn 0.000000 0.000000 -1.000000
vn 0.000000 0.000000 -1.000000
vn 0.000000 -0.000000 -1.000000
vn 0.000000 -0.000000 -1.000000
vn 0.000000 -0.000000 -1.000000
vn 0.000000 -0.000000 -1.000000
vn 0.000000 -0.000000 -1.000000
vn 0.000000 0.000000 -1.000000
vn 0.000000 -0.000000 -1.000000
vn 0.000000 0.000000 -1.000000
vn 0.000000 0.000000 -1.000000
vn 0.000000 0.000000 -1.000000
vn 0.000000 0.000000 -1.000000
vn 0.000000 0.000000 -1.000000
vn 0.000000 0.000000 -1.000000
vn 0.000000 0.000000 -1.000000
vn 0.000000 0.000000 -1.000000
vn 0.000000 0.000000 -1.000000
vn 0.000000 0.000000 -1.000000
vn 0.000000 0.000000 -1.000000
vn 0.000000 -0.000000 -1.000000
vn 0.000000 -0.000000 -1.000000
vn 0.000000 -0.000000 -1.000000
vn 0.000000 -0.000000 -1.000000
vn 0.000000 -0.000000 -1.000000
vn 0.000000 0.000000 -1.000000
vn 0.000000 0.000000 -1.000000
vn 0.000000 0.000000 -1.000000
vn 0.000000 0.000000 -1.000000
vn 0.000000 0.000000 -1.000000
vn 0.000000 0.000000 -1.000000
vn 0.000000 -0.000000 -1.000000
vn 0.000000 -0.000000 -1.000000
vn 0.000000 0.000000 -1.000000
vn 0.000000 -0.000000 -1.000000
vn 0.000000 -0.000000 -1.000000
vn 0.000000 0.000000 -1.000000
vn 0.000000 -0.000000 -1.000000
vn 0.000000 0.000000 -1.000000
vn 0.000000 -0.000000 -1.000000
vn 0.000000 0.000000 -1.000000
vn 0.000000 0.000000 -1.000000
vn 0.000000 -0.000000 -1.000000
vn 0.000000 -0.000000 -1.000000
vn 0.000000 -0.000000 -1.000000
vn 0.000000 0.000000 -1.000000
vn 0.000000 0.000000 -1.000000
vn -0.000000 -0.000000 -1.000000
vn 0.000000 0.000000 -1.000000
vn 0.000000 0.000000 -1.000000
vn 0.000000 -0.000000 -1.000000
vn -0.000000 -0.000000 -1.000000
vn -0.000000 -0.000000 -1.000000
vn -0.000000 -0.000000 -1.000000
vn 0.000000 0.000000 -1.000000
vn -0.000000 -0.000000 -1.000000
vn 0.000000 0.000000 -1.000000
vn 0.000000 0.000000 -1.000000
vn 0.000000 0.000000 -1.000000
vn 0.000000 0.000000 -1.000000
vn 0.000000 0.000000 -1.000000
vn 0.000000 0.000000 -1.000000
vn -0.000000 -0.000000 -1.000000
vn -0.000000 -0.000000 -1.000000
vn 0.000000 0.000000 -1.000000
vn 0.000000 0.000000 -1.000000
vn -0.000000 -0.000000 -1.000000
vn -0.000000 -0.000000 -1.000000
vn 0.000000 0.000000 -1.000000
vn 0.000000 0.000000 -1.000000
vn 0.000000 0.000000 -1.000000
vn 0.000000 0.000000 -1.000000
vn 0.000000 0.000000 -1.000000
vn 0.000000 0.000000 -1.000000
vn 0.000000 0.000000 -1.000000
vn 0.000000 0.000000 -1.000000
vn 0.000000 0.000000 -1.000000
vn 0.000000 0.000000 -1.000000
vn 0.000000 0.000000 -1.000000
vn -0.000000 -0.000000 -1.000000
vn -0.000000 -0.000000 -1.000000
vn -1.000000 0.000000 0.000000
vn -1.000000 0.000000 0.000000
vn 1.000000 0.000000 0.000000
vn 1.000000 -0.000000 0.000000
vn 0.000000 -1.000000 0.000000
vn 0.000000 -1.000000 0.000000
vn 0.000000 1.000000 0.000000
vn 0.000000 1.000000 0.000000
vn 0.000000 0.000000 -1.000000
vn 0.000000 0.000000 -1.000000
vn 0.000000 0.000000 1.000000
vn 0.000000 0.000000 1.000000
vn -1.000000 0.000000 0.000000
vn -1.000000 0.000000 0.000000
vn 1.000000 0.000000 0.000000
vn 1.000000 -0.000000 0.000000
vn 0.000000 -1.000000 0.000000
vn 0.000000 -1.000000 0.000000
vn 0.000000 1.000000 0.000000
vn 0.000000 1.000000 0.000000
vn 0.000000 0.000000 -1.000000
vn 0.000000 0.000000 -1.000000
vn 0.000000 0.000000 1.000000
vn 0.000000 0.000000 1.000000
vn -1.000000 0.000000 0.000000
vn -1.000000 0.000000 0.000000
vn 1.000000 0.000000 0.000000
vn 1.000000 -0.000000 0.000000
vn 0.000000 -1.000000 0.000000
vn 0.000000 -1.000000 0.000000
vn 0.000000 1.000000 0.000000
vn 0.000000 1.000000 0.000000
vn 0.000000 0.000000 -1.000000
vn 0.000000 0.000000 -1.000000
vn 0.000000 0.000000 1.000000
vn 0.000000 0.000000 1.000000
vn 0.999689 0.024946 0.000000
vn 0.999689 0.024946 0.000000
vn 0.997204 0.074721 0.000000
vn 0.992245 0.124298 0.000000
vn 0.997204 0.074721 0.000000
vn 0.984810 0.173635 0.000000
vn 0.992245 0.124298 0.000000
vn 0.984810 0.173635 0.000000
vn 0.974893 0.222673 0.000000
vn 0.962636 0.270799 0.000000
vn 0.974893 0.222673 0.000000
vn 0.947939 0.318453 0.000000
vn 0.962636 0.270799 0.000000
vn 0.947939 0.318453 0.000000
vn 0.930889 0.365302 0.000000
vn 0.930889 0.365302 0.000000
vn 0.911474 0.411357 0.000000
vn 0.911474 0.411357 0.000000
vn 0.889884 0.456188 0.000000
vn 0.889884 0.456188 0.000000
vn 0.866029 0.499994 -0.000000
vn 0.866029 0.499994 0.000000
vn 0.840121 0.542399 0.000000
vn 0.840121 0.542399 0.000000
vn 0.811816 0.583914 0.000000
vn 0.811816 0.583914 0.000000
vn 0.781976 0.623309 0.000000
vn 0.781976 0.623309 0.000000
vn 0.749764 0.661705 0.000000
vn 0.749764 0.661705 0.000000
vn 0.715683 0.698426 -0.000000
vn 0.715683 0.698426 0.000000
vn 0.680406 0.732836 0.000000
vn 0.680406 0.732836 0.000000
vn 0.642702 0.766116 0.000000
vn 0.642702 0.766116 0.000000
vn 0.603606 0.797283 0.000000
vn 0.603606 0.797283 0.000000
vn 0.563565 0.826072 0.000000
vn 0.563565 0.826072 0.000000
vn 0.521465 0.853272 0.000000
vn 0.521465 0.853272 0.000000
vn 0.478069 0.878322 0.000000
vn 0.478069 0.878322 0.000000
vn 0.433929 0.900947 0.000000
vn 0.433929 0.900947 0.000000
vn 0.388618 0.921399 0.000000
vn 0.388618 0.921399 0.000000
vn 0.341583 0.939852 0.000000
vn 0.341583 0.939852 0.000000
vn 0.294978 0.955504 0.000000
vn 0.246665 0.969101 0.000000
vn 0.294978 0.955504 0.000000
vn 0.198300 0.980141 0.000000
vn 0.246665 0.969101 0.000000
vn 0.198300 0.980141 0.000000
vn 0.148733 0.988877 0.000000
vn 0.148733 0.988877 0.000000
vn 0.099761 0.995011 0.000000
vn 0.099761 0.995011 0.000000
vn 0.050188 0.998740 0.000000
vn 0.050188 0.998740 0.000000
vn 0.000000 1.000000 0.000000
vn -0.050188 0.998740 0.000000
vn -0.000000 1.000000 0.000000
vn -0.099761 0.995011 0.000000
vn -0.050188 0.998740 0.000000
vn -0.099761 0.995011 0.000000
vn -0.148733 0.988877 0.000000
vn -0.148733 0.988877 0.000000
vn -0.198300 0.980141 0.000000
vn -0.198300 0.980141 0.000000
vn -0.246656 0.969103 0.000000
vn -0.246656 0.969103 0.000000
vn -0.294989 0.955501 0.000000
vn -0.294989 0.955501 0.000000
vn -0.341583 0.939852 0.000000
vn -0.341583 0.939852 0.000000
vn -0.388618 0.921399 0.000000
vn -0.388618 0.921399 0.000000
vn -0.433929 0.900947 0.000000
vn -0.433929 0.900947 0.000000
vn -0.478069 0.878322 0.000000
vn -0.478069 0.878322 0.000000
vn -0.521448 0.853283 0.000000
vn -0.521448 0.853283 0.000000
vn -0.563582 0.826060 -0.000000
vn -0.563582 0.826060 0.000000
vn -0.603606 0.797283 0.000000
vn -0.603606 0.797283 0.000000
vn -0.642702 0.766116 0.000000
vn -0.642702 0.766116 0.000000
vn -0.680406 0.732836 0.000000
vn -0.680406 0.732836 0.000000
vn -0.715683 0.698426 0.000000
vn -0.715683 0.698426 0.000000
vn -0.749764 0.661705 0.000000
vn -0.749764 0.661705 0.000000
vn -0.781976 0.623309 0.000000
vn -0.781976 0.623309 0.000000
vn -0.811816 0.583914 0.000000
vn -0.811816 0.583914 0.000000
vn -0.840121 0.542399 0.000000
vn -0.840121 0.542399 0.000000
vn -0.866029 0.499994 0.000000
vn -0.866029 0.499994 0.000000
vn -0.889884 0.456188 0.000000
vn -0.889884 0.456188 0.000000
vn -0.911474 0.411357 0.000000
vn -0.911474 0.411357 0.000000
vn -0.930876 0.365335 0.000000
vn -0.930876 0.365335 0.000000
vn -0.947939 0.318453 0.000000
vn -0.947939 0.318453 0.000000
vn -0.962636 0.270799 0.000000
vn -0.962636 0.270799 0.000000
vn -0.974901 0.222637 0.000000
vn -0.984810 0.173635 0.000000
vn -0.974901 0.222637 0.000000
vn -0.984810 0.173635 0.000000
vn -0.992245 0.124298 0.000000
vn -0.992245 0.124298 0.000000
vn -0.997204 0.074721 0.000000
vn -0.997204 0.074721 0.000000
vn -0.999689 0.024946 0.000000
vn -0.999689 0.024946 0.000000
vn -0.999689 -0.024931 0.000000
vn -0.999689 -0.024931 -0.000000
vn -0.997204 -0.074721 -0.000000
vn -0.997204 -0.074721 -0.000000
vn -0.992235 -0.124374 0.000000
vn -0.992235 -0.124374 -0.000000
vn -0.984810 -0.173635 -0.000000
vn -0.984810 -0.173635 -0.000000
vn -0.974932 -0.222504 0.000000
vn -0.974932 -0.222504 -0.000000
vn -0.962636 -0.270799 -0.000000
vn -0.962636 -0.270799 -0.000000
vn -0.947939 -0.318453 0.000000
vn -0.947939 -0.318453 -0.000000
vn -0.930794 -0.365543 0.000000
vn -0.930794 -0.365543 -0.000000
vn -0.911578 -0.411128 0.000000
vn -0.911578 -0.411128 -0.000000
vn -0.889884 -0.456188 0.000000
vn -0.889884 -0.456188 -0.000000
vn -0.866029 -0.499994 -0.000000
vn -0.866029 -0.499994 -0.000000
vn -0.839941 -0.542678 -0.000000
vn -0.839941 -0.542678 0.000000
vn -0.812024 -0.583623 -0.000000
vn -0.781738 -0.623607 -0.000000
vn -0.812024 -0.583623 0.000000
vn -0.781738 -0.623607 -0.000000
vn -0.749764 -0.661705 -0.000000
vn -0.749764 -0.661705 0.000000
vn -0.715981 -0.698120 -0.000000
vn -0.715981 -0.698120 0.000000
vn -0.680077 -0.733141 -0.000000
vn -0.680077 -0.733141 -0.000000
vn -0.642702 -0.766116 -0.000000
vn -0.642702 -0.766116 0.000000
vn -0.603995 -0.796988 -0.000000
vn -0.603995 -0.796988 0.000000
vn -0.563165 -0.826345 -0.000000
vn -0.563165 -0.826345 0.000000
vn -0.521448 -0.853283 -0.000000
vn -0.478541 -0.878065 -0.000000
vn -0.521448 -0.853283 0.000000
vn -0.478541 -0.878065 -0.000000
vn -0.433432 -0.901186 -0.000000
vn -0.433432 -0.901186 0.000000
vn -0.388618 -0.921399 -0.000000
vn -0.388618 -0.921399 0.000000
vn -0.342124 -0.939655 0.000000
vn -0.342124 -0.939655 -0.000000
vn -0.294989 -0.955501 0.000000
vn -0.294989 -0.955501 -0.000000
vn -0.246656 -0.969103 0.000000
vn -0.246656 -0.969103 -0.000000
vn -0.197712 -0.980260 0.000000
vn -0.197712 -0.980260 -0.000000
vn -0.149332 -0.988787 -0.000000
vn -0.099761 -0.995011 -0.000000
vn -0.149332 -0.988787 0.000000
vn -0.099761 -0.995011 -0.000000
vn -0.049577 -0.998770 -0.000000
vn -0.049577 -0.998770 0.000000
vn 0.000000 -1.000000 -0.000000
vn -0.000000 -1.000000 0.000000
vn 0.049577 -0.998770 0.000000
vn 0.049577 -0.998770 0.000000
vn 0.099761 -0.995011 0.000000
vn 0.099761 -0.995011 0.000000
vn 0.149332 -0.988787 0.000000
vn 0.197712 -0.980260 0.000000
vn 0.149332 -0.988787 0.000000
vn 0.197712 -0.980260 0.000000
vn 0.246665 -0.969101 0.000000
vn 0.246665 -0.969101 0.000000
vn 0.294978 -0.955504 0.000000
vn 0.294978 -0.955504 0.000000
vn 0.342124 -0.939655 0.000000
vn 0.342124 -0.939655 0.000000
vn 0.388618 -0.921399 0.000000
vn 0.433432 -0.901186 0.000000
vn 0.388618 -0.921399 0.000000
vn 0.433432 -0.901186 0.000000
vn 0.478541 -0.878065 0.000000
vn 0.521465 -0.853272 0.000000
vn 0.478541 -0.878065 0.000000
vn 0.521465 -0.853272 0.000000
vn 0.563147 -0.826357 0.000000
vn 0.603995 -0.796988 0.000000
vn 0.563147 -0.826357 0.000000
vn 0.603995 -0.796988 0.000000
vn 0.642702 -0.766116 0.000000
vn 0.642702 -0.766116 0.000000
vn 0.680077 -0.733141 0.000000
vn 0.680077 -0.733141 0.000000
vn 0.715981 -0.698120 0.000000
vn 0.715981 -0.698120 0.000000
vn 0.749764 -0.661705 0.000000
vn 0.749764 -0.661705 0.000000
vn 0.781738 -0.623607 -0.000000
vn 0.781738 -0.623607 0.000000
vn 0.812024 -0.583623 0.000000
vn 0.812024 -0.583623 0.000000
vn 0.839941 -0.542678 0.000000
vn 0.839941 -0.542678 0.000000
vn 0.866029 -0.499994 0.000000
vn 0.866029 -0.499994 0.000000
vn 0.889884 -0.456188 0.000000
vn 0.889884 -0.456188 0.000000
vn 0.911578 -0.411128 0.000000
vn 0.911578 -0.411128 0.000000
vn 0.930807 -0.365510 0.000000
vn 0.930807 -0.365510 0.000000
vn 0.947939 -0.318453 0.000000
vn 0.947939 -0.318453 0.000000
vn 0.962636 -0.270799 0.000000
vn 0.962636 -0.270799 0.000000
vn 0.974923 -0.222540 0.000000
vn 0.974923 -0.222540 0.000000
vn 0.984810 -0.173635 0.000000
vn 0.984810 -0.173635 0.000000
vn 0.992235 -0.124374 0.000000
vn 0.992235 -0.124374 0.000000
vn 0.997204 -0.074721 0.000000
vn 0.997204 -0.074721 0.000000
vn 0.999689 -0.024931 0.000000
vn 0.999689 -0.024931 0.000000
vn 0.000000 0.000000 1.000000
vn 0.000000 0.000000 1.000000
vn 0.000000 0.000000 1.000000
vn 0.000000 0.000000 1.000000
vn 0.000000 0.000000 1.000000
vn 0.000000 0.000000 1.000000
vn 0.000000 0.000000 1.000000
vn 0.000000 0.000000 1.000000
vn 0.000000 0.000000 1.000000
vn 0.000000 0.000000 1.000000
vn 0.000000 0.000000 1.000000
vn 0.000000 0.000000 1.000000
vn 0.000000 0.000000 1.000000
vn 0.000000 0.000000 1.000000
vn 0.000000 0.000000 1.000000
vn 0.000000 0.000000 1.000000
vn 0.000000 0.000000 1.000000
vn 0.000000 0.000000 1.000000
vn 0.000000 0.000000 1.000000
vn 0.000000 0.000000 1.000000
vn 0.000000 0.000000 1.000000
vn 0.000000 0.000000 1.000000
vn 0.000000 0.000000 1.000000
vn 0.000000 0.000000 1.000000
vn 0.000000 0.000000 1.000000
vn 0.000000 0.000000 1.000000
vn 0.000000 0.000000 1.000000
vn 0.000000 0.000000 1.000000
vn 0.000000 0.000000 1.000000
vn 0.000000 0.000000 1.000000
vn 0.000000 0.000000 1.000000
vn 0.000000 0.000000 1.000000
vn 0.000000 0.000000 1.000000
vn 0.000000 0.000000 1.000000
vn 0.000000 0.000000 1.000000
vn 0.000000 0.000000 1.000000
vn 0.000000 0.000000 1.000000
vn 0.000000 0.000000 1.000000
vn 0.000000 0.000000 1.000000
vn 0.000000 0.000000 1.000000
vn 0.000000 0.000000 1.000000
vn 0.000000 0.000000 1.000000
vn 0.000000 0.000000 1.000000
vn 0.000000 0.000000 1.000000
vn 0.000000 0.000000 1.000000
vn 0.000000 0.000000 1.000000
vn 0.000000 0.000000 1.000000
vn 0.000000 0.000000 1.000000
vn 0.000000 0.000000 1.000000
vn 0.000000 0.000000 1.000000
vn 0.000000 0.000000 1.000000
vn 0.000000 0.000000 1.000000
vn 0.000000 0.000000 1.000000
vn 0.000000 0.000000 1.000000
vn 0.000000 0.000000 1.000000
vn 0.000000 0.000000 1.000000
vn 0.000000 0.000000 1.000000
vn 0.000000 0.000000 1.000000
vn 0.000000 0.000000 1.000000
vn 0.000000 0.000000 1.000000
vn 0.000000 0.000000 1.000000
vn 0.000000 0.000000 1.000000
vn 0.000000 0.000000 1.000000
vn 0.000000 0.000000 1.000000
vn 0.000000 0.000000 1.000000
vn 0.000000 0.000000 1.000000
vn 0.000000 0.000000 1.000000
vn 0.000000 0.000000 1.000000
vn 0.000000 0.000000 1.000000
vn 0.000000 0.000000 1.000000
vn 0.000000 0.000000 1.000000
vn 0.000000 0.000000 1.000000
vn 0.000000 0.000000 1.000000
vn 0.000000 0.000000 1.000000
vn 0.000000 0.000000 1.000000
vn 0.000000 0.000000 1.000000
vn 0.000000 0.000000 1.000000
vn 0.000000 0.000000 1.000000
vn 0.000000 0.000000 1.000000
vn 0.000000 0.000000 1.000000
vn 0.000000 0.000000 1.000000
vn 0.000000 0.000000 1.000000
vn 0.000000 0.000000 1.000000
vn 0.000000 0.000000 1.000000
vn 0.000000 0.000000 1.000000
vn 0.000000 0.000000 1.000000
vn 0.000000 0.000000 1.000000
vn 0.000000 0.000000 1.000000
vn 0.000000 0.000000 1.000000
vn 0.000000 0.000000 1.000000
vn 0.000000 0.000000 1.000000
vn 0.000000 0.000000 1.000000
vn 0.000000 0.000000 1.000000
vn 0.000000 0.000000 1.000000
vn 0.000000 0.000000 1.000000
vn 0.000000 0.000000 1.000000
vn 0.000000 0.000000 1.000000
vn 0.000000 0.000000 1.000000
vn 0.000000 0.000000 1.000000
vn 0.000000 0.000000 1.000000
vn 0.000000 0.000000 1.000000
vn 0.000000 0.000000 1.000000
vn 0.000000 0.000000 1.000000
vn 0.000000 0.000000 1.000000
vn 0.000000 0.000000 1.000000
vn 0.000000 0.000000 1.000000
vn 0.000000 0.000000 1.000000
vn 0.000000 0.000000 1.000000
vn 0.000000 0.000000 1.000000
vn 0.000000 0.000000 1.000000
vn 0.000000 0.000000 1.000000
vn 0.000000 0.000000 1.000000
vn 0.000000 0.000000 1.000000
vn 0.000000 0.000000 1.000000
vn 0.000000 0.000000 1.000000
vn 0.000000 0.000000 1.000000
vn 0.000000 0.000000 1.000000
vn 0.000000 0.000000 1.000000
vn 0.000000 0.000000 1.000000
vn 0.000000 0.000000 1.000000
vn 0.000000 0.000000 1.000000
vn 0.000000 0.000000 1.000000
vn 0.000000 0.000000 1.000000
vn 0.000000 0.000000 1.000000
vn 0.000000 0.000000 -1.000000
vn 0.000000 0.000000 -1.000000
vn 0.000000 0.000000 -1.000000
vn 0.000000 0.000000 -1.000000
vn 0.000000 0.000000 -1.000000
vn 0.000000 0.000000 -1.000000
vn 0.000000 0.000000 -1.000000
vn 0.000000 0.000000 -1.000000
vn 0.000000 0.000000 -1.000000
vn 0.000000 0.000000 -1.000000
vn 0.000000 0.000000 -1.000000
vn 0.000000 0.000000 -1.000000
vn 0.000000 0.000000 -1.000000
vn 0.000000 -0.000000 -1.000000
vn 0.000000 0.000000 -1.000000
vn 0.000000 -0.000000 -1.000000
vn 0.000000 0.000000 -1.000000
vn 0.000000 -0.000000 -1.000000
vn 0.000000 -0.000000 -1.000000
vn 0.000000 0.000000 -1.000000
vn 0.000000 -0.000000 -1.000000
vn 0.000000 0.000000 -1.000000
vn 0.000000 -0.000000 -1.000000
vn 0.000000 -0.000000 -1.000000
vn 0.000000 0.000000 -1.000000
vn 0.000000 0.000000 -1.000000
vn 0.000000 0.000000 -1.000000
vn 0.000000 -0.000000 -1.000000
vn 0.000000 0.000000 -1.000000
vn 0.000000 -0.000000 -1.000000
vn 0.000000 -0.000000 -1.000000
vn 0.000000 0.000000 -1.000000
vn 0.000000 -0.000000 -1.000000
vn 0.000000 -0.000000 -1.000000
vn 0.000000 0.000000 -1.000000
vn 0.000000 0.000000 -1.000000
vn 0.000000 0.000000 -1.000000
vn 0.000000 0.000000 -1.000000
vn 0.000000 0.000000 -1.000000
vn 0.000000 0.000000 -1.000000
vn 0.000000 0.000000 -1.000000
vn 0.000000 0.000000 -1.000000
vn 0.000000 0.000000 -1.000000
vn 0.000000 0.000000 -1.000000
vn 0.000000 0.000000 -1.000000
vn 0.000000 0.000000 -1.000000
vn 0.000000 0.000000 -1.000000
vn 0.000000 0.000000 -1.000000
vn 0.000000 -0.000000 -1.000000
vn 0.000000 0.000000 -1.000000
vn 0.000000 -0.000000 -1.000000
vn 0.000000 0.000000 -1.000000
vn 0.000000 -0.000000 -1.000000
vn 0.000000 0.000000 -1.000000
vn 0.000000 0.000000 -1.000000
vn 0.000000 0.000000 -1.000000
vn 0.000000 0.000000 -1.000000
vn 0.000000 0.000000 -1.000000
vn 0.000000 0.000000 -1.000000
vn 0.000000 0.000000 -1.000000
vn 0.000000 -0.000000 -1.000000
vn 0.000000 -0.000000 -1.000000
vn 0.000000 0.000000 -1.000000
vn 0.000000 0.000000 -1.000000
vn 0.000000 0.000000 -1.000000
vn 0.000000 -0.000000 -1.000000
vn 0.000000 0.000000 -1.000000
vn 0.000000 0.000000 -1.000000
vn 0.000000 0.000000 -1.000000
vn 0.000000 0.000000 -1.000000
vn 0.000000 -0.000000 -1.000000
vn 0.000000 0.000000 -1.000000
vn 0.000000 0.000000 -1.000000
vn 0.000000 -0.000000 -1.000000
vn 0.000000 -0.000000 -1.000000
vn 0.000000 0.000000 -1.000000
vn 0.000000 0.000000 -1.000000
vn 0.000000 0.000000 -1.000000
vn 0.000000 0.000000 -1.000000
vn 0.000000 0.000000 -1.000000
vn 0.000000 -0.000000 -1.000000
vn 0.000000 0.000000 -1.000000
vn 0.000000 0.000000 -1.000000
vn 0.000000 -0.000000 -1.000000
vn 0.000000 0.000000 -1.000000
vn 0.000000 0.000000 -1.000000
vn 0.000000 0.000000 -1.000000
vn -0.000000 -0.000000 -1.000000
vn 0.000000 0.000000 -1.000000
vn -0.000000 -0.000000 -1.000000
vn 0.000000 0.000000 -1.000000
vn 0.000000 0.000000 -1.000000
vn 0.000000 0.000000 -1.000000
vn 0.000000 0.000000 -1.000000
vn 0.000000 0.000000 -1.000000
vn 0.000000 0.000000 -1.000000
vn 0.000000 0.000000 -1.000000
vn 0.000000 0.000000 -1.000000
vn 0.000000 0.000000 -1.000000
vn 0.000000 0.000000 -1.000000
vn 0.000000 0.000000 -1.000000
vn 0.000000 0.000000 -1.000000
vn 0.000000 0.000000 -1.000000
vn -0.000000 -0.000000 -1.000000
vn 0.000000 0.000000 -1.000000
vn 0.000000 0.000000 -1.000000
vn 0.000000 0.000000 -1.000000
vn 0.000000 0.000000 -1.000000
vn -0.000000 -0.000000 -1.000000
vn -0.000000 -0.000000 -1.000000
vn 0.000000 0.000000 -1.000000
vn 0.000000 0.000000 -1.000000
vn 0.000000 0.000000 -1.000000
vn 0.000000 0.000000 -1.000000
vn 0.000000 0.000000 -1.000000
vn -0.000000 -0.000000 -1.000000
vn 0.000000 0.000000 -1.000000
vn 0.000000 0.000000 -1.000000
vn -0.000000 -0.000000 -1.000000
vn 0.000000 0.000000 -1.000000
vn 0.000000 0.000000 -1.000000
vn 0.000000 0.000000 -1.000000
vn -0.000000 -0.000000 -1.000000
vn 0.000000 0.000000 -1.000000
vn -1.000000 0.000000 0.000000
vn -1.000000 0.000000 0.000000
vn 1.000000 0.000000 0.000000
vn 1.000000 -0.000000 0.000000
vn 0.000000 -1.000000 0.000000
vn 0.000000 -1.000000 0.000000
vn 0.000000 1.000000 0.000000
vn 0.000000 1.000000 0.000000
vn 0.000000 0.000000 -1.000000
vn 0.000000 0.000000 -1.000000
vn 0.000000 0.000000 1.000000
vn 0.000000 0.000000 1.000000
vn -1.000000 0.000000 0.000000
vn -1.000000 0.000000 0.000000
vn 1.000000 0.000000 0.000000
vn 1.000000 -0.000000 0.000000
vn 0.000000 -1.000000 0.000000
vn 0.000000 -1.000000 0.000000
vn 0.000000 1.000000 0.000000
vn 0.000000 1.000000 0.000000
vn 0.000000 0.000000 -1.000000
vn 0.000000 0.000000 -1.000000
vn 0.000000 0.000000 1.000000
vn 0.000000 0.000000 1.000000
vn 0.999685 0.025099 0.000000
vn 0.999685 0.025099 0.000000
vn 0.997211 0.074638 0.000000
vn 0.992250 0.124261 0.000000
vn 0.997211 0.074638 0.000000
vn 0.984777 0.173820 0.000000
vn 0.992250 0.124261 0.000000
vn 0.984777 0.173820 0.000000
vn 0.974940 0.222468 0.000000
vn 0.962636 0.270799 0.000000
vn 0.974940 0.222468 0.000000
vn 0.947853 0.318707 0.000000
vn 0.962636 0.270799 0.000000
vn 0.947853 0.318707 0.000000
vn 0.930863 0.365368 0.000000
vn 0.930863 0.365368 0.000000
vn 0.911692 0.410873 0.000000
vn 0.911692 0.410873 0.000000
vn 0.889852 0.456248 0.000000
vn 0.889852 0.456248 0.000000
vn 0.866012 0.500023 0.000000
vn 0.866012 0.500023 0.000000
vn 0.839923 0.542705 0.000000
vn 0.839923 0.542705 0.000000
vn 0.811952 0.583724 0.000000
vn 0.811952 0.583724 0.000000
vn 0.781794 0.623537 0.000000
vn 0.781794 0.623537 0.000000
vn 0.749802 0.661662 0.000000
vn 0.749802 0.661662 0.000000
vn 0.715924 0.698179 0.000000
vn 0.715924 0.698179 0.000000
vn 0.680134 0.733088 0.000000
vn 0.680134 0.733088 0.000000
vn 0.642740 0.766085 0.000000
vn 0.642740 0.766085 0.000000
vn 0.603958 0.797016 0.000000
vn 0.603958 0.797016 0.000000
vn 0.563147 0.826357 0.000000
vn 0.563147 0.826357 0.000000
vn 0.521500 0.853252 0.000000
vn 0.521500 0.853252 0.000000
vn 0.478037 0.878340 0.000000
vn 0.478037 0.878340 0.000000
vn 0.433944 0.900940 0.000000
vn 0.433944 0.900940 0.000000
vn 0.388632 0.921393 0.000000
vn 0.388632 0.921393 0.000000
vn 0.342087 0.939668 0.000000
vn 0.342087 0.939668 0.000000
vn 0.294387 0.955686 0.000000
vn 0.247285 0.968943 0.000000
vn 0.294387 0.955686 0.000000
vn 0.197705 0.980262 0.000000
vn 0.247285 0.968943 0.000000
vn 0.197705 0.980262 0.000000
vn 0.149343 0.988785 0.000000
vn 0.149343 0.988785 0.000000
vn 0.099746 0.995013 0.000000
vn 0.099746 0.995013 0.000000
vn 0.049571 0.998771 0.000000
vn 0.049571 0.998771 0.000000
vn 0.000000 1.000000 0.000000
vn -0.049571 0.998771 0.000000
vn -0.000000 1.000000 0.000000
vn -0.099776 0.995010 0.000000
vn -0.049571 0.998771 0.000000
vn -0.099776 0.995010 0.000000
vn -0.149298 0.988792 0.000000
vn -0.149298 0.988792 0.000000
vn -0.197705 0.980262 0.000000
vn -0.197705 0.980262 0.000000
vn -0.247285 0.968943 0.000000
vn -0.247285 0.968943 0.000000
vn -0.294387 0.955686 0.000000
vn -0.294387 0.955686 0.000000
vn -0.342185 0.939632 0.000000
vn -0.342185 0.939632 0.000000
vn -0.388522 0.921439 0.000000
vn -0.388522 0.921439 0.000000
vn -0.433944 0.900940 0.000000
vn -0.433944 0.900940 0.000000
vn -0.478166 0.878270 0.000000
vn -0.478166 0.878270 0.000000
vn -0.521363 0.853335 0.000000
vn -0.521363 0.853335 0.000000
vn -0.563147 0.826357 0.000000
vn -0.563147 0.826357 0.000000
vn -0.604105 0.796905 0.000000
vn -0.604105 0.796905 0.000000
vn -0.642589 0.766211 0.000000
vn -0.642589 0.766211 0.000000
vn -0.680134 0.733088 0.000000
vn -0.680134 0.733088 0.000000
vn -0.715924 0.698179 0.000000
vn -0.715924 0.698179 0.000000
vn -0.749802 0.661662 0.000000
vn -0.749802 0.661662 0.000000
vn -0.781794 0.623537 0.000000
vn -0.781794 0.623537 0.000000
vn -0.811952 0.583724 0.000000
vn -0.811952 0.583724 0.000000
vn -0.839923 0.542705 0.000000
vn -0.839923 0.542705 0.000000
vn -0.866012 0.500023 0.000000
vn -0.866012 0.500023 0.000000
vn -0.889977 0.456006 0.000000
vn -0.889977 0.456006 0.000000
vn -0.911578 0.411128 0.000000
vn -0.911578 0.411128 0.000000
vn -0.930863 0.365368 0.000000
vn -0.930863 0.365368 0.000000
vn -0.947853 0.318707 0.000000
vn -0.947853 0.318707 0.000000
vn -0.962636 0.270799 0.000000
vn -0.962636 0.270799 0.000000
vn -0.974940 0.222468 0.000000
vn -0.984830 0.173523 0.000000
vn -0.974940 0.222468 0.000000
vn -0.984830 0.173523 0.000000
vn -0.992212 0.124562 0.000000
vn -0.992212 0.124562 0.000000
vn -0.997211 0.074638 0.000000
vn -0.997211 0.074638 0.000000
vn -0.999693 0.024793 0.000000
vn -0.999693 0.024793 0.000000
vn -0.999693 -0.024793 0.000000
vn -0.999693 -0.024793 -0.000000
vn -0.997207 -0.074683 -0.000000
vn -0.997207 -0.074683 -0.000000
vn -0.992221 -0.124486 0.000000
vn -0.992221 -0.124486 -0.000000
vn -0.984830 -0.173523 -0.000000
vn -0.984830 -0.173523 -0.000000
vn -0.974940 -0.222468 0.000000
vn -0.974940 -0.222468 -0.000000
vn -0.962591 -0.270958 -0.000000
vn -0.962591 -0.270958 -0.000000
vn -0.947916 -0.318522 0.000000
vn -0.947916 -0.318522 -0.000000
vn -0.930863 -0.365368 0.000000
vn -0.930863 -0.365368 -0.000000
vn -0.911474 -0.411357 0.000000
vn -0.911474 -0.411357 -0.000000
vn -0.889977 -0.456006 0.000000
vn -0.889977 -0.456006 -0.000000
vn -0.866012 -0.500023 0.000000
vn -0.866012 -0.500023 -0.000000
vn -0.840103 -0.542426 -0.000000
vn -0.840103 -0.542426 0.000000
vn -0.811743 -0.584014 -0.000000
vn -0.782032 -0.623239 -0.000000
vn -0.811743 -0.584014 0.000000
vn -0.782032 -0.623239 -0.000000
vn -0.749802 -0.661662 -0.000000
vn -0.749802 -0.661662 0.000000
vn -0.715625 -0.698484 -0.000000
vn -0.715625 -0.698484 0.000000
vn -0.680463 -0.732783 -0.000000
vn -0.680463 -0.732783 0.000000
vn -0.642589 -0.766211 -0.000000
vn -0.642589 -0.766211 0.000000
vn -0.603716 -0.797199 -0.000000
vn -0.603716 -0.797199 0.000000
vn -0.563565 -0.826072 -0.000000
vn -0.563565 -0.826072 0.000000
vn -0.521363 -0.853335 -0.000000
vn -0.478166 -0.878270 -0.000000
vn -0.521363 -0.853335 0.000000
vn -0.478166 -0.878270 -0.000000
vn -0.433944 -0.900940 -0.000000
vn -0.433944 -0.900940 0.000000
vn -0.388522 -0.921439 -0.000000
vn -0.388522 -0.921439 0.000000
vn -0.342185 -0.939632 0.000000
vn -0.342185 -0.939632 -0.000000
vn -0.294387 -0.955686 0.000000
vn -0.294387 -0.955686 -0.000000
vn -0.246711 -0.969089 0.000000
vn -0.246711 -0.969089 -0.000000
vn -0.198293 -0.980143 0.000000
vn -0.198293 -0.980143 -0.000000
vn -0.149298 -0.988792 -0.000000
vn -0.099170 -0.995070 -0.000000
vn -0.149298 -0.988792 0.000000
vn -0.099170 -0.995070 -0.000000
vn -0.050182 -0.998740 -0.000000
vn -0.050182 -0.998740 0.000000
vn 0.000000 -1.000000 -0.000000
vn -0.000000 -1.000000 0.000000
vn 0.050182 -0.998740 0.000000
vn 0.050182 -0.998740 0.000000
vn 0.099140 -0.995073 0.000000
vn 0.099140 -0.995073 0.000000
vn 0.149343 -0.988785 0.000000
vn 0.198293 -0.980143 0.000000
vn 0.149343 -0.988785 0.000000
vn 0.198293 -0.980143 0.000000
vn 0.246711 -0.969089 0.000000
vn 0.246711 -0.969089 0.000000
vn 0.294387 -0.955686 0.000000
vn 0.294387 -0.955686 0.000000
vn 0.342087 -0.939668 0.000000
vn 0.342087 -0.939668 0.000000
vn 0.388632 -0.921393 0.000000
vn 0.433944 -0.900940 0.000000
vn 0.388632 -0.921393 0.000000
vn 0.433944 -0.900940 0.000000
vn 0.478037 -0.878340 0.000000
vn 0.521500 -0.853252 0.000000
vn 0.478037 -0.878340 0.000000
vn 0.521500 -0.853252 0.000000
vn 0.563565 -0.826072 0.000000
vn 0.603569 -0.797311 0.000000
vn 0.563565 -0.826072 0.000000
vn 0.603569 -0.797311 0.000000
vn 0.642740 -0.766085 0.000000
vn 0.642740 -0.766085 0.000000
vn 0.680463 -0.732783 0.000000
vn 0.680463 -0.732783 0.000000
vn 0.715625 -0.698484 0.000000
vn 0.715625 -0.698484 0.000000
vn 0.749802 -0.661662 0.000000
vn 0.749802 -0.661662 0.000000
vn 0.782032 -0.623239 0.000000
vn 0.782032 -0.623239 0.000000
vn 0.811743 -0.584014 0.000000
vn 0.811743 -0.584014 0.000000
vn 0.840103 -0.542426 0.000000
vn 0.840103 -0.542426 0.000000
vn 0.866012 -0.500023 0.000000
vn 0.866012 -0.500023 0.000000
vn 0.889852 -0.456248 0.000000
vn 0.889852 -0.456248 0.000000
vn 0.911589 -0.411103 0.000000
vn 0.911589 -0.411103 0.000000
vn 0.930863 -0.365368 0.000000
vn 0.930863 -0.365368 0.000000
vn 0.947916 -0.318522 0.000000
vn 0.947916 -0.318522 0.000000
vn 0.962591 -0.270958 0.000000
vn 0.962591 -0.270958 0.000000
vn 0.974940 -0.222468 0.000000
vn 0.974940 -0.222468 0.000000
vn 0.984777 -0.173820 0.000000
vn 0.984777 -0.173820 0.000000
vn 0.992259 -0.124185 0.000000
vn 0.992259 -0.124185 0.000000
vn 0.997207 -0.074683 0.000000
vn 0.997207 -0.074683 0.000000
vn 0.999685 -0.025099 0.000000
vn 0.999685 -0.025099 0.000000
vn 0.000000 0.000000 1.000000
vn 0.000000 0.000000 1.000000
vn 0.000000 0.000000 1.000000
vn 0.000000 0.000000 1.000000
vn 0.000000 0.000000 1.000000
vn 0.000000 0.000000 1.000000
vn 0.000000 0.000000 1.000000
vn 0.000000 0.000000 1.000000
vn 0.000000 0.000000 1.000000
vn 0.000000 0.000000 1.000000
vn 0.000000 0.000000 1.000000
vn 0.000000 0.000000 1.000000
vn 0.000000 0.000000 1.000000
vn 0.000000 0.000000 1.000000
vn 0.000000 0.000000 1.000000
vn 0.000000 0.000000 1.000000
vn 0.000000 0.000000 1.000000
vn 0.000000 0.000000 1.000000
vn 0.000000 0.000000 1.000000
vn 0.000000 0.000000 1.000000
vn 0.000000 0.000000 1.000000
vn 0.000000 0.000000 1.000000
vn 0.000000 0.000000 1.000000
vn 0.000000 0.000000 1.000000
vn 0.000000 0.000000 1.000000
vn 0.000000 0.000000 1.000000
vn 0.000000 0.000000 1.000000
vn 0.000000 0.000000 1.000000
vn 0.000000 0.000000 1.000000
vn 0.000000 0.000000 1.000000
vn 0.000000 0.000000 1.000000
vn 0.000000 0.000000 1.000000
vn 0.000000 0.000000 1.000000
vn 0.000000 0.000000 1.000000
vn 0.000000 0.000000 1.000000
vn 0.000000 0.000000 1.000000
vn 0.000000 0.000000 1.000000
vn 0.000000 0.000000 1.000000
vn 0.000000 0.000000 1.000000
vn 0.000000 0.000000 1.000000
vn 0.000000 0.000000 1.000000
vn 0.000000 0.000000 1.000000
vn 0.000000 0.000000 1.000000
vn 0.000000 0.000000 1.000000
vn 0.000000 0.000000 1.000000
vn 0.000000 0.000000 1.000000
vn 0.000000 0.000000 1.000000
vn 0.000000 0.000000 1.000000
vn 0.000000 0.000000 1.000000
vn 0.000000 0.000000 1.000000
vn 0.000000 0.000000 1.000000
vn 0.000000 0.000000 1.000000
vn 0.000000 0.000000 1.000000
vn 0.000000 0.000000 1.000000
vn 0.000000 0.000000 1.000000
vn 0.000000 0.000000 1.000000
vn 0.000000 0.000000 1.000000
vn 0.000000 0.000000 1.000000
vn 0.000000 0.000000 1.000000
vn 0.000000 0.000000 1.000000
vn 0.000000 0.000000 1.000000
vn 0.000000 0.000000 1.000000
vn 0.000000 0.000000 1.000000
vn 0.000000 0.000000 1.000000
vn 0.000000 0.000000 1.000000
vn 0.000000 0.000000 1.000000
vn 0.000000 0.000000 1.000000
vn 0.000000 0.000000 1.000000
vn 0.000000 0.000000 1.000000
vn 0.000000 0.000000 1.000000
vn 0.000000 0.000000 1.000000
vn 0.000000 0.000000 1.000000
vn 0.000000 0.000000 1.000000
vn 0.000000 0.000000 1.000000
vn 0.000000 0.000000 1.000000
vn 0.000000 0.000000 1.000000
vn 0.000000 0.000000 1.000000
vn 0.000000 0.000000 1.000000
vn 0.000000 0.000000 1.000000
vn 0.000000 0.000000 1.000000
vn 0.000000 0.000000 1.000000
vn 0.000000 0.000000 1.000000
vn 0.000000 0.000000 1.000000
vn 0.000000 0.000000 1.000000
vn 0.000000 0.000000 1.000000
vn 0.000000 0.000000 1.000000
vn 0.000000 0.000000 1.000000
vn 0.000000 0.000000 1.000000
vn 0.000000 0.000000 1.000000
vn 0.000000 0.000000 1.000000
vn 0.000000 0.000000 1.000000
vn 0.000000 0.000000 1.000000
vn 0.000000 0.000000 1.000000
vn 0.000000 0.000000 1.000000
vn 0.000000 0.000000 1.000000
vn 0.000000 0.000000 1.000000
vn 0.000000 0.000000 1.000000
vn 0.000000 0.000000 1.000000
vn 0.000000 0.000000 1.000000
vn 0.000000 0.000000 1.000000
vn 0.000000 0.000000 1.000000
vn 0.000000 0.000000 1.000000
vn 0.000000 0.000000 1.000000
vn 0.000000 0.000000 1.000000
vn 0.000000 0.000000 1.000000
vn 0.000000 0.000000 1.000000
vn 0.000000 0.000000 1.000000
vn 0.000000 0.000000 1.000000
vn 0.000000 0.000000 1.000000
vn 0.000000 0.000000 1.000000
vn 0.000000 0.000000 1.000000
vn 0.000000 0.000000 1.000000
vn 0.000000 0.000000 1.000000
vn 0.000000 0.000000 1.000000
vn 0.000000 0.000000 1.000000
vn 0.000000 0.000000 1.000000
vn 0.000000 0.000000 1.000000
vn 0.000000 0.000000 1.000000
vn 0.000000 0.000000 1.000000
vn 0.000000 0.000000 1.000000
vn 0.000000 0.000000 1.000000
vn 0.000000 0.000000 1.000000
vn 0.000000 0.000000 1.000000
vn 0.000000 0.000000 1.000000
vn 0.000000 0.000000 -1.000000
vn 0.000000 0.000000 -1.000000
vn 0.000000 0.000000 -1.000000
vn 0.000000 0.000000 -1.000000
vn 0.000000 0.000000 -1.000000
vn 0.000000 0.000000 -1.000000
vn 0.000000 0.000000 -1.000000
vn 0.000000 0.000000 -1.000000
vn 0.000000 0.000000 -1.000000
vn 0.000000 0.000000 -1.000000
vn 0.000000 0.000000 -1.000000
vn 0.000000 0.000000 -1.000000
vn 0.000000 0.000000 -1.000000
vn 0.000000 -0.000000 -1.000000
vn 0.000000 0.000000 -1.000000
vn 0.000000 -0.000000 -1.000000
vn 0.000000 0.000000 -1.000000
vn 0.000000 -0.000000 -1.000000
vn 0.000000 -0.000000 -1.000000
vn 0.000000 0.000000 -1.000000
vn 0.000000 -0.000000 -1.000000
vn 0.000000 0.000000 -1.000000
vn 0.000000 -0.000000 -1.000000
vn 0.000000 -0.000000 -1.000000
vn 0.000000 0.000000 -1.000000
vn 0.000000 0.000000 -1.000000
vn 0.000000 0.000000 -1.000000
vn 0.000000 -0.000000 -1.000000
vn 0.000000 0.000000 -1.000000
vn 0.000000 -0.000000 -1.000000
vn 0.000000 -0.000000 -1.000000
vn 0.000000 0.000000 -1.000000
vn 0.000000 -0.000000 -1.000000
vn 0.000000 -0.000000 -1.000000
vn 0.000000 0.000000 -1.000000
vn 0.000000 0.000000 -1.000000
vn 0.000000 0.000000 -1.000000
vn 0.000000 0.000000 -1.000000
vn 0.000000 0.000000 -1.000000
vn 0.000000 0.000000 -1.000000
vn 0.000000 0.000000 -1.000000
vn 0.000000 0.000000 -1.000000
vn 0.000000 0.000000 -1.000000
vn 0.000000 0.000000 -1.000000
vn 0.000000 0.000000 -1.000000
vn 0.000000 0.000000 -1.000000
vn 0.000000 0.000000 -1.000000
vn 0.000000 0.000000 -1.000000
vn 0.000000 -0.000000 -1.000000
vn 0.000000 0.000000 -1.000000
vn 0.000000 -0.000000 -1.000000
vn 0.000000 0.000000 -1.000000
vn 0.000000 -0.000000 -1.000000
vn 0.000000 0.000000 -1.000000
vn 0.000000 0.000000 -1.000000
vn 0.000000 0.000000 -1.000000
vn 0.000000 0.000000 -1.000000
vn 0.000000 0.000000 -1.000000
vn 0.000000 0.000000 -1.000000
vn 0.000000 0.000000 -1.000000
vn 0.000000 -0.000000 -1.000000
vn 0.000000 -0.000000 -1.000000
vn 0.000000 0.000000 -1.000000
vn 0.000000 0.000000 -1.000000
vn 0.000000 0.000000 -1.000000
vn 0.000000 -0.000000 -1.000000
vn 0.000000 0.000000 -1.000000
vn 0.000000 0.000000 -1.000000
vn 0.000000 0.000000 -1.000000
vn 0.000000 0.000000 -1.000000
vn 0.000000 -0.000000 -1.000000
vn 0.000000 0.000000 -1.000000
vn 0.000000 0.000000 -1.000000
vn 0.000000 -0.000000 -1.000000
vn 0.000000 -0.000000 -1.000000
vn 0.000000 0.000000 -1.000000
vn 0.000000 0.000000 -1.000000
vn 0.000000 0.000000 -1.000000
vn 0.000000 0.000000 -1.000000
vn 0.000000 0.000000 -1.000000
vn 0.000000 -0.000000 -1.000000
vn 0.000000 0.000000 -1.000000
vn 0.000000 0.000000 -1.000000
vn 0.000000 -0.000000 -1.000000
vn 0.000000 0.000000 -1.000000
vn 0.000000 0.000000 -1.000000
vn 0.000000 0.000000 -1.000000
vn -0.000000 -0.000000 -1.000000
vn 0.000000 0.000000 -1.000000
vn -0.000000 -0.000000 -1.000000
vn 0.000000 0.000000 -1.000000
vn 0.000000 0.000000 -1.000000
vn 0.000000 0.000000 -1.000000
vn 0.000000 0.000000 -1.000000
vn 0.000000 0.000000 -1.000000
vn 0.000000 0.000000 -1.000000
vn 0.000000 0.000000 -1.000000
vn 0.000000 0.000000 -1.000000
vn 0.000000 0.000000 -1.000000
vn 0.000000 0.000000 -1.000000
vn 0.000000 0.000000 -1.000000
vn 0.000000 0.000000 -1.000000
vn 0.000000 0.000000 -1.000000
vn -0.000000 -0.000000 -1.000000
vn 0.000000 0.000000 -1.000000
vn 0.000000 0.000000 -1.000000
vn 0.000000 0.000000 -1.000000
vn 0.000000 0.000000 -1.000000
vn -0.000000 -0.000000 -1.000000
vn -0.000000 -0.000000 -1.000000
vn 0.000000 0.000000 -1.000000
vn 0.000000 0.000000 -1.000000
vn 0.000000 0.000000 -1.000000
vn 0.000000 0.000000 -1.000000
vn 0.000000 0.000000 -1.000000
vn -0.000000 -0.000000 -1.000000
vn 0.000000 0.000000 -1.000000
vn 0.000000 0.000000 -1.000000
vn -0.000000 -0.000000 -1.000000
vn 0.000000 0.000000 -1.000000
vn 0.000000 0.000000 -1.000000
vn 0.000000 0.000000 -1.000000
vn -0.000000 -0.000000 -1.000000
vn 0.000000 0.000000 -1.000000
vn -1.000000 0.000000 0.000000
vn -1.000000 0.000000 0.000000
vn 1.000000 0.000000 0.000000
vn 1.000000 -0.000000 0.000000
vn 0.000000 -1.000000 0.000000
vn 0.000000 -1.000000 0.000000
vn 0.000000 1.000000 0.000000
vn 0.000000 1.000000 0.000000
vn 0.000000 0.000000 -1.000000
vn 0.000000 0.000000 -1.000000
vn 0.000000 0.000000 1.000000
vn 0.000000 0.000000 1.000000
vn -1.000000 0.000000 0.000000
vn -1.000000 0.000000 0.000000
vn 1.000000 0.000000 0.000000
vn 1.000000 -0.000000 0.000000
vn 0.000000 -1.000000 0.000000
vn 0.000000 -1.000000 0.000000
vn 0.000000 1.000000 0.000000
vn 0.000000 1.000000 0.000000
vn 0.000000 0.000000 -1.000000
vn 0.000000 0.000000 -1.000000
vn 0.000000 0.000000 1.000000
vn 0.000000 0.000000 1.000000
vn 0.000000 1.000000 0.000000
vn 0.000000 1.000000 -0.000000
vn 1.000000 0.000000 -0.000000
vn 1.000000 0.000000 0.000000
vn 0.000000 -1.000000 0.000000
vn 0.000000 -1.000000 0.000000
vn 1.000000 0.000000 -0.000000
vn 1.000000 0.000000 0.000000
vn 0.000000 -1.000000 0.000000
vn 0.000000 -1.000000 0.000000
vn -1.000000 0.000000 0.000000
vn -1.000000 0.000000 0.000000
vn 0.000000 0.000000 -1.000000
vn 0.000000 -0.000000 -1.000000
vn 0.000000 0.000000 -1.000000
vn 0.000000 0.000000 -1.000000
vn 0.000000 0.000000 1.000000
vn 0.000000 -0.000000 1.000000
vn 0.000000 0.000000 1.000000
vn 0.000000 0.000000 1.000000
vn 0.000000 1.000000 0.000000
vn 0.000000 1.000000 -0.000000
vn 1.000000 0.000000 0.000000
vn 1.000000 0.000000 0.000000
vn 0.000000 -1.000000 0.000000
vn 0.000000 -1.000000 0.000000
vn 1.000000 0.000000 -0.000000
vn 1.000000 0.000000 0.000000
vn 0.000000 -1.000000 0.000000
vn 0.000000 -1.000000 0.000000
vn -1.000000 0.000000 0.000000
vn -1.000000 0.000000 0.000000
vn 0.000000 0.000000 -1.000000
vn 0.000000 0.000000 -1.000000
vn 0.000000 0.000000 -1.000000
vn 0.000000 0.000000 -1.000000
vn 0.000000 0.000000 1.000000
vn 0.000000 0.000000 1.000000
vn 0.000000 0.000000 1.000000
vn 0.000000 0.000000 1.000000
vn 0.000000 1.000000 0.000000
vn 0.000000 1.000000 -0.000000
vn 1.000000 0.000000 0.000000
vn 1.000000 0.000000 0.000000
vn 0.000000 -1.000000 0.000000
vn 0.000000 -1.000000 0.000000
vn 1.000000 0.000000 0.000000
vn 1.000000 0.000000 0.000000
vn 0.000000 -1.000000 0.000000
vn 0.000000 -1.000000 0.000000
vn -1.000000 0.000000 0.000000
vn -1.000000 0.000000 0.000000
vn 0.000000 0.000000 -1.000000
vn 0.000000 -0.000000 -1.000000
vn 0.000000 0.000000 -1.000000
vn 0.000000 0.000000 -1.000000
vn 0.000000 0.000000 1.000000
vn 0.000000 -0.000000 1.000000
vn 0.000000 0.000000 1.000000
vn 0.000000 0.000000 1.000000
vn 0.000000 1.000000 0.000000
vn 0.000000 1.000000 -0.000000
vn 1.000000 0.000000 0.000000
vn 1.000000 0.000000 0.000000
vn 0.000000 -1.000000 0.000000
vn 0.000000 -1.000000 0.000000
vn -1.000000 -0.000000 0.000000
vn -1.000000 0.000000 0.000000
vn 0.000000 -1.000000 0.000000
vn 0.000000 -1.000000 0.000000
vn -1.000000 0.000000 0.000000
vn -1.000000 0.000000 0.000000
vn 0.000000 0.000000 -1.000000
vn 0.000000 0.000000 -1.000000
vn 0.000000 0.000000 -1.000000
vn 0.000000 0.000000 -1.000000
vn 0.000000 0.000000 1.000000
vn 0.000000 0.000000 1.000000
vn 0.000000 0.000000 1.000000
vn 0.000000 0.000000 1.000000
vn 0.000000 1.000000 0.000000
vn 0.000000 1.000000 -0.000000
vn 1.000000 0.000000 -0.000000
vn 1.000000 0.000000 0.000000
vn 0.000000 -1.000000 0.000000
vn 0.000000 -1.000000 0.000000
vn -1.000000 0.000000 0.000000
vn -1.000000 0.000000 0.000000
vn 0.000000 0.000000 -1.000000
vn 0.000000 0.000000 -1.000000
vn 0.000000 0.000000 1.000000
vn 0.000000 0.000000 1.000000
vn 0.000000 1.000000 0.000000
vn 0.000000 1.000000 -0.000000
vn 1.000000 0.000000 0.000000
vn 1.000000 0.000000 0.000000
vn 0.000000 -1.000000 0.000000
vn 0.000000 -1.000000 0.000000
vn -1.000000 0.000000 0.000000
vn -1.000000 0.000000 0.000000
vn 0.000000 0.000000 -1.000000
vn 0.000000 0.000000 -1.000000
vn 0.000000 0.000000 1.000000
vn 0.000000 0.000000 1.000000
vn 0.000000 1.000000 0.000000
vn 0.000000 1.000000 -0.000000
vn 1.000000 0.000000 0.000000
vn 1.000000 0.000000 0.000000
vn 0.000000 -1.000000 0.000000
vn 0.000000 -1.000000 0.000000
vn -1.000000 0.000000 0.000000
vn -1.000000 0.000000 0.000000
vn 0.000000 -1.000000 0.000000
vn 0.000000 -1.000000 0.000000
vn -1.000000 0.000000 0.000000
vn -1.000000 0.000000 0.000000
vn 0.000000 1.000000 0.000000
vn 0.000000 1.000000 -0.000000
vn -1.000000 0.000000 0.000000
vn -1.000000 0.000000 0.000000
vn 0.000000 0.000000 -1.000000
vn 0.000000 0.000000 -1.000000
vn 0.000000 0.000000 -1.000000
vn 0.000000 0.000000 -1.000000
vn 0.000000 -0.000000 -1.000000
vn 0.000000 0.000000 -1.000000
vn 0.000000 0.000000 1.000000
vn 0.000000 0.000000 1.000000
vn 0.000000 0.000000 1.000000
vn 0.000000 0.000000 1.000000
vn 0.000000 -0.000000 1.000000
vn 0.000000 0.000000 1.000000
vn 0.000000 1.000000 0.000000
vn 0.000000 1.000000 -0.000000
vn 1.000000 0.000000 -0.000000
vn 1.000000 0.000000 0.000000
vn 0.000000 -1.000000 0.000000
vn 0.000000 -1.000000 0.000000
vn 1.000000 -0.000000 0.000000
vn 1.000000 0.000000 0.000000
vn 0.000000 1.000000 0.000000
vn 0.000000 1.000000 -0.000000
vn 1.000000 0.000000 0.000000
vn 1.000000 0.000000 0.000000
vn 0.000000 -1.000000 0.000000
vn 0.000000 -1.000000 0.000000
vn -1.000000 -0.000000 0.000000
vn -1.000000 0.000000 0.000000
vn 0.000000 0.000000 -1.000000
vn 0.000000 -0.000000 -1.000000
vn 0.000000 0.000000 -1.000000
vn 0.000000 0.000000 -1.000000
vn 0.000000 0.000000 -1.000000
vn 0.000000 0.000000 -1.000000
vn 0.000000 0.000000 1.000000
vn 0.000000 0.000000 1.000000
vn 0.000000 0.000000 1.000000
vn 0.000000 0.000000 1.000000
vn 0.000000 0.000000 1.000000
vn 0.000000 0.000000 1.000000
vn 0.000000 1.000000 0.000000
vn 0.000000 1.000000 -0.000000
vn 1.000000 0.000000 -0.000000
vn 1.000000 0.000000 0.000000
vn 0.000000 -1.000000 0.000000
vn 0.000000 -1.000000 0.000000
vn -1.000000 0.000000 0.000000
vn -1.000000 0.000000 0.000000
vn 0.000000 0.000000 -1.000000
vn 0.000000 0.000000 -1.000000
vn 0.000000 0.000000 1.000000
vn 0.000000 0.000000 1.000000
vn 0.000000 1.000000 0.000000
vn 0.000000 1.000000 -0.000000
vn 1.000000 0.000000 0.000000
vn 1.000000 0.000000 0.000000
vn 0.000000 -1.000000 0.000000
vn 0.000000 -1.000000 0.000000
vn -1.000000 0.000000 0.000000
vn -1.000000 0.000000 0.000000
vn 0.000000 0.000000 -1.000000
vn 0.000000 0.000000 -1.000000
vn 0.000000 0.000000 1.000000
vn 0.000000 0.000000 1.000000
vn 0.000000 1.000000 0.000000
vn 0.000000 1.000000 -0.000000
vn 1.000000 0.000000 0.000000
vn 1.000000 0.000000 0.000000
vn 0.000000 1.000000 0.000000
vn 0.000000 1.000000 -0.000000
vn 1.000000 0.000000 -0.000000
vn 1.000000 0.000000 0.000000
vn 0.000000 -1.000000 0.000000
vn 0.000000 -1.000000 0.000000
vn -1.000000 0.000000 0.000000
vn -1.000000 0.000000 0.000000
vn 0.000000 0.000000 -1.000000
vn 0.000000 -0.000000 -1.000000
vn 0.000000 0.000000 -1.000000
vn 0.000000 0.000000 -1.000000
vn 0.000000 0.000000 1.000000
vn 0.000000 0.000000 1.000000
vn 0.000000 0.000000 1.000000
vn 0.000000 0.000000 1.000000
vn 0.000000 1.000000 0.000000
vn 0.000000 1.000000 -0.000000
vn 1.000000 0.000000 0.000000
vn 1.000000 0.000000 0.000000
vn 0.000000 -1.000000 0.000000
vn 0.000000 -1.000000 0.000000
vn -1.000000 0.000000 0.000000
vn -1.000000 0.000000 0.000000
vn 0.000000 -1.000000 0.000000
vn 0.000000 -1.000000 0.000000
vn -1.000000 0.000000 0.000000
vn -1.000000 0.000000 0.000000
vn 0.000000 1.000000 0.000000
vn 0.000000 1.000000 -0.000000
vn -1.000000 -0.000000 0.000000
vn -1.000000 0.000000 0.000000
vn 0.000000 0.000000 -1.000000
vn 0.000000 0.000000 -1.000000
vn 0.000000 0.000000 -1.000000
vn 0.000000 0.000000 -1.000000
vn 0.000000 -0.000000 -1.000000
vn 0.000000 -0.000000 -1.000000
vn 0.000000 0.000000 1.000000
vn 0.000000 0.000000 1.000000
vn 0.000000 0.000000 1.000000
vn 0.000000 0.000000 1.000000
vn 0.000000 -0.000000 1.000000
vn 0.000000 0.000000 1.000000
vn 0.000000 1.000000 0.000000
vn 0.000000 1.000000 -0.000000
vn 1.000000 0.000000 0.000000
vn 1.000000 0.000000 0.000000
vn 0.000000 1.000000 0.000000
vn 0.000000 1.000000 -0.000000
vn 1.000000 0.000000 0.000000
vn 1.000000 0.000000 0.000000
vn 0.000000 -1.000000 0.000000
vn 0.000000 -1.000000 0.000000
vn 1.000000 0.000000 -0.000000
vn 1.000000 0.000000 0.000000
vn 0.000000 -1.000000 0.000000
vn 0.000000 -1.000000 0.000000
vn -1.000000 0.000000 0.000000
vn -1.000000 0.000000 0.000000
vn 0.000000 -0.000000 -1.000000
vn 0.000000 0.000000 -1.000000
vn 0.000000 0.000000 -1.000000
vn 0.000000 0.000000 -1.000000
vn 0.000000 0.000000 -1.000000
vn 0.000000 0.000000 -1.000000
vn 0.000000 -0.000000 1.000000
vn 0.000000 0.000000 1.000000
vn 0.000000 0.000000 1.000000
vn 0.000000 0.000000 1.000000
vn 0.000000 0.000000 1.000000
vn 0.000000 0.000000 1.000000
vn 0.000000 1.000000 0.000000
vn 0.000000 1.000000 -0.000000
vn 1.000000 0.000000 0.000000
vn 1.000000 0.000000 0.000000
vn 0.000000 -1.000000 0.000000
vn 0.000000 -1.000000 0.000000
vn -1.000000 0.000000 0.000000
vn -1.000000 0.000000 0.000000
vn 0.000000 0.000000 -1.000000
vn 0.000000 0.000000 -1.000000
vn 0.000000 0.000000 1.000000
vn 0.000000 0.000000 1.000000
vn 0.000000 1.000000 0.000000
vn 0.000000 1.000000 -0.000000
vn 1.000000 0.000000 0.000000
vn 1.000000 0.000000 0.000000
vn 0.000000 -1.000000 0.000000
vn 0.000000 -1.000000 0.000000
vn -1.000000 0.000000 0.000000
vn -1.000000 0.000000 0.000000
vn 0.000000 0.000000 -1.000000
vn 0.000000 0.000000 -1.000000
vn 0.000000 0.000000 1.000000
vn 0.000000 0.000000 1.000000
vn 0.000000 1.000000 0.000000
vn 0.000000 1.000000 -0.000000
vn 1.000000 0.000000 0.000000
vn 1.000000 0.000000 0.000000
vn 0.000000 -1.000000 0.000000
vn 0.000000 -1.000000 0.000000
vn -1.000000 0.000000 0.000000
vn -1.000000 0.000000 0.000000
vn 0.000000 0.000000 -1.000000
vn 0.000000 0.000000 -1.000000
vn 0.000000 0.000000 1.000000
vn 0.000000 0.000000 1.000000
vn 0.000000 1.000000 0.000000
vn 0.000000 1.000000 -0.000000
vn 1.000000 0.000000 0.000000
vn 1.000000 0.000000 0.000000
vn 0.000000 -1.000000 0.000000
vn 0.000000 -1.000000 0.000000
vn -1.000000 -0.000000 0.000000
vn -1.000000 0.000000 0.000000
vn 0.000000 -1.000000 0.000000
vn 0.000000 -1.000000 0.000000
vn 1.000000 0.000000 -0.000000
vn 1.000000 0.000000 0.000000
vn 0.000000 -1.000000 0.000000
vn 0.000000 -1.000000 0.000000
vn -1.000000 0.000000 0.000000
vn -1.000000 0.000000 0.000000
vn 0.000000 0.000000 -1.000000
vn 0.000000 0.000000 -1.000000
vn 0.000000 0.000000 -1.000000
vn 0.000000 0.000000 -1.000000
vn 0.000000 0.000000 -1.000000
vn 0.000000 0.000000 -1.000000
vn 0.000000 0.000000 1.000000
vn 0.000000 0.000000 1.000000
vn 0.000000 0.000000 1.000000
vn 0.000000 0.000000 1.000000
vn 0.000000 0.000000 1.000000
vn 0.000000 0.000000 1.000000
vn 0.000000 1.000000 0.000000
vn 0.000000 1.000000 -0.000000
vn 1.000000 0.000000 -0.000000
vn 1.000000 0.000000 0.000000
vn 0.000000 1.000000 0.000000
vn 0.000000 1.000000 -0.000000
vn 1.000000 0.000000 0.000000
vn 1.000000 0.000000 0.000000
vn 0.000000 -1.000000 0.000000
vn 0.000000 -1.000000 0.000000
vn -1.000000 0.000000 0.000000
vn -1.000000 0.000000 0.000000
vn 0.000000 -1.000000 0.000000
vn 0.000000 -1.000000 0.000000
vn -1.000000 0.000000 0.000000
vn -1.000000 0.000000 0.000000
vn 0.000000 1.000000 0.000000
vn 0.000000 1.000000 -0.000000
vn -1.000000 0.000000 0.000000
vn -1.000000 0.000000 0.000000
vn 0.000000 0.000000 -1.000000
vn 0.000000 0.000000 -1.000000
vn 0.000000 0.000000 -1.000000
vn 0.000000 0.000000 -1.000000
vn 0.000000 0.000000 -1.000000
vn 0.000000 0.000000 -1.000000
vn 0.000000 0.000000 -1.000000
vn 0.000000 -0.000000 -1.000000
vn 0.000000 0.000000 1.000000
vn 0.000000 0.000000 1.000000
vn 0.000000 0.000000 1.000000
vn 0.000000 0.000000 1.000000
vn 0.000000 0.000000 1.000000
vn 0.000000 0.000000 1.000000
vn 0.000000 0.000000 1.000000
vn 0.000000 -0.000000 1.000000
vn 0.000000 1.000000 0.000000
vn 0.000000 1.000000 -0.000000
vn 1.000000 0.000000 0.000000
vn 1.000000 0.000000 0.000000
vn 0.000000 -1.000000 0.000000
vn 0.000000 -1.000000 0.000000
vn -1.000000 0.000000 0.000000
vn -1.000000 0.000000 0.000000
vn 0.000000 0.000000 -1.000000
vn 0.000000 0.000000 -1.000000
vn 0.000000 0.000000 1.000000
vn 0.000000 0.000000 1.000000
vn 0.000000 1.000000 0.000000
vn 0.000000 1.000000 -0.000000
vn 1.000000 0.000000 -0.000000
vn 1.000000 0.000000 0.000000
vn 0.000000 -1.000000 0.000000
vn 0.000000 -1.000000 0.000000
vn -1.000000 0.000000 0.000000
vn -1.000000 0.000000 0.000000
vn 0.000000 0.000000 -1.000000
vn 0.000000 0.000000 -1.000000
vn 0.000000 0.000000 1.000000
vn 0.000000 0.000000 1.000000
vn 0.000000 1.000000 0.000000
vn 0.000000 1.000000 -0.000000
vn 1.000000 0.000000 -0.000000
vn 1.000000 0.000000 0.000000
vn 0.000000 -1.000000 0.000000
vn 0.000000 -1.000000 0.000000
vn -1.000000 0.000000 0.000000
vn -1.000000 0.000000 0.000000
vn 0.000000 0.000000 -1.000000
vn 0.000000 0.000000 -1.000000
vn 0.000000 0.000000 1.000000
vn 0.000000 0.000000 1.000000
vn 0.000000 1.000000 0.000000
vn 0.000000 1.000000 -0.000000
vn 1.000000 0.000000 0.000000
vn 1.000000 0.000000 0.000000
vn 0.000000 -1.000000 0.000000
vn 0.000000 -1.000000 0.000000
vn -1.000000 0.000000 0.000000
vn -1.000000 0.000000 0.000000
vn 0.000000 0.000000 -1.000000
vn 0.000000 0.000000 -1.000000
vn 0.000000 0.000000 1.000000
vn 0.000000 0.000000 1.000000
vn 0.000000 1.000000 0.000000
vn 0.000000 1.000000 -0.000000
vn -1.000000 0.000000 0.000000
vn -1.000000 0.000000 0.000000
vn 0.000000 1.000000 0.000000
vn 0.000000 1.000000 -0.000000
vn 1.000000 0.000000 0.000000
vn 1.000000 0.000000 0.000000
vn 0.000000 -1.000000 0.000000
vn 0.000000 -1.000000 0.000000
vn -1.000000 0.000000 0.000000
vn -1.000000 0.000000 0.000000
vn 0.000000 0.000000 -1.000000
vn 0.000000 -0.000000 -1.000000
vn 0.000000 0.000000 -1.000000
vn 0.000000 0.000000 -1.000000
vn 0.000000 0.000000 1.000000
vn 0.000000 0.000000 1.000000
vn 0.000000 0.000000 1.000000
vn 0.000000 0.000000 1.000000
vn 0.000000 1.000000 0.000000
vn 0.000000 1.000000 -0.000000
vn 1.000000 0.000000 0.000000
vn 1.000000 0.000000 0.000000
vn 0.000000 1.000000 0.000000
vn 0.000000 1.000000 -0.000000
vn 1.000000 0.000000 0.000000
vn 1.000000 0.000000 0.000000
vn 0.000000 -1.000000 0.000000
vn 0.000000 -1.000000 0.000000
vn 1.000000 -0.000000 0.000000
vn 1.000000 0.000000 0.000000
vn 0.000000 1.000000 0.000000
vn 0.000000 1.000000 -0.000000
vn 1.000000 0.000000 0.000000
vn 1.000000 0.000000 0.000000
vn 0.000000 -1.000000 0.000000
vn 0.000000 -1.000000 0.000000
vn -1.000000 0.000000 0.000000
vn -1.000000 0.000000 0.000000
vn 0.000000 -1.000000 0.000000
vn 0.000000 -1.000000 0.000000
vn -1.000000 -0.000000 0.000000
vn -1.000000 0.000000 0.000000
vn 0.000000 1.000000 0.000000
vn 0.000000 1.000000 -0.000000
vn -1.000000 -0.000000 0.000000
vn -1.000000 0.000000 0.000000
vn 0.000000 0.000000 -1.000000
vn 0.000000 0.000000 -1.000000
vn 0.000000 0.000000 -1.000000
vn 0.000000 -0.000000 -1.000000
vn 0.000000 0.000000 -1.000000
vn 0.000000 0.000000 -1.000000
vn 0.000000 0.000000 -1.000000
vn 0.000000 0.000000 -1.000000
vn 0.000000 0.000000 -1.000000
vn 0.000000 0.000000 -1.000000
vn 0.000000 0.000000 -1.000000
vn 0.000000 0.000000 -1.000000
vn 0.000000 0.000000 1.000000
vn 0.000000 0.000000 1.000000
vn 0.000000 0.000000 1.000000
vn 0.000000 -0.000000 1.000000
vn 0.000000 0.000000 1.000000
vn 0.000000 0.000000 1.000000
vn 0.000000 0.000000 1.000000
vn 0.000000 0.000000 1.000000
vn 0.000000 0.000000 1.000000
vn 0.000000 0.000000 1.000000
vn 0.000000 0.000000 1.000000
vn 0.000000 0.000000 1.000000
vn 0.000000 1.000000 0.000000
vn 0.000000 1.000000 -0.000000
vn 1.000000 0.000000 0.000000
vn 1.000000 0.000000 0.000000
vn 0.000000 -1.000000 0.000000
vn 0.000000 -1.000000 0.000000
vn -1.000000 0.000000 0.000000
vn -1.000000 0.000000 0.000000
vn 0.000000 0.000000 -1.000000
vn 0.000000 0.000000 -1.000000
vn 0.000000 0.000000 1.000000
vn 0.000000 0.000000 1.000000
vn 0.000000 1.000000 0.000000
vn 0.000000 1.000000 -0.000000
vn 1.000000 0.000000 0.000000
vn 1.000000 0.000000 0.000000
vn 0.000000 -1.000000 0.000000
vn 0.000000 -1.000000 0.000000
vn -1.000000 0.000000 0.000000
vn -1.000000 0.000000 0.000000
vn 0.000000 0.000000 -1.000000
vn 0.000000 0.000000 -1.000000
vn 0.000000 0.000000 1.000000
vn 0.000000 0.000000 1.000000
vn 0.000000 1.000000 0.000000
vn 0.000000 1.000000 -0.000000
vn 1.000000 -0.000000 0.000000
vn 1.000000 0.000000 0.000000
vn 0.000000 -1.000000 0.000000
vn 0.000000 -1.000000 0.000000
vn -1.000000 -0.000000 0.000000
vn -1.000000 0.000000 0.000000
vn 0.000000 -0.000000 -1.000000
vn 0.000000 0.000000 -1.000000
vn 0.000000 -0.000000 1.000000
vn 0.000000 0.000000 1.000000
vn 0.000000 1.000000 0.000000
vn 0.000000 1.000000 -0.000000
vn 1.000000 0.000000 0.000000
vn 1.000000 0.000000 0.000000
vn 0.000000 -1.000000 0.000000
vn 0.000000 -1.000000 0.000000
vn -1.000000 -0.000000 0.000000
vn -1.000000 0.000000 0.000000
vn 0.000000 0.000000 -1.000000
vn 0.000000 0.000000 -1.000000
vn 0.000000 0.000000 1.000000
vn 0.000000 0.000000 1.000000
vn 0.000000 1.000000 0.000000
vn 0.000000 1.000000 -0.000000
vn 1.000000 -0.000000 0.000000
vn 1.000000 0.000000 0.000000
vn 0.000000 -1.000000 0.000000
vn 0.000000 -1.000000 0.000000
vn -1.000000 -0.000000 0.000000
vn -1.000000 0.000000 0.000000
vn 0.000000 0.000000 -1.000000
vn 0.000000 0.000000 -1.000000
vn 0.000000 0.000000 1.000000
vn 0.000000 0.000000 1.000000
vn 0.000000 1.000000 0.000000
vn 0.000000 1.000000 -0.000000
vn 1.000000 0.000000 0.000000
vn 1.000000 0.000000 0.000000
vn 0.000000 -1.000000 0.000000
vn 0.000000 -1.000000 0.000000
vn -1.000000 -0.000000 0.000000
vn -1.000000 0.000000 0.000000
vn 0.000000 0.000000 -1.000000
vn 0.000000 0.000000 -1.000000
vn 0.000000 0.000000 1.000000
vn 0.000000 0.000000 1.000000
vn 0.000000 1.000000 0.000000
vn 0.000000 1.000000 -0.000000
vn 1.000000 0.000000 0.000000
vn 1.000000 0.000000 0.000000
vn 0.000000 -1.000000 0.000000
vn 0.000000 -1.000000 0.000000
vn -1.000000 0.000000 0.000000
vn -1.000000 0.000000 0.000000
vn 0.000000 0.000000 -1.000000
vn 0.000000 0.000000 -1.000000
vn 0.000000 0.000000 1.000000
vn 0.000000 0.000000 1.000000
vn 0.000000 1.000000 0.000000
vn 0.000000 1.000000 -0.000000
vn 1.000000 -0.000000 0.000000
vn 1.000000 0.000000 0.000000
vn 0.000000 -1.000000 0.000000
vn 0.000000 -1.000000 0.000000
vn -1.000000 -0.000000 0.000000
vn -1.000000 0.000000 0.000000
vn 0.000000 0.000000 -1.000000
vn 0.000000 0.000000 -1.000000
vn 0.000000 0.000000 1.000000
vn 0.000000 0.000000 1.000000
vn -1.000000 0.000000 0.000000
vn -1.000000 0.000000 0.000000
vn 1.000000 0.000000 0.000000
vn 1.000000 -0.000000 0.000000
vn 0.000000 -1.000000 0.000000
vn 0.000000 -1.000000 0.000000
vn 0.000000 1.000000 0.000000
vn 0.000000 1.000000 0.000000
vn 0.000000 0.000000 -1.000000
vn 0.000000 0.000000 -1.000000
vn 0.000000 0.000000 1.000000
vn 0.000000 0.000000 1.000000
vn -1.000000 0.000000 0.000000
vn -1.000000 0.000000 0.000000
vn 1.000000 0.000000 0.000000
vn 1.000000 -0.000000 0.000000
vn 0.000000 -1.000000 0.000000
vn 0.000000 -1.000000 0.000000
vn 0.000000 1.000000 0.000000
vn 0.000000 1.000000 0.000000
vn 0.000000 0.000000 -1.000000
vn 0.000000 0.000000 -1.000000
vn 0.000000 0.000000 1.000000
vn 0.000000 0.000000 1.000000
vn -1.000000 0.000000 0.000000
vn -1.000000 0.000000 0.000000
vn 1.000000 0.000000 0.000000
vn 1.000000 -0.000000 0.000000
vn 0.000000 -1.000000 0.000000
vn 0.000000 -1.000000 0.000000
vn 0.000000 1.000000 0.000000
vn 0.000000 1.000000 0.000000
vn 0.000000 0.000000 -1.000000
vn 0.000000 0.000000 -1.000000
vn 0.000000 0.000000 1.000000
vn 0.000000 0.000000 1.000000
vn -1.000000 0.000000 0.000000
vn -1.000000 0.000000 0.000000
vn 1.000000 0.000000 0.000000
vn 1.000000 -0.000000 0.000000
vn 0.000000 -1.000000 0.000000
vn 0.000000 -1.000000 0.000000
vn 0.000000 1.000000 0.000000
vn 0.000000 1.000000 0.000000
vn 0.000000 0.000000 -1.000000
vn 0.000000 0.000000 -1.000000
vn 0.000000 0.000000 1.000000
vn 0.000000 0.000000 1.000000
vn -1.000000 0.000000 0.000000
vn -1.000000 0.000000 0.000000
vn 1.000000 0.000000 0.000000
vn 1.000000 -0.000000 0.000000
vn 0.000000 -1.000000 0.000000
vn 0.000000 -1.000000 0.000000
vn 0.000000 1.000000 0.000000
vn 0.000000 1.000000 0.000000
vn 0.000000 0.000000 -1.000000
vn 0.000000 0.000000 -1.000000
vn 0.000000 0.000000 1.000000
vn 0.000000 0.000000 1.000000
vn -1.000000 0.000000 0.000000
vn -1.000000 0.000000 0.000000
vn 1.000000 0.000000 0.000000
vn 1.000000 -0.000000 0.000000
vn 0.000000 -1.000000 0.000000
vn 0.000000 -1.000000 0.000000
vn 0.000000 1.000000 0.000000
vn 0.000000 1.000000 0.000000
vn 0.000000 0.000000 -1.000000
vn 0.000000 0.000000 -1.000000
vn 0.000000 0.000000 1.000000
vn 0.000000 0.000000 1.000000
vn -1.000000 0.000000 0.000000
vn -1.000000 0.000000 0.000000
vn 1.000000 0.000000 0.000000
vn 1.000000 -0.000000 0.000000
vn 0.000000 -1.000000 0.000000
vn 0.000000 -1.000000 0.000000
vn 0.000000 1.000000 0.000000
vn 0.000000 1.000000 0.000000
vn 0.000000 0.000000 -1.000000
vn 0.000000 0.000000 -1.000000
vn 0.000000 0.000000 1.000000
vn 0.000000 0.000000 1.000000
vn -1.000000 0.000000 0.000000
vn -1.000000 0.000000 0.000000
vn 1.000000 0.000000 0.000000
vn 1.000000 -0.000000 0.000000
vn 0.000000 -1.000000 0.000000
vn 0.000000 -1.000000 0.000000
vn 0.000000 1.000000 0.000000
vn 0.000000 1.000000 0.000000
vn 0.000000 0.000000 -1.000000
vn 0.000000 0.000000 -1.000000
vn 0.000000 0.000000 1.000000
vn 0.000000 0.000000 1.000000
vn -1.000000 0.000000 0.000000
vn -1.000000 0.000000 0.000000
vn 1.000000 0.000000 0.000000
vn 1.000000 -0.000000 0.000000
vn 0.000000 -1.000000 0.000000
vn 0.000000 -1.000000 0.000000
vn 0.000000 1.000000 0.000000
vn 0.000000 1.000000 0.000000
vn 0.000000 0.000000 -1.000000
vn 0.000000 0.000000 -1.000000
vn 0.000000 0.000000 1.000000
vn 0.000000 0.000000 1.000000
vn -1.000000 0.000000 0.000000
vn -1.000000 0.000000 0.000000
vn 1.000000 0.000000 0.000000
vn 1.000000 -0.000000 0.000000
vn 0.000000 -1.000000 0.000000
vn 0.000000 -1.000000 0.000000
vn 0.000000 1.000000 0.000000
vn 0.000000 1.000000 0.000000
vn 0.000000 0.000000 -1.000000
vn 0.000000 0.000000 -1.000000
vn 0.000000 0.000000 1.000000
vn 0.000000 0.000000 1.000000
vn -1.000000 0.000000 0.000000
vn -1.000000 0.000000 0.000000
vn 1.000000 0.000000 0.000000
vn 1.000000 -0.000000 0.000000
vn 0.000000 -1.000000 0.000000
vn 0.000000 -1.000000 0.000000
vn 0.000000 1.000000 0.000000
vn 0.000000 1.000000 0.000000
vn 0.000000 0.000000 -1.000000
vn 0.000000 0.000000 -1.000000
vn 0.000000 0.000000 1.000000
vn 0.000000 0.000000 1.000000
vn -1.000000 0.000000 0.000000
vn -1.000000 0.000000 0.000000
vn 1.000000 0.000000 0.000000
vn 1.000000 -0.000000 0.000000
vn 0.000000 -1.000000 0.000000
vn 0.000000 -1.000000 0.000000
vn 0.000000 1.000000 0.000000
vn 0.000000 1.000000 0.000000
vn 0.000000 0.000000 -1.000000
vn 0.000000 0.000000 -1.000000
vn 0.000000 0.000000 1.000000
vn 0.000000 0.000000 1.000000
vn -1.000000 0.000000 0.000000
vn -1.000000 0.000000 0.000000
vn 1.000000 0.000000 0.000000
vn 1.000000 -0.000000 0.000000
vn 0.000000 -1.000000 0.000000
vn 0.000000 -1.000000 0.000000
vn 0.000000 1.000000 0.000000
vn 0.000000 1.000000 0.000000
vn 0.000000 0.000000 -1.000000
vn 0.000000 0.000000 -1.000000
vn 0.000000 0.000000 1.000000
vn 0.000000 0.000000 1.000000
vn -1.000000 0.000000 0.000000
vn -1.000000 0.000000 0.000000
vn 1.000000 0.000000 0.000000
vn 1.000000 -0.000000 0.000000
vn 0.000000 -1.000000 0.000000
vn 0.000000 -1.000000 0.000000
vn 0.000000 1.000000 0.000000
vn 0.000000 1.000000 0.000000
vn 0.000000 0.000000 -1.000000
vn 0.000000 0.000000 -1.000000
vn 0.000000 0.000000 1.000000
vn 0.000000 0.000000 1.000000
vn -1.000000 0.000000 0.000000
vn -1.000000 0.000000 0.000000
vn 1.000000 0.000000 0.000000
vn 1.000000 -0.000000 0.000000
vn 0.000000 -1.000000 0.000000
vn 0.000000 -1.000000 0.000000
vn 0.000000 1.000000 0.000000
vn 0.000000 1.000000 0.000000
vn 0.000000 0.000000 -1.000000
vn 0.000000 0.000000 -1.000000
vn 0.000000 0.000000 1.000000
vn 0.000000 0.000000 1.000000
vn -1.000000 0.000000 0.000000
vn -1.000000 0.000000 0.000000
vn 1.000000 0.000000 0.000000
vn 1.000000 -0.000000 0.000000
vn 0.000000 -1.000000 0.000000
vn 0.000000 -1.000000 0.000000
vn 0.000000 1.000000 0.000000
vn 0.000000 1.000000 0.000000
vn 0.000000 0.000000 -1.000000
vn 0.000000 0.000000 -1.000000
vn 0.000000 0.000000 1.000000
vn 0.000000 0.000000 1.000000
vn -1.000000 0.000000 0.000000
vn -1.000000 0.000000 0.000000
vn 1.000000 0.000000 0.000000
vn 1.000000 -0.000000 0.000000
vn 0.000000 -1.000000 0.000000
vn 0.000000 -1.000000 0.000000
vn 0.000000 1.000000 0.000000
vn 0.000000 1.000000 0.000000
vn 0.000000 0.000000 -1.000000
vn 0.000000 0.000000 -1.000000
vn 0.000000 0.000000 1.000000
vn 0.000000 0.000000 1.000000
vn -1.000000 0.000000 0.000000
vn -1.000000 0.000000 0.000000
vn 1.000000 0.000000 0.000000
vn 1.000000 -0.000000 0.000000
vn 0.000000 -1.000000 0.000000
vn 0.000000 -1.000000 0.000000
vn 0.000000 1.000000 0.000000
vn 0.000000 1.000000 0.000000
vn 0.000000 0.000000 -1.000000
vn 0.000000 0.000000 -1.000000
vn 0.000000 0.000000 1.000000
vn 0.000000 0.000000 1.000000
vn -1.000000 0.000000 0.000000
vn -1.000000 0.000000 0.000000
vn 1.000000 0.000000 0.000000
vn 1.000000 -0.000000 0.000000
vn 0.000000 -1.000000 0.000000
vn 0.000000 -1.000000 0.000000
vn 0.000000 1.000000 0.000000
vn 0.000000 1.000000 0.000000
vn 0.000000 0.000000 -1.000000
vn 0.000000 0.000000 -1.000000
vn 0.000000 0.000000 1.000000
vn 0.000000 0.000000 1.000000
vn -1.000000 0.000000 0.000000
vn -1.000000 0.000000 0.000000
vn 1.000000 0.000000 0.000000
vn 1.000000 -0.000000 0.000000
vn 0.000000 -1.000000 0.000000
vn 0.000000 -1.000000 0.000000
vn 0.000000 1.000000 0.000000
vn 0.000000 1.000000 0.000000
vn 0.000000 0.000000 -1.000000
vn 0.000000 0.000000 -1.000000
vn 0.000000 0.000000 1.000000
vn 0.000000 0.000000 1.000000
vn -1.000000 0.000000 0.000000
vn -1.000000 0.000000 0.000000
vn 1.000000 0.000000 0.000000
vn 1.000000 -0.000000 0.000000
vn 0.000000 -1.000000 0.000000
vn 0.000000 -1.000000 0.000000
vn 0.000000 1.000000 0.000000
vn 0.000000 1.000000 0.000000
vn 0.000000 0.000000 -1.000000
vn 0.000000 0.000000 -1.000000
vn 0.000000 0.000000 1.000000
vn 0.000000 0.000000 1.000000
vn -1.000000 0.000000 0.000000
vn -1.000000 0.000000 0.000000
vn 1.000000 0.000000 0.000000
vn 1.000000 -0.000000 0.000000
vn 0.000000 -1.000000 0.000000
vn 0.000000 -1.000000 0.000000
vn 0.000000 1.000000 0.000000
vn 0.000000 1.000000 0.000000
vn 0.000000 0.000000 -1.000000
vn 0.000000 0.000000 -1.000000
vn 0.000000 0.000000 1.000000
vn 0.000000 0.000000 1.000000
vn -1.000000 0.000000 0.000000
vn -1.000000 0.000000 0.000000
vn 1.000000 0.000000 0.000000
vn 1.000000 -0.000000 0.000000
vn 0.000000 -1.000000 0.000000
vn 0.000000 -1.000000 0.000000
vn 0.000000 1.000000 0.000000
vn 0.000000 1.000000 0.000000
vn 0.000000 0.000000 -1.000000
vn 0.000000 0.000000 -1.000000
vn 0.000000 0.000000 1.000000
vn 0.000000 0.000000 1.000000
vn -1.000000 0.000000 0.000000
vn -1.000000 0.000000 0.000000
vn 1.000000 0.000000 0.000000
vn 1.000000 -0.000000 0.000000
vn 0.000000 -1.000000 0.000000
vn 0.000000 -1.000000 0.000000
vn 0.000000 1.000000 0.000000
vn 0.000000 1.000000 0.000000
vn 0.000000 0.000000 -1.000000
vn 0.000000 0.000000 -1.000000
vn 0.000000 0.000000 1.000000
vn 0.000000 0.000000 1.000000
vn -1.000000 0.000000 0.000000
vn -1.000000 0.000000 0.000000
vn 1.000000 0.000000 0.000000
vn 1.000000 -0.000000 0.000000
vn 0.000000 -1.000000 0.000000
vn 0.000000 -1.000000 0.000000
vn 0.000000 1.000000 0.000000
vn 0.000000 1.000000 0.000000
vn 0.000000 0.000000 -1.000000
vn 0.000000 0.000000 -1.000000
vn 0.000000 0.000000 1.000000
vn 0.000000 0.000000 1.000000
vn -1.000000 0.000000 0.000000
vn -1.000000 0.000000 0.000000
vn 1.000000 0.000000 0.000000
vn 1.000000 -0.000000 0.000000
vn 0.000000 -1.000000 0.000000
vn 0.000000 -1.000000 0.000000
vn 0.000000 1.000000 0.000000
vn 0.000000 1.000000 0.000000
vn 0.000000 0.000000 -1.000000
vn 0.000000 0.000000 -1.000000
vn 0.000000 0.000000 1.000000
vn 0.000000 0.000000 1.000000
vn -1.000000 0.000000 0.000000
vn -1.000000 0.000000 0.000000
vn 1.000000 0.000000 0.000000
vn 1.000000 -0.000000 0.000000
vn 0.000000 -1.000000 0.000000
vn 0.000000 -1.000000 0.000000
vn 0.000000 1.000000 0.000000
vn 0.000000 1.000000 0.000000
vn 0.000000 0.000000 -1.000000
vn 0.000000 0.000000 -1.000000
vn 0.000000 0.000000 1.000000
vn 0.000000 0.000000 1.000000
vn -1.000000 0.000000 0.000000
vn -1.000000 0.000000 0.000000
vn 1.000000 0.000000 0.000000
vn 1.000000 -0.000000 0.000000
vn 0.000000 -1.000000 0.000000
vn 0.000000 -1.000000 0.000000
vn 0.000000 1.000000 0.000000
vn 0.000000 1.000000 0.000000
vn 0.000000 0.000000 -1.000000
vn 0.000000 0.000000 -1.000000
vn 0.000000 0.000000 1.000000
vn 0.000000 0.000000 1.000000
vn -1.000000 0.000000 0.000000
vn -1.000000 0.000000 0.000000
vn 1.000000 0.000000 0.000000
vn 1.000000 -0.000000 0.000000
vn 0.000000 -1.000000 0.000000
vn 0.000000 -1.000000 0.000000
vn 0.000000 1.000000 0.000000
vn 0.000000 1.000000 0.000000
vn 0.000000 0.000000 -1.000000
vn 0.000000 0.000000 -1.000000
vn 0.000000 0.000000 1.000000
vn 0.000000 0.000000 1.000000
vn -1.000000 0.000000 0.000000
vn -1.000000 0.000000 0.000000
vn 1.000000 0.000000 0.000000
vn 1.000000 -0.000000 0.000000
vn 0.000000 -1.000000 0.000000
vn 0.000000 -1.000000 0.000000
vn 0.000000 1.000000 0.000000
vn 0.000000 1.000000 0.000000
vn 0.000000 0.000000 -1.000000
vn 0.000000 0.000000 -1.000000
vn 0.000000 0.000000 1.000000
vn 0.000000 0.000000 1.000000
vn -1.000000 0.000000 0.000000
vn -1.000000 0.000000 0.000000
vn 1.000000 0.000000 0.000000
vn 1.000000 -0.000000 0.000000
vn 0.000000 -1.000000 0.000000
vn 0.000000 -1.000000 0.000000
vn 0.000000 1.000000 0.000000
vn 0.000000 1.000000 0.000000
vn 0.000000 0.000000 -1.000000
vn 0.000000 0.000000 -1.000000
vn 0.000000 0.000000 1.000000
vn 0.000000 0.000000 1.000000
vn -1.000000 0.000000 0.000000
vn -1.000000 0.000000 0.000000
vn 1.000000 0.000000 0.000000
vn 1.000000 -0.000000 0.000000
vn 0.000000 -1.000000 0.000000
vn 0.000000 -1.000000 0.000000
vn 0.000000 1.000000 0.000000
vn 0.000000 1.000000 0.000000
vn 0.000000 0.000000 -1.000000
vn 0.000000 0.000000 -1.000000
vn 0.000000 0.000000 1.000000
vn 0.000000 0.000000 1.000000
vn -1.000000 0.000000 0.000000
vn -1.000000 0.000000 0.000000
vn 1.000000 0.000000 0.000000
vn 1.000000 -0.000000 0.000000
vn 0.000000 -1.000000 0.000000
vn 0.000000 -1.000000 0.000000
vn 0.000000 1.000000 0.000000
vn 0.000000 1.000000 0.000000
vn 0.000000 0.000000 -1.000000
vn 0.000000 0.000000 -1.000000
vn 0.000000 0.000000 1.000000
vn 0.000000 0.000000 1.000000
vn -1.000000 0.000000 0.000000
vn -1.000000 0.000000 0.000000
vn 1.000000 0.000000 0.000000
vn 1.000000 -0.000000 0.000000
vn 0.000000 -1.000000 0.000000
vn 0.000000 -1.000000 0.000000
vn 0.000000 1.000000 0.000000
vn 0.000000 1.000000 0.000000
vn 0.000000 0.000000 -1.000000
vn 0.000000 0.000000 -1.000000
vn 0.000000 0.000000 1.000000
vn 0.000000 0.000000 1.000000
vn -1.000000 0.000000 0.000000
vn -1.000000 0.000000 0.000000
vn 1.000000 0.000000 0.000000
vn 1.000000 -0.000000 0.000000
vn 0.000000 -1.000000 0.000000
vn 0.000000 -1.000000 0.000000
vn 0.000000 1.000000 0.000000
vn 0.000000 1.000000 0.000000
vn 0.000000 0.000000 -1.000000
vn 0.000000 0.000000 -1.000000
vn 0.000000 0.000000 1.000000
vn 0.000000 0.000000 1.000000
vn -1.000000 0.000000 0.000000
vn -1.000000 0.000000 0.000000
vn 1.000000 0.000000 0.000000
vn 1.000000 -0.000000 0.000000
vn 0.000000 -1.000000 0.000000
vn 0.000000 -1.000000 0.000000
vn 0.000000 1.000000 0.000000
vn 0.000000 1.000000 0.000000
vn 0.000000 0.000000 -1.000000
vn 0.000000 0.000000 -1.000000
vn 0.000000 0.000000 1.000000
vn 0.000000 0.000000 1.000000
vn -1.000000 0.000000 0.000000
vn -1.000000 0.000000 0.000000
vn 1.000000 0.000000 0.000000
vn 1.000000 -0.000000 0.000000
vn 0.000000 -1.000000 0.000000
vn 0.000000 -1.000000 0.000000
vn 0.000000 1.000000 0.000000
vn 0.000000 1.000000 0.000000
vn 0.000000 0.000000 -1.000000
vn 0.000000 0.000000 -1.000000
vn 0.000000 0.000000 1.000000
vn 0.000000 0.000000 1.000000
vn -1.000000 0.000000 0.000000
vn -1.000000 0.000000 0.000000
vn 1.000000 0.000000 0.000000
vn 1.000000 -0.000000 0.000000
vn 0.000000 -1.000000 0.000000
vn 0.000000 -1.000000 0.000000
vn 0.000000 1.000000 0.000000
vn 0.000000 1.000000 0.000000
vn 0.000000 0.000000 -1.000000
vn 0.000000 0.000000 -1.000000
vn 0.000000 0.000000 1.000000
vn 0.000000 0.000000 1.000000
vn -1.000000 0.000000 0.000000
vn -1.000000 0.000000 0.000000
vn 1.000000 0.000000 0.000000
vn 1.000000 -0.000000 0.000000
vn 0.000000 -1.000000 0.000000
vn 0.000000 -1.000000 0.000000
vn 0.000000 1.000000 0.000000
vn 0.000000 1.000000 0.000000
vn 0.000000 0.000000 -1.000000
vn 0.000000 0.000000 -1.000000
vn 0.000000 0.000000 1.000000
vn 0.000000 0.000000 1.000000
vn -1.000000 0.000000 0.000000
vn -1.000000 0.000000 0.000000
vn 1.000000 0.000000 0.000000
vn 1.000000 -0.000000 0.000000
vn 0.000000 -1.000000 0.000000
vn 0.000000 -1.000000 0.000000
vn 0.000000 1.000000 0.000000
vn 0.000000 1.000000 0.000000
vn 0.000000 0.000000 -1.000000
vn 0.000000 0.000000 -1.000000
vn 0.000000 0.000000 1.000000
vn 0.000000 0.000000 1.000000
vn -1.000000 0.000000 0.000000
vn -1.000000 0.000000 0.000000
vn 1.000000 0.000000 0.000000
vn 1.000000 -0.000000 0.000000
vn 0.000000 -1.000000 0.000000
vn 0.000000 -1.000000 0.000000
vn 0.000000 1.000000 0.000000
vn 0.000000 1.000000 0.000000
vn 0.000000 0.000000 -1.000000
vn 0.000000 0.000000 -1.000000
vn 0.000000 0.000000 1.000000
vn 0.000000 0.000000 1.000000
vn -1.000000 0.000000 0.000000
vn -1.000000 0.000000 0.000000
vn 1.000000 0.000000 0.000000
vn 1.000000 -0.000000 0.000000
vn 0.000000 -1.000000 0.000000
vn 0.000000 -1.000000 0.000000
vn 0.000000 1.000000 0.000000
vn 0.000000 1.000000 0.000000
vn 0.000000 0.000000 -1.000000
vn 0.000000 0.000000 -1.000000
vn 0.000000 0.000000 1.000000
vn 0.000000 0.000000 1.000000
vn -1.000000 0.000000 0.000000
vn -1.000000 0.000000 0.000000
vn 1.000000 0.000000 0.000000
vn 1.000000 -0.000000 0.000000
vn 0.000000 -1.000000 0.000000
vn 0.000000 -1.000000 0.000000
vn 0.000000 1.000000 0.000000
vn 0.000000 1.000000 0.000000
vn 0.000000 0.000000 -1.000000
vn 0.000000 0.000000 -1.000000
vn 0.000000 0.000000 1.000000
vn 0.000000 0.000000 1.000000
vn -1.000000 0.000000 0.000000
vn -1.000000 0.000000 0.000000
vn 1.000000 0.000000 0.000000
vn 1.000000 -0.000000 0.000000
vn 0.000000 -1.000000 0.000000
vn 0.000000 -1.000000 0.000000
vn 0.000000 1.000000 0.000000
vn 0.000000 1.000000 0.000000
vn 0.000000 0.000000 -1.000000
vn 0.000000 0.000000 -1.000000
vn 0.000000 0.000000 1.000000
vn 0.000000 0.000000 1.000000
vn -1.000000 0.000000 0.000000
vn -1.000000 0.000000 0.000000
vn 1.000000 0.000000 0.000000
vn 1.000000 -0.000000 0.000000
vn 0.000000 -1.000000 0.000000
vn 0.000000 -1.000000 0.000000
vn 0.000000 1.000000 0.000000
vn 0.000000 1.000000 0.000000
vn 0.000000 0.000000 -1.000000
vn 0.000000 0.000000 -1.000000
vn 0.000000 0.000000 1.000000
vn 0.000000 0.000000 1.000000
vn -1.000000 0.000000 0.000000
vn -1.000000 0.000000 0.000000
vn 1.000000 0.000000 0.000000
vn 1.000000 -0.000000 0.000000
vn 0.000000 -1.000000 0.000000
vn 0.000000 -1.000000 0.000000
vn 0.000000 1.000000 0.000000
vn 0.000000 1.000000 0.000000
vn 0.000000 0.000000 -1.000000
vn 0.000000 0.000000 -1.000000
vn 0.000000 0.000000 1.000000
vn 0.000000 0.000000 1.000000
vn -1.000000 0.000000 0.000000
vn -1.000000 0.000000 0.000000
vn 1.000000 0.000000 0.000000
vn 1.000000 -0.000000 0.000000
vn 0.000000 -1.000000 0.000000
vn 0.000000 -1.000000 0.000000
vn 0.000000 1.000000 0.000000
vn 0.000000 1.000000 0.000000
vn 0.000000 0.000000 -1.000000
vn 0.000000 0.000000 -1.000000
vn 0.000000 0.000000 1.000000
vn 0.000000 0.000000 1.000000
vn -1.000000 0.000000 0.000000
vn -1.000000 0.000000 0.000000
vn 1.000000 0.000000 0.000000
vn 1.000000 -0.000000 0.000000
vn 0.000000 -1.000000 0.000000
vn 0.000000 -1.000000 0.000000
vn 0.000000 1.000000 0.000000
vn 0.000000 1.000000 0.000000
vn 0.000000 0.000000 -1.000000
vn 0.000000 0.000000 -1.000000
vn 0.000000 0.000000 1.000000
vn 0.000000 0.000000 1.000000
vn -1.000000 0.000000 0.000000
vn -1.000000 0.000000 0.000000
vn 1.000000 0.000000 0.000000
vn 1.000000 -0.000000 0.000000
vn 0.000000 -1.000000 0.000000
vn 0.000000 -1.000000 0.000000
vn 0.000000 1.000000 0.000000
vn 0.000000 1.000000 0.000000
vn 0.000000 0.000000 -1.000000
vn 0.000000 0.000000 -1.000000
vn 0.000000 0.000000 1.000000
vn 0.000000 0.000000 1.000000
vn -1.000000 0.000000 0.000000
vn -1.000000 0.000000 0.000000
vn 1.000000 0.000000 0.000000
vn 1.000000 -0.000000 0.000000
vn 0.000000 -1.000000 0.000000
vn 0.000000 -1.000000 0.000000
vn 0.000000 1.000000 0.000000
vn 0.000000 1.000000 0.000000
vn 0.000000 0.000000 -1.000000
vn 0.000000 0.000000 -1.000000
vn 0.000000 0.000000 1.000000
vn 0.000000 0.000000 1.000000
vn -1.000000 0.000000 0.000000
vn -1.000000 0.000000 0.000000
vn 1.000000 0.000000 0.000000
vn 1.000000 -0.000000 0.000000
vn 0.000000 -1.000000 0.000000
vn 0.000000 -1.000000 0.000000
vn 0.000000 1.000000 0.000000
vn 0.000000 1.000000 0.000000
vn 0.000000 0.000000 -1.000000
vn 0.000000 0.000000 -1.000000
vn 0.000000 0.000000 1.000000
vn 0.000000 0.000000 1.000000
vn -1.000000 0.000000 0.000000
vn -1.000000 0.000000 0.000000
vn 1.000000 0.000000 0.000000
vn 1.000000 -0.000000 0.000000
vn 0.000000 -1.000000 0.000000
vn 0.000000 -1.000000 0.000000
vn 0.000000 1.000000 0.000000
vn 0.000000 1.000000 0.000000
vn 0.000000 0.000000 -1.000000
vn 0.000000 0.000000 -1.000000
vn 0.000000 0.000000 1.000000
vn 0.000000 0.000000 1.000000
vn -1.000000 0.000000 0.000000
vn -1.000000 0.000000 0.000000
vn 1.000000 0.000000 0.000000
vn 1.000000 -0.000000 0.000000
vn 0.000000 -1.000000 0.000000
vn 0.000000 -1.000000 0.000000
vn 0.000000 1.000000 0.000000
vn 0.000000 1.000000 0.000000
vn 0.000000 0.000000 -1.000000
vn 0.000000 0.000000 -1.000000
vn 0.000000 0.000000 1.000000
vn 0.000000 0.000000 1.000000
vn -1.000000 0.000000 0.000000
vn -1.000000 0.000000 0.000000
vn 1.000000 0.000000 0.000000
vn 1.000000 -0.000000 0.000000
vn 0.000000 -1.000000 0.000000
vn 0.000000 -1.000000 0.000000
vn 0.000000 1.000000 0.000000
vn 0.000000 1.000000 0.000000
vn 0.000000 0.000000 -1.000000
vn 0.000000 0.000000 -1.000000
vn 0.000000 0.000000 1.000000
vn 0.000000 0.000000 1.000000
vn -1.000000 0.000000 0.000000
vn -1.000000 0.000000 0.000000
vn 1.000000 0.000000 0.000000
vn 1.000000 -0.000000 0.000000
vn 0.000000 -1.000000 0.000000
vn 0.000000 -1.000000 0.000000
vn 0.000000 1.000000 0.000000
vn 0.000000 1.000000 0.000000
vn 0.000000 0.000000 -1.000000
vn 0.000000 0.000000 -1.000000
vn 0.000000 0.000000 1.000000
vn 0.000000 0.000000 1.000000
vn -1.000000 0.000000 0.000000
vn -1.000000 0.000000 0.000000
vn 1.000000 0.000000 0.000000
vn 1.000000 -0.000000 0.000000
vn 0.000000 -1.000000 0.000000
vn 0.000000 -1.000000 0.000000
vn 0.000000 1.000000 0.000000
vn 0.000000 1.000000 0.000000
vn 0.000000 0.000000 -1.000000
vn 0.000000 0.000000 -1.000000
vn 0.000000 0.000000 1.000000
vn 0.000000 0.000000 1.000000
vn -1.000000 0.000000 0.000000
vn -1.000000 0.000000 0.000000
vn 1.000000 0.000000 0.000000
vn 1.000000 -0.000000 0.000000
vn 0.000000 -1.000000 0.000000
vn 0.000000 -1.000000 0.000000
vn 0.000000 1.000000 0.000000
vn 0.000000 1.000000 0.000000
vn 0.000000 0.000000 -1.000000
vn 0.000000 0.000000 -1.000000
vn 0.000000 0.000000 1.000000
vn 0.000000 0.000000 1.000000
vn -1.000000 0.000000 0.000000
vn -1.000000 0.000000 0.000000
vn 1.000000 0.000000 0.000000
vn 1.000000 -0.000000 0.000000
vn 0.000000 -1.000000 0.000000
vn 0.000000 -1.000000 0.000000
vn 0.000000 1.000000 0.000000
vn 0.000000 1.000000 0.000000
vn 0.000000 0.000000 -1.000000
vn 0.000000 0.000000 -1.000000
vn 0.000000 0.000000 1.000000
vn 0.000000 0.000000 1.000000
vn -1.000000 0.000000 0.000000
vn -1.000000 0.000000 0.000000
vn 1.000000 0.000000 0.000000
vn 1.000000 -0.000000 0.000000
vn 0.000000 -1.000000 0.000000
vn 0.000000 -1.000000 0.000000
vn 0.000000 1.000000 0.000000
vn 0.000000 1.000000 0.000000
vn 0.000000 0.000000 -1.000000
vn 0.000000 0.000000 -1.000000
vn 0.000000 0.000000 1.000000
vn 0.000000 0.000000 1.000000
vn -1.000000 0.000000 0.000000
vn -1.000000 0.000000 0.000000
vn 1.000000 0.000000 0.000000
vn 1.000000 -0.000000 0.000000
vn 0.000000 -1.000000 0.000000
vn 0.000000 -1.000000 0.000000
vn 0.000000 1.000000 0.000000
vn 0.000000 1.000000 0.000000
vn 0.000000 0.000000 -1.000000
vn 0.000000 0.000000 -1.000000
vn 0.000000 0.000000 1.000000
vn 0.000000 0.000000 1.000000
vn -1.000000 0.000000 0.000000
vn -1.000000 0.000000 0.000000
vn 1.000000 0.000000 0.000000
vn 1.000000 -0.000000 0.000000
vn 0.000000 -1.000000 0.000000
vn 0.000000 -1.000000 0.000000
vn 0.000000 1.000000 0.000000
vn 0.000000 1.000000 0.000000
vn 0.000000 0.000000 -1.000000
vn 0.000000 0.000000 -1.000000
vn 0.000000 0.000000 1.000000
vn 0.000000 0.000000 1.000000
vn -1.000000 0.000000 0.000000
vn -1.000000 0.000000 0.000000
vn 1.000000 0.000000 0.000000
vn 1.000000 -0.000000 0.000000
vn 0.000000 -1.000000 0.000000
vn 0.000000 -1.000000 0.000000
vn 0.000000 1.000000 0.000000
vn 0.000000 1.000000 0.000000
vn 0.000000 0.000000 -1.000000
vn 0.000000 0.000000 -1.000000
vn 0.000000 0.000000 1.000000
vn 0.000000 0.000000 1.000000
vn -1.000000 0.000000 0.000000
vn -1.000000 0.000000 0.000000
vn 1.000000 0.000000 0.000000
vn 1.000000 -0.000000 0.000000
vn 0.000000 -1.000000 0.000000
vn 0.000000 -1.000000 0.000000
vn 0.000000 1.000000 0.000000
vn 0.000000 1.000000 0.000000
vn 0.000000 0.000000 -1.000000
vn 0.000000 0.000000 -1.000000
vn 0.000000 0.000000 1.000000
vn 0.000000 0.000000 1.000000
vn -1.000000 0.000000 0.000000
vn -1.000000 0.000000 0.000000
vn 1.000000 0.000000 0.000000
vn 1.000000 -0.000000 0.000000
vn 0.000000 -1.000000 0.000000
vn 0.000000 -1.000000 0.000000
vn 0.000000 1.000000 0.000000
vn 0.000000 1.000000 0.000000
vn 0.000000 0.000000 -1.000000
vn 0.000000 0.000000 -1.000000
vn 0.000000 0.000000 1.000000
vn 0.000000 0.000000 1.000000
vn -1.000000 0.000000 0.000000
vn -1.000000 0.000000 0.000000
vn 1.000000 0.000000 0.000000
vn 1.000000 -0.000000 0.000000
vn 0.000000 -1.000000 0.000000
vn 0.000000 -1.000000 0.000000
vn 0.000000 1.000000 0.000000
vn 0.000000 1.000000 0.000000
vn 0.000000 0.000000 -1.000000
vn 0.000000 0.000000 -1.000000
vn 0.000000 0.000000 1.000000
vn 0.000000 0.000000 1.000000
vn -1.000000 0.000000 0.000000
vn -1.000000 0.000000 0.000000
vn 1.000000 0.000000 0.000000
vn 1.000000 -0.000000 0.000000
vn 0.000000 -1.000000 0.000000
vn 0.000000 -1.000000 0.000000
vn 0.000000 1.000000 0.000000
vn 0.000000 1.000000 0.000000
vn 0.000000 0.000000 -1.000000
vn 0.000000 0.000000 -1.000000
vn 0.000000 0.000000 1.000000
vn 0.000000 0.000000 1.000000
vn -1.000000 0.000000 0.000000
vn -1.000000 0.000000 0.000000
vn 1.000000 0.000000 0.000000
vn 1.000000 -0.000000 0.000000
vn 0.000000 -1.000000 0.000000
vn 0.000000 -1.000000 0.000000
vn 0.000000 1.000000 0.000000
vn 0.000000 1.000000 0.000000
vn 0.000000 0.000000 -1.000000
vn 0.000000 0.000000 -1.000000
vn 0.000000 0.000000 1.000000
vn 0.000000 0.000000 1.000000
vn -1.000000 0.000000 0.000000
vn -1.000000 0.000000 0.000000
vn 1.000000 0.000000 0.000000
vn 1.000000 -0.000000 0.000000
vn 0.000000 -1.000000 0.000000
vn 0.000000 -1.000000 0.000000
vn 0.000000 1.000000 0.000000
vn 0.000000 1.000000 0.000000
vn 0.000000 0.000000 -1.000000
vn 0.000000 0.000000 -1.000000
vn 0.000000 0.000000 1.000000
vn 0.000000 0.000000 1.000000
vn -1.000000 0.000000 0.000000
vn -1.000000 0.000000 0.000000
vn 1.000000 0.000000 0.000000
vn 1.000000 -0.000000 0.000000
vn 0.000000 -1.000000 0.000000
vn 0.000000 -1.000000 0.000000
vn 0.000000 1.000000 0.000000
vn 0.000000 1.000000 0.000000
vn 0.000000 0.000000 -1.000000
vn 0.000000 0.000000 -1.000000
vn 0.000000 0.000000 1.000000
vn 0.000000 0.000000 1.000000
vn -1.000000 0.000000 0.000000
vn -1.000000 0.000000 0.000000
vn 1.000000 0.000000 0.000000
vn 1.000000 -0.000000 0.000000
vn 0.000000 -1.000000 0.000000
vn 0.000000 -1.000000 0.000000
vn 0.000000 1.000000 0.000000
vn 0.000000 1.000000 0.000000
vn 0.000000 0.000000 -1.000000
vn 0.000000 0.000000 -1.000000
vn 0.000000 0.000000 1.000000
vn 0.000000 0.000000 1.000000
vn -1.000000 0.000000 0.000000
vn -1.000000 0.000000 0.000000
vn 1.000000 0.000000 0.000000
vn 1.000000 -0.000000 0.000000
vn 0.000000 -1.000000 0.000000
vn 0.000000 -1.000000 0.000000
vn 0.000000 1.000000 0.000000
vn 0.000000 1.000000 0.000000
vn 0.000000 0.000000 -1.000000
vn 0.000000 0.000000 -1.000000
vn 0.000000 0.000000 1.000000
vn 0.000000 0.000000 1.000000
vn -1.000000 0.000000 0.000000
vn -1.000000 0.000000 0.000000
vn 1.000000 0.000000 0.000000
vn 1.000000 -0.000000 0.000000
vn 0.000000 -1.000000 0.000000
vn 0.000000 -1.000000 0.000000
vn 0.000000 1.000000 0.000000
vn 0.000000 1.000000 0.000000
vn 0.000000 0.000000 -1.000000
vn 0.000000 0.000000 -1.000000
vn 0.000000 0.000000 1.000000
vn 0.000000 0.000000 1.000000
vn -1.000000 0.000000 0.000000
vn -1.000000 0.000000 0.000000
vn 1.000000 0.000000 0.000000
vn 1.000000 -0.000000 0.000000
vn 0.000000 -1.000000 0.000000
vn 0.000000 -1.000000 0.000000
vn 0.000000 1.000000 0.000000
vn 0.000000 1.000000 0.000000
vn 0.000000 0.000000 -1.000000
vn 0.000000 0.000000 -1.000000
vn 0.000000 0.000000 1.000000
vn 0.000000 0.000000 1.000000
vn -1.000000 0.000000 0.000000
vn -1.000000 0.000000 0.000000
vn 1.000000 0.000000 0.000000
vn 1.000000 -0.000000 0.000000
vn 0.000000 -1.000000 0.000000
vn 0.000000 -1.000000 0.000000
vn 0.000000 1.000000 0.000000
vn 0.000000 1.000000 0.000000
vn 0.000000 0.000000 -1.000000
vn 0.000000 0.000000 -1.000000
vn 0.000000 0.000000 1.000000
vn 0.000000 0.000000 1.000000
vn -1.000000 0.000000 0.000000
vn -1.000000 0.000000 0.000000
vn 1.000000 0.000000 0.000000
vn 1.000000 -0.000000 0.000000
vn 0.000000 -1.000000 0.000000
vn 0.000000 -1.000000 0.000000
vn 0.000000 1.000000 0.000000
vn 0.000000 1.000000 0.000000
vn 0.000000 0.000000 -1.000000
vn 0.000000 0.000000 -1.000000
vn 0.000000 0.000000 1.000000
vn 0.000000 0.000000 1.000000
vn -1.000000 0.000000 0.000000
vn -1.000000 0.000000 0.000000
vn 1.000000 0.000000 0.000000
vn 1.000000 -0.000000 0.000000
vn 0.000000 -1.000000 0.000000
vn 0.000000 -1.000000 0.000000
vn 0.000000 1.000000 0.000000
vn 0.000000 1.000000 0.000000
vn 0.000000 0.000000 -1.000000
vn 0.000000 0.000000 -1.000000
vn 0.000000 0.000000 1.000000
vn 0.000000 0.000000 1.000000
vn -1.000000 0.000000 0.000000
vn -1.000000 0.000000 0.000000
vn 1.000000 0.000000 0.000000
vn 1.000000 -0.000000 0.000000
vn 0.000000 -1.000000 0.000000
vn 0.000000 -1.000000 0.000000
vn 0.000000 1.000000 0.000000
vn 0.000000 1.000000 0.000000
vn 0.000000 0.000000 -1.000000
vn 0.000000 0.000000 -1.000000
vn 0.000000 0.000000 1.000000
vn 0.000000 0.000000 1.000000
vn -1.000000 0.000000 0.000000
vn -1.000000 0.000000 0.000000
vn 1.000000 0.000000 0.000000
vn 1.000000 -0.000000 0.000000
vn 0.000000 -1.000000 0.000000
vn 0.000000 -1.000000 0.000000
vn 0.000000 1.000000 0.000000
vn 0.000000 1.000000 0.000000
vn 0.000000 0.000000 -1.000000
vn 0.000000 0.000000 -1.000000
vn 0.000000 0.000000 1.000000
vn 0.000000 0.000000 1.000000
vn -1.000000 0.000000 0.000000
vn -1.000000 0.000000 0.000000
vn 1.000000 0.000000 0.000000
vn 1.000000 -0.000000 0.000000
vn 0.000000 -1.000000 0.000000
vn 0.000000 -1.000000 0.000000
vn 0.000000 1.000000 0.000000
vn 0.000000 1.000000 0.000000
vn 0.000000 0.000000 -1.000000
vn 0.000000 0.000000 -1.000000
vn 0.000000 0.000000 1.000000
vn 0.000000 0.000000 1.000000
vn -1.000000 0.000000 0.000000
vn -1.000000 0.000000 0.000000
vn 1.000000 0.000000 0.000000
vn 1.000000 -0.000000 0.000000
vn 0.000000 -1.000000 0.000000
vn 0.000000 -1.000000 0.000000
vn 0.000000 1.000000 0.000000
vn 0.000000 1.000000 0.000000
vn 0.000000 0.000000 -1.000000
vn 0.000000 0.000000 -1.000000
vn 0.000000 0.000000 1.000000
vn 0.000000 0.000000 1.000000
vn -1.000000 0.000000 0.000000
vn -1.000000 0.000000 0.000000
vn 1.000000 0.000000 0.000000
vn 1.000000 -0.000000 0.000000
vn 0.000000 -1.000000 0.000000
vn 0.000000 -1.000000 0.000000
vn 0.000000 1.000000 0.000000
vn 0.000000 1.000000 0.000000
vn 0.000000 0.000000 -1.000000
vn 0.000000 0.000000 -1.000000
vn 0.000000 0.000000 1.000000
vn 0.000000 0.000000 1.000000
vn -1.000000 0.000000 0.000000
vn -1.000000 0.000000 0.000000
vn 1.000000 0.000000 0.000000
vn 1.000000 -0.000000 0.000000
vn 0.000000 -1.000000 0.000000
vn 0.000000 -1.000000 0.000000
vn 0.000000 1.000000 0.000000
vn 0.000000 1.000000 0.000000
vn 0.000000 0.000000 -1.000000
vn 0.000000 0.000000 -1.000000
vn 0.000000 0.000000 1.000000
vn 0.000000 0.000000 1.000000
vn -1.000000 0.000000 0.000000
vn -1.000000 0.000000 0.000000
vn 1.000000 0.000000 0.000000
vn 1.000000 -0.000000 0.000000
vn 0.000000 -1.000000 0.000000
vn 0.000000 -1.000000 0.000000
vn 0.000000 1.000000 0.000000
vn 0.000000 1.000000 0.000000
vn 0.000000 0.000000 -1.000000
vn 0.000000 0.000000 -1.000000
vn 0.000000 0.000000 1.000000
vn 0.000000 0.000000 1.000000
vn -1.000000 0.000000 0.000000
vn -1.000000 0.000000 0.000000
vn 1.000000 0.000000 0.000000
vn 1.000000 -0.000000 0.000000
vn 0.000000 -1.000000 0.000000
vn 0.000000 -1.000000 0.000000
vn 0.000000 1.000000 0.000000
vn 0.000000 1.000000 0.000000
vn 0.000000 0.000000 -1.000000
vn 0.000000 0.000000 -1.000000
vn 0.000000 0.000000 1.000000
vn 0.000000 0.000000 1.000000
vn -1.000000 0.000000 0.000000
vn -1.000000 0.000000 0.000000
vn 1.000000 0.000000 0.000000
vn 1.000000 -0.000000 0.000000
vn 0.000000 -1.000000 0.000000
vn 0.000000 -1.000000 0.000000
vn 0.000000 1.000000 0.000000
vn 0.000000 1.000000 0.000000
vn 0.000000 0.000000 -1.000000
vn 0.000000 0.000000 -1.000000
vn 0.000000 0.000000 1.000000
vn 0.000000 0.000000 1.000000
vn -1.000000 0.000000 0.000000
vn -1.000000 0.000000 0.000000
vn 1.000000 0.000000 0.000000
vn 1.000000 -0.000000 0.000000
vn 0.000000 -1.000000 0.000000
vn 0.000000 -1.000000 0.000000
vn 0.000000 1.000000 0.000000
vn 0.000000 1.000000 0.000000
vn 0.000000 0.000000 -1.000000
vn 0.000000 0.000000 -1.000000
vn 0.000000 0.000000 1.000000
vn 0.000000 0.000000 1.000000
vn -1.000000 0.000000 0.000000
vn -1.000000 0.000000 0.000000
vn 1.000000 0.000000 0.000000
vn 1.000000 -0.000000 0.000000
vn 0.000000 -1.000000 0.000000
vn 0.000000 -1.000000 0.000000
vn 0.000000 1.000000 0.000000
vn 0.000000 1.000000 0.000000
vn 0.000000 0.000000 -1.000000
vn 0.000000 0.000000 -1.000000
vn 0.000000 0.000000 1.000000
vn 0.000000 0.000000 1.000000
vn -1.000000 0.000000 0.000000
vn -1.000000 0.000000 0.000000
vn 1.000000 0.000000 0.000000
vn 1.000000 -0.000000 0.000000
vn 0.000000 -1.000000 0.000000
vn 0.000000 -1.000000 0.000000
vn 0.000000 1.000000 0.000000
vn 0.000000 1.000000 0.000000
vn 0.000000 0.000000 -1.000000
vn 0.000000 0.000000 -1.000000
vn 0.000000 0.000000 1.000000
vn 0.000000 0.000000 1.000000
vn -1.000000 0.000000 0.000000
vn -1.000000 0.000000 0.000000
vn 1.000000 0.000000 0.000000
vn 1.000000 -0.000000 0.000000
vn 0.000000 -1.000000 0.000000
vn 0.000000 -1.000000 0.000000
vn 0.000000 1.000000 0.000000
vn 0.000000 1.000000 0.000000
vn 0.000000 0.000000 -1.000000
vn 0.000000 0.000000 -1.000000
vn 0.000000 0.000000 1.000000
vn 0.000000 0.000000 1.000000
vn -1.000000 0.000000 0.000000
vn -1.000000 0.000000 0.000000
vn 1.000000 0.000000 0.000000
vn 1.000000 -0.000000 0.000000
vn 0.000000 -1.000000 0.000000
vn 0.000000 -1.000000 0.000000
vn 0.000000 1.000000 0.000000
vn 0.000000 1.000000 0.000000
vn 0.000000 0.000000 -1.000000
vn 0.000000 0.000000 -1.000000
vn 0.000000 0.000000 1.000000
vn 0.000000 0.000000 1.000000
vn -1.000000 0.000000 0.000000
vn -1.000000 0.000000 0.000000
vn 1.000000 0.000000 0.000000
vn 1.000000 -0.000000 0.000000
vn 0.000000 -1.000000 0.000000
vn 0.000000 -1.000000 0.000000
vn 0.000000 1.000000 0.000000
vn 0.000000 1.000000 0.000000
vn 0.000000 0.000000 -1.000000
vn 0.000000 0.000000 -1.000000
vn 0.000000 0.000000 1.000000
vn 0.000000 0.000000 1.000000
vn -1.000000 0.000000 0.000000
vn -1.000000 0.000000 0.000000
vn 1.000000 0.000000 0.000000
vn 1.000000 -0.000000 0.000000
vn 0.000000 -1.000000 0.000000
vn 0.000000 -1.000000 0.000000
vn 0.000000 1.000000 0.000000
vn 0.000000 1.000000 0.000000
vn 0.000000 0.000000 -1.000000
vn 0.000000 0.000000 -1.000000
vn 0.000000 0.000000 1.000000
vn 0.000000 0.000000 1.000000
vn -1.000000 0.000000 0.000000
vn -1.000000 0.000000 0.000000
vn 1.000000 0.000000 0.000000
vn 1.000000 -0.000000 0.000000
vn 0.000000 -1.000000 0.000000
vn 0.000000 -1.000000 0.000000
vn 0.000000 1.000000 0.000000
vn 0.000000 1.000000 0.000000
vn 0.000000 0.000000 -1.000000
vn 0.000000 0.000000 -1.000000
vn 0.000000 0.000000 1.000000
vn 0.000000 0.000000 1.000000
vn -1.000000 0.000000 0.000000
vn -1.000000 0.000000 0.000000
vn 1.000000 0.000000 0.000000
vn 1.000000 -0.000000 0.000000
vn 0.000000 -1.000000 0.000000
vn 0.000000 -1.000000 0.000000
vn 0.000000 1.000000 0.000000
vn 0.000000 1.000000 0.000000
vn 0.000000 0.000000 -1.000000
vn 0.000000 0.000000 -1.000000
vn 0.000000 0.000000 1.000000
vn 0.000000 0.000000 1.000000
vn 0.999689 0.024932 0.000000
vn 0.999689 0.024932 0.000000
vn 0.997204 0.074730 0.000000
vn 0.992238 0.124352 0.000000
vn 0.997204 0.074730 0.000000
vn 0.992238 0.124352 0.000000
vn 0.984808 0.173648 0.000000
vn 0.974926 0.222530 0.000000
vn 0.984808 0.173648 0.000000
vn 0.974926 0.222530 0.000000
vn 0.962625 0.270839 0.000000
vn 0.947931 0.318477 0.000000
vn 0.962625 0.270839 0.000000
vn 0.947931 0.318477 0.000000
vn 0.930871 0.365348 0.000000
vn 0.930871 0.365348 0.000000
vn 0.911503 0.411293 0.000000
vn 0.911503 0.411293 0.000000
vn 0.889878 0.456199 0.000000
vn 0.889878 0.456199 -0.000000
vn 0.866020 0.500010 0.000000
vn 0.840030 0.542540 0.000000
vn 0.866020 0.500010 0.000000
vn 0.840030 0.542540 0.000000
vn 0.811953 0.583722 0.000000
vn 0.811953 0.583722 0.000000
vn 0.781825 0.623498 0.000000
vn 0.781825 0.623498 0.000000
vn 0.749787 0.661679 0.000000
vn 0.749787 0.661679 0.000000
vn 0.715853 0.698251 0.000000
vn 0.715853 0.698251 0.000000
vn 0.680185 0.733040 0.000000
vn 0.680185 0.733040 0.000000
vn 0.642779 0.766052 0.000000
vn 0.642779 0.766052 0.000000
vn 0.603818 0.797123 0.000000
vn 0.603818 0.797123 0.000000
vn 0.563329 0.826233 0.000000
vn 0.563329 0.826233 0.000000
vn 0.521408 0.853307 0.000000
vn 0.521408 0.853307 0.000000
vn 0.478247 0.878225 0.000000
vn 0.478247 0.878225 0.000000
vn 0.433894 0.900964 0.000000
vn 0.433894 0.900964 -0.000000
vn 0.388410 0.921487 0.000000
vn 0.388410 0.921487 0.000000
vn 0.342031 0.939689 0.000000
vn 0.342031 0.939689 -0.000000
vn 0.294771 0.955568 0.000000
vn 0.246784 0.969071 0.000000
vn 0.294771 0.955568 0.000000
vn 0.246784 0.969071 0.000000
vn 0.198155 0.980171 0.000000
vn 0.198155 0.980171 0.000000
vn 0.149040 0.988831 0.000000
vn 0.149040 0.988831 -0.000000
vn 0.099522 0.995035 0.000000
vn 0.099522 0.995035 0.000000
vn 0.049841 0.998757 0.000000
vn 0.049841 0.998757 0.000000
vn 0.000000 1.000000 0.000000
vn -0.000000 1.000000 0.000000
vn -0.049842 0.998757 0.000000
vn -0.099521 0.995035 0.000000
vn -0.049842 0.998757 -0.000000
vn -0.099521 0.995035 0.000000
vn -0.149040 0.988831 0.000000
vn -0.149040 0.988831 0.000000
vn -0.198155 0.980171 0.000000
vn -0.198155 0.980171 -0.000000
vn -0.246786 0.969070 0.000000
vn -0.246786 0.969070 0.000000
vn -0.294769 0.955569 0.000000
vn -0.294769 0.955569 0.000000
vn -0.342034 0.939687 -0.000000
vn -0.342034 0.939687 0.000000
vn -0.388410 0.921487 0.000000
vn -0.388410 0.921487 0.000000
vn -0.433890 0.900966 -0.000000
vn -0.433890 0.900966 0.000000
vn -0.478252 0.878223 0.000000
vn -0.478252 0.878223 0.000000
vn -0.521408 0.853307 -0.000000
vn -0.521408 0.853307 0.000000
vn -0.563329 0.826233 0.000000
vn -0.563329 0.826233 0.000000
vn -0.603813 0.797126 0.000000
vn -0.603813 0.797126 0.000000
vn -0.642784 0.766048 0.000000
vn -0.642784 0.766048 0.000000
vn -0.680185 0.733040 -0.000000
vn -0.680185 0.733040 0.000000
vn -0.715853 0.698251 0.000000
vn -0.715853 0.698251 0.000000
vn -0.749787 0.661679 -0.000000
vn -0.749787 0.661679 0.000000
vn -0.781825 0.623498 -0.000000
vn -0.781825 0.623498 0.000000
vn -0.811948 0.583729 0.000000
vn -0.811948 0.583729 0.000000
vn -0.840035 0.542533 0.000000
vn -0.840035 0.542533 0.000000
vn -0.866020 0.500010 -0.000000
vn -0.866020 0.500010 0.000000
vn -0.889874 0.456207 -0.000000
vn -0.889874 0.456207 0.000000
vn -0.911507 0.411285 0.000000
vn -0.911507 0.411285 0.000000
vn -0.930871 0.365348 0.000000
vn -0.930871 0.365348 0.000000
vn -0.947928 0.318486 0.000000
vn -0.947928 0.318486 -0.000000
vn -0.962625 0.270839 0.000000
vn -0.962625 0.270839 0.000000
vn -0.974926 0.222530 0.000000
vn -0.984808 0.173648 0.000000
vn -0.974926 0.222530 -0.000000
vn -0.992239 0.124342 0.000000
vn -0.984808 0.173648 0.000000
vn -0.992239 0.124342 0.000000
vn -0.997204 0.074730 0.000000
vn -0.997204 0.074730 0.000000
vn -0.999689 0.024932 0.000000
vn -0.999689 0.024932 0.000000
vn -0.999689 -0.024930 0.000000
vn -0.999689 -0.024930 -0.000000
vn -0.997204 -0.074730 -0.000000
vn -0.997204 -0.074730 -0.000000
vn -0.992239 -0.124342 -0.000000
vn -0.992239 -0.124342 -0.000000
vn -0.984808 -0.173648 -0.000000
vn -0.984808 -0.173648 -0.000000
vn -0.974926 -0.222530 0.000000
vn -0.974926 -0.222530 -0.000000
vn -0.962625 -0.270839 0.000000
vn -0.962625 -0.270839 -0.000000
vn -0.947928 -0.318486 0.000000
vn -0.947928 -0.318486 -0.000000
vn -0.930871 -0.365348 0.000000
vn -0.930871 -0.365348 -0.000000
vn -0.911507 -0.411285 -0.000000
vn -0.911507 -0.411285 -0.000000
vn -0.889874 -0.456207 0.000000
vn -0.889874 -0.456207 -0.000000
vn -0.866020 -0.500010 -0.000000
vn -0.866020 -0.500010 -0.000000
vn -0.840035 -0.542533 -0.000000
vn -0.840035 -0.542533 0.000000
vn -0.811948 -0.583729 -0.000000
vn -0.811948 -0.583729 -0.000000
vn -0.781825 -0.623498 -0.000000
vn -0.781825 -0.623498 0.000000
vn -0.749787 -0.661679 -0.000000
vn -0.749787 -0.661679 0.000000
vn -0.715853 -0.698251 -0.000000
vn -0.680185 -0.733040 -0.000000
vn -0.715853 -0.698251 0.000000
vn -0.642784 -0.766048 -0.000000
vn -0.680185 -0.733040 -0.000000
vn -0.642784 -0.766048 -0.000000
vn -0.603813 -0.797126 -0.000000
vn -0.603813 -0.797126 -0.000000
vn -0.563329 -0.826233 -0.000000
vn -0.563329 -0.826233 -0.000000
vn -0.521408 -0.853307 -0.000000
vn -0.521408 -0.853307 0.000000
vn -0.478252 -0.878223 -0.000000
vn -0.433890 -0.900966 -0.000000
vn -0.478252 -0.878223 -0.000000
vn -0.433890 -0.900966 -0.000000
vn -0.388410 -0.921487 0.000000
vn -0.388410 -0.921487 -0.000000
vn -0.342034 -0.939687 0.000000
vn -0.342034 -0.939687 -0.000000
vn -0.294769 -0.955569 -0.000000
vn -0.294769 -0.955569 -0.000000
vn -0.246786 -0.969070 -0.000000
vn -0.246786 -0.969070 -0.000000
vn -0.198078 -0.980186 -0.000000
vn -0.198078 -0.980186 0.000000
vn -0.149040 -0.988831 -0.000000
vn -0.149040 -0.988831 -0.000000
vn -0.099601 -0.995028 -0.000000
vn -0.049842 -0.998757 -0.000000
vn -0.099601 -0.995028 -0.000000
vn -0.049842 -0.998757 -0.000000
vn 0.000000 -1.000000 -0.000000
vn -0.000000 -1.000000 0.000000
vn 0.049841 -0.998757 0.000000
vn 0.049841 -0.998757 0.000000
vn 0.099602 -0.995027 0.000000
vn 0.099602 -0.995027 0.000000
vn 0.149040 -0.988831 0.000000
vn 0.198078 -0.980186 0.000000
vn 0.149040 -0.988831 0.000000
vn 0.198078 -0.980186 0.000000
vn 0.246784 -0.969071 0.000000
vn 0.246784 -0.969071 0.000000
vn 0.294771 -0.955568 0.000000
vn 0.294771 -0.955568 -0.000000
vn 0.342031 -0.939689 0.000000
vn 0.342031 -0.939689 0.000000
vn 0.388410 -0.921487 0.000000
vn 0.433894 -0.900964 0.000000
vn 0.388410 -0.921487 0.000000
vn 0.433894 -0.900964 0.000000
vn 0.478247 -0.878225 0.000000
vn 0.521408 -0.853307 0.000000
vn 0.478247 -0.878225 -0.000000
vn 0.563329 -0.826233 0.000000
vn 0.521408 -0.853307 0.000000
vn 0.563329 -0.826233 0.000000
vn 0.603818 -0.797123 0.000000
vn 0.603818 -0.797123 -0.000000
vn 0.642779 -0.766052 0.000000
vn 0.642779 -0.766052 -0.000000
vn 0.680185 -0.733040 0.000000
vn 0.680185 -0.733040 -0.000000
vn 0.715853 -0.698251 0.000000
vn 0.749787 -0.661679 0.000000
vn 0.715853 -0.698251 -0.000000
vn 0.749787 -0.661679 0.000000
vn 0.781825 -0.623498 -0.000000
vn 0.781825 -0.623498 0.000000
vn 0.811953 -0.583722 0.000000
vn 0.811953 -0.583722 0.000000
vn 0.840030 -0.542540 -0.000000
vn 0.840030 -0.542540 0.000000
vn 0.866020 -0.500010 -0.000000
vn 0.866020 -0.500010 0.000000
vn 0.889878 -0.456199 0.000000
vn 0.889878 -0.456199 0.000000
vn 0.911503 -0.411293 -0.000000
vn 0.911503 -0.411293 0.000000
vn 0.930871 -0.365348 0.000000
vn 0.930871 -0.365348 0.000000
vn 0.947931 -0.318477 0.000000
vn 0.947931 -0.318477 0.000000
vn 0.962625 -0.270839 0.000000
vn 0.962625 -0.270839 0.000000
vn 0.974926 -0.222530 -0.000000
vn 0.974926 -0.222530 0.000000
vn 0.984808 -0.173648 -0.000000
vn 0.984808 -0.173648 0.000000
vn 0.992238 -0.124352 0.000000
vn 0.992238 -0.124352 0.000000
vn 0.997204 -0.074730 0.000000
vn 0.997204 -0.074730 0.000000
vn 0.999689 -0.024930 0.000000
vn 0.999689 -0.024930 0.000000
vn 0.000000 0.000000 1.000000
vn 0.000000 0.000000 1.000000
vn 0.000000 0.000000 1.000000
vn 0.000000 0.000000 1.000000
vn 0.000000 0.000000 1.000000
vn 0.000000 0.000000 1.000000
vn 0.000000 0.000000 1.000000
vn 0.000000 0.000000 1.000000
vn 0.000000 0.000000 1.000000
vn 0.000000 0.000000 1.000000
vn 0.000000 0.000000 1.000000
vn 0.000000 0.000000 1.000000
vn 0.000000 0.000000 1.000000
vn 0.000000 0.000000 1.000000
vn 0.000000 0.000000 1.000000
vn 0.000000 0.000000 1.000000
vn 0.000000 0.000000 1.000000
vn 0.000000 0.000000 1.000000
vn 0.000000 0.000000 1.000000
vn 0.000000 0.000000 1.000000
vn 0.000000 0.000000 1.000000
vn 0.000000 0.000000 1.000000
vn 0.000000 0.000000 1.000000
vn 0.000000 0.000000 1.000000
vn 0.000000 0.000000 1.000000
vn 0.000000 0.000000 1.000000
vn 0.000000 0.000000 1.000000
vn 0.000000 0.000000 1.000000
vn 0.000000 0.000000 1.000000
vn 0.000000 0.000000 1.000000
vn 0.000000 0.000000 1.000000
vn 0.000000 0.000000 1.000000
vn 0.000000 0.000000 1.000000
vn 0.000000 0.000000 1.000000
vn 0.000000 0.000000 1.000000
vn 0.000000 0.000000 1.000000
vn 0.000000 0.000000 1.000000
vn 0.000000 0.000000 1.000000
vn 0.000000 0.000000 1.000000
vn 0.000000 0.000000 1.000000
vn 0.000000 0.000000 1.000000
vn 0.000000 0.000000 1.000000
vn 0.000000 0.000000 1.000000
vn 0.000000 0.000000 1.000000
vn 0.000000 0.000000 1.000000
vn 0.000000 0.000000 1.000000
vn 0.000000 0.000000 1.000000
vn 0.000000 0.000000 1.000000
vn 0.000000 0.000000 1.000000
vn 0.000000 0.000000 1.000000
vn 0.000000 0.000000 1.000000
vn 0.000000 0.000000 1.000000
vn 0.000000 0.000000 1.000000
vn 0.000000 0.000000 1.000000
vn 0.000000 0.000000 1.000000
vn 0.000000 0.000000 1.000000
vn 0.000000 0.000000 1.000000
vn 0.000000 0.000000 1.000000
vn 0.000000 0.000000 1.000000
vn 0.000000 0.000000 1.000000
vn 0.000000 0.000000 1.000000
vn 0.000000 0.000000 1.000000
vn 0.000000 0.000000 1.000000
vn 0.000000 0.000000 1.000000
vn 0.000000 0.000000 1.000000
vn 0.000000 0.000000 1.000000
vn 0.000000 0.000000 1.000000
vn 0.000000 0.000000 1.000000
vn 0.000000 0.000000 1.000000
vn 0.000000 0.000000 1.000000
vn 0.000000 0.000000 1.000000
vn 0.000000 0.000000 1.000000
vn 0.000000 0.000000 1.000000
vn 0.000000 0.000000 1.000000
vn 0.000000 0.000000 1.000000
vn 0.000000 0.000000 1.000000
vn 0.000000 0.000000 1.000000
vn 0.000000 0.000000 1.000000
vn 0.000000 0.000000 1.000000
vn 0.000000 0.000000 1.000000
vn 0.000000 0.000000 1.000000
vn 0.000000 0.000000 1.000000
vn 0.000000 0.000000 1.000000
vn 0.000000 0.000000 1.000000
vn 0.000000 0.000000 1.000000
vn 0.000000 0.000000 1.000000
vn 0.000000 0.000000 1.000000
vn 0.000000 0.000000 1.000000
vn 0.000000 0.000000 1.000000
vn 0.000000 0.000000 1.000000
vn 0.000000 0.000000 1.000000
vn 0.000000 0.000000 1.000000
vn 0.000000 0.000000 1.000000
vn 0.000000 0.000000 1.000000
vn 0.000000 0.000000 1.000000
vn 0.000000 0.000000 1.000000
vn 0.000000 0.000000 1.000000
vn 0.000000 0.000000 1.000000
vn 0.000000 0.000000 1.000000
vn 0.000000 0.000000 1.000000
vn 0.000000 0.000000 1.000000
vn 0.000000 0.000000 1.000000
vn 0.000000 0.000000 1.000000
vn 0.000000 0.000000 1.000000
vn 0.000000 0.000000 1.000000
vn 0.000000 0.000000 1.000000
vn 0.000000 0.000000 1.000000
vn 0.000000 0.000000 1.000000
vn 0.000000 0.000000 1.000000
vn 0.000000 0.000000 1.000000
vn 0.000000 0.000000 1.000000
vn 0.000000 0.000000 1.000000
vn 0.000000 0.000000 1.000000
vn 0.000000 0.000000 1.000000
vn 0.000000 0.000000 1.000000
vn 0.000000 0.000000 1.000000
vn 0.000000 0.000000 1.000000
vn 0.000000 0.000000 1.000000
vn 0.000000 0.000000 1.000000
vn 0.000000 0.000000 1.000000
vn 0.000000 0.000000 1.000000
vn 0.000000 0.000000 1.000000
vn 0.000000 0.000000 1.000000
vn 0.000000 0.000000 1.000000
vn 0.000000 0.000000 -1.000000
vn 0.000000 0.000000 -1.000000
vn 0.000000 0.000000 -1.000000
vn 0.000000 0.000000 -1.000000
vn 0.000000 0.000000 -1.000000
vn 0.000000 0.000000 -1.000000
vn 0.000000 0.000000 -1.000000
vn 0.000000 0.000000 -1.000000
vn 0.000000 0.000000 -1.000000
vn 0.000000 0.000000 -1.000000
vn 0.000000 0.000000 -1.000000
vn 0.000000 0.000000 -1.000000
vn 0.000000 0.000000 -1.000000
vn 0.000000 0.000000 -1.000000
vn 0.000000 0.000000 -1.000000
vn 0.000000 0.000000 -1.000000
vn 0.000000 0.000000 -1.000000
vn 0.000000 0.000000 -1.000000
vn 0.000000 0.000000 -1.000000
vn 0.000000 0.000000 -1.000000
vn 0.000000 0.000000 -1.000000
vn 0.000000 0.000000 -1.000000
vn 0.000000 0.000000 -1.000000
vn 0.000000 0.000000 -1.000000
vn 0.000000 0.000000 -1.000000
vn 0.000000 0.000000 -1.000000
vn 0.000000 0.000000 -1.000000
vn 0.000000 0.000000 -1.000000
vn 0.000000 -0.000000 -1.000000
vn 0.000000 0.000000 -1.000000
vn 0.000000 -0.000000 -1.000000
vn 0.000000 0.000000 -1.000000
vn 0.000000 0.000000 -1.000000
vn 0.000000 0.000000 -1.000000
vn 0.000000 0.000000 -1.000000
vn 0.000000 0.000000 -1.000000
vn 0.000000 -0.000000 -1.000000
vn 0.000000 0.000000 -1.000000
vn 0.000000 0.000000 -1.000000
vn 0.000000 0.000000 -1.000000
vn 0.000000 0.000000 -1.000000
vn 0.000000 -0.000000 -1.000000
vn 0.000000 0.000000 -1.000000
vn 0.000000 -0.000000 -1.000000
vn 0.000000 0.000000 -1.000000
vn 0.000000 0.000000 -1.000000
vn 0.000000 0.000000 -1.000000
vn 0.000000 -0.000000 -1.000000
vn 0.000000 -0.000000 -1.000000
vn 0.000000 -0.000000 -1.000000
vn 0.000000 0.000000 -1.000000
vn 0.000000 0.000000 -1.000000
vn 0.000000 -0.000000 -1.000000
vn 0.000000 -0.000000 -1.000000
vn 0.000000 0.000000 -1.000000
vn 0.000000 -0.000000 -1.000000
vn 0.000000 -0.000000 -1.000000
vn 0.000000 -0.000000 -1.000000
vn 0.000000 0.000000 -1.000000
vn 0.000000 -0.000000 -1.000000
vn 0.000000 0.000000 -1.000000
vn 0.000000 0.000000 -1.000000
vn 0.000000 0.000000 -1.000000
vn 0.000000 -0.000000 -1.000000
vn 0.000000 0.000000 -1.000000
vn 0.000000 -0.000000 -1.000000
vn 0.000000 -0.000000 -1.000000
vn 0.000000 -0.000000 -1.000000
vn 0.000000 0.000000 -1.000000
vn 0.000000 0.000000 -1.000000
vn 0.000000 -0.000000 -1.000000
vn 0.000000 0.000000 -1.000000
vn 0.000000 0.000000 -1.000000
vn 0.000000 0.000000 -1.000000
vn 0.000000 0.000000 -1.000000
vn 0.000000 -0.000000 -1.000000
vn 0.000000 -0.000000 -1.000000
vn 0.000000 -0.000000 -1.000000
vn 0.000000 -0.000000 -1.000000
vn 0.000000 0.000000 -1.000000
vn 0.000000 0.000000 -1.000000
vn 0.000000 -0.000000 -1.000000
vn 0.000000 -0.000000 -1.000000
vn 0.000000 0.000000 -1.000000
vn 0.000000 -0.000000 -1.000000
vn 0.000000 0.000000 -1.000000
vn 0.000000 0.000000 -1.000000
vn 0.000000 0.000000 -1.000000
vn 0.000000 -0.000000 -1.000000
vn 0.000000 0.000000 -1.000000
vn 0.000000 0.000000 -1.000000
vn 0.000000 0.000000 -1.000000
vn 0.000000 0.000000 -1.000000
vn 0.000000 0.000000 -1.000000
vn -0.000000 -0.000000 -1.000000
vn -0.000000 -0.000000 -1.000000
vn -0.000000 -0.000000 -1.000000
vn -0.000000 -0.000000 -1.000000
vn -0.000000 -0.000000 -1.000000
vn 0.000000 0.000000 -1.000000
vn 0.000000 0.000000 -1.000000
vn 0.000000 0.000000 -1.000000
vn -0.000000 -0.000000 -1.000000
vn -0.000000 -0.000000 -1.000000
vn 0.000000 0.000000 -1.000000
vn 0.000000 0.000000 -1.000000
vn 0.000000 0.000000 -1.000000
vn 0.000000 0.000000 -1.000000
vn 0.000000 0.000000 -1.000000
vn 0.000000 0.000000 -1.000000
vn -0.000000 -0.000000 -1.000000
vn -0.000000 -0.000000 -1.000000
vn -0.000000 -0.000000 -1.000000
vn -0.000000 -0.000000 -1.000000
vn 0.000000 0.000000 -1.000000
vn 0.000000 0.000000 -1.000000
vn 0.000000 0.000000 -1.000000
vn -0.000000 -0.000000 -1.000000
vn 0.000000 0.000000 -1.000000
vn 0.000000 0.000000 -1.000000
vn 0.000000 0.000000 -1.000000
vn 0.000000 0.000000 -1.000000
vn -0.000000 -0.000000 -1.000000
vn 0.000000 0.000000 -1.000000
vn -1.000000 0.000000 0.000000
vn -1.000000 0.000000 0.000000
vn 1.000000 0.000000 0.000000
vn 1.000000 -0.000000 0.000000
vn 0.000000 -1.000000 0.000000
vn 0.000000 -1.000000 0.000000
vn 0.000000 1.000000 0.000000
vn 0.000000 1.000000 0.000000
vn 0.000000 0.000000 -1.000000
vn 0.000000 0.000000 -1.000000
vn 0.000000 0.000000 1.000000
vn 0.000000 0.000000 1.000000
vn -1.000000 0.000000 0.000000
vn -1.000000 0.000000 0.000000
vn 1.000000 0.000000 0.000000
vn 1.000000 -0.000000 0.000000
vn 0.000000 -1.000000 0.000000
vn 0.000000 -1.000000 0.000000
vn 0.000000 1.000000 0.000000
vn 0.000000 1.000000 0.000000
vn 0.000000 0.000000 -1.000000
vn 0.000000 0.000000 -1.000000
vn 0.000000 0.000000 1.000000
vn 0.000000 0.000000 1.000000
vn -1.000000 0.000000 0.000000
vn -1.000000 0.000000 0.000000
vn 1.000000 0.000000 0.000000
vn 1.000000 -0.000000 0.000000
vn 0.000000 -1.000000 0.000000
vn 0.000000 -1.000000 0.000000
vn 0.000000 1.000000 0.000000
vn 0.000000 1.000000 0.000000
vn 0.000000 0.000000 -1.000000
vn 0.000000 0.000000 -1.000000
vn 0.000000 0.000000 1.000000
vn 0.000000 0.000000 1.000000
vn 0.999688 0.024964 0.000000
vn 0.999688 0.024964 0.000000
vn 0.997205 0.074714 0.000000
vn 0.992236 0.124372 0.000000
vn 0.997205 0.074714 0.000000
vn 0.992236 0.124372 0.000000
vn 0.984812 0.173624 0.000000
vn 0.974928 0.222520 0.000000
vn 0.984812 0.173624 0.000000
vn 0.974928 0.222520 0.000000
vn 0.962619 0.270858 0.000000
vn 0.947931 0.318477 0.000000
vn 0.962619 0.270858 0.000000
vn 0.947931 0.318477 0.000000
vn 0.930871 0.365348 0.000000
vn 0.930871 0.365348 0.000000
vn 0.911511 0.411277 0.000000
vn 0.911511 0.411277 -0.000000
vn 0.889882 0.456191 0.000000
vn 0.889882 0.456191 -0.000000
vn 0.866011 0.500025 0.000000
vn 0.840039 0.542525 0.000000
vn 0.866011 0.500025 0.000000
vn 0.840039 0.542525 0.000000
vn 0.811953 0.583722 0.000000
vn 0.811953 0.583722 0.000000
vn 0.781820 0.623504 0.000000
vn 0.781820 0.623504 0.000000
vn 0.749752 0.661719 0.000000
vn 0.749752 0.661719 0.000000
vn 0.715843 0.698261 0.000000
vn 0.715843 0.698261 0.000000
vn 0.680201 0.733026 0.000000
vn 0.680201 0.733026 0.000000
vn 0.642779 0.766052 0.000000
vn 0.642779 0.766052 0.000000
vn 0.603864 0.797087 0.000000
vn 0.603864 0.797087 0.000000
vn 0.563269 0.826273 0.000000
vn 0.563269 0.826273 0.000000
vn 0.521476 0.853266 0.000000
vn 0.521476 0.853266 0.000000
vn 0.478247 0.878225 0.000000
vn 0.478247 0.878225 0.000000
vn 0.433890 0.900966 0.000000
vn 0.433890 0.900966 0.000000
vn 0.388403 0.921490 0.000000
vn 0.388403 0.921490 0.000000
vn 0.342106 0.939662 0.000000
vn 0.342106 0.939662 0.000000
vn 0.294698 0.955590 0.000000
vn 0.246784 0.969071 0.000000
vn 0.294698 0.955590 0.000000
vn 0.246784 0.969071 0.000000
vn 0.198078 0.980186 0.000000
vn 0.198078 0.980186 0.000000
vn 0.149038 0.988831 0.000000
vn 0.149038 0.988831 0.000000
vn 0.099524 0.995035 0.000000
vn 0.099524 0.995035 0.000000
vn 0.050002 0.998749 0.000000
vn 0.050002 0.998749 0.000000
vn 0.000000 1.000000 0.000000
vn -0.000000 1.000000 0.000000
vn -0.050002 0.998749 0.000000
vn -0.099524 0.995035 0.000000
vn -0.050002 0.998749 0.000000
vn -0.099524 0.995035 0.000000
vn -0.149038 0.988831 0.000000
vn -0.149038 0.988831 0.000000
vn -0.198078 0.980186 0.000000
vn -0.198078 0.980186 0.000000
vn -0.246784 0.969071 0.000000
vn -0.246784 0.969071 0.000000
vn -0.294698 0.955590 -0.000000
vn -0.294698 0.955590 0.000000
vn -0.342106 0.939662 -0.000000
vn -0.342106 0.939662 0.000000
vn -0.388403 0.921490 0.000000
vn -0.388403 0.921490 0.000000
vn -0.433890 0.900966 -0.000000
vn -0.433890 0.900966 0.000000
vn -0.478264 0.878216 0.000000
vn -0.478264 0.878216 0.000000
vn -0.521458 0.853277 0.000000
vn -0.521458 0.853277 0.000000
vn -0.563269 0.826273 0.000000
vn -0.563269 0.826273 0.000000
vn -0.603864 0.797087 0.000000
vn -0.603864 0.797087 0.000000
vn -0.642799 0.766035 0.000000
vn -0.642799 0.766035 0.000000
vn -0.680180 0.733045 0.000000
vn -0.680180 0.733045 0.000000
vn -0.715843 0.698261 0.000000
vn -0.715843 0.698261 0.000000
vn -0.749752 0.661719 0.000000
vn -0.749752 0.661719 0.000000
vn -0.781840 0.623480 0.000000
vn -0.781840 0.623480 0.000000
vn -0.811934 0.583749 0.000000
vn -0.811934 0.583749 0.000000
vn -0.840039 0.542525 0.000000
vn -0.840039 0.542525 0.000000
vn -0.866028 0.499995 -0.000000
vn -0.866028 0.499995 0.000000
vn -0.889865 0.456223 0.000000
vn -0.889865 0.456223 0.000000
vn -0.911511 0.411277 0.000000
vn -0.911511 0.411277 0.000000
vn -0.930871 0.365348 0.000000
vn -0.930871 0.365348 0.000000
vn -0.947931 0.318477 0.000000
vn -0.947931 0.318477 0.000000
vn -0.962619 0.270858 0.000000
vn -0.962619 0.270858 0.000000
vn -0.974928 0.222520 0.000000
vn -0.984812 0.173624 0.000000
vn -0.974928 0.222520 0.000000
vn -0.992236 0.124372 0.000000
vn -0.984812 0.173624 0.000000
vn -0.992236 0.124372 0.000000
vn -0.997205 0.074714 0.000000
vn -0.997205 0.074714 0.000000
vn -0.999689 0.024924 0.000000
vn -0.999689 0.024924 0.000000
vn -0.999690 -0.024920 0.000000
vn -0.999690 -0.024920 -0.000000
vn -0.997204 -0.074726 0.000000
vn -0.997204 -0.074726 -0.000000
vn -0.992238 -0.124352 0.000000
vn -0.992238 -0.124352 -0.000000
vn -0.984812 -0.173624 -0.000000
vn -0.984812 -0.173624 -0.000000
vn -0.974928 -0.222520 0.000000
vn -0.974928 -0.222520 -0.000000
vn -0.962619 -0.270858 0.000000
vn -0.962619 -0.270858 -0.000000
vn -0.947931 -0.318477 -0.000000
vn -0.947931 -0.318477 -0.000000
vn -0.930871 -0.365348 0.000000
vn -0.930871 -0.365348 -0.000000
vn -0.911511 -0.411277 -0.000000
vn -0.911511 -0.411277 -0.000000
vn -0.889865 -0.456223 -0.000000
vn -0.889865 -0.456223 -0.000000
vn -0.866028 -0.499995 -0.000000
vn -0.866028 -0.499995 -0.000000
vn -0.840039 -0.542525 -0.000000
vn -0.840039 -0.542525 0.000000
vn -0.811879 -0.583825 -0.000000
vn -0.811879 -0.583825 0.000000
vn -0.781902 -0.623401 -0.000000
vn -0.781902 -0.623401 0.000000
vn -0.749752 -0.661719 -0.000000
vn -0.749752 -0.661719 0.000000
vn -0.715843 -0.698261 -0.000000
vn -0.680180 -0.733045 -0.000000
vn -0.715843 -0.698261 0.000000
vn -0.642799 -0.766035 -0.000000
vn -0.680180 -0.733045 -0.000000
vn -0.642799 -0.766035 -0.000000
vn -0.603761 -0.797165 -0.000000
vn -0.603761 -0.797165 0.000000
vn -0.563379 -0.826198 -0.000000
vn -0.563379 -0.826198 -0.000000
vn -0.521458 -0.853277 -0.000000
vn -0.521458 -0.853277 -0.000000
vn -0.478264 -0.878216 -0.000000
vn -0.433890 -0.900966 -0.000000
vn -0.478264 -0.878216 -0.000000
vn -0.433890 -0.900966 -0.000000
vn -0.388403 -0.921490 0.000000
vn -0.388403 -0.921490 -0.000000
vn -0.341963 -0.939713 0.000000
vn -0.341963 -0.939713 -0.000000
vn -0.294845 -0.955545 0.000000
vn -0.294845 -0.955545 -0.000000
vn -0.246632 -0.969109 -0.000000
vn -0.246632 -0.969109 -0.000000
vn -0.198233 -0.980155 -0.000000
vn -0.198233 -0.980155 0.000000
vn -0.149038 -0.988831 0.000000
vn -0.149038 -0.988831 -0.000000
vn -0.099524 -0.995035 -0.000000
vn -0.049841 -0.998757 -0.000000
vn -0.099524 -0.995035 -0.000000
vn -0.049841 -0.998757 -0.000000
vn 0.000000 -1.000000 -0.000000
vn -0.000000 -1.000000 0.000000
vn 0.049841 -0.998757 0.000000
vn 0.049841 -0.998757 0.000000
vn 0.099524 -0.995035 0.000000
vn 0.099524 -0.995035 0.000000
vn 0.149038 -0.988831 0.000000
vn 0.198233 -0.980155 0.000000
vn 0.149038 -0.988831 0.000000
vn 0.198233 -0.980155 0.000000
vn 0.246632 -0.969109 0.000000
vn 0.246632 -0.969109 0.000000
vn 0.294845 -0.955545 0.000000
vn 0.294845 -0.955545 0.000000
vn 0.341963 -0.939713 0.000000
vn 0.341963 -0.939713 0.000000
vn 0.388403 -0.921490 0.000000
vn 0.433890 -0.900966 0.000000
vn 0.388403 -0.921490 0.000000
vn 0.433890 -0.900966 0.000000
vn 0.478247 -0.878225 0.000000
vn 0.521476 -0.853266 0.000000
vn 0.478247 -0.878225 -0.000000
vn 0.563379 -0.826198 0.000000
vn 0.521476 -0.853266 0.000000
vn 0.563379 -0.826198 0.000000
vn 0.603761 -0.797165 0.000000
vn 0.603761 -0.797165 0.000000
vn 0.642779 -0.766052 0.000000
vn 0.642779 -0.766052 -0.000000
vn 0.680201 -0.733026 0.000000
vn 0.680201 -0.733026 0.000000
vn 0.715843 -0.698261 0.000000
vn 0.749752 -0.661719 0.000000
vn 0.715843 -0.698261 0.000000
vn 0.749752 -0.661719 0.000000
vn 0.781883 -0.623426 0.000000
vn 0.781883 -0.623426 0.000000
vn 0.811898 -0.583799 0.000000
vn 0.811898 -0.583799 0.000000
vn 0.840039 -0.542525 0.000000
vn 0.840039 -0.542525 0.000000
vn 0.866011 -0.500025 0.000000
vn 0.866011 -0.500025 0.000000
vn 0.889882 -0.456191 0.000000
vn 0.889882 -0.456191 0.000000
vn 0.911511 -0.411277 0.000000
vn 0.911511 -0.411277 0.000000
vn 0.930871 -0.365348 0.000000
vn 0.930871 -0.365348 0.000000
vn 0.947931 -0.318477 0.000000
vn 0.947931 -0.318477 0.000000
vn 0.962619 -0.270858 0.000000
vn 0.962619 -0.270858 0.000000
vn 0.974928 -0.222520 0.000000
vn 0.974928 -0.222520 0.000000
vn 0.984812 -0.173624 0.000000
vn 0.984812 -0.173624 0.000000
vn 0.992238 -0.124352 0.000000
vn 0.992238 -0.124352 0.000000
vn 0.997204 -0.074726 0.000000
vn 0.997204 -0.074726 0.000000
vn 0.999688 -0.024960 0.000000
vn 0.999688 -0.024960 0.000000
vn 0.000000 0.000000 1.000000
vn 0.000000 0.000000 1.000000
vn 0.000000 0.000000 1.000000
vn 0.000000 0.000000 1.000000
vn 0.000000 0.000000 1.000000
vn 0.000000 0.000000 1.000000
vn 0.000000 0.000000 1.000000
vn 0.000000 0.000000 1.000000
vn 0.000000 0.000000 1.000000
vn 0.000000 0.000000 1.000000
vn 0.000000 0.000000 1.000000
vn 0.000000 0.000000 1.000000
vn 0.000000 0.000000 1.000000
vn 0.000000 0.000000 1.000000
vn 0.000000 0.000000 1.000000
vn 0.000000 0.000000 1.000000
vn 0.000000 0.000000 1.000000
vn 0.000000 0.000000 1.000000
vn 0.000000 0.000000 1.000000
vn 0.000000 0.000000 1.000000
vn 0.000000 0.000000 1.000000
vn 0.000000 0.000000 1.000000
vn 0.000000 0.000000 1.000000
vn 0.000000 0.000000 1.000000
vn 0.000000 0.000000 1.000000
vn 0.000000 0.000000 1.000000
vn 0.000000 0.000000 1.000000
vn 0.000000 0.000000 1.000000
vn 0.000000 0.000000 1.000000
vn 0.000000 0.000000 1.000000
vn 0.000000 0.000000 1.000000
vn 0.000000 0.000000 1.000000
vn 0.000000 0.000000 1.000000
vn 0.000000 0.000000 1.000000
vn 0.000000 0.000000 1.000000
vn 0.000000 0.000000 1.000000
vn 0.000000 0.000000 1.000000
vn 0.000000 0.000000 1.000000
vn 0.000000 0.000000 1.000000
vn 0.000000 0.000000 1.000000
vn 0.000000 0.000000 1.000000
vn 0.000000 0.000000 1.000000
vn 0.000000 0.000000 1.000000
vn 0.000000 0.000000 1.000000
vn 0.000000 0.000000 1.000000
vn 0.000000 0.000000 1.000000
vn 0.000000 0.000000 1.000000
vn 0.000000 0.000000 1.000000
vn 0.000000 0.000000 1.000000
vn 0.000000 0.000000 1.000000
vn 0.000000 0.000000 1.000000
vn 0.000000 0.000000 1.000000
vn 0.000000 0.000000 1.000000
vn 0.000000 0.000000 1.000000
vn 0.000000 0.000000 1.000000
vn 0.000000 0.000000 1.000000
vn 0.000000 0.000000 1.000000
vn 0.000000 0.000000 1.000000
vn 0.000000 0.000000 1.000000
vn 0.000000 0.000000 1.000000
vn 0.000000 0.000000 1.000000
vn 0.000000 0.000000 1.000000
vn 0.000000 0.000000 1.000000
vn 0.000000 0.000000 1.000000
vn 0.000000 0.000000 1.000000
vn 0.000000 0.000000 1.000000
vn 0.000000 0.000000 1.000000
vn 0.000000 0.000000 1.000000
vn 0.000000 0.000000 1.000000
vn 0.000000 0.000000 1.000000
vn 0.000000 0.000000 1.000000
vn 0.000000 0.000000 1.000000
vn 0.000000 0.000000 1.000000
vn 0.000000 0.000000 1.000000
vn 0.000000 0.000000 1.000000
vn 0.000000 0.000000 1.000000
vn 0.000000 0.000000 1.000000
vn 0.000000 0.000000 1.000000
vn 0.000000 0.000000 1.000000
vn 0.000000 0.000000 1.000000
vn 0.000000 0.000000 1.000000
vn 0.000000 0.000000 1.000000
vn 0.000000 0.000000 1.000000
vn 0.000000 0.000000 1.000000
vn 0.000000 0.000000 1.000000
vn 0.000000 0.000000 1.000000
vn 0.000000 0.000000 1.000000
vn 0.000000 0.000000 1.000000
vn 0.000000 0.000000 1.000000
vn 0.000000 0.000000 1.000000
vn 0.000000 0.000000 1.000000
vn 0.000000 0.000000 1.000000
vn 0.000000 0.000000 1.000000
vn 0.000000 0.000000 1.000000
vn 0.000000 0.000000 1.000000
vn 0.000000 0.000000 1.000000
vn 0.000000 0.000000 1.000000
vn 0.000000 0.000000 1.000000
vn 0.000000 0.000000 1.000000
vn 0.000000 0.000000 1.000000
vn 0.000000 0.000000 1.000000
vn 0.000000 0.000000 1.000000
vn 0.000000 0.000000 1.000000
vn 0.000000 0.000000 1.000000
vn 0.000000 0.000000 1.000000
vn 0.000000 0.000000 1.000000
vn 0.000000 0.000000 1.000000
vn 0.000000 0.000000 1.000000
vn 0.000000 0.000000 1.000000
vn 0.000000 0.000000 1.000000
vn 0.000000 0.000000 1.000000
vn 0.000000 0.000000 1.000000
vn 0.000000 0.000000 1.000000
vn 0.000000 0.000000 1.000000
vn 0.000000 0.000000 1.000000
vn 0.000000 0.000000 1.000000
vn 0.000000 0.000000 1.000000
vn 0.000000 0.000000 1.000000
vn 0.000000 0.000000 1.000000
vn 0.000000 0.000000 1.000000
vn 0.000000 0.000000 1.000000
vn 0.000000 0.000000 1.000000
vn 0.000000 0.000000 1.000000
vn 0.000000 0.000000 1.000000
vn 0.000000 0.000000 -1.000000
vn 0.000000 0.000000 -1.000000
vn 0.000000 0.000000 -1.000000
vn 0.000000 0.000000 -1.000000
vn 0.000000 0.000000 -1.000000
vn 0.000000 0.000000 -1.000000
vn 0.000000 0.000000 -1.000000
vn 0.000000 0.000000 -1.000000
vn 0.000000 0.000000 -1.000000
vn 0.000000 0.000000 -1.000000
vn 0.000000 0.000000 -1.000000
vn 0.000000 0.000000 -1.000000
vn 0.000000 0.000000 -1.000000
vn 0.000000 0.000000 -1.000000
vn 0.000000 0.000000 -1.000000
vn 0.000000 0.000000 -1.000000
vn 0.000000 0.000000 -1.000000
vn 0.000000 0.000000 -1.000000
vn 0.000000 0.000000 -1.000000
vn 0.000000 0.000000 -1.000000
vn 0.000000 0.000000 -1.000000
vn 0.000000 0.000000 -1.000000
vn 0.000000 0.000000 -1.000000
vn 0.000000 0.000000 -1.000000
vn 0.000000 0.000000 -1.000000
vn 0.000000 0.000000 -1.000000
vn 0.000000 0.000000 -1.000000
vn 0.000000 0.000000 -1.000000
vn 0.000000 -0.000000 -1.000000
vn 0.000000 -0.000000 -1.000000
vn 0.000000 -0.000000 -1.000000
vn 0.000000 0.000000 -1.000000
vn 0.000000 0.000000 -1.000000
vn 0.000000 0.000000 -1.000000
vn 0.000000 0.000000 -1.000000
vn 0.000000 0.000000 -1.000000
vn 0.000000 -0.000000 -1.000000
vn 0.000000 0.000000 -1.000000
vn 0.000000 0.000000 -1.000000
vn 0.000000 -0.000000 -1.000000
vn 0.000000 0.000000 -1.000000
vn 0.000000 0.000000 -1.000000
vn 0.000000 0.000000 -1.000000
vn 0.000000 0.000000 -1.000000
vn 0.000000 0.000000 -1.000000
vn 0.000000 -0.000000 -1.000000
vn 0.000000 -0.000000 -1.000000
vn 0.000000 -0.000000 -1.000000
vn 0.000000 -0.000000 -1.000000
vn 0.000000 -0.000000 -1.000000
vn 0.000000 0.000000 -1.000000
vn 0.000000 -0.000000 -1.000000
vn 0.000000 0.000000 -1.000000
vn 0.000000 0.000000 -1.000000
vn 0.000000 0.000000 -1.000000
vn 0.000000 0.000000 -1.000000
vn 0.000000 0.000000 -1.000000
vn 0.000000 0.000000 -1.000000
vn 0.000000 0.000000 -1.000000
vn 0.000000 0.000000 -1.000000
vn 0.000000 0.000000 -1.000000
vn 0.000000 0.000000 -1.000000
vn 0.000000 0.000000 -1.000000
vn 0.000000 -0.000000 -1.000000
vn 0.000000 -0.000000 -1.000000
vn 0.000000 -0.000000 -1.000000
vn 0.000000 -0.000000 -1.000000
vn 0.000000 -0.000000 -1.000000
vn 0.000000 0.000000 -1.000000
vn 0.000000 0.000000 -1.000000
vn 0.000000 0.000000 -1.000000
vn 0.000000 0.000000 -1.000000
vn 0.000000 0.000000 -1.000000
vn 0.000000 0.000000 -1.000000
vn 0.000000 -0.000000 -1.000000
vn 0.000000 -0.000000 -1.000000
vn 0.000000 0.000000 -1.000000
vn 0.000000 -0.000000 -1.000000
vn 0.000000 -0.000000 -1.000000
vn 0.000000 0.000000 -1.000000
vn 0.000000 -0.000000 -1.000000
vn 0.000000 0.000000 -1.000000
vn 0.000000 -0.000000 -1.000000
vn 0.000000 0.000000 -1.000000
vn 0.000000 0.000000 -1.000000
vn 0.000000 -0.000000 -1.000000
vn 0.000000 -0.000000 -1.000000
vn 0.000000 -0.000000 -1.000000
vn 0.000000 0.000000 -1.000000
vn 0.000000 0.000000 -1.000000
vn -0.000000 -0.000000 -1.000000
vn 0.000000 0.000000 -1.000000
vn 0.000000 0.000000 -1.000000
vn 0.000000 -0.000000 -1.000000
vn -0.000000 -0.000000 -1.000000
vn -0.000000 -0.000000 -1.000000
vn -0.000000 -0.000000 -1.000000
vn 0.000000 0.000000 -1.000000
vn -0.000000 -0.000000 -1.000000
vn 0.000000 0.000000 -1.000000
vn 0.000000 0.000000 -1.000000
vn 0.000000 0.000000 -1.000000
vn 0.000000 0.000000 -1.000000
vn 0.000000 0.000000 -1.000000
vn 0.000000 0.000000 -1.000000
vn -0.000000 -0.000000 -1.000000
vn -0.000000 -0.000000 -1.000000
vn 0.000000 0.000000 -1.000000
vn 0.000000 0.000000 -1.000000
vn -0.000000 -0.000000 -1.000000
vn -0.000000 -0.000000 -1.000000
vn 0.000000 0.000000 -1.000000
vn 0.000000 0.000000 -1.000000
vn 0.000000 0.000000 -1.000000
vn 0.000000 0.000000 -1.000000
vn 0.000000 0.000000 -1.000000
vn 0.000000 0.000000 -1.000000
vn 0.000000 0.000000 -1.000000
vn 0.000000 0.000000 -1.000000
vn 0.000000 0.000000 -1.000000
vn 0.000000 0.000000 -1.000000
vn 0.000000 0.000000 -1.000000
vn -0.000000 -0.000000 -1.000000
vn -0.000000 -0.000000 -1.000000
vn -1.000000 0.000000 0.000000
vn -1.000000 0.000000 0.000000
vn 1.000000 0.000000 0.000000
vn 1.000000 -0.000000 0.000000
vn 0.000000 -1.000000 0.000000
vn 0.000000 -1.000000 0.000000
vn 0.000000 1.000000 0.000000
vn 0.000000 1.000000 0.000000
vn 0.000000 0.000000 -1.000000
vn 0.000000 0.000000 -1.000000
vn 0.000000 0.000000 1.000000
vn 0.000000 0.000000 1.000000
vn -1.000000 0.000000 0.000000
vn -1.000000 0.000000 0.000000
vn 1.000000 0.000000 0.000000
vn 1.000000 -0.000000 0.000000
vn 0.000000 -1.000000 0.000000
vn 0.000000 -1.000000 0.000000
vn 0.000000 1.000000 0.000000
vn 0.000000 1.000000 0.000000
vn 0.000000 0.000000 -1.000000
vn 0.000000 0.000000 -1.000000
vn 0.000000 0.000000 1.000000
vn 0.000000 0.000000 1.000000
vn -1.000000 0.000000 0.000000
vn -1.000000 0.000000 0.000000
vn 1.000000 0.000000 0.000000
vn 1.000000 -0.000000 0.000000
vn 0.000000 -1.000000 0.000000
vn 0.000000 -1.000000 0.000000
vn 0.000000 1.000000 0.000000
vn 0.000000 1.000000 0.000000
vn 0.000000 0.000000 -1.000000
vn 0.000000 0.000000 -1.000000
vn 0.000000 0.000000 1.000000
vn 0.000000 0.000000 1.000000
vn 0.999689 0.024946 0.000000
vn 0.999689 0.024946 0.000000
vn 0.997204 0.074721 0.000000
vn 0.992245 0.124298 0.000000
vn 0.997204 0.074721 0.000000
vn 0.984810 0.173635 0.000000
vn 0.992245 0.124298 0.000000
vn 0.984810 0.173635 0.000000
vn 0.974893 0.222673 0.000000
vn 0.962636 0.270799 0.000000
vn 0.974893 0.222673 0.000000
vn 0.947939 0.318453 0.000000
vn 0.962636 0.270799 0.000000
vn 0.947939 0.318453 0.000000
vn 0.930889 0.365302 0.000000
vn 0.930889 0.365302 0.000000
vn 0.911474 0.411357 0.000000
vn 0.911474 0.411357 0.000000
vn 0.889884 0.456188 0.000000
vn 0.889884 0.456188 0.000000
vn 0.866029 0.499994 -0.000000
vn 0.866029 0.499994 0.000000
vn 0.840121 0.542399 0.000000
vn 0.840121 0.542399 0.000000
vn 0.811816 0.583914 0.000000
vn 0.811816 0.583914 0.000000
vn 0.781976 0.623309 0.000000
vn 0.781976 0.623309 0.000000
vn 0.749764 0.661705 0.000000
vn 0.749764 0.661705 0.000000
vn 0.715683 0.698426 -0.000000
vn 0.715683 0.698426 0.000000
vn 0.680406 0.732836 0.000000
vn 0.680406 0.732836 0.000000
vn 0.642702 0.766116 0.000000
vn 0.642702 0.766116 0.000000
vn 0.603606 0.797283 0.000000
vn 0.603606 0.797283 0.000000
vn 0.563565 0.826072 0.000000
vn 0.563565 0.826072 0.000000
vn 0.521465 0.853272 0.000000
vn 0.521465 0.853272 0.000000
vn 0.478069 0.878322 0.000000
vn 0.478069 0.878322 0.000000
vn 0.433929 0.900947 0.000000
vn 0.433929 0.900947 0.000000
vn 0.388618 0.921399 0.000000
vn 0.388618 0.921399 0.000000
vn 0.341583 0.939852 0.000000
vn 0.341583 0.939852 0.000000
vn 0.294978 0.955504 0.000000
vn 0.246665 0.969101 0.000000
vn 0.294978 0.955504 0.000000
vn 0.198300 0.980141 0.000000
vn 0.246665 0.969101 0.000000
vn 0.198300 0.980141 0.000000
vn 0.148733 0.988877 0.000000
vn 0.148733 0.988877 0.000000
vn 0.099761 0.995011 0.000000
vn 0.099761 0.995011 0.000000
vn 0.050188 0.998740 0.000000
vn 0.050188 0.998740 0.000000
vn 0.000000 1.000000 0.000000
vn -0.050188 0.998740 0.000000
vn -0.000000 1.000000 0.000000
vn -0.099761 0.995011 0.000000
vn -0.050188 0.998740 0.000000
vn -0.099761 0.995011 0.000000
vn -0.148733 0.988877 0.000000
vn -0.148733 0.988877 0.000000
vn -0.198300 0.980141 0.000000
vn -0.198300 0.980141 0.000000
vn -0.246656 0.969103 0.000000
vn -0.246656 0.969103 0.000000
vn -0.294989 0.955501 0.000000
vn -0.294989 0.955501 0.000000
vn -0.341583 0.939852 0.000000
vn -0.341583 0.939852 0.000000
vn -0.388618 0.921399 0.000000
vn -0.388618 0.921399 0.000000
vn -0.433929 0.900947 0.000000
vn -0.433929 0.900947 0.000000
vn -0.478069 0.878322 0.000000
vn -0.478069 0.878322 0.000000
vn -0.521448 0.853283 0.000000
vn -0.521448 0.853283 0.000000
vn -0.563582 0.826060 -0.000000
vn -0.563582 0.826060 0.000000
vn -0.603606 0.797283 0.000000
vn -0.603606 0.797283 0.000000
vn -0.642702 0.766116 0.000000
vn -0.642702 0.766116 0.000000
vn -0.680406 0.732836 0.000000
vn -0.680406 0.732836 0.000000
vn -0.715683 0.698426 0.000000
vn -0.715683 0.698426 0.000000
vn -0.749764 0.661705 0.000000
vn -0.749764 0.661705 0.000000
vn -0.781976 0.623309 0.000000
vn -0.781976 0.623309 0.000000
vn -0.811816 0.583914 0.000000
vn -0.811816 0.583914 0.000000
vn -0.840121 0.542399 0.000000
vn -0.840121 0.542399 0.000000
vn -0.866029 0.499994 0.000000
vn -0.866029 0.499994 0.000000
vn -0.889884 0.456188 0.000000
vn -0.889884 0.456188 0.000000
vn -0.911474 0.411357 0.000000
vn -0.911474 0.411357 0.000000
vn -0.930876 0.365335 0.000000
vn -0.930876 0.365335 0.000000
vn -0.947939 0.318453 0.000000
vn -0.947939 0.318453 0.000000
vn -0.962636 0.270799 0.000000
vn -0.962636 0.270799 0.000000
vn -0.974901 0.222637 0.000000
vn -0.984810 0.173635 0.000000
vn -0.974901 0.222637 0.000000
vn -0.984810 0.173635 0.000000
vn -0.992245 0.124298 0.000000
vn -0.992245 0.124298 0.000000
vn -0.997204 0.074721 0.000000
vn -0.997204 0.074721 0.000000
vn -0.999689 0.024946 0.000000
vn -0.999689 0.024946 0.000000
vn -0.999689 -0.024931 0.000000
vn -0.999689 -0.024931 -0.000000
vn -0.997204 -0.074721 -0.000000
vn -0.997204 -0.074721 -0.000000
vn -0.992235 -0.124374 0.000000
vn -0.992235 -0.124374 -0.000000
vn -0.984810 -0.173635 -0.000000
vn -0.984810 -0.173635 -0.000000
vn -0.974932 -0.222504 0.000000
vn -0.974932 -0.222504 -0.000000
vn -0.962636 -0.270799 -0.000000
vn -0.962636 -0.270799 -0.000000
vn -0.947939 -0.318453 0.000000
vn -0.947939 -0.318453 -0.000000
vn -0.930794 -0.365543 0.000000
vn -0.930794 -0.365543 -0.000000
vn -0.911578 -0.411128 0.000000
vn -0.911578 -0.411128 -0.000000
vn -0.889884 -0.456188 0.000000
vn -0.889884 -0.456188 -0.000000
vn -0.866029 -0.499994 -0.000000
vn -0.866029 -0.499994 -0.000000
vn -0.839941 -0.542678 -0.000000
vn -0.839941 -0.542678 0.000000
vn -0.812024 -0.583623 -0.000000
vn -0.781738 -0.623607 -0.000000
vn -0.812024 -0.583623 0.000000
vn -0.781738 -0.623607 -0.000000
vn -0.749764 -0.661705 -0.000000
vn -0.749764 -0.661705 0.000000
vn -0.715981 -0.698120 -0.000000
vn -0.715981 -0.698120 0.000000
vn -0.680077 -0.733141 -0.000000
vn -0.680077 -0.733141 -0.000000
vn -0.642702 -0.766116 -0.000000
vn -0.642702 -0.766116 0.000000
vn -0.603995 -0.796988 -0.000000
vn -0.603995 -0.796988 0.000000
vn -0.563165 -0.826345 -0.000000
vn -0.563165 -0.826345 0.000000
vn -0.521448 -0.853283 -0.000000
vn -0.478541 -0.878065 -0.000000
vn -0.521448 -0.853283 0.000000
vn -0.478541 -0.878065 -0.000000
vn -0.433432 -0.901186 -0.000000
vn -0.433432 -0.901186 0.000000
vn -0.388618 -0.921399 -0.000000
vn -0.388618 -0.921399 0.000000
vn -0.342124 -0.939655 0.000000
vn -0.342124 -0.939655 -0.000000
vn -0.294989 -0.955501 0.000000
vn -0.294989 -0.955501 -0.000000
vn -0.246656 -0.969103 0.000000
vn -0.246656 -0.969103 -0.000000
vn -0.197712 -0.980260 0.000000
vn -0.197712 -0.980260 -0.000000
vn -0.149332 -0.988787 -0.000000
vn -0.099761 -0.995011 -0.000000
vn -0.149332 -0.988787 0.000000
vn -0.099761 -0.995011 -0.000000
vn -0.049577 -0.998770 -0.000000
vn -0.049577 -0.998770 0.000000
vn 0.000000 -1.000000 -0.000000
vn -0.000000 -1.000000 0.000000
vn 0.049577 -0.998770 0.000000
vn 0.049577 -0.998770 0.000000
vn 0.099761 -0.995011 0.000000
vn 0.099761 -0.995011 0.000000
vn 0.149332 -0.988787 0.000000
vn 0.197712 -0.980260 0.000000
vn 0.149332 -0.988787 0.000000
vn 0.197712 -0.980260 0.000000
vn 0.246665 -0.969101 0.000000
vn 0.246665 -0.969101 0.000000
vn 0.294978 -0.955504 0.000000
vn 0.294978 -0.955504 0.000000
vn 0.342124 -0.939655 0.000000
vn 0.342124 -0.939655 0.000000
vn 0.388618 -0.921399 0.000000
vn 0.433432 -0.901186 0.000000
vn 0.388618 -0.921399 0.000000
vn 0.433432 -0.901186 0.000000
vn 0.478541 -0.878065 0.000000
vn 0.521465 -0.853272 0.000000
vn 0.478541 -0.878065 0.000000
vn 0.521465 -0.853272 0.000000
vn 0.563147 -0.826357 0.000000
vn 0.603995 -0.796988 0.000000
vn 0.563147 -0.826357 0.000000
vn 0.603995 -0.796988 0.000000
vn 0.642702 -0.766116 0.000000
vn 0.642702 -0.766116 0.000000
vn 0.680077 -0.733141 0.000000
vn 0.680077 -0.733141 0.000000
vn 0.715981 -0.698120 0.000000
vn 0.715981 -0.698120 0.000000
vn 0.749764 -0.661705 0.000000
vn 0.749764 -0.661705 0.000000
vn 0.781738 -0.623607 -0.000000
vn 0.781738 -0.623607 0.000000
vn 0.812024 -0.583623 0.000000
vn 0.812024 -0.583623 0.000000
vn 0.839941 -0.542678 0.000000
vn 0.839941 -0.542678 0.000000
vn 0.866029 -0.499994 0.000000
vn 0.866029 -0.499994 0.000000
vn 0.889884 -0.456188 0.000000
vn 0.889884 -0.456188 0.000000
vn 0.911578 -0.411128 0.000000
vn 0.911578 -0.411128 0.000000
vn 0.930807 -0.365510 0.000000
vn 0.930807 -0.365510 0.000000
vn 0.947939 -0.318453 0.000000
vn 0.947939 -0.318453 0.000000
vn 0.962636 -0.270799 0.000000
vn 0.962636 -0.270799 0.000000
vn 0.974923 -0.222540 0.000000
vn 0.974923 -0.222540 0.000000
vn 0.984810 -0.173635 0.000000
vn 0.984810 -0.173635 0.000000
vn 0.992235 -0.124374 0.000000
vn 0.992235 -0.124374 0.000000
vn 0.997204 -0.074721 0.000000
vn 0.997204 -0.074721 0.000000
vn 0.999689 -0.024931 0.000000
vn 0.999689 -0.024931 0.000000
vn 0.000000 0.000000 1.000000
vn 0.000000 0.000000 1.000000
vn 0.000000 0.000000 1.000000
vn 0.000000 0.000000 1.000000
vn 0.000000 0.000000 1.000000
vn 0.000000 0.000000 1.000000
vn 0.000000 0.000000 1.000000
vn 0.000000 0.000000 1.000000
vn 0.000000 0.000000 1.000000
vn 0.000000 0.000000 1.000000
vn 0.000000 0.000000 1.000000
vn 0.000000 0.000000 1.000000
vn 0.000000 0.000000 1.000000
vn 0.000000 0.000000 1.000000
vn 0.000000 0.000000 1.000000
vn 0.000000 0.000000 1.000000
vn 0.000000 0.000000 1.000000
vn 0.000000 0.000000 1.000000
vn 0.000000 0.000000 1.000000
vn 0.000000 0.000000 1.000000
vn 0.000000 0.000000 1.000000
vn 0.000000 0.000000 1.000000
vn 0.000000 0.000000 1.000000
vn 0.000000 0.000000 1.000000
vn 0.000000 0.000000 1.000000
vn 0.000000 0.000000 1.000000
vn 0.000000 0.000000 1.000000
vn 0.000000 0.000000 1.000000
vn 0.000000 0.000000 1.000000
vn 0.000000 0.000000 1.000000
vn 0.000000 0.000000 1.000000
vn 0.000000 0.000000 1.000000
vn 0.000000 0.000000 1.000000
vn 0.000000 0.000000 1.000000
vn 0.000000 0.000000 1.000000
vn 0.000000 0.000000 1.000000
vn 0.000000 0.000000 1.000000
vn 0.000000 0.000000 1.000000
vn 0.000000 0.000000 1.000000
vn 0.000000 0.000000 1.000000
vn 0.000000 0.000000 1.000000
vn 0.000000 0.000000 1.000000
vn 0.000000 0.000000 1.000000
vn 0.000000 0.000000 1.000000
vn 0.000000 0.000000 1.000000
vn 0.000000 0.000000 1.000000
vn 0.000000 0.000000 1.000000
vn 0.000000 0.000000 1.000000
vn 0.000000 0.000000 1.000000
vn 0.000000 0.000000 1.000000
vn 0.000000 0.000000 1.000000
vn 0.000000 0.000000 1.000000
vn 0.000000 0.000000 1.000000
vn 0.000000 0.000000 1.000000
vn 0.000000 0.000000 1.000000
vn 0.000000 0.000000 1.000000
vn 0.000000 0.000000 1.000000
vn 0.000000 0.000000 1.000000
vn 0.000000 0.000000 1.000000
vn 0.000000 0.000000 1.000000
vn 0.000000 0.000000 1.000000
vn 0.000000 0.000000 1.000000
vn 0.000000 0.000000 1.000000
vn 0.000000 0.000000 1.000000
vn 0.000000 0.000000 1.000000
vn 0.000000 0.000000 1.000000
vn 0.000000 0.000000 1.000000
vn 0.000000 0.000000 1.000000
vn 0.000000 0.000000 1.000000
vn 0.000000 0.000000 1.000000
vn 0.000000 0.000000 1.000000
vn 0.000000 0.000000 1.000000
vn 0.000000 0.000000 1.000000
vn 0.000000 0.000000 1.000000
vn 0.000000 0.000000 1.000000
vn 0.000000 0.000000 1.000000
vn 0.000000 0.000000 1.000000
vn 0.000000 0.000000 1.000000
vn 0.000000 0.000000 1.000000
vn 0.000000 0.000000 1.000000
vn 0.000000 0.000000 1.000000
vn 0.000000 0.000000 1.000000
vn 0.000000 0.000000 1.000000
vn 0.000000 0.000000 1.000000
vn 0.000000 0.000000 1.000000
vn 0.000000 0.000000 1.000000
vn 0.000000 0.000000 1.000000
vn 0.000000 0.000000 1.000000
vn 0.000000 0.000000 1.000000
vn 0.000000 0.000000 1.000000
vn 0.000000 0.000000 1.000000
vn 0.000000 0.000000 1.000000
vn 0.000000 0.000000 1.000000
vn 0.000000 0.000000 1.000000
vn 0.000000 0.000000 1.000000
vn 0.000000 0.000000 1.000000
vn 0.000000 0.000000 1.000000
vn 0.000000 0.000000 1.000000
vn 0.000000 0.000000 1.000000
vn 0.000000 0.000000 1.000000
vn 0.000000 0.000000 1.000000
vn 0.000000 0.000000 1.000000
vn 0.000000 0.000000 1.000000
vn 0.000000 0.000000 1.000000
vn 0.000000 0.000000 1.000000
vn 0.000000 0.000000 1.000000
vn 0.000000 0.000000 1.000000
vn 0.000000 0.000000 1.000000
vn 0.000000 0.000000 1.000000
vn 0.000000 0.000000 1.000000
vn 0.000000 0.000000 1.000000
vn 0.000000 0.000000 1.000000
vn 0.000000 0.000000 1.000000
vn 0.000000 0.000000 1.000000
vn 0.000000 0.000000 1.000000
vn 0.000000 0.000000 1.000000
vn 0.000000 0.000000 1.000000
vn 0.000000 0.000000 1.000000
vn 0.000000 0.000000 1.000000
vn 0.000000 0.000000 1.000000
vn 0.000000 0.000000 1.000000
vn 0.000000 0.000000 1.000000
vn 0.000000 0.000000 1.000000
vn 0.000000 0.000000 1.000000
vn 0.000000 0.000000 -1.000000
vn 0.000000 0.000000 -1.000000
vn 0.000000 0.000000 -1.000000
vn 0.000000 0.000000 -1.000000
vn 0.000000 0.000000 -1.000000
vn 0.000000 0.000000 -1.000000
vn 0.000000 0.000000 -1.000000
vn 0.000000 0.000000 -1.000000
vn 0.000000 0.000000 -1.000000
vn 0.000000 0.000000 -1.000000
vn 0.000000 0.000000 -1.000000
vn 0.000000 0.000000 -1.000000
vn 0.000000 0.000000 -1.000000
vn 0.000000 -0.000000 -1.000000
vn 0.000000 0.000000 -1.000000
vn 0.000000 -0.000000 -1.000000
vn 0.000000 0.000000 -1.000000
vn 0.000000 -0.000000 -1.000000
vn 0.000000 -0.000000 -1.000000
vn 0.000000 0.000000 -1.000000
vn 0.000000 -0.000000 -1.000000
vn 0.000000 0.000000 -1.000000
vn 0.000000 -0.000000 -1.000000
vn 0.000000 -0.000000 -1.000000
vn 0.000000 0.000000 -1.000000
vn 0.000000 0.000000 -1.000000
vn 0.000000 0.000000 -1.000000
vn 0.000000 -0.000000 -1.000000
vn 0.000000 0.000000 -1.000000
vn 0.000000 -0.000000 -1.000000
vn 0.000000 -0.000000 -1.000000
vn 0.000000 0.000000 -1.000000
vn 0.000000 -0.000000 -1.000000
vn 0.000000 -0.000000 -1.000000
vn 0.000000 0.000000 -1.000000
vn 0.000000 0.000000 -1.000000
vn 0.000000 0.000000 -1.000000
vn 0.000000 0.000000 -1.000000
vn 0.000000 0.000000 -1.000000
vn 0.000000 0.000000 -1.000000
vn 0.000000 0.000000 -1.000000
vn 0.000000 0.000000 -1.000000
vn 0.000000 0.000000 -1.000000
vn 0.000000 0.000000 -1.000000
vn 0.000000 0.000000 -1.000000
vn 0.000000 0.000000 -1.000000
vn 0.000000 0.000000 -1.000000
vn 0.000000 0.000000 -1.000000
vn 0.000000 -0.000000 -1.000000
vn 0.000000 0.000000 -1.000000
vn 0.000000 -0.000000 -1.000000
vn 0.000000 0.000000 -1.000000
vn 0.000000 -0.000000 -1.000000
vn 0.000000 0.000000 -1.000000
vn 0.000000 0.000000 -1.000000
vn 0.000000 0.000000 -1.000000
vn 0.000000 0.000000 -1.000000
vn 0.000000 0.000000 -1.000000
vn 0.000000 0.000000 -1.000000
vn 0.000000 0.000000 -1.000000
vn 0.000000 -0.000000 -1.000000
vn 0.000000 -0.000000 -1.000000
vn 0.000000 0.000000 -1.000000
vn 0.000000 0.000000 -1.000000
vn 0.000000 0.000000 -1.000000
vn 0.000000 -0.000000 -1.000000
vn 0.000000 0.000000 -1.000000
vn 0.000000 0.000000 -1.000000
vn 0.000000 0.000000 -1.000000
vn 0.000000 0.000000 -1.000000
vn 0.000000 -0.000000 -1.000000
vn 0.000000 0.000000 -1.000000
vn 0.000000 0.000000 -1.000000
vn 0.000000 -0.000000 -1.000000
vn 0.000000 -0.000000 -1.000000
vn 0.000000 0.000000 -1.000000
vn 0.000000 0.000000 -1.000000
vn 0.000000 0.000000 -1.000000
vn 0.000000 0.000000 -1.000000
vn 0.000000 0.000000 -1.000000
vn 0.000000 -0.000000 -1.000000
vn 0.000000 0.000000 -1.000000
vn 0.000000 0.000000 -1.000000
vn 0.000000 -0.000000 -1.000000
vn 0.000000 0.000000 -1.000000
vn 0.000000 0.000000 -1.000000
vn 0.000000 0.000000 -1.000000
vn -0.000000 -0.000000 -1.000000
vn 0.000000 0.000000 -1.000000
vn -0.000000 -0.000000 -1.000000
vn 0.000000 0.000000 -1.000000
vn 0.000000 0.000000 -1.000000
vn 0.000000 0.000000 -1.000000
vn 0.000000 0.000000 -1.000000
vn 0.000000 0.000000 -1.000000
vn 0.000000 0.000000 -1.000000
vn 0.000000 0.000000 -1.000000
vn 0.000000 0.000000 -1.000000
vn 0.000000 0.000000 -1.000000
vn 0.000000 0.000000 -1.000000
vn 0.000000 0.000000 -1.000000
vn 0.000000 0.000000 -1.000000
vn 0.000000 0.000000 -1.000000
vn -0.000000 -0.000000 -1.000000
vn 0.000000 0.000000 -1.000000
vn 0.000000 0.000000 -1.000000
vn 0.000000 0.000000 -1.000000
vn 0.000000 0.000000 -1.000000
vn -0.000000 -0.000000 -1.000000
vn -0.000000 -0.000000 -1.000000
vn 0.000000 0.000000 -1.000000
vn 0.000000 0.000000 -1.000000
vn 0.000000 0.000000 -1.000000
vn 0.000000 0.000000 -1.000000
vn 0.000000 0.000000 -1.000000
vn -0.000000 -0.000000 -1.000000
vn 0.000000 0.000000 -1.000000
vn 0.000000 0.000000 -1.000000
vn -0.000000 -0.000000 -1.000000
vn 0.000000 0.000000 -1.000000
vn 0.000000 0.000000 -1.000000
vn 0.000000 0.000000 -1.000000
vn -0.000000 -0.000000 -1.000000
vn 0.000000 0.000000 -1.000000
vn -1.000000 0.000000 0.000000
vn -1.000000 0.000000 0.000000
vn 1.000000 0.000000 0.000000
vn 1.000000 -0.000000 0.000000
vn 0.000000 -1.000000 0.000000
vn 0.000000 -1.000000 0.000000
vn 0.000000 1.000000 0.000000
vn 0.000000 1.000000 0.000000
vn 0.000000 0.000000 -1.000000
vn 0.000000 0.000000 -1.000000
vn 0.000000 0.000000 1.000000
vn 0.000000 0.000000 1.000000
vn -1.000000 0.000000 0.000000
vn -1.000000 0.000000 0.000000
vn 1.000000 0.000000 0.000000
vn 1.000000 -0.000000 0.000000
vn 0.000000 -1.000000 0.000000
vn 0.000000 -1.000000 0.000000
vn 0.000000 1.000000 0.000000
vn 0.000000 1.000000 0.000000
vn 0.000000 0.000000 -1.000000
vn 0.000000 0.000000 -1.000000
vn 0.000000 0.000000 1.000000
vn 0.000000 0.000000 1.000000
vn 0.999685 0.025099 0.000000
vn 0.999685 0.025099 0.000000
vn 0.997211 0.074638 0.000000
vn 0.992250 0.124261 0.000000
vn 0.997211 0.074638 0.000000
vn 0.984777 0.173820 0.000000
vn 0.992250 0.124261 0.000000
vn 0.984777 0.173820 0.000000
vn 0.974940 0.222468 0.000000
vn 0.962636 0.270799 0.000000
vn 0.974940 0.222468 0.000000
vn 0.947853 0.318707 0.000000
vn 0.962636 0.270799 0.000000
vn 0.947853 0.318707 0.000000
vn 0.930863 0.365368 0.000000
vn 0.930863 0.365368 0.000000
vn 0.911692 0.410873 0.000000
vn 0.911692 0.410873 0.000000
vn 0.889852 0.456248 0.000000
vn 0.889852 0.456248 0.000000
vn 0.866012 0.500023 0.000000
vn 0.866012 0.500023 0.000000
vn 0.839923 0.542705 0.000000
vn 0.839923 0.542705 0.000000
vn 0.811952 0.583724 0.000000
vn 0.811952 0.583724 0.000000
vn 0.781794 0.623537 0.000000
vn 0.781794 0.623537 0.000000
vn 0.749802 0.661662 0.000000
vn 0.749802 0.661662 0.000000
vn 0.715924 0.698179 0.000000
vn 0.715924 0.698179 0.000000
vn 0.680134 0.733088 0.000000
vn 0.680134 0.733088 0.000000
vn 0.642740 0.766085 0.000000
vn 0.642740 0.766085 0.000000
vn 0.603958 0.797016 0.000000
vn 0.603958 0.797016 0.000000
vn 0.563147 0.826357 0.000000
vn 0.563147 0.826357 0.000000
vn 0.521500 0.853252 0.000000
vn 0.521500 0.853252 0.000000
vn 0.478037 0.878340 0.000000
vn 0.478037 0.878340 0.000000
vn 0.433944 0.900940 0.000000
vn 0.433944 0.900940 0.000000
vn 0.388632 0.921393 0.000000
vn 0.388632 0.921393 0.000000
vn 0.342087 0.939668 0.000000
vn 0.342087 0.939668 0.000000
vn 0.294387 0.955686 0.000000
vn 0.247285 0.968943 0.000000
vn 0.294387 0.955686 0.000000
vn 0.197705 0.980262 0.000000
vn 0.247285 0.968943 0.000000
vn 0.197705 0.980262 0.000000
vn 0.149343 0.988785 0.000000
vn 0.149343 0.988785 0.000000
vn 0.099746 0.995013 0.000000
vn 0.099746 0.995013 0.000000
vn 0.049571 0.998771 0.000000
vn 0.049571 0.998771 0.000000
vn 0.000000 1.000000 0.000000
vn -0.049571 0.998771 0.000000
vn -0.000000 1.000000 0.000000
vn -0.099776 0.995010 0.000000
vn -0.049571 0.998771 0.000000
vn -0.099776 0.995010 0.000000
vn -0.149298 0.988792 0.000000
vn -0.149298 0.988792 0.000000
vn -0.197705 0.980262 0.000000
vn -0.197705 0.980262 0.000000
vn -0.247285 0.968943 0.000000
vn -0.247285 0.968943 0.000000
vn -0.294387 0.955686 0.000000
vn -0.294387 0.955686 0.000000
vn -0.342185 0.939632 0.000000
vn -0.342185 0.939632 0.000000
vn -0.388522 0.921439 0.000000
vn -0.388522 0.921439 0.000000
vn -0.433944 0.900940 0.000000
vn -0.433944 0.900940 0.000000
vn -0.478166 0.878270 0.000000
vn -0.478166 0.878270 0.000000
vn -0.521363 0.853335 0.000000
vn -0.521363 0.853335 0.000000
vn -0.563147 0.826357 0.000000
vn -0.563147 0.826357 0.000000
vn -0.604105 0.796905 0.000000
vn -0.604105 0.796905 0.000000
vn -0.642589 0.766211 0.000000
vn -0.642589 0.766211 0.000000
vn -0.680134 0.733088 0.000000
vn -0.680134 0.733088 0.000000
vn -0.715924 0.698179 0.000000
vn -0.715924 0.698179 0.000000
vn -0.749802 0.661662 0.000000
vn -0.749802 0.661662 0.000000
vn -0.781794 0.623537 0.000000
vn -0.781794 0.623537 0.000000
vn -0.811952 0.583724 0.000000
vn -0.811952 0.583724 0.000000
vn -0.839923 0.542705 0.000000
vn -0.839923 0.542705 0.000000
vn -0.866012 0.500023 0.000000
vn -0.866012 0.500023 0.000000
vn -0.889977 0.456006 0.000000
vn -0.889977 0.456006 0.000000
vn -0.911578 0.411128 0.000000
vn -0.911578 0.411128 0.000000
vn -0.930863 0.365368 0.000000
vn -0.930863 0.365368 0.000000
vn -0.947853 0.318707 0.000000
vn -0.947853 0.318707 0.000000
vn -0.962636 0.270799 0.000000
vn -0.962636 0.270799 0.000000
vn -0.974940 0.222468 0.000000
vn -0.984830 0.173523 0.000000
vn -0.974940 0.222468 0.000000
vn -0.984830 0.173523 0.000000
vn -0.992212 0.124562 0.000000
vn -0.992212 0.124562 0.000000
vn -0.997211 0.074638 0.000000
vn -0.997211 0.074638 0.000000
vn -0.999693 0.024793 0.000000
vn -0.999693 0.024793 0.000000
vn -0.999693 -0.024793 0.000000
vn -0.999693 -0.024793 -0.000000
vn -0.997207 -0.074683 -0.000000
vn -0.997207 -0.074683 -0.000000
vn -0.992221 -0.124486 0.000000
vn -0.992221 -0.124486 -0.000000
vn -0.984830 -0.173523 -0.000000
vn -0.984830 -0.173523 -0.000000
vn -0.974940 -0.222468 0.000000
vn -0.974940 -0.222468 -0.000000
vn -0.962591 -0.270958 -0.000000
vn -0.962591 -0.270958 -0.000000
vn -0.947916 -0.318522 0.000000
vn -0.947916 -0.318522 -0.000000
vn -0.930863 -0.365368 0.000000
vn -0.930863 -0.365368 -0.000000
vn -0.911474 -0.411357 0.000000
vn -0.911474 -0.411357 -0.000000
vn -0.889977 -0.456006 0.000000
vn -0.889977 -0.456006 -0.000000
vn -0.866012 -0.500023 0.000000
vn -0.866012 -0.500023 -0.000000
vn -0.840103 -0.542426 -0.000000
vn -0.840103 -0.542426 0.000000
vn -0.811743 -0.584014 -0.000000
vn -0.782032 -0.623239 -0.000000
vn -0.811743 -0.584014 0.000000
vn -0.782032 -0.623239 -0.000000
vn -0.749802 -0.661662 -0.000000
vn -0.749802 -0.661662 0.000000
vn -0.715625 -0.698484 -0.000000
vn -0.715625 -0.698484 0.000000
vn -0.680463 -0.732783 -0.000000
vn -0.680463 -0.732783 0.000000
vn -0.642589 -0.766211 -0.000000
vn -0.642589 -0.766211 0.000000
vn -0.603716 -0.797199 -0.000000
vn -0.603716 -0.797199 0.000000
vn -0.563565 -0.826072 -0.000000
vn -0.563565 -0.826072 0.000000
vn -0.521363 -0.853335 -0.000000
vn -0.478166 -0.878270 -0.000000
vn -0.521363 -0.853335 0.000000
vn -0.478166 -0.878270 -0.000000
vn -0.433944 -0.900940 -0.000000
vn -0.433944 -0.900940 0.000000
vn -0.388522 -0.921439 -0.000000
vn -0.388522 -0.921439 0.000000
vn -0.342185 -0.939632 0.000000
vn -0.342185 -0.939632 -0.000000
vn -0.294387 -0.955686 0.000000
vn -0.294387 -0.955686 -0.000000
vn -0.246711 -0.969089 0.000000
vn -0.246711 -0.969089 -0.000000
vn -0.198293 -0.980143 0.000000
vn -0.198293 -0.980143 -0.000000
vn -0.149298 -0.988792 -0.000000
vn -0.099170 -0.995070 -0.000000
vn -0.149298 -0.988792 0.000000
vn -0.099170 -0.995070 -0.000000
vn -0.050182 -0.998740 -0.000000
vn -0.050182 -0.998740 0.000000
vn 0.000000 -1.000000 -0.000000
vn -0.000000 -1.000000 0.000000
vn 0.050182 -0.998740 0.000000
vn 0.050182 -0.998740 0.000000
vn 0.099140 -0.995073 0.000000
vn 0.099140 -0.995073 0.000000
vn 0.149343 -0.988785 0.000000
vn 0.198293 -0.980143 0.000000
vn 0.149343 -0.988785 0.000000
vn 0.198293 -0.980143 0.000000
vn 0.246711 -0.969089 0.000000
vn 0.246711 -0.969089 0.000000
vn 0.294387 -0.955686 0.000000
vn 0.294387 -0.955686 0.000000
vn 0.342087 -0.939668 0.000000
vn 0.342087 -0.939668 0.000000
vn 0.388632 -0.921393 0.000000
vn 0.433944 -0.900940 0.000000
vn 0.388632 -0.921393 0.000000
vn 0.433944 -0.900940 0.000000
vn 0.478037 -0.878340 0.000000
vn 0.521500 -0.853252 0.000000
vn 0.478037 -0.878340 0.000000
vn 0.521500 -0.853252 0.000000
vn 0.563565 -0.826072 0.000000
vn 0.603569 -0.797311 0.000000
vn 0.563565 -0.826072 0.000000
vn 0.603569 -0.797311 0.000000
vn 0.642740 -0.766085 0.000000
vn 0.642740 -0.766085 0.000000
vn 0.680463 -0.732783 0.000000
vn 0.680463 -0.732783 0.000000
vn 0.715625 -0.698484 0.000000
vn 0.715625 -0.698484 0.000000
vn 0.749802 -0.661662 0.000000
vn 0.749802 -0.661662 0.000000
vn 0.782032 -0.623239 0.000000
vn 0.782032 -0.623239 0.000000
vn 0.811743 -0.584014 0.000000
vn 0.811743 -0.584014 0.000000
vn 0.840103 -0.542426 0.000000
vn 0.840103 -0.542426 0.000000
vn 0.866012 -0.500023 0.000000
vn 0.866012 -0.500023 0.000000
vn 0.889852 -0.456248 0.000000
vn 0.889852 -0.456248 0.000000
vn 0.911589 -0.411103 0.000000
vn 0.911589 -0.411103 0.000000
vn 0.930863 -0.365368 0.000000
vn 0.930863 -0.365368 0.000000
vn 0.947916 -0.318522 0.000000
vn 0.947916 -0.318522 0.000000
vn 0.962591 -0.270958 0.000000
vn 0.962591 -0.270958 0.000000
vn 0.974940 -0.222468 0.000000
vn 0.974940 -0.222468 0.000000
vn 0.984777 -0.173820 0.000000
vn 0.984777 -0.173820 0.000000
vn 0.992259 -0.124185 0.000000
vn 0.992259 -0.124185 0.000000
vn 0.997207 -0.074683 0.000000
vn 0.997207 -0.074683 0.000000
vn 0.999685 -0.025099 0.000000
vn 0.999685 -0.025099 0.000000
vn 0.000000 0.000000 1.000000
vn 0.000000 0.000000 1.000000
vn 0.000000 0.000000 1.000000
vn 0.000000 0.000000 1.000000
vn 0.000000 0.000000 1.000000
vn 0.000000 0.000000 1.000000
vn 0.000000 0.000000 1.000000
vn 0.000000 0.000000 1.000000
vn 0.000000 0.000000 1.000000
vn 0.000000 0.000000 1.000000
vn 0.000000 0.000000 1.000000
vn 0.000000 0.000000 1.000000
vn 0.000000 0.000000 1.000000
vn 0.000000 0.000000 1.000000
vn 0.000000 0.000000 1.000000
vn 0.000000 0.000000 1.000000
vn 0.000000 0.000000 1.000000
vn 0.000000 0.000000 1.000000
vn 0.000000 0.000000 1.000000
vn 0.000000 0.000000 1.000000
vn 0.000000 0.000000 1.000000
vn 0.000000 0.000000 1.000000
vn 0.000000 0.000000 1.000000
vn 0.000000 0.000000 1.000000
vn 0.000000 0.000000 1.000000
vn 0.000000 0.000000 1.000000
vn 0.000000 0.000000 1.000000
vn 0.000000 0.000000 1.000000
vn 0.000000 0.000000 1.000000
vn 0.000000 0.000000 1.000000
vn 0.000000 0.000000 1.000000
vn 0.000000 0.000000 1.000000
vn 0.000000 0.000000 1.000000
vn 0.000000 0.000000 1.000000
vn 0.000000 0.000000 1.000000
vn 0.000000 0.000000 1.000000
vn 0.000000 0.000000 1.000000
vn 0.000000 0.000000 1.000000
vn 0.000000 0.000000 1.000000
vn 0.000000 0.000000 1.000000
vn 0.000000 0.000000 1.000000
vn 0.000000 0.000000 1.000000
vn 0.000000 0.000000 1.000000
vn 0.000000 0.000000 1.000000
vn 0.000000 0.000000 1.000000
vn 0.000000 0.000000 1.000000
vn 0.000000 0.000000 1.000000
vn 0.000000 0.000000 1.000000
vn 0.000000 0.000000 1.000000
vn 0.000000 0.000000 1.000000
vn 0.000000 0.000000 1.000000
vn 0.000000 0.000000 1.000000
vn 0.000000 0.000000 1.000000
vn 0.000000 0.000000 1.000000
vn 0.000000 0.000000 1.000000
vn 0.000000 0.000000 1.000000
vn 0.000000 0.000000 1.000000
vn 0.000000 0.000000 1.000000
vn 0.000000 0.000000 1.000000
vn 0.000000 0.000000 1.000000
vn 0.000000 0.000000 1.000000
vn 0.000000 0.000000 1.000000
vn 0.000000 0.000000 1.000000
vn 0.000000 0.000000 1.000000
vn 0.000000 0.000000 1.000000
vn 0.000000 0.000000 1.000000
vn 0.000000 0.000000 1.000000
vn 0.000000 0.000000 1.000000
vn 0.000000 0.000000 1.000000
vn 0.000000 0.000000 1.000000
vn 0.000000 0.000000 1.000000
vn 0.000000 0.000000 1.000000
vn 0.000000 0.000000 1.000000
vn 0.000000 0.000000 1.000000
vn 0.000000 0.000000 1.000000
vn 0.000000 0.000000 1.000000
vn 0.000000 0.000000 1.000000
vn 0.000000 0.000000 1.000000
vn 0.000000 0.000000 1.000000
vn 0.000000 0.000000 1.000000
vn 0.000000 0.000000 1.000000
vn 0.000000 0.000000 1.000000
vn 0.000000 0.000000 1.000000
vn 0.000000 0.000000 1.000000
vn 0.000000 0.000000 1.000000
vn 0.000000 0.000000 1.000000
vn 0.000000 0.000000 1.000000
vn 0.000000 0.000000 1.000000
vn 0.000000 0.000000 1.000000
vn 0.000000 0.000000 1.000000
vn 0.000000 0.000000 1.000000
vn 0.000000 0.000000 1.000000
vn 0.000000 0.000000 1.000000
vn 0.000000 0.000000 1.000000
vn 0.000000 0.000000 1.000000
vn 0.000000 0.000000 1.000000
vn 0.000000 0.000000 1.000000
vn 0.000000 0.000000 1.000000
vn 0.000000 0.000000 1.000000
vn 0.000000 0.000000 1.000000
vn 0.000000 0.000000 1.000000
vn 0.000000 0.000000 1.000000
vn 0.000000 0.000000 1.000000
vn 0.000000 0.000000 1.000000
vn 0.000000 0.000000 1.000000
vn 0.000000 0.000000 1.000000
vn 0.000000 0.000000 1.000000
vn 0.000000 0.000000 1.000000
vn 0.000000 0.000000 1.000000
vn 0.000000 0.000000 1.000000
vn 0.000000 0.000000 1.000000
vn 0.000000 0.000000 1.000000
vn 0.000000 0.000000 1.000000
vn 0.000000 0.000000 1.000000
vn 0.000000 0.000000 1.000000
vn 0.000000 0.000000 1.000000
vn 0.000000 0.000000 1.000000
vn 0.000000 0.000000 1.000000
vn 0.000000 0.000000 1.000000
vn 0.000000 0.000000 1.000000
vn 0.000000 0.000000 1.000000
vn 0.000000 0.000000 1.000000
vn 0.000000 0.000000 1.000000
vn 0.000000 0.000000 1.000000
vn 0.000000 0.000000 -1.000000
vn 0.000000 0.000000 -1.000000
vn 0.000000 0.000000 -1.000000
vn 0.000000 0.000000 -1.000000
vn 0.000000 0.000000 -1.000000
vn 0.000000 0.000000 -1.000000
vn 0.000000 0.000000 -1.000000
vn 0.000000 0.000000 -1.000000
vn 0.000000 0.000000 -1.000000
vn 0.000000 0.000000 -1.000000
vn 0.000000 0.000000 -1.000000
vn 0.000000 0.000000 -1.000000
vn 0.000000 0.000000 -1.000000
vn 0.000000 -0.000000 -1.000000
vn 0.000000 0.000000 -1.000000
vn 0.000000 -0.000000 -1.000000
vn 0.000000 0.000000 -1.000000
vn 0.000000 -0.000000 -1.000000
vn 0.000000 -0.000000 -1.000000
vn 0.000000 0.000000 -1.000000
vn 0.000000 -0.000000 -1.000000
vn 0.000000 0.000000 -1.000000
vn 0.000000 -0.000000 -1.000000
vn 0.000000 -0.000000 -1.000000
vn 0.000000 0.000000 -1.000000
vn 0.000000 0.000000 -1.000000
vn 0.000000 0.000000 -1.000000
vn 0.000000 -0.000000 -1.000000
vn 0.000000 0.000000 -1.000000
vn 0.000000 -0.000000 -1.000000
vn 0.000000 -0.000000 -1.000000
vn 0.000000 0.000000 -1.000000
vn 0.000000 -0.000000 -1.000000
vn 0.000000 -0.000000 -1.000000
vn 0.000000 0.000000 -1.000000
vn 0.000000 0.000000 -1.000000
vn 0.000000 0.000000 -1.000000
vn 0.000000 0.000000 -1.000000
vn 0.000000 0.000000 -1.000000
vn 0.000000 0.000000 -1.000000
vn 0.000000 0.000000 -1.000000
vn 0.000000 0.000000 -1.000000
vn 0.000000 0.000000 -1.000000
vn 0.000000 0.000000 -1.000000
vn 0.000000 0.000000 -1.000000
vn 0.000000 0.000000 -1.000000
vn 0.000000 0.000000 -1.000000
vn 0.000000 0.000000 -1.000000
vn 0.000000 -0.000000 -1.000000
vn 0.000000 0.000000 -1.000000
vn 0.000000 -0.000000 -1.000000
vn 0.000000 0.000000 -1.000000
vn 0.000000 -0.000000 -1.000000
vn 0.000000 0.000000 -1.000000
vn 0.000000 0.000000 -1.000000
vn 0.000000 0.000000 -1.000000
vn 0.000000 0.000000 -1.000000
vn 0.000000 0.000000 -1.000000
vn 0.000000 0.000000 -1.000000
vn 0.000000 0.000000 -1.000000
vn 0.000000 -0.000000 -1.000000
vn 0.000000 -0.000000 -1.000000
vn 0.000000 0.000000 -1.000000
vn 0.000000 0.000000 -1.000000
vn 0.000000 0.000000 -1.000000
vn 0.000000 -0.000000 -1.000000
vn 0.000000 0.000000 -1.000000
vn 0.000000 0.000000 -1.000000
vn 0.000000 0.000000 -1.000000
vn 0.000000 0.000000 -1.000000
vn 0.000000 -0.000000 -1.000000
vn 0.000000 0.000000 -1.000000
vn 0.000000 0.000000 -1.000000
vn 0.000000 -0.000000 -1.000000
vn 0.000000 -0.000000 -1.000000
vn 0.000000 0.000000 -1.000000
vn 0.000000 0.000000 -1.000000
vn 0.000000 0.000000 -1.000000
vn 0.000000 0.000000 -1.000000
vn 0.000000 0.000000 -1.000000
vn 0.000000 -0.000000 -1.000000
vn 0.000000 0.000000 -1.000000
vn 0.000000 0.000000 -1.000000
vn 0.000000 -0.000000 -1.000000
vn 0.000000 0.000000 -1.000000
vn 0.000000 0.000000 -1.000000
vn 0.000000 0.000000 -1.000000
vn -0.000000 -0.000000 -1.000000
vn 0.000000 0.000000 -1.000000
vn -0.000000 -0.000000 -1.000000
vn 0.000000 0.000000 -1.000000
vn 0.000000 0.000000 -1.000000
vn 0.000000 0.000000 -1.000000
vn 0.000000 0.000000 -1.000000
vn 0.000000 0.000000 -1.000000
vn 0.000000 0.000000 -1.000000
vn 0.000000 0.000000 -1.000000
vn 0.000000 0.000000 -1.000000
vn 0.000000 0.000000 -1.000000
vn 0.000000 0.000000 -1.000000
vn 0.000000 0.000000 -1.000000
vn 0.000000 0.000000 -1.000000
vn 0.000000 0.000000 -1.000000
vn -0.000000 -0.000000 -1.000000
vn 0.000000 0.000000 -1.000000
vn 0.000000 0.000000 -1.000000
vn 0.000000 0.000000 -1.000000
vn 0.000000 0.000000 -1.000000
vn -0.000000 -0.000000 -1.000000
vn -0.000000 -0.000000 -1.000000
vn 0.000000 0.000000 -1.000000
vn 0.000000 0.000000 -1.000000
vn 0.000000 0.000000 -1.000000
vn 0.000000 0.000000 -1.000000
vn 0.000000 0.000000 -1.000000
vn -0.000000 -0.000000 -1.000000
vn 0.000000 0.000000 -1.000000
vn 0.000000 0.000000 -1.000000
vn -0.000000 -0.000000 -1.000000
vn 0.000000 0.000000 -1.000000
vn 0.000000 0.000000 -1.000000
vn 0.000000 0.000000 -1.000000
vn -0.000000 -0.000000 -1.000000
vn 0.000000 0.000000 -1.000000
vn -1.000000 0.000000 0.000000
vn -1.000000 0.000000 0.000000
vn 1.000000 0.000000 0.000000
vn 1.000000 -0.000000 0.000000
vn 0.000000 -1.000000 0.000000
vn 0.000000 -1.000000 0.000000
vn 0.000000 1.000000 0.000000
vn 0.000000 1.000000 0.000000
vn 0.000000 0.000000 -1.000000
vn 0.000000 0.000000 -1.000000
vn 0.000000 0.000000 1.000000
vn 0.000000 0.000000 1.000000
vn -1.000000 0.000000 0.000000
vn -1.000000 0.000000 0.000000
vn 1.000000 0.000000 0.000000
vn 1.000000 -0.000000 0.000000
vn 0.000000 -1.000000 0.000000
vn 0.000000 -1.000000 0.000000
vn 0.000000 1.000000 0.000000
vn 0.000000 1.000000 0.000000
vn 0.000000 0.000000 -1.000000
vn 0.000000 0.000000 -1.000000
vn 0.000000 0.000000 1.000000
vn 0.000000 0.000000 1.000000
vn -1.000000 0.000000 0.000000
vn -1.000000 0.000000 0.000000
vn 1.000000 0.000000 0.000000
vn 1.000000 -0.000000 0.000000
vn 0.000000 -1.000000 0.000000
vn 0.000000 -1.000000 0.000000
vn 0.000000 1.000000 0.000000
vn 0.000000 1.000000 0.000000
vn 0.000000 0.000000 -1.000000
vn 0.000000 0.000000 -1.000000
vn 0.000000 0.000000 1.000000
vn 0.000000 0.000000 1.000000
vn -1.000000 0.000000 0.000000
vn -1.000000 0.000000 0.000000
vn 1.000000 0.000000 0.000000
vn 1.000000 -0.000000 0.000000
vn 0.000000 -1.000000 0.000000
vn 0.000000 -1.000000 0.000000
vn 0.000000 1.000000 0.000000
vn 0.000000 1.000000 0.000000
vn 0.000000 0.000000 -1.000000
vn 0.000000 0.000000 -1.000000
vn 0.000000 0.000000 1.000000
vn 0.000000 0.000000 1.000000
vn 0.000000 1.000000 0.000000
vn 0.000000 1.000000 -0.000000
vn 1.000000 -0.000000 0.000000
vn 1.000000 0.000000 0.000000
vn 0.000000 1.000000 0.000000
vn 0.000000 1.000000 -0.000000
vn 1.000000 0.000000 0.000000
vn 1.000000 0.000000 0.000000
vn 0.000000 -1.000000 0.000000
vn 0.000000 -1.000000 0.000000
vn 1.000000 -0.000000 0.000000
vn 1.000000 0.000000 0.000000
vn 0.000000 1.000000 0.000000
vn 0.000000 1.000000 -0.000000
vn 1.000000 0.000000 0.000000
vn 1.000000 0.000000 0.000000
vn 0.000000 -1.000000 0.000000
vn 0.000000 -1.000000 0.000000
vn -1.000000 0.000000 0.000000
vn -1.000000 0.000000 0.000000
vn 0.000000 -1.000000 0.000000
vn 0.000000 -1.000000 0.000000
vn -1.000000 0.000000 0.000000
vn -1.000000 0.000000 0.000000
vn 0.000000 1.000000 0.000000
vn 0.000000 1.000000 -0.000000
vn -1.000000 0.000000 0.000000
vn -1.000000 0.000000 0.000000
vn 0.000000 0.000000 -1.000000
vn 0.000000 0.000000 -1.000000
vn 0.000000 0.000000 -1.000000
vn 0.000000 -0.000000 -1.000000
vn 0.000000 0.000000 -1.000000
vn 0.000000 0.000000 -1.000000
vn 0.000000 0.000000 -1.000000
vn 0.000000 0.000000 -1.000000
vn 0.000000 0.000000 -1.000000
vn 0.000000 0.000000 -1.000000
vn 0.000000 0.000000 -1.000000
vn 0.000000 0.000000 -1.000000
vn 0.000000 0.000000 1.000000
vn 0.000000 0.000000 1.000000
vn 0.000000 0.000000 1.000000
vn 0.000000 -0.000000 1.000000
vn 0.000000 0.000000 1.000000
vn 0.000000 0.000000 1.000000
vn 0.000000 0.000000 1.000000
vn 0.000000 0.000000 1.000000
vn 0.000000 0.000000 1.000000
vn 0.000000 0.000000 1.000000
vn 0.000000 0.000000 1.000000
vn 0.000000 0.000000 1.000000
g \u53a8\u623f\u897f\u5317\u5899
f 1//1 2//1 3//1
f 4//2 1//2 3//2
f 4//3 3//3 5//3
f 6//4 4//4 5//4
f 7//5 6//5 5//5
f 7//6 5//6 8//6
f 7//7 8//7 9//7
f 10//8 7//8 9//8
f 10//9 9//9 11//9
f 12//10 10//10 11//10
f 12//11 11//11 2//11
f 1//12 12//12 2//12
f 7//13 4//13 6//13
f 7//14 10//14 12//14
f 1//15 4//15 7//15
f 1//16 7//16 12//16
f 3//17 8//17 5//17
f 9//18 8//18 11//18
f 3//19 2//19 8//19
f 8//20 2//20 11//20
g \u53a8\u623f\u5357\u5899
f 13//21 14//21 15//21
f 16//22 13//22 15//22
f 17//23 16//23 15//23
f 17//24 15//24 18//24
f 19//25 17//25 18//25
f 19//26 18//26 20//26
f 19//27 20//27 21//27
f 22//28 19//28 21//28
f 23//29 22//29 21//29
f 23//30 21//30 24//30
f 23//31 24//31 14//31
f 13//32 23//32 14//32
f 19//33 16//33 17//33
f 23//34 19//34 22//34
f 13//35 19//35 23//35
f 13//36 16//36 19//36
f 15//37 20//37 18//37
f 20//38 24//38 21//38
f 20//39 14//39 24//39
f 15//40 14//40 20//40
g \u6b21\u5367\u4e00\u897f\u5317\u5899
f 25//41 26//41 27//41
f 25//42 27//42 28//42
f 29//43 25//43 28//43
f 29//44 28//44 30//44
f 31//45 29//45 30//45
f 31//46 30//46 32//46
f 33//47 31//47 32//47
f 33//48 32//48 34//48
f 35//49 33//49 34//49
f 35//50 34//50 36//50
f 35//51 36//51 27//51
f 26//52 35//52 27//52
f 31//53 25//53 29//53
f 31//54 33//54 35//54
f 26//55 25//55 31//55
f 26//56 31//56 35//56
f 28//57 32//57 30//57
f 34//58 32//58 36//58
f 28//59 27//59 32//59
f 32//60 27//60 36//60
g \u6b21\u5367\u4e00\u4e1c\u5317\u5899
f 37//61 38//61 39//61
f 37//62 39//62 40//62
f 41//63 37//63 40//63
f 41//64 40//64 42//64
f 41//65 42//65 43//65
f 44//66 41//66 43//66
f 45//67 44//67 43//67
f 46//68 44//68 45//68
f 47//69 46//69 45//69
f 47//70 45//70 48//70
f 38//71 47//71 48//71
f 38//72 48//72 39//72
f 46//73 37//73 41//73
f 46//74 41//74 44//74
f 38//75 46//75 47//75
f 38//76 37//76 46//76
f 40//77 45//77 42//77
f 42//78 45//78 43//78
f 45//79 39//79 48//79
f 40//80 39//80 45//80
g \u6b21\u5367\u4e00\u5357\u5899
f 49//81 50//81 51//81
f 49//82 51//82 52//82
f 49//83 52//83 53//83
f 54//84 49//84 53//84
f 55//85 54//85 53//85
f 55//86 53//86 56//86
f 55//87 56//87 51//87
f 50//88 55//88 51//88
f 50//89 49//89 54//89
f 50//90 54//90 55//90
f 52//91 51//91 53//91
f 53//92 51//92 56//92
g \u6b21\u5367\u4e00\u95e8\u8fb9
f 57//93 58//93 59//93
f 57//94 59//94 60//94
f 61//95 57//95 60//95
f 61//96 60//96 62//96
f 63//97 61//97 62//97
f 63//98 62//98 64//98
f 58//99 63//99 64//99
f 58//100 64//100 59//100
f 58//101 57//101 61//101
f 58//102 61//102 63//102
f 60//103 59//103 62//103
f 62//104 59//104 64//104
g \u6b21\u536b\u897f\u5899
f 65//105 66//105 67//105
f 65//106 67//106 68//106
f 69//107 65//107 68//107
f 69//108 68//108 70//108
f 71//109 69//109 70//109
f 71//110 70//110 72//110
f 73//111 71//111 72//111
f 73//112 72//112 74//112
f 73//113 74//113 75//113
f 76//114 73//114 75//114
f 76//115 75//115 77//115
f 78//116 76//116 77//116
f 78//117 77//117 79//117
f 80//118 78//118 79//118
f 66//119 80//119 79//119
f 66//120 79//120 67//120
f 73//121 69//121 71//121
f 78//122 73//122 76//122
f 78//123 80//123 73//123
f 66//124 65//124 80//124
f 65//125 69//125 73//125
f 65//126 73//126 80//126
f 70//127 74//127 72//127
f 74//128 77//128 75//128
f 79//129 77//129 74//129
f 68//130 67//130 79//130
f 70//131 68//131 74//131
f 74//132 68//132 79//132
g \u897f\u7ffc\u5916\u5899
f 81//133 82//133 83//133
f 81//134 83//134 84//134
f 81//135 84//135 85//135
f 86//136 81//136 85//136
f 87//137 86//137 85//137
f 87//138 85//138 88//138
f 89//139 87//139 88//139
f 90//140 87//140 89//140
f 91//141 90//141 89//141
f 91//142 89//142 92//142
f 93//143 91//143 92//143
f 93//144 92//144 94//144
f 95//145 93//145 94//145
f 95//146 94//146 96//146
f 83//147 95//147 96//147
f 82//148 95//148 83//148
f 90//149 91//149 93//149
f 90//150 93//150 95//150
f 87//151 81//151 86//151
f 82//152 87//152 90//152
f 82//153 90//153 95//153
f 82//154 81//154 87//154
f 92//155 89//155 94//155
f 94//156 89//156 96//156
f 84//157 88//157 85//157
f 88//158 83//158 89//158
f 89//159 83//159 96//159
f 84//160 83//160 88//160
g \u4e3b\u5367\u5317\u5899
f 97//161 98//161 99//161
f 100//162 97//162 99//162
f 100//163 99//163 101//163
f 102//164 100//164 101//164
f 103//165 102//165 101//165
f 103//166 101//166 104//166
f 103//167 104//167 98//167
f 97//168 103//168 98//168
f 97//169 100//169 102//169
f 97//170 102//170 103//170
f 99//171 98//171 101//171
f 101//172 98//172 104//172
g \u4e3b\u5367\u8863\u5e3d\u533a\u4e1c\u5899
f 105//173 106//173 107//173
f 105//174 107//174 108//174
f 109//175 105//175 108//175
f 109//176 108//176 110//176
f 111//177 109//177 110//177
f 111//178 110//178 112//178
f 106//179 111//179 112//179
f 106//180 112//180 107//180
f 106//181 105//181 109//181
f 106//182 109//182 111//182
f 108//183 107//183 110//183
f 110//184 107//184 112//184
g \u4e3b\u5367\u5317\u5899\u8f6c\u89d2
f 113//185 114//185 115//185
f 116//186 113//186 115//186
f 117//187 116//187 115//187
f 117//188 115//188 118//188
f 119//189 117//189 118//189
f 119//190 118//190 120//190
f 119//191 120//191 121//191
f 122//192 119//192 121//192
f 123//193 122//193 121//193
f 123//194 121//194 124//194
f 113//195 123//195 124//195
f 113//196 124//196 114//196
f 117//197 119//197 122//197
f 117//198 122//198 123//198
f 113//199 116//199 117//199
f 113//200 117//200 123//200
f 120//201 118//201 121//201
f 121//202 118//202 124//202
f 115//203 114//203 118//203
f 118//204 114//204 124//204
g \u4e3b\u5367\u4e1c\u5899
f 125//205 126//205 127//205
f 128//206 125//206 127//206
f 129//207 128//207 127//207
f 129//208 127//208 130//208
f 131//209 129//209 130//209
f 131//210 130//210 132//210
f 131//211 132//211 133//211
f 134//212 131//212 133//212
f 135//213 134//213 133//213
f 135//214 133//214 136//214
f 137//215 135//215 136//215
f 137//216 136//216 138//216
f 139//217 137//217 138//217
f 139//218 138//218 140//218
f 126//219 139//219 140//219
f 125//220 139//220 126//220
f 134//221 129//221 131//221
f 137//222 134//222 135//222
f 137//223 139//223 134//223
f 125//224 128//224 139//224
f 128//225 129//225 139//225
f 139//226 129//226 134//226
f 130//227 133//227 132//227
f 133//228 138//228 136//228
f 140//229 138//229 133//229
f 127//230 126//230 140//230
f 130//231 127//231 140//231
f 130//232 140//232 133//232
g \u4e3b\u5367\u897f\u5357\u8f6c\u89d2
f 141//233 142//233 143//233
f 141//234 143//234 144//234
f 145//235 141//235 144//235
f 145//236 144//236 146//236
f 147//237 145//237 146//237
f 147//238 146//238 148//238
f 149//239 147//239 148//239
f 149//240 148//240 150//240
f 151//241 149//241 150//241
f 151//242 150//242 152//242
f 151//243 152//243 153//243
f 154//244 151//244 153//244
f 155//245 154//245 153//245
f 155//246 153//246 156//246
f 142//247 155//247 156//247
f 142//248 156//248 143//248
f 151//249 154//249 155//249
f 145//250 147//250 149//250
f 145//251 149//251 151//251
f 142//252 141//252 145//252
f 142//253 145//253 151//253
f 142//254 151//254 155//254
f 153//255 152//255 156//255
f 148//256 146//256 150//256
f 150//257 146//257 152//257
f 144//258 143//258 146//258
f 146//259 143//259 152//259
f 152//260 143//260 156//260
g \u4e3b\u5367\u897f\u5357\u7aef\u67f1
f 157//261 158//261 159//261
f 157//262 159//262 160//262
f 161//263 157//263 160//263
f 161//264 160//264 162//264
f 163//265 161//265 162//265
f 163//266 162//266 164//266
f 158//267 163//267 164//267
f 158//268 164//268 159//268
f 163//269 157//269 161//269
f 158//270 157//270 163//270
f 160//271 164//271 162//271
f 160//272 159//272 164//272
g \u4e3b\u5367\u5ba2\u5385\u5357\u7aef\u67f1
f 165//273 166//273 167//273
f 165//274 167//274 168//274
f 169//275 165//275 168//275
f 169//276 168//276 170//276
f 171//277 169//277 170//277
f 171//278 170//278 172//278
f 166//279 171//279 172//279
f 166//280 172//280 167//280
f 166//281 165//281 169//281
f 166//282 169//282 171//282
f 168//283 167//283 170//283
f 170//284 167//284 172//284
g \u5ba2\u5385\u6b21\u5367\u4e8c\u5357\u7aef\u67f1
f 173//285 174//285 175//285
f 173//286 175//286 176//286
f 177//287 173//287 176//287
f 177//288 176//288 178//288
f 179//289 177//289 178//289
f 179//290 178//290 180//290
f 174//291 179//291 180//291
f 174//292 180//292 175//292
f 174//293 173//293 177//293
f 174//294 177//294 179//294
f 176//295 175//295 178//295
f 178//296 175//296 180//296
g \u6b21\u5367\u4e8c\u4e1c\u5317\u5916\u5899
f 181//297 182//297 183//297
f 181//298 183//298 184//298
f 185//299 181//299 184//299
f 185//300 184//300 186//300
f 187//301 185//301 186//301
f 187//302 186//302 188//302
f 189//303 187//303 188//303
f 190//304 187//304 189//304
f 191//305 190//305 189//305
f 192//306 190//306 191//306
f 192//307 191//307 193//307
f 194//308 192//308 193//308
f 195//309 194//309 193//309
f 195//310 193//310 196//310
f 182//311 195//311 196//311
f 182//312 196//312 183//312
f 190//313 181//313 185//313
f 190//314 185//314 187//314
f 195//315 192//315 194//315
f 182//316 190//316 192//316
f 182//317 181//317 190//317
f 182//318 192//318 195//318
f 184//319 189//319 186//319
f 186//320 189//320 188//320
f 191//321 196//321 193//321
f 189//322 183//322 191//322
f 184//323 183//323 189//323
f 191//324 183//324 196//324
g \u6b21\u5367\u4e8c\u897f\u5899\u8f6c\u89d2
f 197//325 198//325 199//325
f 197//326 199//326 200//326
f 197//327 200//327 201//327
f 202//328 197//328 201//328
f 202//329 201//329 203//329
f 204//330 202//330 203//330
f 205//331 204//331 203//331
f 205//332 203//332 206//332
f 207//333 205//333 206//333
f 207//334 206//334 208//334
f 207//335 208//335 209//335
f 210//336 207//336 209//336
f 210//337 209//337 211//337
f 212//338 210//338 211//338
f 212//339 211//339 213//339
f 214//340 212//340 213//340
f 214//341 213//341 215//341
f 216//342 214//342 215//342
f 198//343 216//343 215//343
f 198//344 215//344 199//344
f 202//345 204//345 205//345
f 207//346 202//346 205//346
f 210//347 202//347 207//347
f 216//348 202//348 210//348
f 214//349 210//349 212//349
f 214//350 216//350 210//350
f 198//351 197//351 216//351
f 197//352 202//352 216//352
f 203//353 201//353 206//353
f 201//354 208//354 206//354
f 201//355 209//355 208//355
f 201//356 215//356 209//356
f 209//357 213//357 211//357
f 215//358 213//358 209//358
f 200//359 199//359 215//359
f 201//360 200//360 215//360
g \u6b21\u5367\u4e8c\u4e1c\u5357\u95e8\u8fb9
f 217//361 218//361 219//361
f 220//362 217//362 219//362
f 221//363 220//363 219//363
f 221//364 219//364 222//364
f 221//365 222//365 223//365
f 224//366 221//366 223//366
f 217//367 224//367 223//367
f 217//368 223//368 218//368
f 217//369 220//369 221//369
f 217//370 221//370 224//370
f 219//371 218//371 222//371
f 222//372 218//372 223//372
g \u4e3b\u536b\u8863\u5e3d\u533a\u9694\u5899\u897f
f 225//373 226//373 227//373
f 225//374 227//374 228//374
f 225//375 228//375 229//375
f 230//376 225//376 229//376
f 231//377 230//377 229//377
f 231//378 229//378 232//378
f 231//379 232//379 227//379
f 226//380 231//380 227//380
f 226//381 225//381 230//381
f 226//382 230//382 231//382
f 228//383 227//383 229//383
f 229//384 227//384 232//384
g \u4e3b\u536b\u8863\u5e3d\u533a\u9694\u5899\u4e1c
f 233//385 234//385 235//385
f 236//386 233//386 235//386
f 236//387 235//387 237//387
f 238//388 236//388 237//388
f 238//389 237//389 239//389
f 240//390 238//390 239//390
f 240//391 239//391 234//391
f 233//392 240//392 234//392
f 240//393 236//393 238//393
f 233//394 236//394 240//394
f 235//395 239//395 237//395
f 235//396 234//396 239//396
g \u6b21\u536b\u5bb6\u653f\u9694\u5899
f 241//397 242//397 243//397
f 244//398 241//398 243//398
f 245//399 244//399 243//399
f 245//400 243//400 246//400
f 245//401 246//401 247//401
f 248//402 245//402 247//402
f 241//403 248//403 247//403
f 241//404 247//404 242//404
f 241//405 244//405 245//405
f 241//406 245//406 248//406
f 243//407 242//407 246//407
f 246//408 242//408 247//408
g \u897f\u7ffc\u5357\u7a97\u95e8\u8fb9
f 249//409 250//409 251//409
f 252//410 249//410 251//410
f 252//411 251//411 253//411
f 254//412 252//412 253//412
f 255//413 254//413 253//413
f 255//414 253//414 256//414
f 257//415 255//415 256//415
f 257//416 256//416 258//416
f 259//417 257//417 258//417
f 259//418 258//418 260//418
f 249//419 259//419 260//419
f 249//420 260//420 250//420
f 252//421 255//421 257//421
f 252//422 257//422 259//422
f 254//423 255//423 252//423
f 249//424 252//424 259//424
f 256//425 251//425 258//425
f 258//426 251//426 260//426
f 256//427 253//427 251//427
f 251//428 250//428 260//428
g \u767d\u8272\u5e73\u540a\u9876\uff08\u53ef\u9690\u85cf\uff09
f 261//429 262//429 263//429
f 261//430 263//430 264//430
f 265//431 261//431 264//431
f 266//432 261//432 265//432
f 267//433 266//433 265//433
f 267//434 265//434 268//434
f 269//435 267//435 268//435
f 269//436 268//436 270//436
f 271//437 269//437 270//437
f 271//438 270//438 272//438
f 273//439 271//439 272//439
f 274//440 271//440 273//440
f 275//441 274//441 273//441
f 276//442 274//442 275//442
f 277//443 276//443 275//443
f 277//444 275//444 278//444
f 279//445 277//445 278//445
f 280//446 277//446 279//446
f 281//447 280//447 279//447
f 281//448 279//448 282//448
f 283//449 281//449 282//449
f 283//450 282//450 284//450
f 285//451 283//451 284//451
f 285//452 284//452 286//452
f 287//453 285//453 286//453
f 287//454 286//454 288//454
f 262//455 287//455 288//455
f 262//456 288//456 263//456
f 274//457 276//457 277//457
f 280//458 274//458 277//458
f 281//459 274//459 280//459
f 267//460 269//460 271//460
f 266//461 267//461 271//461
f 287//462 271//462 274//462
f 287//463 274//463 281//463
f 287//464 266//464 271//464
f 285//465 281//465 283//465
f 285//466 287//466 281//466
f 262//467 261//467 266//467
f 262//468 266//468 287//468
f 275//469 273//469 278//469
f 273//470 279//470 278//470
f 273//471 282//471 279//471
f 270//472 268//472 272//472
f 268//473 265//473 272//473
f 272//474 288//474 273//474
f 273//475 288//475 282//475
f 265//476 288//476 272//476
f 282//477 286//477 284//477
f 288//478 286//478 282//478
f 264//479 263//479 265//479
f 265//480 263//480 288//480
g \u5168\u5c4b\u5730\u9762\xb7A7 \u5916\u8f6e\u5ed3
f 289//481 290//481 291//481
f 289//482 291//482 292//482
f 293//483 289//483 292//483
f 293//484 292//484 294//484
f 295//485 293//485 294//485
f 295//486 294//486 296//486
f 297//487 295//487 296//487
f 297//488 296//488 298//488
f 299//489 297//489 298//489
f 299//490 298//490 300//490
f 301//491 299//491 300//491
f 302//492 299//492 301//492
f 303//493 302//493 301//493
f 303//494 301//494 304//494
f 305//495 303//495 304//495
f 305//496 304//496 306//496
f 307//497 305//497 306//497
f 307//498 306//498 308//498
f 309//499 307//499 308//499
f 309//500 308//500 310//500
f 311//501 309//501 310//501
f 311//502 310//502 312//502
f 313//503 311//503 312//503
f 314//504 311//504 313//504
f 315//505 314//505 313//505
f 315//506 313//506 316//506
f 291//507 315//507 316//507
f 290//508 315//508 291//508
f 302//509 303//509 305//509
f 307//510 302//510 305//510
f 309//511 302//511 307//511
f 295//512 297//512 299//512
f 293//513 295//513 299//513
f 315//514 299//514 302//514
f 315//515 302//515 309//515
f 315//516 293//516 299//516
f 314//517 309//517 311//517
f 314//518 315//518 309//518
f 290//519 289//519 293//519
f 290//520 293//520 315//520
f 304//521 301//521 306//521
f 301//522 308//522 306//522
f 301//523 310//523 308//523
f 298//524 296//524 300//524
f 296//525 294//525 300//525
f 300//526 316//526 301//526
f 301//527 316//527 310//527
f 294//528 316//528 300//528
f 310//529 313//529 312//529
f 316//530 313//530 310//530
f 292//531 291//531 294//531
f 294//532 291//532 316//532
g \u53a8\u623f\xb7\u5730\u9762
f 317//533 318//533 319//533
f 317//534 319//534 320//534
f 321//535 317//535 320//535
f 321//536 320//536 322//536
f 323//537 321//537 322//537
f 323//538 322//538 324//538
f 318//539 323//539 324//539
f 318//540 324//540 319//540
f 323//541 317//541 321//541
f 318//542 317//542 323//542
f 320//543 324//543 322//543
f 320//544 319//544 324//544
g \u6b21\u536b\xb7\u5730\u9762
f 325//545 326//545 327//545
f 325//546 327//546 328//546
f 329//547 325//547 328//547
f 329//548 328//548 330//548
f 331//549 329//549 330//549
f 331//550 330//550 332//550
f 326//551 331//551 332//551
f 326//552 332//552 327//552
f 326//553 325//553 329//553
f 326//554 329//554 331//554
f 328//555 327//555 330//555
f 330//556 327//556 332//556
g \u4e3b\u536b\xb7\u5730\u9762
f 333//557 334//557 335//557
f 336//558 334//558 333//558
f 337//559 336//559 333//559
f 338//560 336//560 337//560
f 339//561 338//561 337//561
f 340//562 338//562 339//562
f 335//563 340//563 339//563
f 334//564 340//564 335//564
f 336//565 338//565 340//565
f 334//566 336//566 340//566
f 337//567 333//567 339//567
f 333//568 335//568 339//568
g \u8863\u5e3d\u533a\xb7\u5730\u9762
f 341//569 342//569 343//569
f 344//570 342//570 341//570
f 345//571 344//571 341//571
f 345//572 341//572 346//572
f 347//573 345//573 346//573
f 348//574 345//574 347//574
f 343//575 348//575 347//575
f 342//576 348//576 343//576
f 342//577 344//577 345//577
f 342//578 345//578 348//578
f 341//579 343//579 346//579
f 346//580 343//580 347//580
g \u4e3b\u5367\xb7\u5730\u9762
f 349//581 350//581 351//581
f 349//582 351//582 352//582
f 353//583 349//583 352//583
f 354//584 349//584 353//584
f 355//585 354//585 353//585
f 356//586 354//586 355//586
f 351//587 356//587 355//587
f 350//588 356//588 351//588
f 350//589 349//589 354//589
f 350//590 354//590 356//590
f 352//591 351//591 353//591
f 353//592 351//592 355//592
g \u6b21\u5367\u4e00\xb7\u5730\u9762
f 357//593 358//593 359//593
f 357//594 359//594 360//594
f 361//595 357//595 360//595
f 361//596 360//596 362//596
f 363//597 361//597 362//597
f 363//598 362//598 364//598
f 359//599 363//599 364//599
f 358//600 363//600 359//600
f 358//601 357//601 361//601
f 358//602 361//602 363//602
f 360//603 359//603 362//603
f 362//604 359//604 364//604
g \u6b21\u5367\u4e8c\xb7\u5730\u9762
f 365//605 366//605 367//605
f 365//606 367//606 368//606
f 369//607 365//607 368//607
f 369//608 368//608 370//608
f 371//609 369//609 370//609
f 371//610 370//610 372//610
f 366//611 371//611 372//611
f 366//612 372//612 367//612
f 366//613 365//613 369//613
f 366//614 369//614 371//614
f 368//615 367//615 370//615
f 370//616 367//616 372//616
g \u6b21\u5367\u4e8c\u7a97\u8fb9\u533a\xb7\u5730\u9762
f 373//617 374//617 375//617
f 373//618 375//618 376//618
f 377//619 373//619 376//619
f 378//620 373//620 377//620
f 379//621 378//621 377//621
f 379//622 377//622 380//622
f 375//623 379//623 380//623
f 374//624 379//624 375//624
f 374//625 373//625 378//625
f 374//626 378//626 379//626
f 376//627 375//627 377//627
f 377//628 375//628 380//628
g \u53a8\u623f\u5317\u7a97
f 381//629 382//629 383//629
f 383//630 382//630 384//630
f 385//631 386//631 387//631
f 385//632 387//632 388//632
f 381//633 386//633 382//633
f 386//634 385//634 382//634
f 387//635 383//635 384//635
f 388//636 387//636 384//636
f 383//637 386//637 381//637
f 383//638 387//638 386//638
f 385//639 384//639 382//639
f 388//640 384//640 385//640
g \u53a8\u623f\u4e1c\u7a97
f 389//641 390//641 391//641
f 391//642 390//642 392//642
f 393//643 394//643 395//643
f 393//644 395//644 396//644
f 394//645 393//645 389//645
f 389//646 393//646 390//646
f 396//647 395//647 391//647
f 396//648 391//648 392//648
f 391//649 395//649 389//649
f 389//650 395//650 394//650
f 396//651 392//651 390//651
f 396//652 390//652 393//652
g \u6b21\u5367\u4e00\u5317\u7a97
f 397//653 398//653 399//653
f 399//654 398//654 400//654
f 401//655 402//655 403//655
f 401//656 403//656 404//656
f 402//657 401//657 397//657
f 397//658 401//658 398//658
f 404//659 403//659 399//659
f 404//660 399//660 400//660
f 399//661 402//661 397//661
f 399//662 403//662 402//662
f 401//663 400//663 398//663
f 404//664 400//664 401//664
g \u6b21\u536b\u897f\u7a97
f 405//665 406//665 407//665
f 407//666 406//666 408//666
f 409//667 410//667 411//667
f 409//668 411//668 412//668
f 410//669 409//669 405//669
f 405//670 409//670 406//670
f 412//671 411//671 407//671
f 412//672 407//672 408//672
f 407//673 411//673 405//673
f 405//674 411//674 410//674
f 412//675 408//675 406//675
f 412//676 406//676 409//676
g \u4e3b\u536b\u5317\u7a97
f 413//677 414//677 415//677
f 415//678 414//678 416//678
f 417//679 418//679 419//679
f 417//680 419//680 420//680
f 418//681 417//681 413//681
f 413//682 417//682 414//682
f 420//683 419//683 415//683
f 420//684 415//684 416//684
f 415//685 419//685 413//685
f 413//686 419//686 418//686
f 420//687 416//687 414//687
f 420//688 414//688 417//688
g \u8863\u5e3d\u533a\u5357\u7a97
f 421//689 422//689 423//689
f 423//690 422//690 424//690
f 425//691 426//691 427//691
f 425//692 427//692 428//692
f 421//693 426//693 422//693
f 426//694 425//694 422//694
f 427//695 423//695 424//695
f 428//696 427//696 424//696
f 423//697 427//697 421//697
f 421//698 427//698 426//698
f 428//699 424//699 422//699
f 428//700 422//700 425//700
g \u4e3b\u5367\u5357\u7a97
f 429//701 430//701 431//701
f 431//702 430//702 432//702
f 433//703 434//703 435//703
f 433//704 435//704 436//704
f 434//705 433//705 429//705
f 429//706 433//706 430//706
f 436//707 435//707 431//707
f 436//708 431//708 432//708
f 431//709 435//709 429//709
f 429//710 435//710 434//710
f 436//711 432//711 430//711
f 436//712 430//712 433//712
g \u5ba2\u5385\u5357\u7a97
f 437//713 438//713 439//713
f 439//714 438//714 440//714
f 441//715 442//715 443//715
f 441//716 443//716 444//716
f 437//717 442//717 438//717
f 442//718 441//718 438//718
f 443//719 439//719 440//719
f 444//720 443//720 440//720
f 439//721 443//721 437//721
f 437//722 443//722 442//722
f 444//723 440//723 438//723
f 444//724 438//724 441//724
g \u6b21\u5367\u4e8c\u7a97\u8fb9\u5357\u7a97
f 445//725 446//725 447//725
f 447//726 446//726 448//726
f 449//727 450//727 451//727
f 449//728 451//728 452//728
f 450//729 449//729 445//729
f 445//730 449//730 446//730
f 452//731 451//731 447//731
f 452//732 447//732 448//732
f 447//733 451//733 445//733
f 445//734 451//734 450//734
f 452//735 448//735 446//735
f 452//736 446//736 449//736
g \u6b21\u5367\u4e8c\u7a97\u8fb9\u79fb\u95e8
f 453//737 454//737 455//737
f 455//738 454//738 456//738
f 457//739 458//739 459//739
f 457//740 459//740 460//740
f 458//741 457//741 453//741
f 453//742 457//742 454//742
f 460//743 459//743 455//743
f 460//744 455//744 456//744
f 455//745 458//745 453//745
f 455//746 459//746 458//746
f 457//747 456//747 454//747
f 460//748 456//748 457//748
g \u5ba2\u5385\u7a97\u8fb9\u79fb\u95e8
f 461//749 462//749 463//749
f 462//750 464//750 463//750
f 465//751 466//751 467//751
f 468//752 465//752 467//752
f 465//753 468//753 462//753
f 462//754 468//754 464//754
f 467//755 466//755 461//755
f 467//756 461//756 463//756
f 461//757 466//757 462//757
f 462//758 466//758 465//758
f 467//759 463//759 464//759
f 467//760 464//760 468//760
g \u53a8\u623f\u79fb\u95e8
f 469//761 470//761 471//761
f 471//762 470//762 472//762
f 473//763 474//763 475//763
f 473//764 475//764 476//764
f 474//765 473//765 469//765
f 469//766 473//766 470//766
f 476//767 475//767 471//767
f 476//768 471//768 472//768
f 471//769 474//769 469//769
f 471//770 475//770 474//770
f 473//771 472//771 470//771
f 476//772 472//772 473//772
g \u4e3b\u536b\xb7\u6dcb\u6d74\xb7\u900f\u660e\u73bb\u7483\u5c4f
f 477//773 478//773 479//773
f 479//774 478//774 480//774
f 481//775 482//775 483//775
f 481//776 483//776 484//776
f 482//777 478//777 477//777
f 482//778 481//778 478//778
f 480//779 483//779 479//779
f 484//780 483//780 480//780
f 479//781 482//781 477//781
f 479//782 483//782 482//782
f 481//783 480//783 478//783
f 484//784 480//784 481//784
g \u6b21\u536b\xb7\u6dcb\u6d74\xb7\u900f\u660e\u73bb\u7483\u5c4f
f 485//785 486//785 487//785
f 487//786 486//786 488//786
f 489//787 490//787 491//787
f 489//788 491//788 492//788
f 490//789 489//789 485//789
f 485//790 489//790 486//790
f 492//791 491//791 487//791
f 492//792 487//792 488//792
f 487//793 491//793 485//793
f 485//794 491//794 490//794
f 492//795 488//795 486//795
f 492//796 486//796 489//796
g \u5165\u6237\u95e8
f 493//797 494//797 495//797
f 495//798 494//798 496//798
f 497//799 498//799 499//799
f 497//800 499//800 500//800
f 498//801 494//801 493//801
f 498//802 497//802 494//802
f 496//803 499//803 495//803
f 500//804 499//804 496//804
f 495//805 499//805 493//805
f 493//806 499//806 498//806
f 500//807 496//807 494//807
f 500//808 494//808 497//808
g \u6b21\u5367\u4e00\u95e8
f 501//809 502//809 503//809
f 501//810 504//810 502//810
f 505//811 506//811 507//811
f 508//812 506//812 505//812
f 506//813 508//813 501//813
f 501//814 508//814 504//814
f 505//815 507//815 503//815
f 505//816 503//816 502//816
f 503//817 507//817 501//817
f 501//818 507//818 506//818
f 505//819 502//819 504//819
f 505//820 504//820 508//820
g \u6b21\u5367\u4e8c\u95e8
f 509//821 510//821 511//821
f 511//822 510//822 512//822
f 513//823 514//823 515//823
f 513//824 515//824 516//824
f 514//825 510//825 509//825
f 514//826 513//826 510//826
f 512//827 515//827 511//827
f 516//828 515//828 512//828
f 511//829 515//829 509//829
f 509//830 515//830 514//830
f 516//831 512//831 510//831
f 516//832 510//832 513//832
g \u4e3b\u5367\u95e8
f 517//833 518//833 519//833
f 519//834 518//834 520//834
f 521//835 522//835 523//835
f 521//836 523//836 524//836
f 522//837 521//837 517//837
f 517//838 521//838 518//838
f 524//839 523//839 519//839
f 524//840 519//840 520//840
f 519//841 523//841 517//841
f 517//842 523//842 522//842
f 524//843 520//843 518//843
f 524//844 518//844 521//844
g \u8863\u5e3d\u533a\u95e8
f 525//845 526//845 527//845
f 525//846 528//846 526//846
f 529//847 530//847 531//847
f 532//848 530//848 529//848
f 530//849 532//849 525//849
f 525//850 532//850 528//850
f 529//851 531//851 527//851
f 529//852 527//852 526//852
f 527//853 531//853 525//853
f 525//854 531//854 530//854
f 529//855 526//855 528//855
f 529//856 528//856 532//856
g \u4e3b\u536b\u95e8
f 533//857 534//857 535//857
f 533//858 536//858 534//858
f 537//859 538//859 539//859
f 540//860 538//860 537//860
f 538//861 540//861 533//861
f 533//862 540//862 536//862
f 537//863 539//863 535//863
f 537//864 535//864 534//864
f 533//865 535//865 538//865
f 535//866 539//866 538//866
f 534//867 536//867 540//867
f 537//868 534//868 540//868
g \u6b21\u536b\u95e8
f 541//869 542//869 543//869
f 543//870 542//870 544//870
f 545//871 546//871 547//871
f 545//872 547//872 548//872
f 546//873 545//873 541//873
f 541//874 545//874 542//874
f 548//875 547//875 543//875
f 548//876 543//876 544//876
f 543//877 547//877 541//877
f 541//878 547//878 546//878
f 548//879 544//879 542//879
f 548//880 542//880 545//880
g \u592b\u59bb\u4e3b\u5367\u5e8a\xb7\u5e8a\u67b6
f 549//881 550//881 551//881
f 551//882 550//882 552//882
f 553//883 554//883 555//883
f 553//884 555//884 556//884
f 554//885 553//885 549//885
f 549//886 553//886 550//886
f 556//887 555//887 551//887
f 556//888 551//888 552//888
f 551//889 555//889 549//889
f 549//890 555//890 554//890
f 556//891 552//891 550//891
f 556//892 550//892 553//892
g \u592b\u59bb\u4e3b\u5367\u5e8a\xb7\u5e8a\u57ab
f 557//893 558//893 559//893
f 559//894 558//894 560//894
f 561//895 562//895 563//895
f 561//896 563//896 564//896
f 562//897 561//897 557//897
f 557//898 561//898 558//898
f 564//899 563//899 559//899
f 564//900 559//900 560//900
f 559//901 563//901 557//901
f 557//902 563//902 562//902
f 564//903 560//903 558//903
f 564//904 558//904 561//904
g \u592b\u59bb\u4e3b\u5367\u5e8a\xb7\u8584\u578b\u5e8a\u5934\u677f
f 565//905 566//905 567//905
f 567//906 566//906 568//906
f 569//907 570//907 571//907
f 569//908 571//908 572//908
f 570//909 569//909 565//909
f 565//910 569//910 566//910
f 572//911 571//911 567//911
f 572//912 567//912 568//912
f 567//913 571//913 565//913
f 565//914 571//914 570//914
f 572//915 568//915 566//915
f 572//916 566//916 569//916
g \u592b\u59bb\u4e3b\u5367\u5e8a\xb7\u88ab\u8925
f 573//917 574//917 575//917
f 574//918 576//918 575//918
f 577//919 578//919 579//919
f 580//920 577//920 579//920
f 577//921 580//921 574//921
f 574//922 580//922 576//922
f 579//923 578//923 573//923
f 579//924 573//924 575//924
f 573//925 577//925 574//925
f 573//926 578//926 577//926
f 580//927 575//927 576//927
f 579//928 575//928 580//928
g \u592b\u59bb\u4e3b\u5367\u5e8a\xb7\u6795\u59341
f 581//929 582//929 583//929
f 582//930 584//930 583//930
f 585//931 586//931 587//931
f 588//932 585//932 587//932
f 582//933 585//933 584//933
f 585//934 588//934 584//934
f 586//935 581//935 583//935
f 587//936 586//936 583//936
f 581//937 586//937 582//937
f 582//938 586//938 585//938
f 587//939 583//939 584//939
f 587//940 584//940 588//940
g \u592b\u59bb\u4e3b\u5367\u5e8a\xb7\u6795\u59342
f 589//941 590//941 591//941
f 590//942 592//942 591//942
f 593//943 594//943 595//943
f 596//944 593//944 595//944
f 590//945 593//945 592//945
f 593//946 596//946 592//946
f 594//947 589//947 591//947
f 595//948 594//948 591//948
f 589//949 594//949 590//949
f 590//950 594//950 593//950
f 595//951 591//951 592//951
f 595//952 592//952 596//952
g \u8001\u4eba\u5e8a\xb7\u5e8a\u67b6
f 597//953 598//953 599//953
f 598//954 600//954 599//954
f 601//955 602//955 603//955
f 604//956 601//956 603//956
f 601//957 604//957 598//957
f 598//958 604//958 600//958
f 603//959 602//959 597//959
f 603//960 597//960 599//960
f 597//961 601//961 598//961
f 597//962 602//962 601//962
f 604//963 599//963 600//963
f 603//964 599//964 604//964
g \u8001\u4eba\u5e8a\xb7\u5e8a\u57ab
f 605//965 606//965 607//965
f 607//966 606//966 608//966
f 609//967 610//967 611//967
f 609//968 611//968 612//968
f 610//969 609//969 605//969
f 605//970 609//970 606//970
f 612//971 611//971 607//971
f 612//972 607//972 608//972
f 607//973 611//973 605//973
f 605//974 611//974 610//974
f 612//975 608//975 606//975
f 612//976 606//976 609//976
g \u8001\u4eba\u5e8a\xb7\u8584\u578b\u5e8a\u5934\u677f
f 613//977 614//977 615//977
f 614//978 616//978 615//978
f 617//979 618//979 619//979
f 620//980 617//980 619//980
f 617//981 620//981 614//981
f 614//982 620//982 616//982
f 619//983 618//983 613//983
f 619//984 613//984 615//984
f 613//985 618//985 614//985
f 614//986 618//986 617//986
f 619//987 615//987 616//987
f 619//988 616//988 620//988
g \u8001\u4eba\u5e8a\xb7\u88ab\u8925
f 621//989 622//989 623//989
f 623//990 622//990 624//990
f 625//991 626//991 627//991
f 625//992 627//992 628//992
f 626//993 625//993 621//993
f 621//994 625//994 622//994
f 628//995 627//995 623//995
f 628//996 623//996 624//996
f 623//997 627//997 621//997
f 621//998 627//998 626//998
f 628//999 624//999 622//999
f 628//1000 622//1000 625//1000
g \u8001\u4eba\u5e8a\xb7\u6795\u59341
f 629//1001 630//1001 631//1001
f 630//1002 632//1002 631//1002
f 633//1003 634//1003 635//1003
f 636//1004 633//1004 635//1004
f 633//1005 636//1005 630//1005
f 630//1006 636//1006 632//1006
f 635//1007 634//1007 629//1007
f 635//1008 629//1008 631//1008
f 629//1009 634//1009 630//1009
f 630//1010 634//1010 633//1010
f 635//1011 631//1011 632//1011
f 635//1012 632//1012 636//1012
g \u8001\u4eba\u5e8a\xb7\u6795\u59342
f 637//1013 638//1013 639//1013
f 638//1014 640//1014 639//1014
f 641//1015 642//1015 643//1015
f 644//1016 641//1016 643//1016
f 641//1017 644//1017 638//1017
f 638//1018 644//1018 640//1018
f 643//1019 642//1019 637//1019
f 643//1020 637//1020 639//1020
f 637//1021 642//1021 638//1021
f 638//1022 642//1022 641//1022
f 643//1023 639//1023 640//1023
f 643//1024 640//1024 644//1024
g \u513f\u7ae5\u5e8a\xb7\u5e8a\u67b6
f 645//1025 646//1025 647//1025
f 646//1026 648//1026 647//1026
f 649//1027 650//1027 651//1027
f 652//1028 649//1028 651//1028
f 649//1029 652//1029 646//1029
f 646//1030 652//1030 648//1030
f 651//1031 650//1031 645//1031
f 651//1032 645//1032 647//1032
f 645//1033 649//1033 646//1033
f 645//1034 650//1034 649//1034
f 652//1035 647//1035 648//1035
f 651//1036 647//1036 652//1036
g \u513f\u7ae5\u5e8a\xb7\u5e8a\u57ab
f 653//1037 654//1037 655//1037
f 655//1038 654//1038 656//1038
f 657//1039 658//1039 659//1039
f 657//1040 659//1040 660//1040
f 658//1041 657//1041 653//1041
f 653//1042 657//1042 654//1042
f 660//1043 659//1043 655//1043
f 660//1044 655//1044 656//1044
f 655//1045 659//1045 653//1045
f 653//1046 659//1046 658//1046
f 660//1047 656//1047 654//1047
f 660//1048 654//1048 657//1048
g \u513f\u7ae5\u5e8a\xb7\u8584\u578b\u5e8a\u5934\u677f
f 661//1049 662//1049 663//1049
f 663//1050 662//1050 664//1050
f 665//1051 666//1051 667//1051
f 665//1052 667//1052 668//1052
f 666//1053 665//1053 661//1053
f 661//1054 665//1054 662//1054
f 668//1055 667//1055 663//1055
f 668//1056 663//1056 664//1056
f 663//1057 667//1057 661//1057
f 661//1058 667//1058 666//1058
f 668//1059 664//1059 662//1059
f 668//1060 662//1060 665//1060
g \u513f\u7ae5\u5e8a\xb7\u88ab\u8925
f 669//1061 670//1061 671//1061
f 671//1062 670//1062 672//1062
f 673//1063 674//1063 675//1063
f 673//1064 675//1064 676//1064
f 674//1065 673//1065 669//1065
f 669//1066 673//1066 670//1066
f 676//1067 675//1067 671//1067
f 676//1068 671//1068 672//1068
f 671//1069 674//1069 669//1069
f 671//1070 675//1070 674//1070
f 673//1071 672//1071 670//1071
f 676//1072 672//1072 673//1072
g \u513f\u7ae5\u5e8a\xb7\u6795\u59341
f 677//1073 678//1073 679//1073
f 679//1074 678//1074 680//1074
f 681//1075 682//1075 683//1075
f 681//1076 683//1076 684//1076
f 682//1077 681//1077 677//1077
f 677//1078 681//1078 678//1078
f 684//1079 683//1079 679//1079
f 684//1080 679//1080 680//1080
f 679//1081 683//1081 677//1081
f 677//1082 683//1082 682//1082
f 684//1083 680//1083 678//1083
f 684//1084 678//1084 681//1084
g \u513f\u7ae5\u5e8a\xb7\u6795\u59342
f 685//1085 686//1085 687//1085
f 687//1086 686//1086 688//1086
f 689//1087 690//1087 691//1087
f 689//1088 691//1088 692//1088
f 690//1089 689//1089 685//1089
f 685//1090 689//1090 686//1090
f 692//1091 691//1091 687//1091
f 692//1092 687//1092 688//1092
f 687//1093 691//1093 685//1093
f 685//1094 691//1094 690//1094
f 692//1095 688//1095 686//1095
f 692//1096 686//1096 689//1096
g \u8863\u5e3d\u533a\u957f\u67dc
f 693//1097 694//1097 695//1097
f 695//1098 694//1098 696//1098
f 697//1099 698//1099 699//1099
f 697//1100 699//1100 700//1100
f 698//1101 697//1101 693//1101
f 693//1102 697//1102 694//1102
f 700//1103 699//1103 695//1103
f 700//1104 695//1104 696//1104
f 695//1105 699//1105 693//1105
f 693//1106 699//1106 698//1106
f 700//1107 696//1107 694//1107
f 700//1108 694//1108 697//1108
g \u8863\u5e3d\u533a\u957f\u67dc\xb7\u5206\u7f1d1
f 701//1109 702//1109 703//1109
f 703//1110 702//1110 704//1110
f 705//1111 706//1111 707//1111
f 705//1112 707//1112 708//1112
f 706//1113 705//1113 701//1113
f 701//1114 705//1114 702//1114
f 708//1115 707//1115 703//1115
f 708//1116 703//1116 704//1116
f 703//1117 707//1117 701//1117
f 701//1118 707//1118 706//1118
f 708//1119 704//1119 702//1119
f 708//1120 702//1120 705//1120
g \u8863\u5e3d\u533a\u957f\u67dc\xb7\u5206\u7f1d2
f 709//1121 710//1121 711//1121
f 711//1122 710//1122 712//1122
f 713//1123 714//1123 715//1123
f 713//1124 715//1124 716//1124
f 714//1125 713//1125 709//1125
f 709//1126 713//1126 710//1126
f 716//1127 715//1127 711//1127
f 716//1128 711//1128 712//1128
f 711//1129 715//1129 709//1129
f 709//1130 715//1130 714//1130
f 716//1131 712//1131 710//1131
f 716//1132 710//1132 713//1132
g \u4e3b\u5367\u5317\u8863\u67dc
f 717//1133 718//1133 719//1133
f 719//1134 718//1134 720//1134
f 721//1135 722//1135 723//1135
f 721//1136 723//1136 724//1136
f 722//1137 721//1137 717//1137
f 717//1138 721//1138 718//1138
f 724//1139 723//1139 719//1139
f 724//1140 719//1140 720//1140
f 719//1141 723//1141 717//1141
f 717//1142 723//1142 722//1142
f 724//1143 720//1143 718//1143
f 724//1144 718//1144 721//1144
g \u4e3b\u5367\u5317\u8863\u67dc\xb7\u5206\u7f1d1
f 725//1145 726//1145 727//1145
f 727//1146 726//1146 728//1146
f 729//1147 730//1147 731//1147
f 729//1148 731//1148 732//1148
f 730//1149 729//1149 725//1149
f 725//1150 729//1150 726//1150
f 732//1151 731//1151 727//1151
f 732//1152 727//1152 728//1152
f 727//1153 731//1153 725//1153
f 725//1154 731//1154 730//1154
f 732//1155 728//1155 726//1155
f 732//1156 726//1156 729//1156
g \u4e3b\u5367\u5317\u8863\u67dc\xb7\u5206\u7f1d2
f 733//1157 734//1157 735//1157
f 735//1158 734//1158 736//1158
f 737//1159 738//1159 739//1159
f 737//1160 739//1160 740//1160
f 738//1161 737//1161 733//1161
f 733//1162 737//1162 734//1162
f 740//1163 739//1163 735//1163
f 740//1164 735//1164 736//1164
f 735//1165 739//1165 733//1165
f 733//1166 739//1166 738//1166
f 740//1167 736//1167 734//1167
f 740//1168 734//1168 737//1168
g \u4e3b\u5367\u897f\u8863\u67dc
f 741//1169 742//1169 743//1169
f 741//1170 744//1170 742//1170
f 745//1171 746//1171 747//1171
f 748//1172 746//1172 745//1172
f 746//1173 748//1173 741//1173
f 741//1174 748//1174 744//1174
f 745//1175 747//1175 743//1175
f 745//1176 743//1176 742//1176
f 743//1177 747//1177 741//1177
f 741//1178 747//1178 746//1178
f 745//1179 742//1179 744//1179
f 745//1180 744//1180 748//1180
g \u4e3b\u5367\u897f\u8863\u67dc\xb7\u5206\u7f1d1
f 749//1181 750//1181 751//1181
f 749//1182 752//1182 750//1182
f 753//1183 754//1183 755//1183
f 756//1184 754//1184 753//1184
f 754//1185 756//1185 749//1185
f 749//1186 756//1186 752//1186
f 753//1187 755//1187 751//1187
f 753//1188 751//1188 750//1188
f 751//1189 755//1189 749//1189
f 749//1190 755//1190 754//1190
f 753//1191 750//1191 752//1191
f 753//1192 752//1192 756//1192
g \u4e3b\u5367\u897f\u8863\u67dc\xb7\u5206\u7f1d2
f 757//1193 758//1193 759//1193
f 757//1194 760//1194 758//1194
f 761//1195 762//1195 763//1195
f 764//1196 762//1196 761//1196
f 762//1197 764//1197 757//1197
f 757//1198 764//1198 760//1198
f 761//1199 763//1199 759//1199
f 761//1200 759//1200 758//1200
f 759//1201 763//1201 757//1201
f 757//1202 763//1202 762//1202
f 761//1203 758//1203 760//1203
f 761//1204 760//1204 764//1204
g \u8001\u4eba\u623f\u8863\u67dc
f 765//1205 766//1205 767//1205
f 767//1206 766//1206 768//1206
f 769//1207 770//1207 771//1207
f 769//1208 771//1208 772//1208
f 770//1209 769//1209 765//1209
f 765//1210 769//1210 766//1210
f 772//1211 771//1211 767//1211
f 772//1212 767//1212 768//1212
f 765//1213 767//1213 770//1213
f 767//1214 771//1214 770//1214
f 768//1215 766//1215 769//1215
f 772//1216 768//1216 769//1216
g \u8001\u4eba\u623f\u8863\u67dc\xb7\u5206\u7f1d1
f 773//1217 774//1217 775//1217
f 775//1218 774//1218 776//1218
f 777//1219 778//1219 779//1219
f 777//1220 779//1220 780//1220
f 778//1221 777//1221 773//1221
f 773//1222 777//1222 774//1222
f 780//1223 779//1223 775//1223
f 780//1224 775//1224 776//1224
f 773//1225 775//1225 778//1225
f 775//1226 779//1226 778//1226
f 776//1227 774//1227 777//1227
f 780//1228 776//1228 777//1228
g \u8001\u4eba\u623f\u8863\u67dc\xb7\u5206\u7f1d2
f 781//1229 782//1229 783//1229
f 783//1230 782//1230 784//1230
f 785//1231 786//1231 787//1231
f 785//1232 787//1232 788//1232
f 786//1233 785//1233 781//1233
f 781//1234 785//1234 782//1234
f 788//1235 787//1235 783//1235
f 788//1236 783//1236 784//1236
f 781//1237 783//1237 786//1237
f 783//1238 787//1238 786//1238
f 784//1239 782//1239 785//1239
f 788//1240 784//1240 785//1240
g \u513f\u7ae5\u623f\u8863\u67dc
f 789//1241 790//1241 791//1241
f 789//1242 792//1242 790//1242
f 793//1243 794//1243 795//1243
f 796//1244 794//1244 793//1244
f 794//1245 796//1245 789//1245
f 789//1246 796//1246 792//1246
f 793//1247 795//1247 791//1247
f 793//1248 791//1248 790//1248
f 791//1249 794//1249 789//1249
f 791//1250 795//1250 794//1250
f 796//1251 790//1251 792//1251
f 793//1252 790//1252 796//1252
g \u513f\u7ae5\u623f\u8863\u67dc\xb7\u5206\u7f1d1
f 797//1253 798//1253 799//1253
f 799//1254 798//1254 800//1254
f 801//1255 802//1255 803//1255
f 801//1256 803//1256 804//1256
f 802//1257 801//1257 797//1257
f 797//1258 801//1258 798//1258
f 804//1259 803//1259 799//1259
f 804//1260 799//1260 800//1260
f 797//1261 799//1261 802//1261
f 799//1262 803//1262 802//1262
f 800//1263 798//1263 801//1263
f 804//1264 800//1264 801//1264
g \u513f\u7ae5\u623f\u8863\u67dc\xb7\u5206\u7f1d2
f 805//1265 806//1265 807//1265
f 807//1266 806//1266 808//1266
f 809//1267 810//1267 811//1267
f 809//1268 811//1268 812//1268
f 810//1269 809//1269 805//1269
f 805//1270 809//1270 806//1270
f 812//1271 811//1271 807//1271
f 812//1272 807//1272 808//1272
f 805//1273 807//1273 810//1273
f 807//1274 811//1274 810//1274
f 808//1275 806//1275 809//1275
f 812//1276 808//1276 809//1276
g \u513f\u7ae5\u7a97\u8fb9\u4f4e\u4e66\u67dc
f 813//1277 814//1277 815//1277
f 814//1278 816//1278 815//1278
f 817//1279 818//1279 819//1279
f 820//1280 817//1280 819//1280
f 817//1281 816//1281 814//1281
f 817//1282 820//1282 816//1282
f 815//1283 818//1283 813//1283
f 819//1284 818//1284 815//1284
f 814//1285 813//1285 817//1285
f 813//1286 818//1286 817//1286
f 815//1287 816//1287 820//1287
f 819//1288 815//1288 820//1288
g \u4e3b\u5367\u7a97\u8fb9\u68b3\u5986/\u9605\u8bfb\u53f0
f 821//1289 822//1289 823//1289
f 821//1290 824//1290 822//1290
f 825//1291 826//1291 827//1291
f 828//1292 826//1292 825//1292
f 821//1293 826//1293 824//1293
f 826//1294 828//1294 824//1294
f 827//1295 823//1295 822//1295
f 825//1296 827//1296 822//1296
f 823//1297 827//1297 821//1297
f 821//1298 827//1298 826//1298
f 825//1299 822//1299 824//1299
f 825//1300 824//1300 828//1300
g \u513f\u7ae5\u7a97\u8fb9\u5b66\u4e60\u684c
f 829//1301 830//1301 831//1301
f 829//1302 832//1302 830//1302
f 833//1303 834//1303 835//1303
f 836//1304 834//1304 833//1304
f 834//1305 836//1305 829//1305
f 829//1306 836//1306 832//1306
f 833//1307 835//1307 831//1307
f 833//1308 831//1308 830//1308
f 831//1309 834//1309 829//1309
f 831//1310 835//1310 834//1310
f 836//1311 830//1311 832//1311
f 833//1312 830//1312 836//1312
g \u9910\u684c
f 837//1313 838//1313 839//1313
f 838//1314 840//1314 839//1314
f 841//1315 842//1315 843//1315
f 844//1316 841//1316 843//1316
f 841//1317 844//1317 838//1317
f 838//1318 844//1318 840//1318
f 843//1319 842//1319 837//1319
f 843//1320 837//1320 839//1320
f 837//1321 842//1321 838//1321
f 838//1322 842//1322 841//1322
f 843//1323 839//1323 840//1323
f 843//1324 840//1324 844//1324
g \u9910\u6905\xb7\u5ea7\u9762
f 845//1325 846//1325 847//1325
f 847//1326 846//1326 848//1326
f 849//1327 850//1327 851//1327
f 849//1328 851//1328 852//1328
f 850//1329 849//1329 845//1329
f 845//1330 849//1330 846//1330
f 852//1331 851//1331 847//1331
f 852//1332 847//1332 848//1332
f 845//1333 847//1333 850//1333
f 847//1334 851//1334 850//1334
f 848//1335 846//1335 849//1335
f 852//1336 848//1336 849//1336
g \u9910\u6905\xb7\u9760\u80cc
f 853//1337 854//1337 855//1337
f 853//1338 856//1338 854//1338
f 857//1339 858//1339 859//1339
f 860//1340 858//1340 857//1340
f 858//1341 856//1341 853//1341
f 858//1342 860//1342 856//1342
f 854//1343 859//1343 855//1343
f 857//1344 859//1344 854//1344
f 855//1345 858//1345 853//1345
f 855//1346 859//1346 858//1346
f 860//1347 854//1347 856//1347
f 857//1348 854//1348 860//1348
g \u9910\u6905\xb7\u5ea7\u9762001
f 861//1349 862//1349 863//1349
f 863//1350 862//1350 864//1350
f 865//1351 866//1351 867//1351
f 865//1352 867//1352 868//1352
f 866//1353 865//1353 861//1353
f 861//1354 865//1354 862//1354
f 868//1355 867//1355 863//1355
f 868//1356 863//1356 864//1356
f 861//1357 863//1357 866//1357
f 863//1358 867//1358 866//1358
f 864//1359 862//1359 865//1359
f 868//1360 864//1360 865//1360
g \u9910\u6905\xb7\u9760\u80cc001
f 869//1361 870//1361 871//1361
f 869//1362 872//1362 870//1362
f 873//1363 874//1363 875//1363
f 876//1364 874//1364 873//1364
f 874//1365 872//1365 869//1365
f 874//1366 876//1366 872//1366
f 870//1367 875//1367 871//1367
f 873//1368 875//1368 870//1368
f 871//1369 874//1369 869//1369
f 871//1370 875//1370 874//1370
f 876//1371 870//1371 872//1371
f 873//1372 870//1372 876//1372
g \u9910\u6905\xb7\u5ea7\u9762002
f 877//1373 878//1373 879//1373
f 879//1374 878//1374 880//1374
f 881//1375 882//1375 883//1375
f 881//1376 883//1376 884//1376
f 882//1377 881//1377 877//1377
f 877//1378 881//1378 878//1378
f 884//1379 883//1379 879//1379
f 884//1380 879//1380 880//1380
f 877//1381 879//1381 882//1381
f 879//1382 883//1382 882//1382
f 880//1383 878//1383 881//1383
f 884//1384 880//1384 881//1384
g \u9910\u6905\xb7\u9760\u80cc002
f 885//1385 886//1385 887//1385
f 887//1386 886//1386 888//1386
f 889//1387 890//1387 891//1387
f 889//1388 891//1388 892//1388
f 890//1389 886//1389 885//1389
f 890//1390 889//1390 886//1390
f 888//1391 891//1391 887//1391
f 892//1392 891//1392 888//1392
f 887//1393 890//1393 885//1393
f 887//1394 891//1394 890//1394
f 889//1395 888//1395 886//1395
f 892//1396 888//1396 889//1396
g \u9910\u6905\xb7\u5ea7\u9762003
f 893//1397 894//1397 895//1397
f 895//1398 894//1398 896//1398
f 897//1399 898//1399 899//1399
f 897//1400 899//1400 900//1400
f 898//1401 897//1401 893//1401
f 893//1402 897//1402 894//1402
f 900//1403 899//1403 895//1403
f 900//1404 895//1404 896//1404
f 893//1405 895//1405 898//1405
f 895//1406 899//1406 898//1406
f 896//1407 894//1407 897//1407
f 900//1408 896//1408 897//1408
g \u9910\u6905\xb7\u9760\u80cc003
f 901//1409 902//1409 903//1409
f 903//1410 902//1410 904//1410
f 905//1411 906//1411 907//1411
f 905//1412 907//1412 908//1412
f 906//1413 902//1413 901//1413
f 906//1414 905//1414 902//1414
f 904//1415 907//1415 903//1415
f 908//1416 907//1416 904//1416
f 903//1417 906//1417 901//1417
f 903//1418 907//1418 906//1418
f 905//1419 904//1419 902//1419
f 908//1420 904//1420 905//1420
g \u5ba2\u5385\u6c99\u53d1\xb7\u5e95\u5ea7
f 909//1421 910//1421 911//1421
f 911//1422 910//1422 912//1422
f 913//1423 914//1423 915//1423
f 913//1424 915//1424 916//1424
f 914//1425 913//1425 909//1425
f 909//1426 913//1426 910//1426
f 916//1427 915//1427 911//1427
f 916//1428 911//1428 912//1428
f 911//1429 915//1429 909//1429
f 909//1430 915//1430 914//1430
f 916//1431 912//1431 910//1431
f 916//1432 910//1432 913//1432
g \u5ba2\u5385\u6c99\u53d1\xb7\u5750\u57ab
f 917//1433 918//1433 919//1433
f 919//1434 918//1434 920//1434
f 921//1435 922//1435 923//1435
f 921//1436 923//1436 924//1436
f 922//1437 921//1437 917//1437
f 917//1438 921//1438 918//1438
f 924//1439 923//1439 919//1439
f 924//1440 919//1440 920//1440
f 919//1441 923//1441 917//1441
f 917//1442 923//1442 922//1442
f 924//1443 920//1443 918//1443
f 924//1444 918//1444 921//1444
g \u5ba2\u5385\u6c99\u53d1\xb7\u9760\u80cc
f 925//1445 926//1445 927//1445
f 927//1446 926//1446 928//1446
f 929//1447 930//1447 931//1447
f 929//1448 931//1448 932//1448
f 930//1449 926//1449 925//1449
f 930//1450 929//1450 926//1450
f 928//1451 931//1451 927//1451
f 932//1452 931//1452 928//1452
f 925//1453 927//1453 930//1453
f 927//1454 931//1454 930//1454
f 928//1455 926//1455 929//1455
f 932//1456 928//1456 929//1456
g \u5ba2\u5385\u6c99\u53d1\xb7\u6276\u624b
f 933//1457 934//1457 935//1457
f 935//1458 934//1458 936//1458
f 937//1459 938//1459 939//1459
f 937//1460 939//1460 940//1460
f 933//1461 938//1461 934//1461
f 938//1462 937//1462 934//1462
f 939//1463 935//1463 936//1463
f 940//1464 939//1464 936//1464
f 935//1465 938//1465 933//1465
f 935//1466 939//1466 938//1466
f 937//1467 936//1467 934//1467
f 940//1468 936//1468 937//1468
g \u5ba2\u5385\u6c99\u53d1\xb7\u6276\u624b001
f 941//1469 942//1469 943//1469
f 941//1470 944//1470 942//1470
f 945//1471 946//1471 947//1471
f 948//1472 946//1472 945//1472
f 941//1473 946//1473 944//1473
f 946//1474 948//1474 944//1474
f 947//1475 943//1475 942//1475
f 945//1476 947//1476 942//1476
f 943//1477 946//1477 941//1477
f 943//1478 947//1478 946//1478
f 948//1479 942//1479 944//1479
f 945//1480 942//1480 948//1480
g \u7535\u89c6\u5f71\u97f3\u77ee\u67dc
f 949//1481 950//1481 951//1481
f 951//1482 950//1482 952//1482
f 953//1483 954//1483 955//1483
f 953//1484 955//1484 956//1484
f 954//1485 953//1485 949//1485
f 949//1486 953//1486 950//1486
f 956//1487 955//1487 951//1487
f 956//1488 951//1488 952//1488
f 951//1489 955//1489 949//1489
f 949//1490 955//1490 954//1490
f 956//1491 952//1491 950//1491
f 956//1492 950//1492 953//1492
g \u5ba2\u5385\xb755\u201365\u5bf8\u7535\u89c6
f 957//1493 958//1493 959//1493
f 959//1494 958//1494 960//1494
f 961//1495 962//1495 963//1495
f 961//1496 963//1496 964//1496
f 962//1497 958//1497 957//1497
f 962//1498 961//1498 958//1498
f 960//1499 963//1499 959//1499
f 964//1500 963//1500 960//1500
f 959//1501 963//1501 957//1501
f 957//1502 963//1502 962//1502
f 964//1503 960//1503 958//1503
f 964//1504 958//1504 961//1504
g \u5ba2\u5385\u8336\u51e0
f 965//1505 966//1505 967//1505
f 967//1506 966//1506 968//1506
f 969//1507 970//1507 971//1507
f 969//1508 971//1508 972//1508
f 965//1509 970//1509 966//1509
f 970//1510 969//1510 966//1510
f 971//1511 967//1511 968//1511
f 972//1512 971//1512 968//1512
f 967//1513 971//1513 965//1513
f 965//1514 971//1514 970//1514
f 972//1515 968//1515 966//1515
f 972//1516 966//1516 969//1516
g \u5ba2\u5385\u6c99\u53d1\u8fb9\u51e0
f 973//1517 974//1517 975//1517
f 973//1518 976//1518 974//1518
f 977//1519 978//1519 979//1519
f 980//1520 978//1520 977//1520
f 978//1521 980//1521 973//1521
f 973//1522 980//1522 976//1522
f 977//1523 979//1523 975//1523
f 977//1524 975//1524 974//1524
f 975//1525 979//1525 973//1525
f 973//1526 979//1526 978//1526
f 977//1527 974//1527 976//1527
f 977//1528 976//1528 980//1528
g \u9910\u8fb9\u98df\u54c1/\u4e66\u7c4d\u9ad8\u67dc
f 981//1529 982//1529 983//1529
f 983//1530 982//1530 984//1530
f 985//1531 986//1531 987//1531
f 985//1532 987//1532 988//1532
f 986//1533 985//1533 981//1533
f 981//1534 985//1534 982//1534
f 988//1535 987//1535 983//1535
f 988//1536 983//1536 984//1536
f 983//1537 987//1537 981//1537
f 981//1538 987//1538 986//1538
f 988//1539 984//1539 982//1539
f 988//1540 982//1540 985//1540
g \u9910\u8fb9\u67dc/\u5145\u7535\u6536\u7eb3
f 989//1541 990//1541 991//1541
f 990//1542 992//1542 991//1542
f 993//1543 994//1543 995//1543
f 996//1544 993//1544 995//1544
f 993//1545 996//1545 990//1545
f 990//1546 996//1546 992//1546
f 995//1547 994//1547 989//1547
f 995//1548 989//1548 991//1548
f 990//1549 989//1549 993//1549
f 989//1550 994//1550 993//1550
f 991//1551 992//1551 996//1551
f 995//1552 991//1552 996//1552
g \u53a8\u623f\xb7\u8fde\u7eed\u5730\u67dc
f 997//1553 998//1553 999//1553
f 999//1554 998//1554 1000//1554
f 1001//1555 1002//1555 1003//1555
f 1001//1556 1003//1556 1004//1556
f 1002//1557 1001//1557 997//1557
f 997//1558 1001//1558 998//1558
f 1004//1559 1003//1559 999//1559
f 1004//1560 999//1560 1000//1560
f 999//1561 1003//1561 997//1561
f 997//1562 1003//1562 1002//1562
f 1004//1563 1000//1563 998//1563
f 1004//1564 998//1564 1001//1564
g \u53a8\u623f\xb7\u77f3\u6750\u53f0\u9762
f 1005//1565 1006//1565 1007//1565
f 1007//1566 1006//1566 1008//1566
f 1009//1567 1010//1567 1011//1567
f 1009//1568 1011//1568 1012//1568
f 1010//1569 1009//1569 1005//1569
f 1005//1570 1009//1570 1006//1570
f 1012//1571 1011//1571 1007//1571
f 1012//1572 1007//1572 1008//1572
f 1007//1573 1010//1573 1005//1573
f 1007//1574 1011//1574 1010//1574
f 1009//1575 1008//1575 1006//1575
f 1012//1576 1008//1576 1009//1576
g \u53a8\u623f\xb7\u8fde\u7eed\u5907\u9910\u53f0
f 1013//1577 1014//1577 1015//1577
f 1014//1578 1016//1578 1015//1578
f 1017//1579 1018//1579 1019//1579
f 1020//1580 1017//1580 1019//1580
f 1017//1581 1020//1581 1014//1581
f 1014//1582 1020//1582 1016//1582
f 1019//1583 1018//1583 1013//1583
f 1019//1584 1013//1584 1015//1584
f 1013//1585 1018//1585 1014//1585
f 1014//1586 1018//1586 1017//1586
f 1019//1587 1015//1587 1016//1587
f 1019//1588 1016//1588 1020//1588
g \u53a8\u623f\xb7\u7076\u53f0
f 1021//1589 1022//1589 1023//1589
f 1023//1590 1022//1590 1024//1590
f 1025//1591 1026//1591 1027//1591
f 1025//1592 1027//1592 1028//1592
f 1026//1593 1025//1593 1021//1593
f 1021//1594 1025//1594 1022//1594
f 1028//1595 1027//1595 1023//1595
f 1028//1596 1023//1596 1024//1596
f 1023//1597 1026//1597 1021//1597
f 1023//1598 1027//1598 1026//1598
f 1025//1599 1024//1599 1022//1599
f 1028//1600 1024//1600 1025//1600
g \u53a8\u623f\xb7\u6c34\u69fd
f 1029//1601 1030//1601 1031//1601
f 1030//1602 1032//1602 1031//1602
f 1033//1603 1034//1603 1035//1603
f 1036//1604 1033//1604 1035//1604
f 1033//1605 1036//1605 1030//1605
f 1030//1606 1036//1606 1032//1606
f 1035//1607 1034//1607 1029//1607
f 1035//1608 1029//1608 1031//1608
f 1029//1609 1034//1609 1030//1609
f 1030//1610 1034//1610 1033//1610
f 1035//1611 1031//1611 1032//1611
f 1035//1612 1032//1612 1036//1612
g \u8d70\u5eca\xb7\u8584\u578b\u51b0\u7bb1\xb7\u9760\u53a8\u623f\u72ec\u7acb\u5217
f 1037//1613 1038//1613 1039//1613
f 1037//1614 1040//1614 1038//1614
f 1041//1615 1042//1615 1043//1615
f 1044//1616 1042//1616 1041//1616
f 1042//1617 1044//1617 1037//1617
f 1037//1618 1044//1618 1040//1618
f 1041//1619 1043//1619 1039//1619
f 1041//1620 1039//1620 1038//1620
f 1039//1621 1043//1621 1037//1621
f 1037//1622 1043//1622 1042//1622
f 1041//1623 1038//1623 1040//1623
f 1041//1624 1040//1624 1044//1624
g \u8d70\u5eca\xb7\u51b0\u7bb1\u4e0a\u65b9\u9ad8\u67dc
f 1045//1625 1046//1625 1047//1625
f 1047//1626 1046//1626 1048//1626
f 1049//1627 1050//1627 1051//1627
f 1049//1628 1051//1628 1052//1628
f 1050//1629 1049//1629 1045//1629
f 1045//1630 1049//1630 1046//1630
f 1052//1631 1051//1631 1047//1631
f 1052//1632 1047//1632 1048//1632
f 1047//1633 1051//1633 1045//1633
f 1045//1634 1051//1634 1050//1634
f 1052//1635 1048//1635 1046//1635
f 1052//1636 1046//1636 1049//1636
g \u8d70\u5eca\xb7\u84b8\u7bb1/\u70e4\u7bb1\u72ec\u7acb\u5217
f 1053//1637 1054//1637 1055//1637
f 1053//1638 1056//1638 1054//1638
f 1057//1639 1058//1639 1059//1639
f 1060//1640 1058//1640 1057//1640
f 1058//1641 1056//1641 1053//1641
f 1058//1642 1060//1642 1056//1642
f 1054//1643 1059//1643 1055//1643
f 1057//1644 1059//1644 1054//1644
f 1055//1645 1059//1645 1053//1645
f 1053//1646 1059//1646 1058//1646
f 1057//1647 1054//1647 1056//1647
f 1057//1648 1056//1648 1060//1648
g \u8d70\u5eca\xb7\u84b8\u7bb1\u9762\u677f
f 1061//1649 1062//1649 1063//1649
f 1062//1650 1064//1650 1063//1650
f 1065//1651 1066//1651 1067//1651
f 1068//1652 1065//1652 1067//1652
f 1065//1653 1064//1653 1062//1653
f 1065//1654 1068//1654 1064//1654
f 1063//1655 1066//1655 1061//1655
f 1067//1656 1066//1656 1063//1656
f 1062//1657 1061//1657 1065//1657
f 1061//1658 1066//1658 1065//1658
f 1063//1659 1064//1659 1068//1659
f 1067//1660 1063//1660 1068//1660
g \u8d70\u5eca\xb7\u70e4\u7bb1\u9762\u677f
f 1069//1661 1070//1661 1071//1661
f 1070//1662 1072//1662 1071//1662
f 1073//1663 1074//1663 1075//1663
f 1076//1664 1073//1664 1075//1664
f 1073//1665 1072//1665 1070//1665
f 1073//1666 1076//1666 1072//1666
f 1071//1667 1074//1667 1069//1667
f 1075//1668 1074//1668 1071//1668
f 1070//1669 1069//1669 1073//1669
f 1069//1670 1074//1670 1073//1670
f 1071//1671 1072//1671 1076//1671
f 1075//1672 1071//1672 1076//1672
g \u8d70\u5eca\xb7\u84b8\u70e4\u5217\u4e0a\u65b9\u9ad8\u67dc
f 1077//1673 1078//1673 1079//1673
f 1078//1674 1080//1674 1079//1674
f 1081//1675 1082//1675 1083//1675
f 1084//1676 1081//1676 1083//1676
f 1078//1677 1081//1677 1080//1677
f 1081//1678 1084//1678 1080//1678
f 1082//1679 1077//1679 1079//1679
f 1083//1680 1082//1680 1079//1680
f 1077//1681 1082//1681 1078//1681
f 1078//1682 1082//1682 1081//1682
f 1083//1683 1079//1683 1080//1683
f 1083//1684 1080//1684 1084//1684
g \u8d70\u5eca\xb7\u6d17\u8863\u673a/\u70d8\u5e72\u673a\u53e0\u653e\u5217
f 1085//1685 1086//1685 1087//1685
f 1087//1686 1086//1686 1088//1686
f 1089//1687 1090//1687 1091//1687
f 1089//1688 1091//1688 1092//1688
f 1090//1689 1089//1689 1085//1689
f 1085//1690 1089//1690 1086//1690
f 1092//1691 1091//1691 1087//1691
f 1092//1692 1087//1692 1088//1692
f 1087//1693 1091//1693 1085//1693
f 1085//1694 1091//1694 1090//1694
f 1092//1695 1088//1695 1086//1695
f 1092//1696 1086//1696 1089//1696
g \u8d70\u5eca\xb7\u6d17\u8863\u673a\u9762\u677f
f 1093//1697 1094//1697 1095//1697
f 1095//1698 1094//1698 1096//1698
f 1097//1699 1098//1699 1099//1699
f 1097//1700 1099//1700 1100//1700
f 1098//1701 1097//1701 1093//1701
f 1093//1702 1097//1702 1094//1702
f 1100//1703 1099//1703 1095//1703
f 1100//1704 1095//1704 1096//1704
f 1095//1705 1099//1705 1093//1705
f 1093//1706 1099//1706 1098//1706
f 1100//1707 1096//1707 1094//1707
f 1100//1708 1094//1708 1097//1708
g \u8d70\u5eca\xb7\u70d8\u5e72\u673a\u9762\u677f
f 1101//1709 1102//1709 1103//1709
f 1103//1710 1102//1710 1104//1710
f 1105//1711 1106//1711 1107//1711
f 1105//1712 1107//1712 1108//1712
f 1106//1713 1105//1713 1101//1713
f 1101//1714 1105//1714 1102//1714
f 1108//1715 1107//1715 1103//1715
f 1108//1716 1103//1716 1104//1716
f 1103//1717 1107//1717 1101//1717
f 1101//1718 1107//1718 1106//1718
f 1108//1719 1104//1719 1102//1719
f 1108//1720 1102//1720 1105//1720
g \u8d70\u5eca\xb7\u6d17\u70d8\u5217\u4e0a\u65b9\u9ad8\u67dc
f 1109//1721 1110//1721 1111//1721
f 1111//1722 1110//1722 1112//1722
f 1113//1723 1114//1723 1115//1723
f 1113//1724 1115//1724 1116//1724
f 1109//1725 1114//1725 1110//1725
f 1114//1726 1113//1726 1110//1726
f 1115//1727 1111//1727 1112//1727
f 1116//1728 1115//1728 1112//1728
f 1111//1729 1115//1729 1109//1729
f 1109//1730 1115//1730 1114//1730
f 1116//1731 1112//1731 1110//1731
f 1116//1732 1110//1732 1113//1732
g \u4e3b\u536b\xb71500\xd7700 \u6d74\u7f38
f 1117//1733 1118//1733 1119//1733
f 1118//1734 1120//1734 1119//1734
f 1121//1735 1122//1735 1123//1735
f 1124//1736 1121//1736 1123//1736
f 1118//1737 1121//1737 1120//1737
f 1121//1738 1124//1738 1120//1738
f 1122//1739 1117//1739 1119//1739
f 1123//1740 1122//1740 1119//1740
f 1117//1741 1121//1741 1118//1741
f 1117//1742 1122//1742 1121//1742
f 1124//1743 1119//1743 1120//1743
f 1123//1744 1119//1744 1124//1744
g \u4e3b\u536b\xb7\u6d74\u7f38\u5185\u76c6
f 1125//1745 1126//1745 1127//1745
f 1126//1746 1128//1746 1127//1746
f 1129//1747 1130//1747 1131//1747
f 1132//1748 1129//1748 1131//1748
f 1129//1749 1132//1749 1126//1749
f 1126//1750 1132//1750 1128//1750
f 1131//1751 1130//1751 1125//1751
f 1131//1752 1125//1752 1127//1752
f 1125//1753 1129//1753 1126//1753
f 1125//1754 1130//1754 1129//1754
f 1132//1755 1127//1755 1128//1755
f 1131//1756 1127//1756 1132//1756
g \u4e3b\u536b\xb7\u5750\u4fbf\u5668\xb7\u4e00\u4f53\u6c34\u7bb1
f 1133//1757 1134//1757 1135//1757
f 1133//1758 1136//1758 1134//1758
f 1137//1759 1138//1759 1139//1759
f 1140//1760 1138//1760 1137//1760
f 1138//1761 1136//1761 1133//1761
f 1138//1762 1140//1762 1136//1762
f 1134//1763 1139//1763 1135//1763
f 1137//1764 1139//1764 1134//1764
f 1135//1765 1139//1765 1133//1765
f 1133//1766 1139//1766 1138//1766
f 1137//1767 1134//1767 1136//1767
f 1137//1768 1136//1768 1140//1768
g \u4e3b\u536b\xb7\u5750\u4fbf\u5668\xb7\u76c6\u4f53
f 1141//1769 1142//1769 1143//1769
f 1141//1770 1144//1770 1142//1770
f 1145//1771 1146//1771 1147//1771
f 1148//1772 1146//1772 1145//1772
f 1146//1773 1148//1773 1141//1773
f 1141//1774 1148//1774 1144//1774
f 1145//1775 1147//1775 1143//1775
f 1145//1776 1143//1776 1142//1776
f 1143//1777 1147//1777 1141//1777
f 1141//1778 1147//1778 1146//1778
f 1145//1779 1142//1779 1144//1779
f 1145//1780 1144//1780 1148//1780
g \u4e3b\u536b\xb7\u5750\u4fbf\u5668\xb7\u76c6\u4f53\u524d\u5f27
f 1149//1781 1150//1781 1151//1781
f 1149//1782 1151//1782 1152//1782
f 1149//1783 1152//1783 1153//1783
f 1154//1784 1153//1784 1155//1784
f 1154//1785 1149//1785 1153//1785
f 1156//1786 1154//1786 1155//1786
f 1157//1787 1155//1787 1158//1787
f 1157//1788 1158//1788 1159//1788
f 1157//1789 1156//1789 1155//1789
f 1160//1790 1157//1790 1159//1790
f 1161//1791 1159//1791 1162//1791
f 1161//1792 1162//1792 1163//1792
f 1161//1793 1160//1793 1159//1793
f 1164//1794 1161//1794 1163//1794
f 1165//1795 1163//1795 1166//1795
f 1165//1796 1164//1796 1163//1796
f 1167//1797 1166//1797 1168//1797
f 1167//1798 1165//1798 1166//1798
f 1169//1799 1168//1799 1170//1799
f 1169//1800 1167//1800 1168//1800
f 1171//1801 1170//1801 1172//1801
f 1171//1802 1172//1802 1173//1802
f 1171//1803 1169//1803 1170//1803
f 1174//1804 1171//1804 1173//1804
f 1175//1805 1174//1805 1173//1805
f 1175//1806 1173//1806 1176//1806
f 1175//1807 1176//1807 1177//1807
f 1178//1808 1175//1808 1177//1808
f 1179//1809 1178//1809 1177//1809
f 1179//1810 1177//1810 1180//1810
f 1181//1811 1179//1811 1180//1811
f 1181//1812 1180//1812 1182//1812
f 1181//1813 1182//1813 1183//1813
f 1184//1814 1181//1814 1183//1814
f 1185//1815 1184//1815 1183//1815
f 1185//1816 1183//1816 1186//1816
f 1185//1817 1186//1817 1187//1817
f 1188//1818 1185//1818 1187//1818
f 1188//1819 1187//1819 1189//1819
f 1190//1820 1188//1820 1189//1820
f 1190//1821 1189//1821 1191//1821
f 1192//1822 1190//1822 1191//1822
f 1193//1823 1192//1823 1191//1823
f 1193//1824 1191//1824 1194//1824
f 1195//1825 1194//1825 1196//1825
f 1195//1826 1193//1826 1194//1826
f 1197//1827 1196//1827 1198//1827
f 1197//1828 1195//1828 1196//1828
f 1199//1829 1198//1829 1200//1829
f 1199//1830 1197//1830 1198//1830
f 1201//1831 1200//1831 1202//1831
f 1201//1832 1202//1832 1203//1832
f 1201//1833 1199//1833 1200//1833
f 1204//1834 1201//1834 1203//1834
f 1205//1835 1203//1835 1206//1835
f 1205//1836 1204//1836 1203//1836
f 1207//1837 1206//1837 1208//1837
f 1207//1838 1205//1838 1206//1838
f 1209//1839 1208//1839 1210//1839
f 1209//1840 1207//1840 1208//1840
f 1211//1841 1210//1841 1212//1841
f 1211//1842 1209//1842 1210//1842
f 1213//1843 1212//1843 1214//1843
f 1213//1844 1211//1844 1212//1844
f 1215//1845 1214//1845 1216//1845
f 1215//1846 1216//1846 1217//1846
f 1215//1847 1213//1847 1214//1847
f 1218//1848 1215//1848 1217//1848
f 1219//1849 1217//1849 1220//1849
f 1219//1850 1218//1850 1217//1850
f 1221//1851 1220//1851 1222//1851
f 1221//1852 1219//1852 1220//1852
f 1223//1853 1221//1853 1222//1853
f 1223//1854 1222//1854 1224//1854
f 1225//1855 1223//1855 1224//1855
f 1225//1856 1224//1856 1226//1856
f 1227//1857 1225//1857 1226//1857
f 1227//1858 1226//1858 1228//1858
f 1229//1859 1227//1859 1228//1859
f 1229//1860 1228//1860 1230//1860
f 1231//1861 1229//1861 1230//1861
f 1231//1862 1230//1862 1232//1862
f 1231//1863 1232//1863 1233//1863
f 1234//1864 1231//1864 1233//1864
f 1235//1865 1234//1865 1233//1865
f 1235//1866 1233//1866 1236//1866
f 1237//1867 1235//1867 1236//1867
f 1237//1868 1236//1868 1238//1868
f 1239//1869 1237//1869 1238//1869
f 1239//1870 1238//1870 1240//1870
f 1241//1871 1239//1871 1240//1871
f 1241//1872 1240//1872 1242//1872
f 1243//1873 1241//1873 1242//1873
f 1243//1874 1242//1874 1244//1874
f 1243//1875 1244//1875 1245//1875
f 1246//1876 1243//1876 1245//1876
f 1247//1877 1246//1877 1245//1877
f 1247//1878 1245//1878 1248//1878
f 1249//1879 1247//1879 1248//1879
f 1249//1880 1248//1880 1250//1880
f 1249//1881 1250//1881 1251//1881
f 1252//1882 1249//1882 1251//1882
f 1252//1883 1251//1883 1253//1883
f 1254//1884 1252//1884 1253//1884
f 1255//1885 1254//1885 1253//1885
f 1255//1886 1253//1886 1256//1886
f 1257//1887 1255//1887 1256//1887
f 1257//1888 1256//1888 1258//1888
f 1257//1889 1258//1889 1259//1889
f 1260//1890 1257//1890 1259//1890
f 1261//1891 1260//1891 1259//1891
f 1261//1892 1259//1892 1262//1892
f 1263//1893 1262//1893 1264//1893
f 1263//1894 1261//1894 1262//1894
f 1265//1895 1264//1895 1266//1895
f 1265//1896 1263//1896 1264//1896
f 1267//1897 1266//1897 1268//1897
f 1267//1898 1268//1898 1269//1898
f 1267//1899 1265//1899 1266//1899
f 1270//1900 1269//1900 1271//1900
f 1270//1901 1267//1901 1269//1901
f 1272//1902 1270//1902 1271//1902
f 1273//1903 1272//1903 1271//1903
f 1273//1904 1271//1904 1274//1904
f 1273//1905 1274//1905 1275//1905
f 1276//1906 1273//1906 1275//1906
f 1277//1907 1276//1907 1275//1907
f 1277//1908 1275//1908 1278//1908
f 1279//1909 1277//1909 1278//1909
f 1279//1910 1278//1910 1280//1910
f 1281//1911 1279//1911 1280//1911
f 1281//1912 1280//1912 1282//1912
f 1281//1913 1282//1913 1283//1913
f 1284//1914 1281//1914 1283//1914
f 1285//1915 1284//1915 1283//1915
f 1285//1916 1283//1916 1286//1916
f 1287//1917 1285//1917 1286//1917
f 1287//1918 1286//1918 1288//1918
f 1289//1919 1287//1919 1288//1919
f 1289//1920 1288//1920 1290//1920
f 1291//1921 1289//1921 1290//1921
f 1291//1922 1290//1922 1292//1922
f 1293//1923 1291//1923 1292//1923
f 1293//1924 1292//1924 1294//1924
f 1295//1925 1293//1925 1294//1925
f 1295//1926 1294//1926 1296//1926
f 1295//1927 1296//1927 1297//1927
f 1298//1928 1295//1928 1297//1928
f 1299//1929 1297//1929 1300//1929
f 1299//1930 1298//1930 1297//1930
f 1301//1931 1300//1931 1302//1931
f 1301//1932 1299//1932 1300//1932
f 1303//1933 1302//1933 1304//1933
f 1303//1934 1301//1934 1302//1934
f 1305//1935 1304//1935 1306//1935
f 1305//1936 1303//1936 1304//1936
f 1307//1937 1306//1937 1308//1937
f 1307//1938 1308//1938 1309//1938
f 1307//1939 1305//1939 1306//1939
f 1310//1940 1309//1940 1311//1940
f 1310//1941 1307//1941 1309//1941
f 1312//1942 1310//1942 1311//1942
f 1313//1943 1311//1943 1314//1943
f 1313//1944 1312//1944 1311//1944
f 1315//1945 1314//1945 1316//1945
f 1315//1946 1313//1946 1314//1946
f 1317//1947 1316//1947 1318//1947
f 1317//1948 1315//1948 1316//1948
f 1319//1949 1318//1949 1320//1949
f 1319//1950 1320//1950 1321//1950
f 1319//1951 1317//1951 1318//1951
f 1322//1952 1319//1952 1321//1952
f 1323//1953 1322//1953 1321//1953
f 1323//1954 1321//1954 1324//1954
f 1325//1955 1323//1955 1324//1955
f 1325//1956 1324//1956 1326//1956
f 1327//1957 1325//1957 1326//1957
f 1327//1958 1326//1958 1328//1958
f 1327//1959 1328//1959 1329//1959
f 1330//1960 1327//1960 1329//1960
f 1331//1961 1329//1961 1332//1961
f 1331//1962 1330//1962 1329//1962
f 1333//1963 1331//1963 1332//1963
f 1333//1964 1332//1964 1334//1964
f 1333//1965 1334//1965 1335//1965
f 1336//1966 1335//1966 1337//1966
f 1336//1967 1333//1967 1335//1967
f 1338//1968 1336//1968 1337//1968
f 1339//1969 1337//1969 1340//1969
f 1339//1970 1338//1970 1337//1970
f 1341//1971 1340//1971 1342//1971
f 1341//1972 1339//1972 1340//1972
f 1343//1973 1342//1973 1344//1973
f 1343//1974 1341//1974 1342//1974
f 1345//1975 1344//1975 1346//1975
f 1345//1976 1346//1976 1347//1976
f 1345//1977 1343//1977 1344//1977
f 1348//1978 1345//1978 1347//1978
f 1349//1979 1347//1979 1350//1979
f 1349//1980 1348//1980 1347//1980
f 1351//1981 1350//1981 1352//1981
f 1351//1982 1349//1982 1350//1982
f 1353//1983 1352//1983 1354//1983
f 1353//1984 1351//1984 1352//1984
f 1355//1985 1354//1985 1356//1985
f 1355//1986 1356//1986 1357//1986
f 1355//1987 1353//1987 1354//1987
f 1358//1988 1355//1988 1357//1988
f 1359//1989 1357//1989 1360//1989
f 1359//1990 1360//1990 1361//1990
f 1359//1991 1358//1991 1357//1991
f 1362//1992 1361//1992 1363//1992
f 1362//1993 1359//1993 1361//1993
f 1364//1994 1362//1994 1363//1994
f 1365//1995 1363//1995 1366//1995
f 1365//1996 1364//1996 1363//1996
f 1367//1997 1366//1997 1368//1997
f 1367//1998 1365//1998 1366//1998
f 1369//1999 1368//1999 1370//1999
f 1369//2000 1367//2000 1368//2000
f 1371//2001 1370//2001 1372//2001
f 1371//2002 1372//2002 1373//2002
f 1371//2003 1369//2003 1370//2003
f 1374//2004 1371//2004 1373//2004
f 1375//2005 1374//2005 1373//2005
f 1375//2006 1373//2006 1376//2006
f 1375//2007 1376//2007 1377//2007
f 1378//2008 1375//2008 1377//2008
f 1379//2009 1378//2009 1377//2009
f 1379//2010 1377//2010 1380//2010
f 1381//2011 1379//2011 1380//2011
f 1381//2012 1380//2012 1382//2012
f 1383//2013 1381//2013 1382//2013
f 1383//2014 1382//2014 1384//2014
f 1385//2015 1383//2015 1384//2015
f 1385//2016 1384//2016 1386//2016
f 1385//2017 1386//2017 1387//2017
f 1388//2018 1385//2018 1387//2018
f 1389//2019 1388//2019 1387//2019
f 1389//2020 1387//2020 1390//2020
f 1391//2021 1389//2021 1390//2021
f 1391//2022 1390//2022 1392//2022
f 1393//2023 1391//2023 1392//2023
f 1393//2024 1392//2024 1394//2024
f 1395//2025 1393//2025 1394//2025
f 1395//2026 1394//2026 1396//2026
f 1395//2027 1396//2027 1397//2027
f 1398//2028 1395//2028 1397//2028
f 1399//2029 1398//2029 1397//2029
f 1399//2030 1397//2030 1400//2030
f 1150//2031 1400//2031 1151//2031
f 1150//2032 1399//2032 1400//2032
f 1312//2033 1307//2033 1310//2033
f 1301//2034 1303//2034 1305//2034
f 1301//2035 1305//2035 1307//2035
f 1313//2036 1307//2036 1312//2036
f 1313//2037 1301//2037 1307//2037
f 1298//2038 1299//2038 1301//2038
f 1317//2039 1313//2039 1315//2039
f 1319//2040 1313//2040 1317//2040
f 1293//2041 1301//2041 1313//2041
f 1293//2042 1298//2042 1301//2042
f 1293//2043 1295//2043 1298//2043
f 1323//2044 1319//2044 1322//2044
f 1325//2045 1319//2045 1323//2045
f 1287//2046 1289//2046 1291//2046
f 1287//2047 1291//2047 1293//2047
f 1285//2048 1287//2048 1293//2048
f 1330//2049 1325//2049 1327//2049
f 1331//2050 1319//2050 1325//2050
f 1331//2051 1325//2051 1330//2051
f 1281//2052 1284//2052 1285//2052
f 1333//2053 1319//2053 1331//2053
f 1336//2054 1293//2054 1313//2054
f 1336//2055 1313//2055 1319//2055
f 1336//2056 1319//2056 1333//2056
f 1276//2057 1277//2057 1279//2057
f 1276//2058 1279//2058 1281//2058
f 1273//2059 1276//2059 1281//2059
f 1341//2060 1338//2060 1339//2060
f 1270//2061 1272//2061 1273//2061
f 1345//2062 1341//2062 1343//2062
f 1265//2063 1267//2063 1270//2063
f 1265//2064 1285//2064 1293//2064
f 1265//2065 1281//2065 1285//2065
f 1265//2066 1293//2066 1336//2066
f 1265//2067 1336//2067 1338//2067
f 1265//2068 1273//2068 1281//2068
f 1265//2069 1270//2069 1273//2069
f 1349//2070 1341//2070 1345//2070
f 1349//2071 1265//2071 1338//2071
f 1349//2072 1338//2072 1341//2072
f 1349//2073 1345//2073 1348//2073
f 1260//2074 1261//2074 1263//2074
f 1355//2075 1351//2075 1353//2075
f 1257//2076 1260//2076 1263//2076
f 1358//2077 1349//2077 1351//2077
f 1358//2078 1351//2078 1355//2078
f 1362//2079 1358//2079 1359//2079
f 1249//2080 1252//2080 1254//2080
f 1249//2081 1254//2081 1255//2081
f 1249//2082 1255//2082 1257//2082
f 1367//2083 1362//2083 1364//2083
f 1367//2084 1364//2084 1365//2084
f 1246//2085 1249//2085 1257//2085
f 1246//2086 1247//2086 1249//2086
f 1243//2087 1265//2087 1349//2087
f 1243//2088 1257//2088 1263//2088
f 1243//2089 1246//2089 1257//2089
f 1243//2090 1263//2090 1265//2090
f 1375//2091 1371//2091 1374//2091
f 1237//2092 1239//2092 1241//2092
f 1378//2093 1367//2093 1369//2093
f 1378//2094 1369//2094 1371//2094
f 1378//2095 1371//2095 1375//2095
f 1234//2096 1235//2096 1237//2096
f 1381//2097 1378//2097 1379//2097
f 1231//2098 1237//2098 1241//2098
f 1231//2099 1241//2099 1243//2099
f 1231//2100 1234//2100 1237//2100
f 1383//2101 1367//2101 1378//2101
f 1383//2102 1378//2102 1381//2102
f 1229//2103 1231//2103 1243//2103
f 1389//2104 1383//2104 1385//2104
f 1389//2105 1385//2105 1388//2105
f 1389//2106 1362//2106 1367//2106
f 1389//2107 1367//2107 1383//2107
f 1223//2108 1225//2108 1227//2108
f 1223//2109 1227//2109 1229//2109
f 1221//2110 1229//2110 1243//2110
f 1221//2111 1223//2111 1229//2111
f 1395//2112 1389//2112 1391//2112
f 1395//2113 1391//2113 1393//2113
f 1215//2114 1218//2114 1219//2114
f 1215//2115 1219//2115 1221//2115
f 1399//2116 1395//2116 1398//2116
f 1213//2117 1215//2117 1221//2117
f 1213//2118 1349//2118 1358//2118
f 1213//2119 1358//2119 1362//2119
f 1213//2120 1243//2120 1349//2120
f 1213//2121 1221//2121 1243//2121
f 1150//2122 1389//2122 1395//2122
f 1150//2123 1395//2123 1399//2123
f 1154//2124 1150//2124 1149//2124
f 1154//2125 1389//2125 1150//2125
f 1157//2126 1154//2126 1156//2126
f 1201//2127 1204//2127 1205//2127
f 1201//2128 1205//2128 1207//2128
f 1201//2129 1207//2129 1209//2129
f 1201//2130 1209//2130 1211//2130
f 1201//2131 1211//2131 1213//2131
f 1161//2132 1157//2132 1160//2132
f 1164//2133 1157//2133 1161//2133
f 1197//2134 1213//2134 1362//2134
f 1197//2135 1199//2135 1201//2135
f 1197//2136 1201//2136 1213//2136
f 1195//2137 1197//2137 1362//2137
f 1169//2138 1164//2138 1165//2138
f 1169//2139 1165//2139 1167//2139
f 1169//2140 1157//2140 1164//2140
f 1169//2141 1154//2141 1157//2141
f 1174//2142 1169//2142 1171//2142
f 1185//2143 1188//2143 1190//2143
f 1185//2144 1190//2144 1192//2144
f 1185//2145 1192//2145 1193//2145
f 1185//2146 1193//2146 1195//2146
f 1178//2147 1174//2147 1175//2147
f 1179//2148 1389//2148 1154//2148
f 1179//2149 1195//2149 1362//2149
f 1179//2150 1185//2150 1195//2150
f 1179//2151 1154//2151 1169//2151
f 1179//2152 1169//2152 1174//2152
f 1179//2153 1174//2153 1178//2153
f 1179//2154 1362//2154 1389//2154
f 1181//2155 1184//2155 1185//2155
f 1181//2156 1185//2156 1179//2156
f 1308//2157 1311//2157 1309//2157
f 1304//2158 1302//2158 1306//2158
f 1306//2159 1302//2159 1308//2159
f 1308//2160 1314//2160 1311//2160
f 1302//2161 1314//2161 1308//2161
f 1300//2162 1297//2162 1302//2162
f 1314//2163 1318//2163 1316//2163
f 1314//2164 1320//2164 1318//2164
f 1302//2165 1294//2165 1314//2165
f 1297//2166 1294//2166 1302//2166
f 1296//2167 1294//2167 1297//2167
f 1320//2168 1324//2168 1321//2168
f 1320//2169 1326//2169 1324//2169
f 1290//2170 1288//2170 1292//2170
f 1292//2171 1288//2171 1294//2171
f 1288//2172 1286//2172 1294//2172
f 1326//2173 1329//2173 1328//2173
f 1320//2174 1332//2174 1326//2174
f 1326//2175 1332//2175 1329//2175
f 1283//2176 1282//2176 1286//2176
f 1320//2177 1334//2177 1332//2177
f 1294//2178 1335//2178 1314//2178
f 1314//2179 1335//2179 1320//2179
f 1320//2180 1335//2180 1334//2180
f 1278//2181 1275//2181 1280//2181
f 1280//2182 1275//2182 1282//2182
f 1275//2183 1274//2183 1282//2183
f 1337//2184 1342//2184 1340//2184
f 1271//2185 1269//2185 1274//2185
f 1342//2186 1346//2186 1344//2186
f 1268//2187 1266//2187 1269//2187
f 1286//2188 1266//2188 1294//2188
f 1282//2189 1266//2189 1286//2189
f 1294//2190 1266//2190 1335//2190
f 1335//2191 1266//2191 1337//2191
f 1274//2192 1266//2192 1282//2192
f 1269//2193 1266//2193 1274//2193
f 1342//2194 1350//2194 1346//2194
f 1266//2195 1350//2195 1337//2195
f 1337//2196 1350//2196 1342//2196
f 1346//2197 1350//2197 1347//2197
f 1262//2198 1259//2198 1264//2198
f 1352//2199 1356//2199 1354//2199
f 1259//2200 1258//2200 1264//2200
f 1350//2201 1357//2201 1352//2201
f 1352//2202 1357//2202 1356//2202
f 1357//2203 1361//2203 1360//2203
f 1251//2204 1250//2204 1253//2204
f 1253//2205 1250//2205 1256//2205
f 1256//2206 1250//2206 1258//2206
f 1361//2207 1368//2207 1363//2207
f 1363//2208 1368//2208 1366//2208
f 1250//2209 1245//2209 1258//2209
f 1248//2210 1245//2210 1250//2210
f 1266//2211 1244//2211 1350//2211
f 1258//2212 1244//2212 1264//2212
f 1245//2213 1244//2213 1258//2213
f 1264//2214 1244//2214 1266//2214
f 1372//2215 1376//2215 1373//2215
f 1240//2216 1238//2216 1242//2216
f 1368//2217 1377//2217 1370//2217
f 1370//2218 1377//2218 1372//2218
f 1372//2219 1377//2219 1376//2219
f 1236//2220 1233//2220 1238//2220
f 1377//2221 1382//2221 1380//2221
f 1238//2222 1232//2222 1242//2222
f 1242//2223 1232//2223 1244//2223
f 1233//2224 1232//2224 1238//2224
f 1368//2225 1384//2225 1377//2225
f 1377//2226 1384//2226 1382//2226
f 1232//2227 1230//2227 1244//2227
f 1384//2228 1390//2228 1386//2228
f 1386//2229 1390//2229 1387//2229
f 1361//2230 1390//2230 1368//2230
f 1368//2231 1390//2231 1384//2231
f 1226//2232 1224//2232 1228//2232
f 1228//2233 1224//2233 1230//2233
f 1230//2234 1222//2234 1244//2234
f 1224//2235 1222//2235 1230//2235
f 1390//2236 1396//2236 1392//2236
f 1392//2237 1396//2237 1394//2237
f 1217//2238 1216//2238 1220//2238
f 1220//2239 1216//2239 1222//2239
f 1396//2240 1400//2240 1397//2240
f 1216//2241 1214//2241 1222//2241
f 1350//2242 1214//2242 1357//2242
f 1357//2243 1214//2243 1361//2243
f 1244//2244 1214//2244 1350//2244
f 1222//2245 1214//2245 1244//2245
f 1390//2246 1151//2246 1396//2246
f 1396//2247 1151//2247 1400//2247
f 1151//2248 1153//2248 1152//2248
f 1390//2249 1153//2249 1151//2249
f 1153//2250 1158//2250 1155//2250
f 1203//2251 1202//2251 1206//2251
f 1206//2252 1202//2252 1208//2252
f 1208//2253 1202//2253 1210//2253
f 1210//2254 1202//2254 1212//2254
f 1212//2255 1202//2255 1214//2255
f 1158//2256 1162//2256 1159//2256
f 1158//2257 1163//2257 1162//2257
f 1214//2258 1198//2258 1361//2258
f 1200//2259 1198//2259 1202//2259
f 1202//2260 1198//2260 1214//2260
f 1198//2261 1196//2261 1361//2261
f 1163//2262 1170//2262 1166//2262
f 1166//2263 1170//2263 1168//2263
f 1158//2264 1170//2264 1163//2264
f 1153//2265 1170//2265 1158//2265
f 1170//2266 1173//2266 1172//2266
f 1187//2267 1186//2267 1189//2267
f 1189//2268 1186//2268 1191//2268
f 1191//2269 1186//2269 1194//2269
f 1194//2270 1186//2270 1196//2270
f 1173//2271 1177//2271 1176//2271
f 1390//2272 1180//2272 1153//2272
f 1196//2273 1180//2273 1361//2273
f 1186//2274 1180//2274 1196//2274
f 1153//2275 1180//2275 1170//2275
f 1170//2276 1180//2276 1173//2276
f 1173//2277 1180//2277 1177//2277
f 1361//2278 1180//2278 1390//2278
f 1183//2279 1182//2279 1186//2279
f 1186//2280 1182//2280 1180//2280
g \u4e3b\u536b\xb7\u5750\u4fbf\u5668\xb7\u7f13\u964d\u76d6\u677f
f 1401//2281 1402//2281 1403//2281
f 1403//2282 1402//2282 1404//2282
f 1405//2283 1406//2283 1407//2283
f 1405//2284 1407//2284 1408//2284
f 1406//2285 1405//2285 1401//2285
f 1401//2286 1405//2286 1402//2286
f 1408//2287 1407//2287 1403//2287
f 1408//2288 1403//2288 1404//2288
f 1403//2289 1406//2289 1401//2289
f 1403//2290 1407//2290 1406//2290
f 1405//2291 1404//2291 1402//2291
f 1408//2292 1404//2292 1405//2292
g \u6b21\u536b\xb7\u5750\u4fbf\u5668\xb7\u4e00\u4f53\u6c34\u7bb1
f 1409//2293 1410//2293 1411//2293
f 1409//2294 1412//2294 1410//2294
f 1413//2295 1414//2295 1415//2295
f 1416//2296 1414//2296 1413//2296
f 1414//2297 1412//2297 1409//2297
f 1414//2298 1416//2298 1412//2298
f 1410//2299 1415//2299 1411//2299
f 1413//2300 1415//2300 1410//2300
f 1409//2301 1411//2301 1414//2301
f 1411//2302 1415//2302 1414//2302
f 1410//2303 1412//2303 1416//2303
f 1413//2304 1410//2304 1416//2304
g \u6b21\u536b\xb7\u5750\u4fbf\u5668\xb7\u76c6\u4f53
f 1417//2305 1418//2305 1419//2305
f 1419//2306 1418//2306 1420//2306
f 1421//2307 1422//2307 1423//2307
f 1421//2308 1423//2308 1424//2308
f 1417//2309 1422//2309 1418//2309
f 1422//2310 1421//2310 1418//2310
f 1423//2311 1419//2311 1420//2311
f 1424//2312 1423//2312 1420//2312
f 1419//2313 1423//2313 1417//2313
f 1417//2314 1423//2314 1422//2314
f 1424//2315 1420//2315 1418//2315
f 1424//2316 1418//2316 1421//2316
g \u6b21\u536b\xb7\u5750\u4fbf\u5668\xb7\u76c6\u4f53\u524d\u5f27
f 1425//2317 1426//2317 1427//2317
f 1425//2318 1427//2318 1428//2318
f 1425//2319 1428//2319 1429//2319
f 1430//2320 1429//2320 1431//2320
f 1430//2321 1425//2321 1429//2321
f 1432//2322 1430//2322 1431//2322
f 1433//2323 1431//2323 1434//2323
f 1433//2324 1434//2324 1435//2324
f 1433//2325 1432//2325 1431//2325
f 1436//2326 1433//2326 1435//2326
f 1437//2327 1435//2327 1438//2327
f 1437//2328 1438//2328 1439//2328
f 1437//2329 1436//2329 1435//2329
f 1440//2330 1437//2330 1439//2330
f 1441//2331 1439//2331 1442//2331
f 1441//2332 1440//2332 1439//2332
f 1443//2333 1442//2333 1444//2333
f 1443//2334 1441//2334 1442//2334
f 1445//2335 1444//2335 1446//2335
f 1445//2336 1443//2336 1444//2336
f 1447//2337 1446//2337 1448//2337
f 1447//2338 1448//2338 1449//2338
f 1447//2339 1445//2339 1446//2339
f 1450//2340 1447//2340 1449//2340
f 1451//2341 1450//2341 1449//2341
f 1451//2342 1449//2342 1452//2342
f 1451//2343 1452//2343 1453//2343
f 1454//2344 1451//2344 1453//2344
f 1455//2345 1454//2345 1453//2345
f 1455//2346 1453//2346 1456//2346
f 1457//2347 1455//2347 1456//2347
f 1457//2348 1456//2348 1458//2348
f 1457//2349 1458//2349 1459//2349
f 1460//2350 1457//2350 1459//2350
f 1461//2351 1460//2351 1459//2351
f 1461//2352 1459//2352 1462//2352
f 1461//2353 1462//2353 1463//2353
f 1464//2354 1461//2354 1463//2354
f 1464//2355 1463//2355 1465//2355
f 1466//2356 1464//2356 1465//2356
f 1466//2357 1465//2357 1467//2357
f 1468//2358 1466//2358 1467//2358
f 1469//2359 1468//2359 1467//2359
f 1469//2360 1467//2360 1470//2360
f 1471//2361 1470//2361 1472//2361
f 1471//2362 1469//2362 1470//2362
f 1473//2363 1472//2363 1474//2363
f 1473//2364 1471//2364 1472//2364
f 1475//2365 1474//2365 1476//2365
f 1475//2366 1473//2366 1474//2366
f 1477//2367 1476//2367 1478//2367
f 1477//2368 1478//2368 1479//2368
f 1477//2369 1475//2369 1476//2369
f 1480//2370 1477//2370 1479//2370
f 1481//2371 1479//2371 1482//2371
f 1481//2372 1480//2372 1479//2372
f 1483//2373 1482//2373 1484//2373
f 1483//2374 1481//2374 1482//2374
f 1485//2375 1484//2375 1486//2375
f 1485//2376 1483//2376 1484//2376
f 1487//2377 1486//2377 1488//2377
f 1487//2378 1485//2378 1486//2378
f 1489//2379 1488//2379 1490//2379
f 1489//2380 1487//2380 1488//2380
f 1491//2381 1490//2381 1492//2381
f 1491//2382 1492//2382 1493//2382
f 1491//2383 1489//2383 1490//2383
f 1494//2384 1491//2384 1493//2384
f 1495//2385 1493//2385 1496//2385
f 1495//2386 1494//2386 1493//2386
f 1497//2387 1496//2387 1498//2387
f 1497//2388 1495//2388 1496//2388
f 1499//2389 1497//2389 1498//2389
f 1499//2390 1498//2390 1500//2390
f 1501//2391 1499//2391 1500//2391
f 1501//2392 1500//2392 1502//2392
f 1503//2393 1501//2393 1502//2393
f 1503//2394 1502//2394 1504//2394
f 1505//2395 1503//2395 1504//2395
f 1505//2396 1504//2396 1506//2396
f 1507//2397 1505//2397 1506//2397
f 1507//2398 1506//2398 1508//2398
f 1507//2399 1508//2399 1509//2399
f 1510//2400 1507//2400 1509//2400
f 1511//2401 1510//2401 1509//2401
f 1511//2402 1509//2402 1512//2402
f 1513//2403 1511//2403 1512//2403
f 1513//2404 1512//2404 1514//2404
f 1515//2405 1513//2405 1514//2405
f 1515//2406 1514//2406 1516//2406
f 1517//2407 1515//2407 1516//2407
f 1517//2408 1516//2408 1518//2408
f 1519//2409 1517//2409 1518//2409
f 1519//2410 1518//2410 1520//2410
f 1519//2411 1520//2411 1521//2411
f 1522//2412 1519//2412 1521//2412
f 1523//2413 1522//2413 1521//2413
f 1523//2414 1521//2414 1524//2414
f 1525//2415 1523//2415 1524//2415
f 1525//2416 1524//2416 1526//2416
f 1525//2417 1526//2417 1527//2417
f 1528//2418 1525//2418 1527//2418
f 1528//2419 1527//2419 1529//2419
f 1530//2420 1528//2420 1529//2420
f 1531//2421 1530//2421 1529//2421
f 1531//2422 1529//2422 1532//2422
f 1533//2423 1531//2423 1532//2423
f 1533//2424 1532//2424 1534//2424
f 1533//2425 1534//2425 1535//2425
f 1536//2426 1533//2426 1535//2426
f 1537//2427 1536//2427 1535//2427
f 1537//2428 1535//2428 1538//2428
f 1539//2429 1538//2429 1540//2429
f 1539//2430 1537//2430 1538//2430
f 1541//2431 1540//2431 1542//2431
f 1541//2432 1539//2432 1540//2432
f 1543//2433 1542//2433 1544//2433
f 1543//2434 1544//2434 1545//2434
f 1543//2435 1541//2435 1542//2435
f 1546//2436 1545//2436 1547//2436
f 1546//2437 1543//2437 1545//2437
f 1548//2438 1546//2438 1547//2438
f 1549//2439 1548//2439 1547//2439
f 1549//2440 1547//2440 1550//2440
f 1549//2441 1550//2441 1551//2441
f 1552//2442 1549//2442 1551//2442
f 1553//2443 1552//2443 1551//2443
f 1553//2444 1551//2444 1554//2444
f 1555//2445 1553//2445 1554//2445
f 1555//2446 1554//2446 1556//2446
f 1557//2447 1555//2447 1556//2447
f 1557//2448 1556//2448 1558//2448
f 1557//2449 1558//2449 1559//2449
f 1560//2450 1557//2450 1559//2450
f 1561//2451 1560//2451 1559//2451
f 1561//2452 1559//2452 1562//2452
f 1563//2453 1561//2453 1562//2453
f 1563//2454 1562//2454 1564//2454
f 1565//2455 1563//2455 1564//2455
f 1565//2456 1564//2456 1566//2456
f 1567//2457 1565//2457 1566//2457
f 1567//2458 1566//2458 1568//2458
f 1569//2459 1567//2459 1568//2459
f 1569//2460 1568//2460 1570//2460
f 1571//2461 1569//2461 1570//2461
f 1571//2462 1570//2462 1572//2462
f 1571//2463 1572//2463 1573//2463
f 1574//2464 1571//2464 1573//2464
f 1575//2465 1573//2465 1576//2465
f 1575//2466 1574//2466 1573//2466
f 1577//2467 1576//2467 1578//2467
f 1577//2468 1575//2468 1576//2468
f 1579//2469 1578//2469 1580//2469
f 1579//2470 1577//2470 1578//2470
f 1581//2471 1580//2471 1582//2471
f 1581//2472 1579//2472 1580//2472
f 1583//2473 1582//2473 1584//2473
f 1583//2474 1584//2474 1585//2474
f 1583//2475 1581//2475 1582//2475
f 1586//2476 1585//2476 1587//2476
f 1586//2477 1583//2477 1585//2477
f 1588//2478 1586//2478 1587//2478
f 1589//2479 1587//2479 1590//2479
f 1589//2480 1588//2480 1587//2480
f 1591//2481 1590//2481 1592//2481
f 1591//2482 1589//2482 1590//2482
f 1593//2483 1592//2483 1594//2483
f 1593//2484 1591//2484 1592//2484
f 1595//2485 1594//2485 1596//2485
f 1595//2486 1596//2486 1597//2486
f 1595//2487 1593//2487 1594//2487
f 1598//2488 1595//2488 1597//2488
f 1599//2489 1598//2489 1597//2489
f 1599//2490 1597//2490 1600//2490
f 1601//2491 1599//2491 1600//2491
f 1601//2492 1600//2492 1602//2492
f 1603//2493 1601//2493 1602//2493
f 1603//2494 1602//2494 1604//2494
f 1603//2495 1604//2495 1605//2495
f 1606//2496 1603//2496 1605//2496
f 1607//2497 1605//2497 1608//2497
f 1607//2498 1606//2498 1605//2498
f 1609//2499 1607//2499 1608//2499
f 1609//2500 1608//2500 1610//2500
f 1609//2501 1610//2501 1611//2501
f 1612//2502 1611//2502 1613//2502
f 1612//2503 1609//2503 1611//2503
f 1614//2504 1612//2504 1613//2504
f 1615//2505 1613//2505 1616//2505
f 1615//2506 1614//2506 1613//2506
f 1617//2507 1616//2507 1618//2507
f 1617//2508 1615//2508 1616//2508
f 1619//2509 1618//2509 1620//2509
f 1619//2510 1617//2510 1618//2510
f 1621//2511 1620//2511 1622//2511
f 1621//2512 1622//2512 1623//2512
f 1621//2513 1619//2513 1620//2513
f 1624//2514 1621//2514 1623//2514
f 1625//2515 1623//2515 1626//2515
f 1625//2516 1624//2516 1623//2516
f 1627//2517 1626//2517 1628//2517
f 1627//2518 1625//2518 1626//2518
f 1629//2519 1628//2519 1630//2519
f 1629//2520 1627//2520 1628//2520
f 1631//2521 1630//2521 1632//2521
f 1631//2522 1632//2522 1633//2522
f 1631//2523 1629//2523 1630//2523
f 1634//2524 1631//2524 1633//2524
f 1635//2525 1633//2525 1636//2525
f 1635//2526 1636//2526 1637//2526
f 1635//2527 1634//2527 1633//2527
f 1638//2528 1637//2528 1639//2528
f 1638//2529 1635//2529 1637//2529
f 1640//2530 1638//2530 1639//2530
f 1641//2531 1639//2531 1642//2531
f 1641//2532 1640//2532 1639//2532
f 1643//2533 1642//2533 1644//2533
f 1643//2534 1641//2534 1642//2534
f 1645//2535 1644//2535 1646//2535
f 1645//2536 1643//2536 1644//2536
f 1647//2537 1646//2537 1648//2537
f 1647//2538 1648//2538 1649//2538
f 1647//2539 1645//2539 1646//2539
f 1650//2540 1647//2540 1649//2540
f 1651//2541 1650//2541 1649//2541
f 1651//2542 1649//2542 1652//2542
f 1651//2543 1652//2543 1653//2543
f 1654//2544 1651//2544 1653//2544
f 1655//2545 1654//2545 1653//2545
f 1655//2546 1653//2546 1656//2546
f 1657//2547 1655//2547 1656//2547
f 1657//2548 1656//2548 1658//2548
f 1659//2549 1657//2549 1658//2549
f 1659//2550 1658//2550 1660//2550
f 1661//2551 1659//2551 1660//2551
f 1661//2552 1660//2552 1662//2552
f 1661//2553 1662//2553 1663//2553
f 1664//2554 1661//2554 1663//2554
f 1665//2555 1664//2555 1663//2555
f 1665//2556 1663//2556 1666//2556
f 1667//2557 1665//2557 1666//2557
f 1667//2558 1666//2558 1668//2558
f 1669//2559 1667//2559 1668//2559
f 1669//2560 1668//2560 1670//2560
f 1671//2561 1669//2561 1670//2561
f 1671//2562 1670//2562 1672//2562
f 1671//2563 1672//2563 1673//2563
f 1674//2564 1671//2564 1673//2564
f 1675//2565 1674//2565 1673//2565
f 1675//2566 1673//2566 1676//2566
f 1426//2567 1676//2567 1427//2567
f 1426//2568 1675//2568 1676//2568
f 1588//2569 1583//2569 1586//2569
f 1577//2570 1579//2570 1581//2570
f 1589//2571 1583//2571 1588//2571
f 1589//2572 1581//2572 1583//2572
f 1574//2573 1575//2573 1577//2573
f 1593//2574 1589//2574 1591//2574
f 1595//2575 1589//2575 1593//2575
f 1569//2576 1577//2576 1581//2576
f 1569//2577 1581//2577 1589//2577
f 1569//2578 1574//2578 1577//2578
f 1569//2579 1571//2579 1574//2579
f 1599//2580 1595//2580 1598//2580
f 1601//2581 1589//2581 1595//2581
f 1601//2582 1595//2582 1599//2582
f 1563//2583 1565//2583 1567//2583
f 1563//2584 1567//2584 1569//2584
f 1561//2585 1563//2585 1569//2585
f 1606//2586 1601//2586 1603//2586
f 1609//2587 1589//2587 1601//2587
f 1609//2588 1601//2588 1606//2588
f 1609//2589 1606//2589 1607//2589
f 1614//2590 1609//2590 1612//2590
f 1552//2591 1553//2591 1555//2591
f 1552//2592 1555//2592 1557//2592
f 1549//2593 1557//2593 1560//2593
f 1549//2594 1552//2594 1557//2594
f 1549//2595 1560//2595 1561//2595
f 1549//2596 1561//2596 1569//2596
f 1546//2597 1548//2597 1549//2597
f 1541//2598 1543//2598 1546//2598
f 1541//2599 1546//2599 1549//2599
f 1541//2600 1549//2600 1569//2600
f 1625//2601 1621//2601 1624//2601
f 1627//2602 1621//2602 1625//2602
f 1537//2603 1541//2603 1569//2603
f 1537//2604 1569//2604 1589//2604
f 1537//2605 1539//2605 1541//2605
f 1537//2606 1589//2606 1609//2606
f 1537//2607 1609//2607 1614//2607
f 1533//2608 1536//2608 1537//2608
f 1533//2609 1537//2609 1614//2609
f 1635//2610 1627//2610 1629//2610
f 1635//2611 1629//2611 1631//2611
f 1635//2612 1631//2612 1634//2612
f 1638//2613 1627//2613 1635//2613
f 1523//2614 1525//2614 1528//2614
f 1522//2615 1523//2615 1528//2615
f 1522//2616 1528//2616 1530//2616
f 1522//2617 1530//2617 1531//2617
f 1522//2618 1531//2618 1533//2618
f 1519//2619 1533//2619 1614//2619
f 1519//2620 1522//2620 1533//2620
f 1647//2621 1638//2621 1640//2621
f 1647//2622 1640//2622 1641//2622
f 1647//2623 1641//2623 1643//2623
f 1647//2624 1643//2624 1645//2624
f 1517//2625 1519//2625 1614//2625
f 1517//2626 1614//2626 1615//2626
f 1517//2627 1615//2627 1617//2627
f 1517//2628 1617//2628 1619//2628
f 1517//2629 1619//2629 1621//2629
f 1650//2630 1638//2630 1647//2630
f 1659//2631 1655//2631 1657//2631
f 1505//2632 1507//2632 1510//2632
f 1505//2633 1510//2633 1511//2633
f 1505//2634 1511//2634 1513//2634
f 1505//2635 1513//2635 1515//2635
f 1505//2636 1515//2636 1517//2636
f 1661//2637 1650//2637 1651//2637
f 1661//2638 1651//2638 1654//2638
f 1661//2639 1654//2639 1655//2639
f 1661//2640 1638//2640 1650//2640
f 1661//2641 1655//2641 1659//2641
f 1664//2642 1638//2642 1661//2642
f 1499//2643 1501//2643 1503//2643
f 1499//2644 1503//2644 1505//2644
f 1497//2645 1517//2645 1621//2645
f 1497//2646 1505//2646 1517//2646
f 1497//2647 1499//2647 1505//2647
f 1669//2648 1665//2648 1667//2648
f 1494//2649 1495//2649 1497//2649
f 1674//2650 1669//2650 1671//2650
f 1491//2651 1494//2651 1497//2651
f 1426//2652 1669//2652 1674//2652
f 1426//2653 1674//2653 1675//2653
f 1487//2654 1489//2654 1491//2654
f 1485//2655 1487//2655 1491//2655
f 1485//2656 1491//2656 1497//2656
f 1433//2657 1425//2657 1430//2657
f 1433//2658 1430//2658 1432//2658
f 1480//2659 1481//2659 1483//2659
f 1437//2660 1433//2660 1436//2660
f 1473//2661 1621//2661 1627//2661
f 1473//2662 1485//2662 1497//2662
f 1473//2663 1475//2663 1477//2663
f 1473//2664 1477//2664 1480//2664
f 1473//2665 1483//2665 1485//2665
f 1473//2666 1627//2666 1638//2666
f 1473//2667 1480//2667 1483//2667
f 1473//2668 1497//2668 1621//2668
f 1471//2669 1473//2669 1638//2669
f 1447//2670 1437//2670 1440//2670
f 1447//2671 1440//2671 1441//2671
f 1447//2672 1441//2672 1443//2672
f 1447//2673 1443//2673 1445//2673
f 1466//2674 1468//2674 1469//2674
f 1466//2675 1469//2675 1471//2675
f 1450//2676 1433//2676 1437//2676
f 1450//2677 1437//2677 1447//2677
f 1461//2678 1464//2678 1466//2678
f 1461//2679 1466//2679 1471//2679
f 1454//2680 1450//2680 1451//2680
f 1455//2681 1426//2681 1425//2681
f 1455//2682 1664//2682 1665//2682
f 1455//2683 1471//2683 1638//2683
f 1455//2684 1425//2684 1433//2684
f 1455//2685 1433//2685 1450//2685
f 1455//2686 1450//2686 1454//2686
f 1455//2687 1669//2687 1426//2687
f 1455//2688 1638//2688 1664//2688
f 1455//2689 1665//2689 1669//2689
f 1457//2690 1471//2690 1455//2690
f 1457//2691 1460//2691 1461//2691
f 1457//2692 1461//2692 1471//2692
f 1584//2693 1587//2693 1585//2693
f 1580//2694 1578//2694 1582//2694
f 1584//2695 1590//2695 1587//2695
f 1582//2696 1590//2696 1584//2696
f 1576//2697 1573//2697 1578//2697
f 1590//2698 1594//2698 1592//2698
f 1590//2699 1596//2699 1594//2699
f 1578//2700 1570//2700 1582//2700
f 1582//2701 1570//2701 1590//2701
f 1573//2702 1570//2702 1578//2702
f 1572//2703 1570//2703 1573//2703
f 1596//2704 1600//2704 1597//2704
f 1590//2705 1602//2705 1596//2705
f 1596//2706 1602//2706 1600//2706
f 1566//2707 1564//2707 1568//2707
f 1568//2708 1564//2708 1570//2708
f 1564//2709 1562//2709 1570//2709
f 1602//2710 1605//2710 1604//2710
f 1590//2711 1610//2711 1602//2711
f 1602//2712 1610//2712 1605//2712
f 1605//2713 1610//2713 1608//2713
f 1610//2714 1613//2714 1611//2714
f 1554//2715 1551//2715 1556//2715
f 1556//2716 1551//2716 1558//2716
f 1558//2717 1550//2717 1559//2717
f 1551//2718 1550//2718 1558//2718
f 1559//2719 1550//2719 1562//2719
f 1562//2720 1550//2720 1570//2720
f 1547//2721 1545//2721 1550//2721
f 1544//2722 1542//2722 1545//2722
f 1545//2723 1542//2723 1550//2723
f 1550//2724 1542//2724 1570//2724
f 1622//2725 1626//2725 1623//2725
f 1622//2726 1628//2726 1626//2726
f 1542//2727 1538//2727 1570//2727
f 1570//2728 1538//2728 1590//2728
f 1540//2729 1538//2729 1542//2729
f 1590//2730 1538//2730 1610//2730
f 1610//2731 1538//2731 1613//2731
f 1535//2732 1534//2732 1538//2732
f 1538//2733 1534//2733 1613//2733
f 1628//2734 1636//2734 1630//2734
f 1630//2735 1636//2735 1632//2735
f 1632//2736 1636//2736 1633//2736
f 1628//2737 1637//2737 1636//2737
f 1526//2738 1524//2738 1527//2738
f 1524//2739 1521//2739 1527//2739
f 1527//2740 1521//2740 1529//2740
f 1529//2741 1521//2741 1532//2741
f 1532//2742 1521//2742 1534//2742
f 1534//2743 1520//2743 1613//2743
f 1521//2744 1520//2744 1534//2744
f 1637//2745 1648//2745 1639//2745
f 1639//2746 1648//2746 1642//2746
f 1642//2747 1648//2747 1644//2747
f 1644//2748 1648//2748 1646//2748
f 1520//2749 1518//2749 1613//2749
f 1613//2750 1518//2750 1616//2750
f 1616//2751 1518//2751 1618//2751
f 1618//2752 1518//2752 1620//2752
f 1620//2753 1518//2753 1622//2753
f 1637//2754 1649//2754 1648//2754
f 1656//2755 1660//2755 1658//2755
f 1508//2756 1506//2756 1509//2756
f 1509//2757 1506//2757 1512//2757
f 1512//2758 1506//2758 1514//2758
f 1514//2759 1506//2759 1516//2759
f 1516//2760 1506//2760 1518//2760
f 1649//2761 1662//2761 1652//2761
f 1652//2762 1662//2762 1653//2762
f 1653//2763 1662//2763 1656//2763
f 1637//2764 1662//2764 1649//2764
f 1656//2765 1662//2765 1660//2765
f 1637//2766 1663//2766 1662//2766
f 1502//2767 1500//2767 1504//2767
f 1504//2768 1500//2768 1506//2768
f 1518//2769 1498//2769 1622//2769
f 1506//2770 1498//2770 1518//2770
f 1500//2771 1498//2771 1506//2771
f 1666//2772 1670//2772 1668//2772
f 1496//2773 1493//2773 1498//2773
f 1670//2774 1673//2774 1672//2774
f 1493//2775 1492//2775 1498//2775
f 1670//2776 1427//2776 1673//2776
f 1673//2777 1427//2777 1676//2777
f 1490//2778 1488//2778 1492//2778
f 1488//2779 1486//2779 1492//2779
f 1492//2780 1486//2780 1498//2780
f 1428//2781 1434//2781 1429//2781
f 1429//2782 1434//2782 1431//2782
f 1482//2783 1479//2783 1484//2783
f 1434//2784 1438//2784 1435//2784
f 1622//2785 1474//2785 1628//2785
f 1486//2786 1474//2786 1498//2786
f 1476//2787 1474//2787 1478//2787
f 1478//2788 1474//2788 1479//2788
f 1484//2789 1474//2789 1486//2789
f 1628//2790 1474//2790 1637//2790
f 1479//2791 1474//2791 1484//2791
f 1498//2792 1474//2792 1622//2792
f 1474//2793 1472//2793 1637//2793
f 1438//2794 1448//2794 1439//2794
f 1439//2795 1448//2795 1442//2795
f 1442//2796 1448//2796 1444//2796
f 1444//2797 1448//2797 1446//2797
f 1467//2798 1465//2798 1470//2798
f 1470//2799 1465//2799 1472//2799
f 1434//2800 1449//2800 1438//2800
f 1438//2801 1449//2801 1448//2801
f 1463//2802 1462//2802 1465//2802
f 1465//2803 1462//2803 1472//2803
f 1449//2804 1453//2804 1452//2804
f 1427//2805 1456//2805 1428//2805
f 1663//2806 1456//2806 1666//2806
f 1472//2807 1456//2807 1637//2807
f 1428//2808 1456//2808 1434//2808
f 1434//2809 1456//2809 1449//2809
f 1449//2810 1456//2810 1453//2810
f 1670//2811 1456//2811 1427//2811
f 1637//2812 1456//2812 1663//2812
f 1666//2813 1456//2813 1670//2813
f 1472//2814 1458//2814 1456//2814
f 1459//2815 1458//2815 1462//2815
f 1462//2816 1458//2816 1472//2816
g \u6b21\u536b\xb7\u5750\u4fbf\u5668\xb7\u7f13\u964d\u76d6\u677f
f 1677//2817 1678//2817 1679//2817
f 1679//2818 1678//2818 1680//2818
f 1681//2819 1682//2819 1683//2819
f 1681//2820 1683//2820 1684//2820
f 1682//2821 1681//2821 1677//2821
f 1677//2822 1681//2822 1678//2822
f 1684//2823 1683//2823 1679//2823
f 1684//2824 1679//2824 1680//2824
f 1679//2825 1683//2825 1677//2825
f 1677//2826 1683//2826 1682//2826
f 1684//2827 1680//2827 1678//2827
f 1684//2828 1678//2828 1681//2828
g \u4e3b\u536b\xb7\u53f0\u76c6\xb7\u67dc\u4f53
f 1685//2829 1686//2829 1687//2829
f 1685//2830 1688//2830 1686//2830
f 1689//2831 1690//2831 1691//2831
f 1692//2832 1690//2832 1689//2832
f 1690//2833 1692//2833 1685//2833
f 1685//2834 1692//2834 1688//2834
f 1689//2835 1691//2835 1687//2835
f 1689//2836 1687//2836 1686//2836
f 1685//2837 1687//2837 1690//2837
f 1687//2838 1691//2838 1690//2838
f 1686//2839 1688//2839 1692//2839
f 1689//2840 1686//2840 1692//2840
g \u4e3b\u536b\xb7\u53f0\u76c6\xb7\u76c6\u4f53
f 1693//2841 1694//2841 1695//2841
f 1695//2842 1694//2842 1696//2842
f 1697//2843 1698//2843 1699//2843
f 1697//2844 1699//2844 1700//2844
f 1698//2845 1697//2845 1693//2845
f 1693//2846 1697//2846 1694//2846
f 1700//2847 1699//2847 1695//2847
f 1700//2848 1695//2848 1696//2848
f 1693//2849 1695//2849 1698//2849
f 1695//2850 1699//2850 1698//2850
f 1696//2851 1694//2851 1697//2851
f 1700//2852 1696//2852 1697//2852
g \u4e3b\u536b\xb7\u53f0\u76c6\xb7\u9f99\u5934
f 1701//2853 1702//2853 1703//2853
f 1701//2854 1703//2854 1704//2854
f 1705//2855 1704//2855 1706//2855
f 1705//2856 1706//2856 1707//2856
f 1705//2857 1701//2857 1704//2857
f 1708//2858 1707//2858 1709//2858
f 1708//2859 1705//2859 1707//2859
f 1710//2860 1708//2860 1709//2860
f 1711//2861 1709//2861 1712//2861
f 1711//2862 1712//2862 1713//2862
f 1711//2863 1710//2863 1709//2863
f 1714//2864 1713//2864 1715//2864
f 1714//2865 1711//2865 1713//2865
f 1716//2866 1714//2866 1715//2866
f 1717//2867 1715//2867 1718//2867
f 1717//2868 1716//2868 1715//2868
f 1719//2869 1718//2869 1720//2869
f 1719//2870 1717//2870 1718//2870
f 1721//2871 1720//2871 1722//2871
f 1721//2872 1719//2872 1720//2872
f 1723//2873 1721//2873 1722//2873
f 1723//2874 1722//2874 1724//2874
f 1725//2875 1723//2875 1724//2875
f 1725//2876 1724//2876 1726//2876
f 1727//2877 1725//2877 1726//2877
f 1727//2878 1726//2878 1728//2878
f 1729//2879 1727//2879 1728//2879
f 1729//2880 1728//2880 1730//2880
f 1729//2881 1730//2881 1731//2881
f 1732//2882 1729//2882 1731//2882
f 1733//2883 1732//2883 1731//2883
f 1733//2884 1731//2884 1734//2884
f 1733//2885 1734//2885 1735//2885
f 1736//2886 1733//2886 1735//2886
f 1737//2887 1736//2887 1735//2887
f 1737//2888 1735//2888 1738//2888
f 1739//2889 1737//2889 1738//2889
f 1739//2890 1738//2890 1740//2890
f 1741//2891 1739//2891 1740//2891
f 1741//2892 1740//2892 1742//2892
f 1743//2893 1741//2893 1742//2893
f 1743//2894 1742//2894 1744//2894
f 1745//2895 1743//2895 1744//2895
f 1745//2896 1744//2896 1746//2896
f 1747//2897 1746//2897 1748//2897
f 1747//2898 1745//2898 1746//2898
f 1747//2899 1748//2899 1749//2899
f 1750//2900 1747//2900 1749//2900
f 1751//2901 1749//2901 1752//2901
f 1751//2902 1750//2902 1749//2902
f 1753//2903 1752//2903 1754//2903
f 1753//2904 1754//2904 1755//2904
f 1753//2905 1751//2905 1752//2905
f 1756//2906 1755//2906 1757//2906
f 1756//2907 1753//2907 1755//2907
f 1758//2908 1756//2908 1757//2908
f 1759//2909 1757//2909 1760//2909
f 1759//2910 1758//2910 1757//2910
f 1761//2911 1760//2911 1762//2911
f 1761//2912 1759//2912 1760//2912
f 1763//2913 1762//2913 1764//2913
f 1763//2914 1761//2914 1762//2914
f 1765//2915 1764//2915 1766//2915
f 1765//2916 1766//2916 1767//2916
f 1765//2917 1763//2917 1764//2917
f 1768//2918 1767//2918 1769//2918
f 1768//2919 1765//2919 1767//2919
f 1770//2920 1768//2920 1769//2920
f 1771//2921 1769//2921 1772//2921
f 1771//2922 1770//2922 1769//2922
f 1773//2923 1772//2923 1774//2923
f 1773//2924 1771//2924 1772//2924
f 1775//2925 1773//2925 1774//2925
f 1775//2926 1774//2926 1776//2926
f 1777//2927 1775//2927 1776//2927
f 1777//2928 1776//2928 1778//2928
f 1777//2929 1778//2929 1779//2929
f 1780//2930 1777//2930 1779//2930
f 1781//2931 1780//2931 1779//2931
f 1781//2932 1779//2932 1782//2932
f 1781//2933 1782//2933 1783//2933
f 1784//2934 1781//2934 1783//2934
f 1785//2935 1784//2935 1783//2935
f 1785//2936 1783//2936 1786//2936
f 1787//2937 1785//2937 1786//2937
f 1787//2938 1786//2938 1788//2938
f 1789//2939 1787//2939 1788//2939
f 1789//2940 1788//2940 1790//2940
f 1791//2941 1789//2941 1790//2941
f 1791//2942 1790//2942 1792//2942
f 1793//2943 1791//2943 1792//2943
f 1793//2944 1792//2944 1794//2944
f 1795//2945 1793//2945 1794//2945
f 1795//2946 1794//2946 1796//2946
f 1797//2947 1795//2947 1796//2947
f 1797//2948 1796//2948 1798//2948
f 1797//2949 1798//2949 1799//2949
f 1800//2950 1797//2950 1799//2950
f 1801//2951 1800//2951 1799//2951
f 1801//2952 1799//2952 1802//2952
f 1803//2953 1801//2953 1802//2953
f 1803//2954 1802//2954 1804//2954
f 1803//2955 1804//2955 1805//2955
f 1806//2956 1803//2956 1805//2956
f 1807//2957 1806//2957 1805//2957
f 1807//2958 1805//2958 1808//2958
f 1809//2959 1807//2959 1808//2959
f 1809//2960 1808//2960 1810//2960
f 1809//2961 1810//2961 1811//2961
f 1812//2962 1809//2962 1811//2962
f 1813//2963 1812//2963 1811//2963
f 1813//2964 1811//2964 1814//2964
f 1815//2965 1813//2965 1814//2965
f 1815//2966 1814//2966 1816//2966
f 1817//2967 1816//2967 1818//2967
f 1817//2968 1815//2968 1816//2968
f 1817//2969 1818//2969 1819//2969
f 1820//2970 1819//2970 1821//2970
f 1820//2971 1817//2971 1819//2971
f 1822//2972 1820//2972 1821//2972
f 1823//2973 1821//2973 1824//2973
f 1823//2974 1822//2974 1821//2974
f 1825//2975 1823//2975 1824//2975
f 1825//2976 1824//2976 1826//2976
f 1827//2977 1825//2977 1826//2977
f 1827//2978 1826//2978 1828//2978
f 1829//2979 1827//2979 1828//2979
f 1829//2980 1828//2980 1830//2980
f 1829//2981 1830//2981 1831//2981
f 1832//2982 1829//2982 1831//2982
f 1833//2983 1832//2983 1831//2983
f 1833//2984 1831//2984 1834//2984
f 1833//2985 1834//2985 1835//2985
f 1836//2986 1833//2986 1835//2986
f 1837//2987 1836//2987 1835//2987
f 1837//2988 1835//2988 1838//2988
f 1837//2989 1838//2989 1839//2989
f 1840//2990 1837//2990 1839//2990
f 1841//2991 1840//2991 1839//2991
f 1841//2992 1839//2992 1842//2992
f 1843//2993 1841//2993 1842//2993
f 1843//2994 1842//2994 1844//2994
f 1845//2995 1843//2995 1844//2995
f 1845//2996 1844//2996 1846//2996
f 1847//2997 1845//2997 1846//2997
f 1847//2998 1846//2998 1848//2998
f 1849//2999 1847//2999 1848//2999
f 1849//3000 1848//3000 1850//3000
f 1851//3001 1850//3001 1852//3001
f 1851//3002 1849//3002 1850//3002
f 1853//3003 1852//3003 1854//3003
f 1853//3004 1854//3004 1855//3004
f 1853//3005 1851//3005 1852//3005
f 1856//3006 1853//3006 1855//3006
f 1857//3007 1855//3007 1858//3007
f 1857//3008 1856//3008 1855//3008
f 1859//3009 1858//3009 1860//3009
f 1859//3010 1857//3010 1858//3010
f 1861//3011 1860//3011 1862//3011
f 1861//3012 1859//3012 1860//3012
f 1863//3013 1862//3013 1864//3013
f 1863//3014 1861//3014 1862//3014
f 1865//3015 1864//3015 1866//3015
f 1865//3016 1863//3016 1864//3016
f 1867//3017 1866//3017 1868//3017
f 1867//3018 1865//3018 1866//3018
f 1869//3019 1868//3019 1870//3019
f 1869//3020 1870//3020 1871//3020
f 1869//3021 1867//3021 1868//3021
f 1872//3022 1869//3022 1871//3022
f 1873//3023 1871//3023 1874//3023
f 1873//3024 1872//3024 1871//3024
f 1875//3025 1874//3025 1876//3025
f 1875//3026 1873//3026 1874//3026
f 1877//3027 1875//3027 1876//3027
f 1877//3028 1876//3028 1878//3028
f 1879//3029 1877//3029 1878//3029
f 1879//3030 1878//3030 1880//3030
f 1881//3031 1879//3031 1880//3031
f 1881//3032 1880//3032 1882//3032
f 1883//3033 1881//3033 1882//3033
f 1883//3034 1882//3034 1884//3034
f 1885//3035 1884//3035 1886//3035
f 1885//3036 1886//3036 1887//3036
f 1885//3037 1883//3037 1884//3037
f 1888//3038 1885//3038 1887//3038
f 1889//3039 1887//3039 1890//3039
f 1889//3040 1888//3040 1887//3040
f 1891//3041 1890//3041 1892//3041
f 1891//3042 1889//3042 1890//3042
f 1893//3043 1892//3043 1894//3043
f 1893//3044 1891//3044 1892//3044
f 1895//3045 1894//3045 1896//3045
f 1895//3046 1893//3046 1894//3046
f 1897//3047 1896//3047 1898//3047
f 1897//3048 1898//3048 1899//3048
f 1897//3049 1895//3049 1896//3049
f 1900//3050 1897//3050 1899//3050
f 1901//3051 1899//3051 1902//3051
f 1901//3052 1900//3052 1899//3052
f 1903//3053 1902//3053 1904//3053
f 1903//3054 1901//3054 1902//3054
f 1905//3055 1904//3055 1906//3055
f 1905//3056 1903//3056 1904//3056
f 1907//3057 1906//3057 1908//3057
f 1907//3058 1908//3058 1909//3058
f 1907//3059 1905//3059 1906//3059
f 1910//3060 1907//3060 1909//3060
f 1911//3061 1909//3061 1912//3061
f 1911//3062 1912//3062 1913//3062
f 1911//3063 1910//3063 1909//3063
f 1914//3064 1911//3064 1913//3064
f 1914//3065 1913//3065 1915//3065
f 1916//3066 1915//3066 1917//3066
f 1916//3067 1914//3067 1915//3067
f 1918//3068 1916//3068 1917//3068
f 1919//3069 1917//3069 1920//3069
f 1919//3070 1918//3070 1917//3070
f 1921//3071 1920//3071 1922//3071
f 1921//3072 1919//3072 1920//3072
f 1923//3073 1922//3073 1924//3073
f 1923//3074 1921//3074 1922//3074
f 1925//3075 1923//3075 1924//3075
f 1925//3076 1924//3076 1926//3076
f 1927//3077 1925//3077 1926//3077
f 1927//3078 1926//3078 1928//3078
f 1929//3079 1927//3079 1928//3079
f 1929//3080 1928//3080 1930//3080
f 1931//3081 1929//3081 1930//3081
f 1931//3082 1930//3082 1932//3082
f 1933//3083 1931//3083 1932//3083
f 1933//3084 1932//3084 1934//3084
f 1935//3085 1933//3085 1934//3085
f 1935//3086 1934//3086 1936//3086
f 1937//3087 1935//3087 1936//3087
f 1937//3088 1936//3088 1938//3088
f 1939//3089 1937//3089 1938//3089
f 1939//3090 1938//3090 1940//3090
f 1941//3091 1939//3091 1940//3091
f 1941//3092 1940//3092 1942//3092
f 1943//3093 1941//3093 1942//3093
f 1943//3094 1942//3094 1944//3094
f 1945//3095 1943//3095 1944//3095
f 1945//3096 1944//3096 1946//3096
f 1947//3097 1945//3097 1946//3097
f 1947//3098 1946//3098 1948//3098
f 1949//3099 1948//3099 1950//3099
f 1949//3100 1947//3100 1948//3100
f 1951//3101 1949//3101 1950//3101
f 1951//3102 1950//3102 1952//3102
f 1702//3103 1952//3103 1703//3103
f 1702//3104 1951//3104 1952//3104
f 1863//3105 1859//3105 1861//3105
f 1853//3106 1856//3106 1857//3106
f 1845//3107 1847//3107 1849//3107
f 1845//3108 1849//3108 1851//3108
f 1845//3109 1851//3109 1853//3109
f 1877//3110 1873//3110 1875//3110
f 1840//3111 1841//3111 1843//3111
f 1840//3112 1843//3112 1845//3112
f 1881//3113 1877//3113 1879//3113
f 1833//3114 1836//3114 1837//3114
f 1827//3115 1829//3115 1832//3115
f 1827//3116 1832//3116 1833//3116
f 1827//3117 1833//3117 1837//3117
f 1823//3118 1825//3118 1827//3118
f 1895//3119 1891//3119 1893//3119
f 1820//3120 1822//3120 1823//3120
f 1820//3121 1827//3121 1837//3121
f 1820//3122 1823//3122 1827//3122
f 1815//3123 1817//3123 1820//3123
f 1815//3124 1820//3124 1837//3124
f 1809//3125 1815//3125 1837//3125
f 1809//3126 1840//3126 1845//3126
f 1809//3127 1812//3127 1813//3127
f 1809//3128 1813//3128 1815//3128
f 1809//3129 1837//3129 1840//3129
f 1806//3130 1853//3130 1857//3130
f 1806//3131 1845//3131 1853//3131
f 1806//3132 1807//3132 1809//3132
f 1806//3133 1809//3133 1845//3133
f 1801//3134 1803//3134 1806//3134
f 1800//3135 1801//3135 1806//3135
f 1919//3136 1916//3136 1918//3136
f 1795//3137 1800//3137 1806//3137
f 1795//3138 1797//3138 1800//3138
f 1795//3139 1806//3139 1857//3139
f 1795//3140 1857//3140 1859//3140
f 1923//3141 1919//3141 1921//3141
f 1793//3142 1795//3142 1859//3142
f 1793//3143 1859//3143 1863//3143
f 1793//3144 1863//3144 1865//3144
f 1793//3145 1865//3145 1867//3145
f 1791//3146 1793//3146 1867//3146
f 1927//3147 1923//3147 1925//3147
f 1789//3148 1791//3148 1867//3148
f 1789//3149 1867//3149 1869//3149
f 1929//3150 1923//3150 1927//3150
f 1931//3151 1919//3151 1923//3151
f 1931//3152 1923//3152 1929//3152
f 1785//3153 1787//3153 1789//3153
f 1933//3154 1919//3154 1931//3154
f 1781//3155 1785//3155 1789//3155
f 1781//3156 1789//3156 1869//3156
f 1781//3157 1784//3157 1785//3157
f 1781//3158 1873//3158 1877//3158
f 1781//3159 1869//3159 1872//3159
f 1781//3160 1872//3160 1873//3160
f 1941//3161 1933//3161 1935//3161
f 1941//3162 1935//3162 1937//3162
f 1941//3163 1937//3163 1939//3163
f 1775//3164 1781//3164 1877//3164
f 1775//3165 1777//3165 1780//3165
f 1775//3166 1780//3166 1781//3166
f 1775//3167 1877//3167 1881//3167
f 1945//3168 1941//3168 1943//3168
f 1945//3169 1933//3169 1941//3169
f 1771//3170 1773//3170 1775//3170
f 1771//3171 1775//3171 1881//3171
f 1771//3172 1881//3172 1883//3172
f 1947//3173 1933//3173 1945//3173
f 1949//3174 1933//3174 1947//3174
f 1768//3175 1770//3175 1771//3175
f 1768//3176 1771//3176 1883//3176
f 1768//3177 1883//3177 1885//3177
f 1765//3178 1768//3178 1885//3178
f 1763//3179 1765//3179 1885//3179
f 1763//3180 1885//3180 1888//3180
f 1763//3181 1888//3181 1889//3181
f 1701//3182 1949//3182 1951//3182
f 1701//3183 1951//3183 1702//3183
f 1701//3184 1933//3184 1949//3184
f 1761//3185 1763//3185 1889//3185
f 1761//3186 1889//3186 1891//3186
f 1759//3187 1891//3187 1895//3187
f 1759//3188 1761//3188 1891//3188
f 1759//3189 1895//3189 1897//3189
f 1708//3190 1701//3190 1705//3190
f 1708//3191 1933//3191 1701//3191
f 1756//3192 1758//3192 1759//3192
f 1711//3193 1708//3193 1710//3193
f 1753//3194 1756//3194 1759//3194
f 1753//3195 1759//3195 1897//3195
f 1753//3196 1897//3196 1900//3196
f 1753//3197 1900//3197 1901//3197
f 1714//3198 1933//3198 1708//3198
f 1714//3199 1708//3199 1711//3199
f 1751//3200 1901//3200 1903//3200
f 1751//3201 1753//3201 1901//3201
f 1747//3202 1903//3202 1905//3202
f 1747//3203 1905//3203 1907//3203
f 1747//3204 1907//3204 1910//3204
f 1747//3205 1910//3205 1911//3205
f 1747//3206 1911//3206 1914//3206
f 1747//3207 1914//3207 1916//3207
f 1747//3208 1750//3208 1751//3208
f 1747//3209 1751//3209 1903//3209
f 1719//3210 1714//3210 1716//3210
f 1719//3211 1716//3211 1717//3211
f 1719//3212 1933//3212 1714//3212
f 1743//3213 1745//3213 1747//3213
f 1741//3214 1743//3214 1747//3214
f 1725//3215 1719//3215 1721//3215
f 1725//3216 1721//3216 1723//3216
f 1725//3217 1933//3217 1719//3217
f 1739//3218 1747//3218 1916//3218
f 1739//3219 1916//3219 1919//3219
f 1739//3220 1741//3220 1747//3220
f 1729//3221 1725//3221 1727//3221
f 1729//3222 1933//3222 1725//3222
f 1736//3223 1737//3223 1739//3223
f 1733//3224 1729//3224 1732//3224
f 1733//3225 1739//3225 1919//3225
f 1733//3226 1933//3226 1729//3226
f 1733//3227 1736//3227 1739//3227
f 1733//3228 1919//3228 1933//3228
f 1860//3229 1864//3229 1862//3229
f 1855//3230 1854//3230 1858//3230
f 1848//3231 1846//3231 1850//3231
f 1850//3232 1846//3232 1852//3232
f 1852//3233 1846//3233 1854//3233
f 1874//3234 1878//3234 1876//3234
f 1842//3235 1839//3235 1844//3235
f 1844//3236 1839//3236 1846//3236
f 1878//3237 1882//3237 1880//3237
f 1835//3238 1834//3238 1838//3238
f 1830//3239 1828//3239 1831//3239
f 1831//3240 1828//3240 1834//3240
f 1834//3241 1828//3241 1838//3241
f 1826//3242 1824//3242 1828//3242
f 1892//3243 1896//3243 1894//3243
f 1821//3244 1819//3244 1824//3244
f 1828//3245 1819//3245 1838//3245
f 1824//3246 1819//3246 1828//3246
f 1818//3247 1816//3247 1819//3247
f 1819//3248 1816//3248 1838//3248
f 1816//3249 1810//3249 1838//3249
f 1839//3250 1810//3250 1846//3250
f 1811//3251 1810//3251 1814//3251
f 1814//3252 1810//3252 1816//3252
f 1838//3253 1810//3253 1839//3253
f 1854//3254 1805//3254 1858//3254
f 1846//3255 1805//3255 1854//3255
f 1808//3256 1805//3256 1810//3256
f 1810//3257 1805//3257 1846//3257
f 1804//3258 1802//3258 1805//3258
f 1802//3259 1799//3259 1805//3259
f 1915//3260 1920//3260 1917//3260
f 1799//3261 1796//3261 1805//3261
f 1798//3262 1796//3262 1799//3262
f 1805//3263 1796//3263 1858//3263
f 1858//3264 1796//3264 1860//3264
f 1920//3265 1924//3265 1922//3265
f 1796//3266 1794//3266 1860//3266
f 1860//3267 1794//3267 1864//3267
f 1864//3268 1794//3268 1866//3268
f 1866//3269 1794//3269 1868//3269
f 1794//3270 1792//3270 1868//3270
f 1924//3271 1928//3271 1926//3271
f 1792//3272 1790//3272 1868//3272
f 1868//3273 1790//3273 1870//3273
f 1924//3274 1930//3274 1928//3274
f 1920//3275 1932//3275 1924//3275
f 1924//3276 1932//3276 1930//3276
f 1788//3277 1786//3277 1790//3277
f 1920//3278 1934//3278 1932//3278
f 1786//3279 1782//3279 1790//3279
f 1790//3280 1782//3280 1870//3280
f 1783//3281 1782//3281 1786//3281
f 1874//3282 1782//3282 1878//3282
f 1870//3283 1782//3283 1871//3283
f 1871//3284 1782//3284 1874//3284
f 1934//3285 1942//3285 1936//3285
f 1936//3286 1942//3286 1938//3286
f 1938//3287 1942//3287 1940//3287
f 1782//3288 1776//3288 1878//3288
f 1778//3289 1776//3289 1779//3289
f 1779//3290 1776//3290 1782//3290
f 1878//3291 1776//3291 1882//3291
f 1942//3292 1946//3292 1944//3292
f 1934//3293 1946//3293 1942//3293
f 1774//3294 1772//3294 1776//3294
f 1776//3295 1772//3295 1882//3295
f 1882//3296 1772//3296 1884//3296
f 1934//3297 1948//3297 1946//3297
f 1934//3298 1950//3298 1948//3298
f 1769//3299 1767//3299 1772//3299
f 1772//3300 1767//3300 1884//3300
f 1884//3301 1767//3301 1886//3301
f 1767//3302 1766//3302 1886//3302
f 1766//3303 1764//3303 1886//3303
f 1886//3304 1764//3304 1887//3304
f 1887//3305 1764//3305 1890//3305
f 1950//3306 1704//3306 1952//3306
f 1952//3307 1704//3307 1703//3307
f 1934//3308 1704//3308 1950//3308
f 1764//3309 1762//3309 1890//3309
f 1890//3310 1762//3310 1892//3310
f 1892//3311 1760//3311 1896//3311
f 1762//3312 1760//3312 1892//3312
f 1896//3313 1760//3313 1898//3313
f 1704//3314 1707//3314 1706//3314
f 1934//3315 1707//3315 1704//3315
f 1757//3316 1755//3316 1760//3316
f 1707//3317 1712//3317 1709//3317
f 1755//3318 1754//3318 1760//3318
f 1760//3319 1754//3319 1898//3319
f 1898//3320 1754//3320 1899//3320
f 1899//3321 1754//3321 1902//3321
f 1934//3322 1713//3322 1707//3322
f 1707//3323 1713//3323 1712//3323
f 1902//3324 1752//3324 1904//3324
f 1754//3325 1752//3325 1902//3325
f 1904//3326 1748//3326 1906//3326
f 1906//3327 1748//3327 1908//3327
f 1908//3328 1748//3328 1909//3328
f 1909//3329 1748//3329 1912//3329
f 1912//3330 1748//3330 1913//3330
f 1913//3331 1748//3331 1915//3331
f 1749//3332 1748//3332 1752//3332
f 1752//3333 1748//3333 1904//3333
f 1713//3334 1720//3334 1715//3334
f 1715//3335 1720//3335 1718//3335
f 1934//3336 1720//3336 1713//3336
f 1746//3337 1744//3337 1748//3337
f 1744//3338 1742//3338 1748//3338
f 1720//3339 1726//3339 1722//3339
f 1722//3340 1726//3340 1724//3340
f 1934//3341 1726//3341 1720//3341
f 1748//3342 1740//3342 1915//3342
f 1915//3343 1740//3343 1920//3343
f 1742//3344 1740//3344 1748//3344
f 1726//3345 1730//3345 1728//3345
f 1934//3346 1730//3346 1726//3346
f 1738//3347 1735//3347 1740//3347
f 1730//3348 1734//3348 1731//3348
f 1740//3349 1734//3349 1920//3349
f 1934//3350 1734//3350 1730//3350
f 1735//3351 1734//3351 1740//3351
f 1920//3352 1734//3352 1934//3352
g \u6b21\u536b\xb7\u53f0\u76c6\xb7\u67dc\u4f53
f 1953//3353 1954//3353 1955//3353
f 1953//3354 1956//3354 1954//3354
f 1957//3355 1958//3355 1959//3355
f 1960//3356 1958//3356 1957//3356
f 1958//3357 1960//3357 1953//3357
f 1953//3358 1960//3358 1956//3358
f 1957//3359 1959//3359 1955//3359
f 1957//3360 1955//3360 1954//3360
f 1953//3361 1955//3361 1958//3361
f 1955//3362 1959//3362 1958//3362
f 1954//3363 1956//3363 1960//3363
f 1957//3364 1954//3364 1960//3364
g \u6b21\u536b\xb7\u53f0\u76c6\xb7\u76c6\u4f53
f 1961//3365 1962//3365 1963//3365
f 1963//3366 1962//3366 1964//3366
f 1965//3367 1966//3367 1967//3367
f 1965//3368 1967//3368 1968//3368
f 1966//3369 1965//3369 1961//3369
f 1961//3370 1965//3370 1962//3370
f 1968//3371 1967//3371 1963//3371
f 1968//3372 1963//3372 1964//3372
f 1961//3373 1963//3373 1966//3373
f 1963//3374 1967//3374 1966//3374
f 1964//3375 1962//3375 1965//3375
f 1968//3376 1964//3376 1965//3376
g \u6b21\u536b\xb7\u53f0\u76c6\xb7\u9f99\u5934
f 1969//3377 1970//3377 1971//3377
f 1969//3378 1971//3378 1972//3378
f 1973//3379 1972//3379 1974//3379
f 1973//3380 1974//3380 1975//3380
f 1973//3381 1969//3381 1972//3381
f 1976//3382 1975//3382 1977//3382
f 1976//3383 1973//3383 1975//3383
f 1978//3384 1976//3384 1977//3384
f 1979//3385 1977//3385 1980//3385
f 1979//3386 1980//3386 1981//3386
f 1979//3387 1978//3387 1977//3387
f 1982//3388 1981//3388 1983//3388
f 1982//3389 1979//3389 1981//3389
f 1984//3390 1982//3390 1983//3390
f 1985//3391 1983//3391 1986//3391
f 1985//3392 1984//3392 1983//3392
f 1987//3393 1986//3393 1988//3393
f 1987//3394 1985//3394 1986//3394
f 1989//3395 1988//3395 1990//3395
f 1989//3396 1987//3396 1988//3396
f 1991//3397 1989//3397 1990//3397
f 1991//3398 1990//3398 1992//3398
f 1993//3399 1991//3399 1992//3399
f 1993//3400 1992//3400 1994//3400
f 1995//3401 1993//3401 1994//3401
f 1995//3402 1994//3402 1996//3402
f 1997//3403 1995//3403 1996//3403
f 1997//3404 1996//3404 1998//3404
f 1997//3405 1998//3405 1999//3405
f 2000//3406 1997//3406 1999//3406
f 2001//3407 2000//3407 1999//3407
f 2001//3408 1999//3408 2002//3408
f 2001//3409 2002//3409 2003//3409
f 2004//3410 2001//3410 2003//3410
f 2005//3411 2004//3411 2003//3411
f 2005//3412 2003//3412 2006//3412
f 2007//3413 2005//3413 2006//3413
f 2007//3414 2006//3414 2008//3414
f 2009//3415 2007//3415 2008//3415
f 2009//3416 2008//3416 2010//3416
f 2011//3417 2009//3417 2010//3417
f 2011//3418 2010//3418 2012//3418
f 2013//3419 2011//3419 2012//3419
f 2013//3420 2012//3420 2014//3420
f 2015//3421 2014//3421 2016//3421
f 2015//3422 2013//3422 2014//3422
f 2015//3423 2016//3423 2017//3423
f 2018//3424 2015//3424 2017//3424
f 2019//3425 2017//3425 2020//3425
f 2019//3426 2018//3426 2017//3426
f 2021//3427 2020//3427 2022//3427
f 2021//3428 2022//3428 2023//3428
f 2021//3429 2019//3429 2020//3429
f 2024//3430 2023//3430 2025//3430
f 2024//3431 2021//3431 2023//3431
f 2026//3432 2024//3432 2025//3432
f 2027//3433 2025//3433 2028//3433
f 2027//3434 2026//3434 2025//3434
f 2029//3435 2028//3435 2030//3435
f 2029//3436 2027//3436 2028//3436
f 2031//3437 2030//3437 2032//3437
f 2031//3438 2029//3438 2030//3438
f 2033//3439 2032//3439 2034//3439
f 2033//3440 2034//3440 2035//3440
f 2033//3441 2031//3441 2032//3441
f 2036//3442 2035//3442 2037//3442
f 2036//3443 2033//3443 2035//3443
f 2038//3444 2036//3444 2037//3444
f 2039//3445 2037//3445 2040//3445
f 2039//3446 2038//3446 2037//3446
f 2041//3447 2040//3447 2042//3447
f 2041//3448 2039//3448 2040//3448
f 2043//3449 2041//3449 2042//3449
f 2043//3450 2042//3450 2044//3450
f 2045//3451 2043//3451 2044//3451
f 2045//3452 2044//3452 2046//3452
f 2045//3453 2046//3453 2047//3453
f 2048//3454 2045//3454 2047//3454
f 2049//3455 2048//3455 2047//3455
f 2049//3456 2047//3456 2050//3456
f 2049//3457 2050//3457 2051//3457
f 2052//3458 2049//3458 2051//3458
f 2053//3459 2052//3459 2051//3459
f 2053//3460 2051//3460 2054//3460
f 2055//3461 2053//3461 2054//3461
f 2055//3462 2054//3462 2056//3462
f 2057//3463 2055//3463 2056//3463
f 2057//3464 2056//3464 2058//3464
f 2059//3465 2057//3465 2058//3465
f 2059//3466 2058//3466 2060//3466
f 2061//3467 2059//3467 2060//3467
f 2061//3468 2060//3468 2062//3468
f 2063//3469 2061//3469 2062//3469
f 2063//3470 2062//3470 2064//3470
f 2065//3471 2063//3471 2064//3471
f 2065//3472 2064//3472 2066//3472
f 2065//3473 2066//3473 2067//3473
f 2068//3474 2065//3474 2067//3474
f 2069//3475 2068//3475 2067//3475
f 2069//3476 2067//3476 2070//3476
f 2071//3477 2069//3477 2070//3477
f 2071//3478 2070//3478 2072//3478
f 2071//3479 2072//3479 2073//3479
f 2074//3480 2071//3480 2073//3480
f 2075//3481 2074//3481 2073//3481
f 2075//3482 2073//3482 2076//3482
f 2077//3483 2075//3483 2076//3483
f 2077//3484 2076//3484 2078//3484
f 2077//3485 2078//3485 2079//3485
f 2080//3486 2077//3486 2079//3486
f 2081//3487 2080//3487 2079//3487
f 2081//3488 2079//3488 2082//3488
f 2083//3489 2081//3489 2082//3489
f 2083//3490 2082//3490 2084//3490
f 2085//3491 2084//3491 2086//3491
f 2085//3492 2083//3492 2084//3492
f 2085//3493 2086//3493 2087//3493
f 2088//3494 2087//3494 2089//3494
f 2088//3495 2085//3495 2087//3495
f 2090//3496 2088//3496 2089//3496
f 2091//3497 2089//3497 2092//3497
f 2091//3498 2090//3498 2089//3498
f 2093//3499 2091//3499 2092//3499
f 2093//3500 2092//3500 2094//3500
f 2095//3501 2093//3501 2094//3501
f 2095//3502 2094//3502 2096//3502
f 2097//3503 2095//3503 2096//3503
f 2097//3504 2096//3504 2098//3504
f 2097//3505 2098//3505 2099//3505
f 2100//3506 2097//3506 2099//3506
f 2101//3507 2100//3507 2099//3507
f 2101//3508 2099//3508 2102//3508
f 2101//3509 2102//3509 2103//3509
f 2104//3510 2101//3510 2103//3510
f 2105//3511 2104//3511 2103//3511
f 2105//3512 2103//3512 2106//3512
f 2105//3513 2106//3513 2107//3513
f 2108//3514 2105//3514 2107//3514
f 2109//3515 2108//3515 2107//3515
f 2109//3516 2107//3516 2110//3516
f 2111//3517 2109//3517 2110//3517
f 2111//3518 2110//3518 2112//3518
f 2113//3519 2111//3519 2112//3519
f 2113//3520 2112//3520 2114//3520
f 2115//3521 2113//3521 2114//3521
f 2115//3522 2114//3522 2116//3522
f 2117//3523 2115//3523 2116//3523
f 2117//3524 2116//3524 2118//3524
f 2119//3525 2118//3525 2120//3525
f 2119//3526 2117//3526 2118//3526
f 2121//3527 2120//3527 2122//3527
f 2121//3528 2122//3528 2123//3528
f 2121//3529 2119//3529 2120//3529
f 2124//3530 2121//3530 2123//3530
f 2125//3531 2123//3531 2126//3531
f 2125//3532 2124//3532 2123//3532
f 2127//3533 2126//3533 2128//3533
f 2127//3534 2125//3534 2126//3534
f 2129//3535 2128//3535 2130//3535
f 2129//3536 2127//3536 2128//3536
f 2131//3537 2130//3537 2132//3537
f 2131//3538 2129//3538 2130//3538
f 2133//3539 2132//3539 2134//3539
f 2133//3540 2131//3540 2132//3540
f 2135//3541 2134//3541 2136//3541
f 2135//3542 2133//3542 2134//3542
f 2137//3543 2136//3543 2138//3543
f 2137//3544 2138//3544 2139//3544
f 2137//3545 2135//3545 2136//3545
f 2140//3546 2137//3546 2139//3546
f 2141//3547 2139//3547 2142//3547
f 2141//3548 2140//3548 2139//3548
f 2143//3549 2142//3549 2144//3549
f 2143//3550 2141//3550 2142//3550
f 2145//3551 2143//3551 2144//3551
f 2145//3552 2144//3552 2146//3552
f 2147//3553 2145//3553 2146//3553
f 2147//3554 2146//3554 2148//3554
f 2149//3555 2147//3555 2148//3555
f 2149//3556 2148//3556 2150//3556
f 2151//3557 2149//3557 2150//3557
f 2151//3558 2150//3558 2152//3558
f 2153//3559 2152//3559 2154//3559
f 2153//3560 2154//3560 2155//3560
f 2153//3561 2151//3561 2152//3561
f 2156//3562 2153//3562 2155//3562
f 2157//3563 2155//3563 2158//3563
f 2157//3564 2156//3564 2155//3564
f 2159//3565 2158//3565 2160//3565
f 2159//3566 2157//3566 2158//3566
f 2161//3567 2160//3567 2162//3567
f 2161//3568 2159//3568 2160//3568
f 2163//3569 2162//3569 2164//3569
f 2163//3570 2161//3570 2162//3570
f 2165//3571 2164//3571 2166//3571
f 2165//3572 2166//3572 2167//3572
f 2165//3573 2163//3573 2164//3573
f 2168//3574 2165//3574 2167//3574
f 2169//3575 2167//3575 2170//3575
f 2169//3576 2168//3576 2167//3576
f 2171//3577 2170//3577 2172//3577
f 2171//3578 2169//3578 2170//3578
f 2173//3579 2172//3579 2174//3579
f 2173//3580 2171//3580 2172//3580
f 2175//3581 2174//3581 2176//3581
f 2175//3582 2176//3582 2177//3582
f 2175//3583 2173//3583 2174//3583
f 2178//3584 2175//3584 2177//3584
f 2179//3585 2177//3585 2180//3585
f 2179//3586 2180//3586 2181//3586
f 2179//3587 2178//3587 2177//3587
f 2182//3588 2179//3588 2181//3588
f 2182//3589 2181//3589 2183//3589
f 2184//3590 2183//3590 2185//3590
f 2184//3591 2182//3591 2183//3591
f 2186//3592 2184//3592 2185//3592
f 2187//3593 2185//3593 2188//3593
f 2187//3594 2186//3594 2185//3594
f 2189//3595 2188//3595 2190//3595
f 2189//3596 2187//3596 2188//3596
f 2191//3597 2190//3597 2192//3597
f 2191//3598 2189//3598 2190//3598
f 2193//3599 2191//3599 2192//3599
f 2193//3600 2192//3600 2194//3600
f 2195//3601 2193//3601 2194//3601
f 2195//3602 2194//3602 2196//3602
f 2197//3603 2195//3603 2196//3603
f 2197//3604 2196//3604 2198//3604
f 2199//3605 2197//3605 2198//3605
f 2199//3606 2198//3606 2200//3606
f 2201//3607 2199//3607 2200//3607
f 2201//3608 2200//3608 2202//3608
f 2203//3609 2201//3609 2202//3609
f 2203//3610 2202//3610 2204//3610
f 2205//3611 2203//3611 2204//3611
f 2205//3612 2204//3612 2206//3612
f 2207//3613 2205//3613 2206//3613
f 2207//3614 2206//3614 2208//3614
f 2209//3615 2207//3615 2208//3615
f 2209//3616 2208//3616 2210//3616
f 2211//3617 2209//3617 2210//3617
f 2211//3618 2210//3618 2212//3618
f 2213//3619 2211//3619 2212//3619
f 2213//3620 2212//3620 2214//3620
f 2215//3621 2213//3621 2214//3621
f 2215//3622 2214//3622 2216//3622
f 2217//3623 2216//3623 2218//3623
f 2217//3624 2215//3624 2216//3624
f 2219//3625 2217//3625 2218//3625
f 2219//3626 2218//3626 2220//3626
f 1970//3627 2220//3627 1971//3627
f 1970//3628 2219//3628 2220//3628
f 2131//3629 2127//3629 2129//3629
f 2121//3630 2124//3630 2125//3630
f 2113//3631 2115//3631 2117//3631
f 2113//3632 2117//3632 2119//3632
f 2113//3633 2119//3633 2121//3633
f 2145//3634 2141//3634 2143//3634
f 2108//3635 2109//3635 2111//3635
f 2108//3636 2111//3636 2113//3636
f 2149//3637 2145//3637 2147//3637
f 2101//3638 2104//3638 2105//3638
f 2095//3639 2097//3639 2100//3639
f 2095//3640 2100//3640 2101//3640
f 2095//3641 2101//3641 2105//3641
f 2091//3642 2093//3642 2095//3642
f 2163//3643 2159//3643 2161//3643
f 2088//3644 2090//3644 2091//3644
f 2088//3645 2095//3645 2105//3645
f 2088//3646 2091//3646 2095//3646
f 2083//3647 2085//3647 2088//3647
f 2083//3648 2088//3648 2105//3648
f 2077//3649 2083//3649 2105//3649
f 2077//3650 2108//3650 2113//3650
f 2077//3651 2080//3651 2081//3651
f 2077//3652 2081//3652 2083//3652
f 2077//3653 2105//3653 2108//3653
f 2074//3654 2121//3654 2125//3654
f 2074//3655 2113//3655 2121//3655
f 2074//3656 2075//3656 2077//3656
f 2074//3657 2077//3657 2113//3657
f 2069//3658 2071//3658 2074//3658
f 2068//3659 2069//3659 2074//3659
f 2187//3660 2184//3660 2186//3660
f 2063//3661 2068//3661 2074//3661
f 2063//3662 2065//3662 2068//3662
f 2063//3663 2074//3663 2125//3663
f 2063//3664 2125//3664 2127//3664
f 2191//3665 2187//3665 2189//3665
f 2061//3666 2063//3666 2127//3666
f 2061//3667 2127//3667 2131//3667
f 2061//3668 2131//3668 2133//3668
f 2061//3669 2133//3669 2135//3669
f 2059//3670 2061//3670 2135//3670
f 2195//3671 2191//3671 2193//3671
f 2057//3672 2059//3672 2135//3672
f 2057//3673 2135//3673 2137//3673
f 2197//3674 2191//3674 2195//3674
f 2199//3675 2187//3675 2191//3675
f 2199//3676 2191//3676 2197//3676
f 2053//3677 2055//3677 2057//3677
f 2201//3678 2187//3678 2199//3678
f 2049//3679 2053//3679 2057//3679
f 2049//3680 2057//3680 2137//3680
f 2049//3681 2052//3681 2053//3681
f 2049//3682 2141//3682 2145//3682
f 2049//3683 2137//3683 2140//3683
f 2049//3684 2140//3684 2141//3684
f 2209//3685 2201//3685 2203//3685
f 2209//3686 2203//3686 2205//3686
f 2209//3687 2205//3687 2207//3687
f 2043//3688 2049//3688 2145//3688
f 2043//3689 2045//3689 2048//3689
f 2043//3690 2048//3690 2049//3690
f 2043//3691 2145//3691 2149//3691
f 2213//3692 2209//3692 2211//3692
f 2213//3693 2201//3693 2209//3693
f 2039//3694 2041//3694 2043//3694
f 2039//3695 2043//3695 2149//3695
f 2039//3696 2149//3696 2151//3696
f 2215//3697 2201//3697 2213//3697
f 2217//3698 2201//3698 2215//3698
f 2036//3699 2038//3699 2039//3699
f 2036//3700 2039//3700 2151//3700
f 2036//3701 2151//3701 2153//3701
f 2033//3702 2036//3702 2153//3702
f 2031//3703 2033//3703 2153//3703
f 2031//3704 2153//3704 2156//3704
f 2031//3705 2156//3705 2157//3705
f 1969//3706 2217//3706 2219//3706
f 1969//3707 2219//3707 1970//3707
f 1969//3708 2201//3708 2217//3708
f 2029//3709 2031//3709 2157//3709
f 2029//3710 2157//3710 2159//3710
f 2027//3711 2159//3711 2163//3711
f 2027//3712 2029//3712 2159//3712
f 2027//3713 2163//3713 2165//3713
f 1976//3714 1969//3714 1973//3714
f 1976//3715 2201//3715 1969//3715
f 2024//3716 2026//3716 2027//3716
f 1979//3717 1976//3717 1978//3717
f 2021//3718 2024//3718 2027//3718
f 2021//3719 2027//3719 2165//3719
f 2021//3720 2165//3720 2168//3720
f 2021//3721 2168//3721 2169//3721
f 1982//3722 2201//3722 1976//3722
f 1982//3723 1976//3723 1979//3723
f 2019//3724 2169//3724 2171//3724
f 2019//3725 2021//3725 2169//3725
f 2015//3726 2171//3726 2173//3726
f 2015//3727 2173//3727 2175//3727
f 2015//3728 2175//3728 2178//3728
f 2015//3729 2178//3729 2179//3729
f 2015//3730 2179//3730 2182//3730
f 2015//3731 2182//3731 2184//3731
f 2015//3732 2018//3732 2019//3732
f 2015//3733 2019//3733 2171//3733
f 1987//3734 1982//3734 1984//3734
f 1987//3735 1984//3735 1985//3735
f 1987//3736 2201//3736 1982//3736
f 2011//3737 2013//3737 2015//3737
f 2009//3738 2011//3738 2015//3738
f 1993//3739 1987//3739 1989//3739
f 1993//3740 1989//3740 1991//3740
f 1993//3741 2201//3741 1987//3741
f 2007//3742 2015//3742 2184//3742
f 2007//3743 2184//3743 2187//3743
f 2007//3744 2009//3744 2015//3744
f 1997//3745 1993//3745 1995//3745
f 1997//3746 2201//3746 1993//3746
f 2004//3747 2005//3747 2007//3747
f 2001//3748 1997//3748 2000//3748
f 2001//3749 2007//3749 2187//3749
f 2001//3750 2201//3750 1997//3750
f 2001//3751 2004//3751 2007//3751
f 2001//3752 2187//3752 2201//3752
f 2128//3753 2132//3753 2130//3753
f 2123//3754 2122//3754 2126//3754
f 2116//3755 2114//3755 2118//3755
f 2118//3756 2114//3756 2120//3756
f 2120//3757 2114//3757 2122//3757
f 2142//3758 2146//3758 2144//3758
f 2110//3759 2107//3759 2112//3759
f 2112//3760 2107//3760 2114//3760
f 2146//3761 2150//3761 2148//3761
f 2103//3762 2102//3762 2106//3762
f 2098//3763 2096//3763 2099//3763
f 2099//3764 2096//3764 2102//3764
f 2102//3765 2096//3765 2106//3765
f 2094//3766 2092//3766 2096//3766
f 2160//3767 2164//3767 2162//3767
f 2089//3768 2087//3768 2092//3768
f 2096//3769 2087//3769 2106//3769
f 2092//3770 2087//3770 2096//3770
f 2086//3771 2084//3771 2087//3771
f 2087//3772 2084//3772 2106//3772
f 2084//3773 2078//3773 2106//3773
f 2107//3774 2078//3774 2114//3774
f 2079//3775 2078//3775 2082//3775
f 2082//3776 2078//3776 2084//3776
f 2106//3777 2078//3777 2107//3777
f 2122//3778 2073//3778 2126//3778
f 2114//3779 2073//3779 2122//3779
f 2076//3780 2073//3780 2078//3780
f 2078//3781 2073//3781 2114//3781
f 2072//3782 2070//3782 2073//3782
f 2070//3783 2067//3783 2073//3783
f 2183//3784 2188//3784 2185//3784
f 2067//3785 2064//3785 2073//3785
f 2066//3786 2064//3786 2067//3786
f 2073//3787 2064//3787 2126//3787
f 2126//3788 2064//3788 2128//3788
f 2188//3789 2192//3789 2190//3789
f 2064//3790 2062//3790 2128//3790
f 2128//3791 2062//3791 2132//3791
f 2132//3792 2062//3792 2134//3792
f 2134//3793 2062//3793 2136//3793
f 2062//3794 2060//3794 2136//3794
f 2192//3795 2196//3795 2194//3795
f 2060//3796 2058//3796 2136//3796
f 2136//3797 2058//3797 2138//3797
f 2192//3798 2198//3798 2196//3798
f 2188//3799 2200//3799 2192//3799
f 2192//3800 2200//3800 2198//3800
f 2056//3801 2054//3801 2058//3801
f 2188//3802 2202//3802 2200//3802
f 2054//3803 2050//3803 2058//3803
f 2058//3804 2050//3804 2138//3804
f 2051//3805 2050//3805 2054//3805
f 2142//3806 2050//3806 2146//3806
f 2138//3807 2050//3807 2139//3807
f 2139//3808 2050//3808 2142//3808
f 2202//3809 2210//3809 2204//3809
f 2204//3810 2210//3810 2206//3810
f 2206//3811 2210//3811 2208//3811
f 2050//3812 2044//3812 2146//3812
f 2046//3813 2044//3813 2047//3813
f 2047//3814 2044//3814 2050//3814
f 2146//3815 2044//3815 2150//3815
f 2210//3816 2214//3816 2212//3816
f 2202//3817 2214//3817 2210//3817
f 2042//3818 2040//3818 2044//3818
f 2044//3819 2040//3819 2150//3819
f 2150//3820 2040//3820 2152//3820
f 2202//3821 2216//3821 2214//3821
f 2202//3822 2218//3822 2216//3822
f 2037//3823 2035//3823 2040//3823
f 2040//3824 2035//3824 2152//3824
f 2152//3825 2035//3825 2154//3825
f 2035//3826 2034//3826 2154//3826
f 2034//3827 2032//3827 2154//3827
f 2154//3828 2032//3828 2155//3828
f 2155//3829 2032//3829 2158//3829
f 2218//3830 1972//3830 2220//3830
f 2220//3831 1972//3831 1971//3831
f 2202//3832 1972//3832 2218//3832
f 2032//3833 2030//3833 2158//3833
f 2158//3834 2030//3834 2160//3834
f 2160//3835 2028//3835 2164//3835
f 2030//3836 2028//3836 2160//3836
f 2164//3837 2028//3837 2166//3837
f 1972//3838 1975//3838 1974//3838
f 2202//3839 1975//3839 1972//3839
f 2025//3840 2023//3840 2028//3840
f 1975//3841 1980//3841 1977//3841
f 2023//3842 2022//3842 2028//3842
f 2028//3843 2022//3843 2166//3843
f 2166//3844 2022//3844 2167//3844
f 2167//3845 2022//3845 2170//3845
f 2202//3846 1981//3846 1975//3846
f 1975//3847 1981//3847 1980//3847
f 2170//3848 2020//3848 2172//3848
f 2022//3849 2020//3849 2170//3849
f 2172//3850 2016//3850 2174//3850
f 2174//3851 2016//3851 2176//3851
f 2176//3852 2016//3852 2177//3852
f 2177//3853 2016//3853 2180//3853
f 2180//3854 2016//3854 2181//3854
f 2181//3855 2016//3855 2183//3855
f 2017//3856 2016//3856 2020//3856
f 2020//3857 2016//3857 2172//3857
f 1981//3858 1988//3858 1983//3858
f 1983//3859 1988//3859 1986//3859
f 2202//3860 1988//3860 1981//3860
f 2014//3861 2012//3861 2016//3861
f 2012//3862 2010//3862 2016//3862
f 1988//3863 1994//3863 1990//3863
f 1990//3864 1994//3864 1992//3864
f 2202//3865 1994//3865 1988//3865
f 2016//3866 2008//3866 2183//3866
f 2183//3867 2008//3867 2188//3867
f 2010//3868 2008//3868 2016//3868
f 1994//3869 1998//3869 1996//3869
f 2202//3870 1998//3870 1994//3870
f 2006//3871 2003//3871 2008//3871
f 1998//3872 2002//3872 1999//3872
f 2008//3873 2002//3873 2188//3873
f 2202//3874 2002//3874 1998//3874
f 2003//3875 2002//3875 2008//3875
f 2188//3876 2002//3876 2202//3876
g \u4e3b\u536b\xb7\u6dcb\u6d74\xb7\u5e95\u76d8
f 2221//3877 2222//3877 2223//3877
f 2222//3878 2224//3878 2223//3878
f 2225//3879 2226//3879 2227//3879
f 2228//3880 2225//3880 2227//3880
f 2222//3881 2225//3881 2224//3881
f 2225//3882 2228//3882 2224//3882
f 2226//3883 2221//3883 2223//3883
f 2227//3884 2226//3884 2223//3884
f 2221//3885 2225//3885 2222//3885
f 2221//3886 2226//3886 2225//3886
f 2228//3887 2223//3887 2224//3887
f 2227//3888 2223//3888 2228//3888
g \u6b21\u536b\xb7\u6dcb\u6d74\xb7\u5e95\u76d8
f 2229//3889 2230//3889 2231//3889
f 2231//3890 2230//3890 2232//3890
f 2233//3891 2234//3891 2235//3891
f 2233//3892 2235//3892 2236//3892
f 2229//3893 2234//3893 2230//3893
f 2234//3894 2233//3894 2230//3894
f 2235//3895 2231//3895 2232//3895
f 2236//3896 2235//3896 2232//3896
f 2231//3897 2234//3897 2229//3897
f 2231//3898 2235//3898 2234//3898
f 2233//3899 2232//3899 2230//3899
f 2236//3900 2232//3900 2233//3900
g \u53a8\u623f\u897f\u5317\u5899
f 2237//3901 2238//3901 2239//3901
f 2240//3902 2237//3902 2239//3902
f 2240//3903 2239//3903 2241//3903
f 2242//3904 2240//3904 2241//3904
f 2243//3905 2242//3905 2241//3905
f 2243//3906 2241//3906 2244//3906
f 2243//3907 2244//3907 2245//3907
f 2246//3908 2243//3908 2245//3908
f 2246//3909 2245//3909 2247//3909
f 2248//3910 2246//3910 2247//3910
f 2248//3911 2247//3911 2238//3911
f 2237//3912 2248//3912 2238//3912
f 2243//3913 2240//3913 2242//3913
f 2243//3914 2246//3914 2248//3914
f 2237//3915 2240//3915 2243//3915
f 2237//3916 2243//3916 2248//3916
f 2239//3917 2244//3917 2241//3917
f 2245//3918 2244//3918 2247//3918
f 2239//3919 2238//3919 2244//3919
f 2244//3920 2238//3920 2247//3920
g \u53a8\u623f\u5357\u5899
f 2249//3921 2250//3921 2251//3921
f 2252//3922 2249//3922 2251//3922
f 2253//3923 2252//3923 2251//3923
f 2253//3924 2251//3924 2254//3924
f 2255//3925 2253//3925 2254//3925
f 2255//3926 2254//3926 2256//3926
f 2255//3927 2256//3927 2257//3927
f 2258//3928 2255//3928 2257//3928
f 2259//3929 2258//3929 2257//3929
f 2259//3930 2257//3930 2260//3930
f 2259//3931 2260//3931 2250//3931
f 2249//3932 2259//3932 2250//3932
f 2255//3933 2252//3933 2253//3933
f 2259//3934 2255//3934 2258//3934
f 2249//3935 2255//3935 2259//3935
f 2249//3936 2252//3936 2255//3936
f 2251//3937 2256//3937 2254//3937
f 2256//3938 2260//3938 2257//3938
f 2256//3939 2250//3939 2260//3939
f 2251//3940 2250//3940 2256//3940
g \u6b21\u5367\u4e00\u897f\u5317\u5899
f 2261//3941 2262//3941 2263//3941
f 2261//3942 2263//3942 2264//3942
f 2265//3943 2261//3943 2264//3943
f 2265//3944 2264//3944 2266//3944
f 2267//3945 2265//3945 2266//3945
f 2267//3946 2266//3946 2268//3946
f 2269//3947 2267//3947 2268//3947
f 2269//3948 2268//3948 2270//3948
f 2271//3949 2269//3949 2270//3949
f 2271//3950 2270//3950 2272//3950
f 2271//3951 2272//3951 2263//3951
f 2262//3952 2271//3952 2263//3952
f 2267//3953 2261//3953 2265//3953
f 2267//3954 2269//3954 2271//3954
f 2262//3955 2261//3955 2267//3955
f 2262//3956 2267//3956 2271//3956
f 2264//3957 2268//3957 2266//3957
f 2270//3958 2268//3958 2272//3958
f 2264//3959 2263//3959 2268//3959
f 2268//3960 2263//3960 2272//3960
g \u6b21\u5367\u4e00\u4e1c\u5317\u5899
f 2273//3961 2274//3961 2275//3961
f 2273//3962 2275//3962 2276//3962
f 2277//3963 2273//3963 2276//3963
f 2277//3964 2276//3964 2278//3964
f 2277//3965 2278//3965 2279//3965
f 2280//3966 2277//3966 2279//3966
f 2281//3967 2280//3967 2279//3967
f 2282//3968 2280//3968 2281//3968
f 2283//3969 2282//3969 2281//3969
f 2283//3970 2281//3970 2284//3970
f 2274//3971 2283//3971 2284//3971
f 2274//3972 2284//3972 2275//3972
f 2282//3973 2273//3973 2277//3973
f 2282//3974 2277//3974 2280//3974
f 2274//3975 2282//3975 2283//3975
f 2274//3976 2273//3976 2282//3976
f 2276//3977 2281//3977 2278//3977
f 2278//3978 2281//3978 2279//3978
f 2281//3979 2275//3979 2284//3979
f 2276//3980 2275//3980 2281//3980
g \u6b21\u5367\u4e00\u5357\u5899
f 2285//3981 2286//3981 2287//3981
f 2285//3982 2287//3982 2288//3982
f 2285//3983 2288//3983 2289//3983
f 2290//3984 2285//3984 2289//3984
f 2291//3985 2290//3985 2289//3985
f 2291//3986 2289//3986 2292//3986
f 2291//3987 2292//3987 2287//3987
f 2286//3988 2291//3988 2287//3988
f 2286//3989 2285//3989 2290//3989
f 2286//3990 2290//3990 2291//3990
f 2288//3991 2287//3991 2289//3991
f 2289//3992 2287//3992 2292//3992
g \u6b21\u5367\u4e00\u95e8\u8fb9
f 2293//3993 2294//3993 2295//3993
f 2293//3994 2295//3994 2296//3994
f 2297//3995 2293//3995 2296//3995
f 2297//3996 2296//3996 2298//3996
f 2299//3997 2297//3997 2298//3997
f 2299//3998 2298//3998 2300//3998
f 2294//3999 2299//3999 2300//3999
f 2294//4000 2300//4000 2295//4000
f 2294//4001 2293//4001 2297//4001
f 2294//4002 2297//4002 2299//4002
f 2296//4003 2295//4003 2298//4003
f 2298//4004 2295//4004 2300//4004
g \u6b21\u536b\u897f\u5899
f 2301//4005 2302//4005 2303//4005
f 2301//4006 2303//4006 2304//4006
f 2305//4007 2301//4007 2304//4007
f 2305//4008 2304//4008 2306//4008
f 2307//4009 2305//4009 2306//4009
f 2307//4010 2306//4010 2308//4010
f 2309//4011 2307//4011 2308//4011
f 2309//4012 2308//4012 2310//4012
f 2309//4013 2310//4013 2311//4013
f 2312//4014 2309//4014 2311//4014
f 2312//4015 2311//4015 2313//4015
f 2314//4016 2312//4016 2313//4016
f 2314//4017 2313//4017 2315//4017
f 2316//4018 2314//4018 2315//4018
f 2302//4019 2316//4019 2315//4019
f 2302//4020 2315//4020 2303//4020
f 2309//4021 2305//4021 2307//4021
f 2314//4022 2309//4022 2312//4022
f 2314//4023 2316//4023 2309//4023
f 2302//4024 2301//4024 2316//4024
f 2301//4025 2305//4025 2309//4025
f 2301//4026 2309//4026 2316//4026
f 2306//4027 2310//4027 2308//4027
f 2310//4028 2313//4028 2311//4028
f 2315//4029 2313//4029 2310//4029
f 2304//4030 2303//4030 2315//4030
f 2306//4031 2304//4031 2310//4031
f 2310//4032 2304//4032 2315//4032
g \u897f\u7ffc\u5916\u5899
f 2317//4033 2318//4033 2319//4033
f 2317//4034 2319//4034 2320//4034
f 2317//4035 2320//4035 2321//4035
f 2322//4036 2317//4036 2321//4036
f 2323//4037 2322//4037 2321//4037
f 2323//4038 2321//4038 2324//4038
f 2325//4039 2323//4039 2324//4039
f 2326//4040 2323//4040 2325//4040
f 2327//4041 2326//4041 2325//4041
f 2327//4042 2325//4042 2328//4042
f 2329//4043 2327//4043 2328//4043
f 2329//4044 2328//4044 2330//4044
f 2331//4045 2329//4045 2330//4045
f 2331//4046 2330//4046 2332//4046
f 2319//4047 2331//4047 2332//4047
f 2318//4048 2331//4048 2319//4048
f 2326//4049 2327//4049 2329//4049
f 2326//4050 2329//4050 2331//4050
f 2323//4051 2317//4051 2322//4051
f 2318//4052 2323//4052 2326//4052
f 2318//4053 2326//4053 2331//4053
f 2318//4054 2317//4054 2323//4054
f 2328//4055 2325//4055 2330//4055
f 2330//4056 2325//4056 2332//4056
f 2320//4057 2324//4057 2321//4057
f 2324//4058 2319//4058 2325//4058
f 2325//4059 2319//4059 2332//4059
f 2320//4060 2319//4060 2324//4060
g \u4e3b\u5367\u5317\u5899
f 2333//4061 2334//4061 2335//4061
f 2336//4062 2333//4062 2335//4062
f 2336//4063 2335//4063 2337//4063
f 2338//4064 2336//4064 2337//4064
f 2339//4065 2338//4065 2337//4065
f 2339//4066 2337//4066 2340//4066
f 2339//4067 2340//4067 2334//4067
f 2333//4068 2339//4068 2334//4068
f 2333//4069 2336//4069 2338//4069
f 2333//4070 2338//4070 2339//4070
f 2335//4071 2334//4071 2337//4071
f 2337//4072 2334//4072 2340//4072
g \u4e3b\u5367\u8863\u5e3d\u533a\u4e1c\u5899
f 2341//4073 2342//4073 2343//4073
f 2341//4074 2343//4074 2344//4074
f 2345//4075 2341//4075 2344//4075
f 2345//4076 2344//4076 2346//4076
f 2347//4077 2345//4077 2346//4077
f 2347//4078 2346//4078 2348//4078
f 2342//4079 2347//4079 2348//4079
f 2342//4080 2348//4080 2343//4080
f 2342//4081 2341//4081 2345//4081
f 2342//4082 2345//4082 2347//4082
f 2344//4083 2343//4083 2346//4083
f 2346//4084 2343//4084 2348//4084
g \u4e3b\u5367\u5317\u5899\u8f6c\u89d2
f 2349//4085 2350//4085 2351//4085
f 2352//4086 2349//4086 2351//4086
f 2353//4087 2352//4087 2351//4087
f 2353//4088 2351//4088 2354//4088
f 2355//4089 2353//4089 2354//4089
f 2355//4090 2354//4090 2356//4090
f 2355//4091 2356//4091 2357//4091
f 2358//4092 2355//4092 2357//4092
f 2359//4093 2358//4093 2357//4093
f 2359//4094 2357//4094 2360//4094
f 2349//4095 2359//4095 2360//4095
f 2349//4096 2360//4096 2350//4096
f 2353//4097 2355//4097 2358//4097
f 2353//4098 2358//4098 2359//4098
f 2349//4099 2352//4099 2353//4099
f 2349//4100 2353//4100 2359//4100
f 2356//4101 2354//4101 2357//4101
f 2357//4102 2354//4102 2360//4102
f 2351//4103 2350//4103 2354//4103
f 2354//4104 2350//4104 2360//4104
g \u4e3b\u5367\u4e1c\u5899
f 2361//4105 2362//4105 2363//4105
f 2364//4106 2361//4106 2363//4106
f 2365//4107 2364//4107 2363//4107
f 2365//4108 2363//4108 2366//4108
f 2367//4109 2365//4109 2366//4109
f 2367//4110 2366//4110 2368//4110
f 2367//4111 2368//4111 2369//4111
f 2370//4112 2367//4112 2369//4112
f 2371//4113 2370//4113 2369//4113
f 2371//4114 2369//4114 2372//4114
f 2373//4115 2371//4115 2372//4115
f 2373//4116 2372//4116 2374//4116
f 2375//4117 2373//4117 2374//4117
f 2375//4118 2374//4118 2376//4118
f 2362//4119 2375//4119 2376//4119
f 2361//4120 2375//4120 2362//4120
f 2370//4121 2365//4121 2367//4121
f 2373//4122 2370//4122 2371//4122
f 2373//4123 2375//4123 2370//4123
f 2361//4124 2364//4124 2375//4124
f 2364//4125 2365//4125 2375//4125
f 2375//4126 2365//4126 2370//4126
f 2366//4127 2369//4127 2368//4127
f 2369//4128 2374//4128 2372//4128
f 2376//4129 2374//4129 2369//4129
f 2363//4130 2362//4130 2376//4130
f 2366//4131 2363//4131 2376//4131
f 2366//4132 2376//4132 2369//4132
g \u4e3b\u5367\u897f\u5357\u8f6c\u89d2
f 2377//4133 2378//4133 2379//4133
f 2377//4134 2379//4134 2380//4134
f 2381//4135 2377//4135 2380//4135
f 2381//4136 2380//4136 2382//4136
f 2383//4137 2381//4137 2382//4137
f 2383//4138 2382//4138 2384//4138
f 2385//4139 2383//4139 2384//4139
f 2385//4140 2384//4140 2386//4140
f 2387//4141 2385//4141 2386//4141
f 2387//4142 2386//4142 2388//4142
f 2387//4143 2388//4143 2389//4143
f 2390//4144 2387//4144 2389//4144
f 2391//4145 2390//4145 2389//4145
f 2391//4146 2389//4146 2392//4146
f 2378//4147 2391//4147 2392//4147
f 2378//4148 2392//4148 2379//4148
f 2387//4149 2390//4149 2391//4149
f 2381//4150 2383//4150 2385//4150
f 2381//4151 2385//4151 2387//4151
f 2378//4152 2377//4152 2381//4152
f 2378//4153 2381//4153 2387//4153
f 2378//4154 2387//4154 2391//4154
f 2389//4155 2388//4155 2392//4155
f 2384//4156 2382//4156 2386//4156
f 2386//4157 2382//4157 2388//4157
f 2380//4158 2379//4158 2382//4158
f 2382//4159 2379//4159 2388//4159
f 2388//4160 2379//4160 2392//4160
g \u4e3b\u5367\u897f\u5357\u7aef\u67f1
f 2393//4161 2394//4161 2395//4161
f 2393//4162 2395//4162 2396//4162
f 2397//4163 2393//4163 2396//4163
f 2397//4164 2396//4164 2398//4164
f 2399//4165 2397//4165 2398//4165
f 2399//4166 2398//4166 2400//4166
f 2394//4167 2399//4167 2400//4167
f 2394//4168 2400//4168 2395//4168
f 2399//4169 2393//4169 2397//4169
f 2394//4170 2393//4170 2399//4170
f 2396//4171 2400//4171 2398//4171
f 2396//4172 2395//4172 2400//4172
g \u4e3b\u5367\u5ba2\u5385\u5357\u7aef\u67f1
f 2401//4173 2402//4173 2403//4173
f 2401//4174 2403//4174 2404//4174
f 2405//4175 2401//4175 2404//4175
f 2405//4176 2404//4176 2406//4176
f 2407//4177 2405//4177 2406//4177
f 2407//4178 2406//4178 2408//4178
f 2402//4179 2407//4179 2408//4179
f 2402//4180 2408//4180 2403//4180
f 2402//4181 2401//4181 2405//4181
f 2402//4182 2405//4182 2407//4182
f 2404//4183 2403//4183 2406//4183
f 2406//4184 2403//4184 2408//4184
g \u5ba2\u5385\u6b21\u5367\u4e8c\u5357\u7aef\u67f1
f 2409//4185 2410//4185 2411//4185
f 2409//4186 2411//4186 2412//4186
f 2413//4187 2409//4187 2412//4187
f 2413//4188 2412//4188 2414//4188
f 2415//4189 2413//4189 2414//4189
f 2415//4190 2414//4190 2416//4190
f 2410//4191 2415//4191 2416//4191
f 2410//4192 2416//4192 2411//4192
f 2410//4193 2409//4193 2413//4193
f 2410//4194 2413//4194 2415//4194
f 2412//4195 2411//4195 2414//4195
f 2414//4196 2411//4196 2416//4196
g \u6b21\u5367\u4e8c\u4e1c\u5317\u5916\u5899
f 2417//4197 2418//4197 2419//4197
f 2417//4198 2419//4198 2420//4198
f 2421//4199 2417//4199 2420//4199
f 2421//4200 2420//4200 2422//4200
f 2423//4201 2421//4201 2422//4201
f 2423//4202 2422//4202 2424//4202
f 2425//4203 2423//4203 2424//4203
f 2426//4204 2423//4204 2425//4204
f 2427//4205 2426//4205 2425//4205
f 2428//4206 2426//4206 2427//4206
f 2428//4207 2427//4207 2429//4207
f 2430//4208 2428//4208 2429//4208
f 2431//4209 2430//4209 2429//4209
f 2431//4210 2429//4210 2432//4210
f 2418//4211 2431//4211 2432//4211
f 2418//4212 2432//4212 2419//4212
f 2426//4213 2417//4213 2421//4213
f 2426//4214 2421//4214 2423//4214
f 2431//4215 2428//4215 2430//4215
f 2418//4216 2426//4216 2428//4216
f 2418//4217 2417//4217 2426//4217
f 2418//4218 2428//4218 2431//4218
f 2420//4219 2425//4219 2422//4219
f 2422//4220 2425//4220 2424//4220
f 2427//4221 2432//4221 2429//4221
f 2425//4222 2419//4222 2427//4222
f 2420//4223 2419//4223 2425//4223
f 2427//4224 2419//4224 2432//4224
g \u6b21\u5367\u4e8c\u897f\u5899\u8f6c\u89d2
f 2433//4225 2434//4225 2435//4225
f 2433//4226 2435//4226 2436//4226
f 2433//4227 2436//4227 2437//4227
f 2438//4228 2433//4228 2437//4228
f 2438//4229 2437//4229 2439//4229
f 2440//4230 2438//4230 2439//4230
f 2441//4231 2440//4231 2439//4231
f 2441//4232 2439//4232 2442//4232
f 2443//4233 2441//4233 2442//4233
f 2443//4234 2442//4234 2444//4234
f 2443//4235 2444//4235 2445//4235
f 2446//4236 2443//4236 2445//4236
f 2446//4237 2445//4237 2447//4237
f 2448//4238 2446//4238 2447//4238
f 2448//4239 2447//4239 2449//4239
f 2450//4240 2448//4240 2449//4240
f 2450//4241 2449//4241 2451//4241
f 2452//4242 2450//4242 2451//4242
f 2434//4243 2452//4243 2451//4243
f 2434//4244 2451//4244 2435//4244
f 2438//4245 2440//4245 2441//4245
f 2443//4246 2438//4246 2441//4246
f 2446//4247 2438//4247 2443//4247
f 2452//4248 2438//4248 2446//4248
f 2450//4249 2446//4249 2448//4249
f 2450//4250 2452//4250 2446//4250
f 2434//4251 2433//4251 2452//4251
f 2433//4252 2438//4252 2452//4252
f 2439//4253 2437//4253 2442//4253
f 2437//4254 2444//4254 2442//4254
f 2437//4255 2445//4255 2444//4255
f 2437//4256 2451//4256 2445//4256
f 2445//4257 2449//4257 2447//4257
f 2451//4258 2449//4258 2445//4258
f 2436//4259 2435//4259 2451//4259
f 2437//4260 2436//4260 2451//4260
g \u6b21\u5367\u4e8c\u4e1c\u5357\u95e8\u8fb9
f 2453//4261 2454//4261 2455//4261
f 2456//4262 2453//4262 2455//4262
f 2457//4263 2456//4263 2455//4263
f 2457//4264 2455//4264 2458//4264
f 2457//4265 2458//4265 2459//4265
f 2460//4266 2457//4266 2459//4266
f 2453//4267 2460//4267 2459//4267
f 2453//4268 2459//4268 2454//4268
f 2453//4269 2456//4269 2457//4269
f 2453//4270 2457//4270 2460//4270
f 2455//4271 2454//4271 2458//4271
f 2458//4272 2454//4272 2459//4272
g \u4e3b\u536b\u8863\u5e3d\u533a\u9694\u5899\u897f
f 2461//4273 2462//4273 2463//4273
f 2461//4274 2463//4274 2464//4274
f 2461//4275 2464//4275 2465//4275
f 2466//4276 2461//4276 2465//4276
f 2467//4277 2466//4277 2465//4277
f 2467//4278 2465//4278 2468//4278
f 2467//4279 2468//4279 2463//4279
f 2462//4280 2467//4280 2463//4280
f 2462//4281 2461//4281 2466//4281
f 2462//4282 2466//4282 2467//4282
f 2464//4283 2463//4283 2465//4283
f 2465//4284 2463//4284 2468//4284
g \u4e3b\u536b\u8863\u5e3d\u533a\u9694\u5899\u4e1c
f 2469//4285 2470//4285 2471//4285
f 2472//4286 2469//4286 2471//4286
f 2472//4287 2471//4287 2473//4287
f 2474//4288 2472//4288 2473//4288
f 2474//4289 2473//4289 2475//4289
f 2476//4290 2474//4290 2475//4290
f 2476//4291 2475//4291 2470//4291
f 2469//4292 2476//4292 2470//4292
f 2476//4293 2472//4293 2474//4293
f 2469//4294 2472//4294 2476//4294
f 2471//4295 2475//4295 2473//4295
f 2471//4296 2470//4296 2475//4296
g \u6b21\u536b\u5bb6\u653f\u9694\u5899
f 2477//4297 2478//4297 2479//4297
f 2480//4298 2477//4298 2479//4298
f 2481//4299 2480//4299 2479//4299
f 2481//4300 2479//4300 2482//4300
f 2481//4301 2482//4301 2483//4301
f 2484//4302 2481//4302 2483//4302
f 2477//4303 2484//4303 2483//4303
f 2477//4304 2483//4304 2478//4304
f 2477//4305 2480//4305 2481//4305
f 2477//4306 2481//4306 2484//4306
f 2479//4307 2478//4307 2482//4307
f 2482//4308 2478//4308 2483//4308
g \u897f\u7ffc\u5357\u7a97\u95e8\u8fb9
f 2485//4309 2486//4309 2487//4309
f 2488//4310 2485//4310 2487//4310
f 2488//4311 2487//4311 2489//4311
f 2490//4312 2488//4312 2489//4312
f 2491//4313 2490//4313 2489//4313
f 2491//4314 2489//4314 2492//4314
f 2493//4315 2491//4315 2492//4315
f 2493//4316 2492//4316 2494//4316
f 2495//4317 2493//4317 2494//4317
f 2495//4318 2494//4318 2496//4318
f 2485//4319 2495//4319 2496//4319
f 2485//4320 2496//4320 2486//4320
f 2488//4321 2491//4321 2493//4321
f 2488//4322 2493//4322 2495//4322
f 2490//4323 2491//4323 2488//4323
f 2485//4324 2488//4324 2495//4324
f 2492//4325 2487//4325 2494//4325
f 2494//4326 2487//4326 2496//4326
f 2492//4327 2489//4327 2487//4327
f 2487//4328 2486//4328 2496//4328
g \u5168\u5c4b\u5730\u9762\xb7A7 \u5916\u8f6e\u5ed3
f 2497//4329 2498//4329 2499//4329
f 2497//4330 2499//4330 2500//4330
f 2501//4331 2497//4331 2500//4331
f 2501//4332 2500//4332 2502//4332
f 2503//4333 2501//4333 2502//4333
f 2503//4334 2502//4334 2504//4334
f 2505//4335 2503//4335 2504//4335
f 2505//4336 2504//4336 2506//4336
f 2507//4337 2505//4337 2506//4337
f 2507//4338 2506//4338 2508//4338
f 2509//4339 2507//4339 2508//4339
f 2510//4340 2507//4340 2509//4340
f 2511//4341 2510//4341 2509//4341
f 2511//4342 2509//4342 2512//4342
f 2513//4343 2511//4343 2512//4343
f 2513//4344 2512//4344 2514//4344
f 2515//4345 2513//4345 2514//4345
f 2515//4346 2514//4346 2516//4346
f 2517//4347 2515//4347 2516//4347
f 2517//4348 2516//4348 2518//4348
f 2519//4349 2517//4349 2518//4349
f 2519//4350 2518//4350 2520//4350
f 2521//4351 2519//4351 2520//4351
f 2522//4352 2519//4352 2521//4352
f 2523//4353 2522//4353 2521//4353
f 2523//4354 2521//4354 2524//4354
f 2499//4355 2523//4355 2524//4355
f 2498//4356 2523//4356 2499//4356
f 2510//4357 2511//4357 2513//4357
f 2515//4358 2510//4358 2513//4358
f 2517//4359 2510//4359 2515//4359
f 2503//4360 2505//4360 2507//4360
f 2501//4361 2503//4361 2507//4361
f 2523//4362 2507//4362 2510//4362
f 2523//4363 2510//4363 2517//4363
f 2523//4364 2501//4364 2507//4364
f 2522//4365 2517//4365 2519//4365
f 2522//4366 2523//4366 2517//4366
f 2498//4367 2497//4367 2501//4367
f 2498//4368 2501//4368 2523//4368
f 2512//4369 2509//4369 2514//4369
f 2509//4370 2516//4370 2514//4370
f 2509//4371 2518//4371 2516//4371
f 2506//4372 2504//4372 2508//4372
f 2504//4373 2502//4373 2508//4373
f 2508//4374 2524//4374 2509//4374
f 2509//4375 2524//4375 2518//4375
f 2502//4376 2524//4376 2508//4376
f 2518//4377 2521//4377 2520//4377
f 2524//4378 2521//4378 2518//4378
f 2500//4379 2499//4379 2502//4379
f 2502//4380 2499//4380 2524//4380
g \u53a8\u623f\xb7\u5730\u9762
f 2525//4381 2526//4381 2527//4381
f 2525//4382 2527//4382 2528//4382
f 2529//4383 2525//4383 2528//4383
f 2529//4384 2528//4384 2530//4384
f 2531//4385 2529//4385 2530//4385
f 2531//4386 2530//4386 2532//4386
f 2526//4387 2531//4387 2532//4387
f 2526//4388 2532//4388 2527//4388
f 2531//4389 2525//4389 2529//4389
f 2526//4390 2525//4390 2531//4390
f 2528//4391 2532//4391 2530//4391
f 2528//4392 2527//4392 2532//4392
g \u6b21\u536b\xb7\u5730\u9762
f 2533//4393 2534//4393 2535//4393
f 2533//4394 2535//4394 2536//4394
f 2537//4395 2533//4395 2536//4395
f 2537//4396 2536//4396 2538//4396
f 2539//4397 2537//4397 2538//4397
f 2539//4398 2538//4398 2540//4398
f 2534//4399 2539//4399 2540//4399
f 2534//4400 2540//4400 2535//4400
f 2534//4401 2533//4401 2537//4401
f 2534//4402 2537//4402 2539//4402
f 2536//4403 2535//4403 2538//4403
f 2538//4404 2535//4404 2540//4404
g \u4e3b\u536b\xb7\u5730\u9762
f 2541//4405 2542//4405 2543//4405
f 2544//4406 2542//4406 2541//4406
f 2545//4407 2544//4407 2541//4407
f 2546//4408 2544//4408 2545//4408
f 2547//4409 2546//4409 2545//4409
f 2548//4410 2546//4410 2547//4410
f 2543//4411 2548//4411 2547//4411
f 2542//4412 2548//4412 2543//4412
f 2544//4413 2546//4413 2548//4413
f 2542//4414 2544//4414 2548//4414
f 2545//4415 2541//4415 2547//4415
f 2541//4416 2543//4416 2547//4416
g \u8863\u5e3d\u533a\xb7\u5730\u9762
f 2549//4417 2550//4417 2551//4417
f 2552//4418 2550//4418 2549//4418
f 2553//4419 2552//4419 2549//4419
f 2553//4420 2549//4420 2554//4420
f 2555//4421 2553//4421 2554//4421
f 2556//4422 2553//4422 2555//4422
f 2551//4423 2556//4423 2555//4423
f 2550//4424 2556//4424 2551//4424
f 2550//4425 2552//4425 2553//4425
f 2550//4426 2553//4426 2556//4426
f 2549//4427 2551//4427 2554//4427
f 2554//4428 2551//4428 2555//4428
g \u4e3b\u5367\xb7\u5730\u9762
f 2557//4429 2558//4429 2559//4429
f 2557//4430 2559//4430 2560//4430
f 2561//4431 2557//4431 2560//4431
f 2562//4432 2557//4432 2561//4432
f 2563//4433 2562//4433 2561//4433
f 2564//4434 2562//4434 2563//4434
f 2559//4435 2564//4435 2563//4435
f 2558//4436 2564//4436 2559//4436
f 2558//4437 2557//4437 2562//4437
f 2558//4438 2562//4438 2564//4438
f 2560//4439 2559//4439 2561//4439
f 2561//4440 2559//4440 2563//4440
g \u6b21\u5367\u4e00\xb7\u5730\u9762
f 2565//4441 2566//4441 2567//4441
f 2565//4442 2567//4442 2568//4442
f 2569//4443 2565//4443 2568//4443
f 2569//4444 2568//4444 2570//4444
f 2571//4445 2569//4445 2570//4445
f 2571//4446 2570//4446 2572//4446
f 2567//4447 2571//4447 2572//4447
f 2566//4448 2571//4448 2567//4448
f 2566//4449 2565//4449 2569//4449
f 2566//4450 2569//4450 2571//4450
f 2568//4451 2567//4451 2570//4451
f 2570//4452 2567//4452 2572//4452
g \u6b21\u5367\u4e8c\xb7\u5730\u9762
f 2573//4453 2574//4453 2575//4453
f 2573//4454 2575//4454 2576//4454
f 2577//4455 2573//4455 2576//4455
f 2577//4456 2576//4456 2578//4456
f 2579//4457 2577//4457 2578//4457
f 2579//4458 2578//4458 2580//4458
f 2574//4459 2579//4459 2580//4459
f 2574//4460 2580//4460 2575//4460
f 2574//4461 2573//4461 2577//4461
f 2574//4462 2577//4462 2579//4462
f 2576//4463 2575//4463 2578//4463
f 2578//4464 2575//4464 2580//4464
g \u6b21\u5367\u4e8c\u7a97\u8fb9\u533a\xb7\u5730\u9762
f 2581//4465 2582//4465 2583//4465
f 2581//4466 2583//4466 2584//4466
f 2585//4467 2581//4467 2584//4467
f 2586//4468 2581//4468 2585//4468
f 2587//4469 2586//4469 2585//4469
f 2587//4470 2585//4470 2588//4470
f 2583//4471 2587//4471 2588//4471
f 2582//4472 2587//4472 2583//4472
f 2582//4473 2581//4473 2586//4473
f 2582//4474 2586//4474 2587//4474
f 2584//4475 2583//4475 2585//4475
f 2585//4476 2583//4476 2588//4476
g \u53a8\u623f\u5317\u7a97
f 2589//4477 2590//4477 2591//4477
f 2591//4478 2590//4478 2592//4478
f 2593//4479 2594//4479 2595//4479
f 2593//4480 2595//4480 2596//4480
f 2589//4481 2594//4481 2590//4481
f 2594//4482 2593//4482 2590//4482
f 2595//4483 2591//4483 2592//4483
f 2596//4484 2595//4484 2592//4484
f 2591//4485 2594//4485 2589//4485
f 2591//4486 2595//4486 2594//4486
f 2593//4487 2592//4487 2590//4487
f 2596//4488 2592//4488 2593//4488
g \u53a8\u623f\u4e1c\u7a97
f 2597//4489 2598//4489 2599//4489
f 2599//4490 2598//4490 2600//4490
f 2601//4491 2602//4491 2603//4491
f 2601//4492 2603//4492 2604//4492
f 2602//4493 2601//4493 2597//4493
f 2597//4494 2601//4494 2598//4494
f 2604//4495 2603//4495 2599//4495
f 2604//4496 2599//4496 2600//4496
f 2599//4497 2603//4497 2597//4497
f 2597//4498 2603//4498 2602//4498
f 2604//4499 2600//4499 2598//4499
f 2604//4500 2598//4500 2601//4500
g \u6b21\u5367\u4e00\u5317\u7a97
f 2605//4501 2606//4501 2607//4501
f 2607//4502 2606//4502 2608//4502
f 2609//4503 2610//4503 2611//4503
f 2609//4504 2611//4504 2612//4504
f 2610//4505 2609//4505 2605//4505
f 2605//4506 2609//4506 2606//4506
f 2612//4507 2611//4507 2607//4507
f 2612//4508 2607//4508 2608//4508
f 2607//4509 2610//4509 2605//4509
f 2607//4510 2611//4510 2610//4510
f 2609//4511 2608//4511 2606//4511
f 2612//4512 2608//4512 2609//4512
g \u6b21\u536b\u897f\u7a97
f 2613//4513 2614//4513 2615//4513
f 2615//4514 2614//4514 2616//4514
f 2617//4515 2618//4515 2619//4515
f 2617//4516 2619//4516 2620//4516
f 2618//4517 2617//4517 2613//4517
f 2613//4518 2617//4518 2614//4518
f 2620//4519 2619//4519 2615//4519
f 2620//4520 2615//4520 2616//4520
f 2615//4521 2619//4521 2613//4521
f 2613//4522 2619//4522 2618//4522
f 2620//4523 2616//4523 2614//4523
f 2620//4524 2614//4524 2617//4524
g \u4e3b\u536b\u5317\u7a97
f 2621//4525 2622//4525 2623//4525
f 2623//4526 2622//4526 2624//4526
f 2625//4527 2626//4527 2627//4527
f 2625//4528 2627//4528 2628//4528
f 2626//4529 2625//4529 2621//4529
f 2621//4530 2625//4530 2622//4530
f 2628//4531 2627//4531 2623//4531
f 2628//4532 2623//4532 2624//4532
f 2623//4533 2627//4533 2621//4533
f 2621//4534 2627//4534 2626//4534
f 2628//4535 2624//4535 2622//4535
f 2628//4536 2622//4536 2625//4536
g \u8863\u5e3d\u533a\u5357\u7a97
f 2629//4537 2630//4537 2631//4537
f 2631//4538 2630//4538 2632//4538
f 2633//4539 2634//4539 2635//4539
f 2633//4540 2635//4540 2636//4540
f 2629//4541 2634//4541 2630//4541
f 2634//4542 2633//4542 2630//4542
f 2635//4543 2631//4543 2632//4543
f 2636//4544 2635//4544 2632//4544
f 2631//4545 2635//4545 2629//4545
f 2629//4546 2635//4546 2634//4546
f 2636//4547 2632//4547 2630//4547
f 2636//4548 2630//4548 2633//4548
g \u4e3b\u5367\u5357\u7a97
f 2637//4549 2638//4549 2639//4549
f 2639//4550 2638//4550 2640//4550
f 2641//4551 2642//4551 2643//4551
f 2641//4552 2643//4552 2644//4552
f 2642//4553 2641//4553 2637//4553
f 2637//4554 2641//4554 2638//4554
f 2644//4555 2643//4555 2639//4555
f 2644//4556 2639//4556 2640//4556
f 2639//4557 2643//4557 2637//4557
f 2637//4558 2643//4558 2642//4558
f 2644//4559 2640//4559 2638//4559
f 2644//4560 2638//4560 2641//4560
g \u5ba2\u5385\u5357\u7a97
f 2645//4561 2646//4561 2647//4561
f 2647//4562 2646//4562 2648//4562
f 2649//4563 2650//4563 2651//4563
f 2649//4564 2651//4564 2652//4564
f 2645//4565 2650//4565 2646//4565
f 2650//4566 2649//4566 2646//4566
f 2651//4567 2647//4567 2648//4567
f 2652//4568 2651//4568 2648//4568
f 2647//4569 2651//4569 2645//4569
f 2645//4570 2651//4570 2650//4570
f 2652//4571 2648//4571 2646//4571
f 2652//4572 2646//4572 2649//4572
g \u6b21\u5367\u4e8c\u7a97\u8fb9\u5357\u7a97
f 2653//4573 2654//4573 2655//4573
f 2655//4574 2654//4574 2656//4574
f 2657//4575 2658//4575 2659//4575
f 2657//4576 2659//4576 2660//4576
f 2658//4577 2657//4577 2653//4577
f 2653//4578 2657//4578 2654//4578
f 2660//4579 2659//4579 2655//4579
f 2660//4580 2655//4580 2656//4580
f 2655//4581 2659//4581 2653//4581
f 2653//4582 2659//4582 2658//4582
f 2660//4583 2656//4583 2654//4583
f 2660//4584 2654//4584 2657//4584
g \u6b21\u5367\u4e8c\u7a97\u8fb9\u79fb\u95e8
f 2661//4585 2662//4585 2663//4585
f 2663//4586 2662//4586 2664//4586
f 2665//4587 2666//4587 2667//4587
f 2665//4588 2667//4588 2668//4588
f 2666//4589 2665//4589 2661//4589
f 2661//4590 2665//4590 2662//4590
f 2668//4591 2667//4591 2663//4591
f 2668//4592 2663//4592 2664//4592
f 2663//4593 2666//4593 2661//4593
f 2663//4594 2667//4594 2666//4594
f 2665//4595 2664//4595 2662//4595
f 2668//4596 2664//4596 2665//4596
g \u5ba2\u5385\u7a97\u8fb9\u79fb\u95e8
f 2669//4597 2670//4597 2671//4597
f 2670//4598 2672//4598 2671//4598
f 2673//4599 2674//4599 2675//4599
f 2676//4600 2673//4600 2675//4600
f 2673//4601 2676//4601 2670//4601
f 2670//4602 2676//4602 2672//4602
f 2675//4603 2674//4603 2669//4603
f 2675//4604 2669//4604 2671//4604
f 2669//4605 2674//4605 2670//4605
f 2670//4606 2674//4606 2673//4606
f 2675//4607 2671//4607 2672//4607
f 2675//4608 2672//4608 2676//4608
g \u53a8\u623f\u79fb\u95e8
f 2677//4609 2678//4609 2679//4609
f 2679//4610 2678//4610 2680//4610
f 2681//4611 2682//4611 2683//4611
f 2681//4612 2683//4612 2684//4612
f 2682//4613 2681//4613 2677//4613
f 2677//4614 2681//4614 2678//4614
f 2684//4615 2683//4615 2679//4615
f 2684//4616 2679//4616 2680//4616
f 2679//4617 2682//4617 2677//4617
f 2679//4618 2683//4618 2682//4618
f 2681//4619 2680//4619 2678//4619
f 2684//4620 2680//4620 2681//4620
g \u5165\u6237\u95e8
f 2685//4621 2686//4621 2687//4621
f 2687//4622 2686//4622 2688//4622
f 2689//4623 2690//4623 2691//4623
f 2689//4624 2691//4624 2692//4624
f 2690//4625 2686//4625 2685//4625
f 2690//4626 2689//4626 2686//4626
f 2688//4627 2691//4627 2687//4627
f 2692//4628 2691//4628 2688//4628
f 2687//4629 2691//4629 2685//4629
f 2685//4630 2691//4630 2690//4630
f 2692//4631 2688//4631 2686//4631
f 2692//4632 2686//4632 2689//4632
g \u6b21\u5367\u4e00\u95e8
f 2693//4633 2694//4633 2695//4633
f 2693//4634 2696//4634 2694//4634
f 2697//4635 2698//4635 2699//4635
f 2700//4636 2698//4636 2697//4636
f 2698//4637 2700//4637 2693//4637
f 2693//4638 2700//4638 2696//4638
f 2697//4639 2699//4639 2695//4639
f 2697//4640 2695//4640 2694//4640
f 2695//4641 2699//4641 2693//4641
f 2693//4642 2699//4642 2698//4642
f 2697//4643 2694//4643 2696//4643
f 2697//4644 2696//4644 2700//4644
g \u6b21\u5367\u4e8c\u95e8
f 2701//4645 2702//4645 2703//4645
f 2703//4646 2702//4646 2704//4646
f 2705//4647 2706//4647 2707//4647
f 2705//4648 2707//4648 2708//4648
f 2706//4649 2702//4649 2701//4649
f 2706//4650 2705//4650 2702//4650
f 2704//4651 2707//4651 2703//4651
f 2708//4652 2707//4652 2704//4652
f 2703//4653 2707//4653 2701//4653
f 2701//4654 2707//4654 2706//4654
f 2708//4655 2704//4655 2702//4655
f 2708//4656 2702//4656 2705//4656
g \u4e3b\u5367\u95e8
f 2709//4657 2710//4657 2711//4657
f 2711//4658 2710//4658 2712//4658
f 2713//4659 2714//4659 2715//4659
f 2713//4660 2715//4660 2716//4660
f 2714//4661 2713//4661 2709//4661
f 2709//4662 2713//4662 2710//4662
f 2716//4663 2715//4663 2711//4663
f 2716//4664 2711//4664 2712//4664
f 2711//4665 2715//4665 2709//4665
f 2709//4666 2715//4666 2714//4666
f 2716//4667 2712//4667 2710//4667
f 2716//4668 2710//4668 2713//4668
g \u8863\u5e3d\u533a\u95e8
f 2717//4669 2718//4669 2719//4669
f 2717//4670 2720//4670 2718//4670
f 2721//4671 2722//4671 2723//4671
f 2724//4672 2722//4672 2721//4672
f 2722//4673 2724//4673 2717//4673
f 2717//4674 2724//4674 2720//4674
f 2721//4675 2723//4675 2719//4675
f 2721//4676 2719//4676 2718//4676
f 2719//4677 2723//4677 2717//4677
f 2717//4678 2723//4678 2722//4678
f 2721//4679 2718//4679 2720//4679
f 2721//4680 2720//4680 2724//4680
g \u4e3b\u536b\u95e8
f 2725//4681 2726//4681 2727//4681
f 2725//4682 2728//4682 2726//4682
f 2729//4683 2730//4683 2731//4683
f 2732//4684 2730//4684 2729//4684
f 2730//4685 2732//4685 2725//4685
f 2725//4686 2732//4686 2728//4686
f 2729//4687 2731//4687 2727//4687
f 2729//4688 2727//4688 2726//4688
f 2725//4689 2727//4689 2730//4689
f 2727//4690 2731//4690 2730//4690
f 2726//4691 2728//4691 2732//4691
f 2729//4692 2726//4692 2732//4692
g \u6b21\u536b\u95e8
f 2733//4693 2734//4693 2735//4693
f 2735//4694 2734//4694 2736//4694
f 2737//4695 2738//4695 2739//4695
f 2737//4696 2739//4696 2740//4696
f 2738//4697 2737//4697 2733//4697
f 2733//4698 2737//4698 2734//4698
f 2740//4699 2739//4699 2735//4699
f 2740//4700 2735//4700 2736//4700
f 2735//4701 2739//4701 2733//4701
f 2733//4702 2739//4702 2738//4702
f 2740//4703 2736//4703 2734//4703
f 2740//4704 2734//4704 2737//4704
g \u592b\u59bb\u4e3b\u5367\u5e8a\xb7\u5e8a\u67b6
f 2741//4705 2742//4705 2743//4705
f 2743//4706 2742//4706 2744//4706
f 2745//4707 2746//4707 2747//4707
f 2745//4708 2747//4708 2748//4708
f 2746//4709 2745//4709 2741//4709
f 2741//4710 2745//4710 2742//4710
f 2748//4711 2747//4711 2743//4711
f 2748//4712 2743//4712 2744//4712
f 2743//4713 2747//4713 2741//4713
f 2741//4714 2747//4714 2746//4714
f 2748//4715 2744//4715 2742//4715
f 2748//4716 2742//4716 2745//4716
g \u592b\u59bb\u4e3b\u5367\u5e8a\xb7\u5e8a\u57ab
f 2749//4717 2750//4717 2751//4717
f 2751//4718 2750//4718 2752//4718
f 2753//4719 2754//4719 2755//4719
f 2753//4720 2755//4720 2756//4720
f 2754//4721 2753//4721 2749//4721
f 2749//4722 2753//4722 2750//4722
f 2756//4723 2755//4723 2751//4723
f 2756//4724 2751//4724 2752//4724
f 2751//4725 2755//4725 2749//4725
f 2749//4726 2755//4726 2754//4726
f 2756//4727 2752//4727 2750//4727
f 2756//4728 2750//4728 2753//4728
g \u592b\u59bb\u4e3b\u5367\u5e8a\xb7\u8584\u578b\u5e8a\u5934\u677f
f 2757//4729 2758//4729 2759//4729
f 2759//4730 2758//4730 2760//4730
f 2761//4731 2762//4731 2763//4731
f 2761//4732 2763//4732 2764//4732
f 2762//4733 2761//4733 2757//4733
f 2757//4734 2761//4734 2758//4734
f 2764//4735 2763//4735 2759//4735
f 2764//4736 2759//4736 2760//4736
f 2759//4737 2763//4737 2757//4737
f 2757//4738 2763//4738 2762//4738
f 2764//4739 2760//4739 2758//4739
f 2764//4740 2758//4740 2761//4740
g \u592b\u59bb\u4e3b\u5367\u5e8a\xb7\u88ab\u8925
f 2765//4741 2766//4741 2767//4741
f 2766//4742 2768//4742 2767//4742
f 2769//4743 2770//4743 2771//4743
f 2772//4744 2769//4744 2771//4744
f 2769//4745 2772//4745 2766//4745
f 2766//4746 2772//4746 2768//4746
f 2771//4747 2770//4747 2765//4747
f 2771//4748 2765//4748 2767//4748
f 2765//4749 2769//4749 2766//4749
f 2765//4750 2770//4750 2769//4750
f 2772//4751 2767//4751 2768//4751
f 2771//4752 2767//4752 2772//4752
g \u592b\u59bb\u4e3b\u5367\u5e8a\xb7\u6795\u59341
f 2773//4753 2774//4753 2775//4753
f 2774//4754 2776//4754 2775//4754
f 2777//4755 2778//4755 2779//4755
f 2780//4756 2777//4756 2779//4756
f 2774//4757 2777//4757 2776//4757
f 2777//4758 2780//4758 2776//4758
f 2778//4759 2773//4759 2775//4759
f 2779//4760 2778//4760 2775//4760
f 2773//4761 2778//4761 2774//4761
f 2774//4762 2778//4762 2777//4762
f 2779//4763 2775//4763 2776//4763
f 2779//4764 2776//4764 2780//4764
g \u592b\u59bb\u4e3b\u5367\u5e8a\xb7\u6795\u59342
f 2781//4765 2782//4765 2783//4765
f 2782//4766 2784//4766 2783//4766
f 2785//4767 2786//4767 2787//4767
f 2788//4768 2785//4768 2787//4768
f 2782//4769 2785//4769 2784//4769
f 2785//4770 2788//4770 2784//4770
f 2786//4771 2781//4771 2783//4771
f 2787//4772 2786//4772 2783//4772
f 2781//4773 2786//4773 2782//4773
f 2782//4774 2786//4774 2785//4774
f 2787//4775 2783//4775 2784//4775
f 2787//4776 2784//4776 2788//4776
g \u8001\u4eba\u5e8a\xb7\u5e8a\u67b6
f 2789//4777 2790//4777 2791//4777
f 2790//4778 2792//4778 2791//4778
f 2793//4779 2794//4779 2795//4779
f 2796//4780 2793//4780 2795//4780
f 2793//4781 2796//4781 2790//4781
f 2790//4782 2796//4782 2792//4782
f 2795//4783 2794//4783 2789//4783
f 2795//4784 2789//4784 2791//4784
f 2789//4785 2793//4785 2790//4785
f 2789//4786 2794//4786 2793//4786
f 2796//4787 2791//4787 2792//4787
f 2795//4788 2791//4788 2796//4788
g \u8001\u4eba\u5e8a\xb7\u5e8a\u57ab
f 2797//4789 2798//4789 2799//4789
f 2799//4790 2798//4790 2800//4790
f 2801//4791 2802//4791 2803//4791
f 2801//4792 2803//4792 2804//4792
f 2802//4793 2801//4793 2797//4793
f 2797//4794 2801//4794 2798//4794
f 2804//4795 2803//4795 2799//4795
f 2804//4796 2799//4796 2800//4796
f 2799//4797 2803//4797 2797//4797
f 2797//4798 2803//4798 2802//4798
f 2804//4799 2800//4799 2798//4799
f 2804//4800 2798//4800 2801//4800
g \u8001\u4eba\u5e8a\xb7\u8584\u578b\u5e8a\u5934\u677f
f 2805//4801 2806//4801 2807//4801
f 2806//4802 2808//4802 2807//4802
f 2809//4803 2810//4803 2811//4803
f 2812//4804 2809//4804 2811//4804
f 2809//4805 2812//4805 2806//4805
f 2806//4806 2812//4806 2808//4806
f 2811//4807 2810//4807 2805//4807
f 2811//4808 2805//4808 2807//4808
f 2805//4809 2810//4809 2806//4809
f 2806//4810 2810//4810 2809//4810
f 2811//4811 2807//4811 2808//4811
f 2811//4812 2808//4812 2812//4812
g \u8001\u4eba\u5e8a\xb7\u88ab\u8925
f 2813//4813 2814//4813 2815//4813
f 2815//4814 2814//4814 2816//4814
f 2817//4815 2818//4815 2819//4815
f 2817//4816 2819//4816 2820//4816
f 2818//4817 2817//4817 2813//4817
f 2813//4818 2817//4818 2814//4818
f 2820//4819 2819//4819 2815//4819
f 2820//4820 2815//4820 2816//4820
f 2815//4821 2819//4821 2813//4821
f 2813//4822 2819//4822 2818//4822
f 2820//4823 2816//4823 2814//4823
f 2820//4824 2814//4824 2817//4824
g \u8001\u4eba\u5e8a\xb7\u6795\u59341
f 2821//4825 2822//4825 2823//4825
f 2822//4826 2824//4826 2823//4826
f 2825//4827 2826//4827 2827//4827
f 2828//4828 2825//4828 2827//4828
f 2825//4829 2828//4829 2822//4829
f 2822//4830 2828//4830 2824//4830
f 2827//4831 2826//4831 2821//4831
f 2827//4832 2821//4832 2823//4832
f 2821//4833 2826//4833 2822//4833
f 2822//4834 2826//4834 2825//4834
f 2827//4835 2823//4835 2824//4835
f 2827//4836 2824//4836 2828//4836
g \u8001\u4eba\u5e8a\xb7\u6795\u59342
f 2829//4837 2830//4837 2831//4837
f 2830//4838 2832//4838 2831//4838
f 2833//4839 2834//4839 2835//4839
f 2836//4840 2833//4840 2835//4840
f 2833//4841 2836//4841 2830//4841
f 2830//4842 2836//4842 2832//4842
f 2835//4843 2834//4843 2829//4843
f 2835//4844 2829//4844 2831//4844
f 2829//4845 2834//4845 2830//4845
f 2830//4846 2834//4846 2833//4846
f 2835//4847 2831//4847 2832//4847
f 2835//4848 2832//4848 2836//4848
g \u513f\u7ae5\u5e8a\xb7\u5e8a\u67b6
f 2837//4849 2838//4849 2839//4849
f 2838//4850 2840//4850 2839//4850
f 2841//4851 2842//4851 2843//4851
f 2844//4852 2841//4852 2843//4852
f 2841//4853 2844//4853 2838//4853
f 2838//4854 2844//4854 2840//4854
f 2843//4855 2842//4855 2837//4855
f 2843//4856 2837//4856 2839//4856
f 2837//4857 2841//4857 2838//4857
f 2837//4858 2842//4858 2841//4858
f 2844//4859 2839//4859 2840//4859
f 2843//4860 2839//4860 2844//4860
g \u513f\u7ae5\u5e8a\xb7\u5e8a\u57ab
f 2845//4861 2846//4861 2847//4861
f 2847//4862 2846//4862 2848//4862
f 2849//4863 2850//4863 2851//4863
f 2849//4864 2851//4864 2852//4864
f 2850//4865 2849//4865 2845//4865
f 2845//4866 2849//4866 2846//4866
f 2852//4867 2851//4867 2847//4867
f 2852//4868 2847//4868 2848//4868
f 2847//4869 2851//4869 2845//4869
f 2845//4870 2851//4870 2850//4870
f 2852//4871 2848//4871 2846//4871
f 2852//4872 2846//4872 2849//4872
g \u513f\u7ae5\u5e8a\xb7\u8584\u578b\u5e8a\u5934\u677f
f 2853//4873 2854//4873 2855//4873
f 2855//4874 2854//4874 2856//4874
f 2857//4875 2858//4875 2859//4875
f 2857//4876 2859//4876 2860//4876
f 2858//4877 2857//4877 2853//4877
f 2853//4878 2857//4878 2854//4878
f 2860//4879 2859//4879 2855//4879
f 2860//4880 2855//4880 2856//4880
f 2855//4881 2859//4881 2853//4881
f 2853//4882 2859//4882 2858//4882
f 2860//4883 2856//4883 2854//4883
f 2860//4884 2854//4884 2857//4884
g \u513f\u7ae5\u5e8a\xb7\u88ab\u8925
f 2861//4885 2862//4885 2863//4885
f 2863//4886 2862//4886 2864//4886
f 2865//4887 2866//4887 2867//4887
f 2865//4888 2867//4888 2868//4888
f 2866//4889 2865//4889 2861//4889
f 2861//4890 2865//4890 2862//4890
f 2868//4891 2867//4891 2863//4891
f 2868//4892 2863//4892 2864//4892
f 2863//4893 2866//4893 2861//4893
f 2863//4894 2867//4894 2866//4894
f 2865//4895 2864//4895 2862//4895
f 2868//4896 2864//4896 2865//4896
g \u513f\u7ae5\u5e8a\xb7\u6795\u59341
f 2869//4897 2870//4897 2871//4897
f 2871//4898 2870//4898 2872//4898
f 2873//4899 2874//4899 2875//4899
f 2873//4900 2875//4900 2876//4900
f 2874//4901 2873//4901 2869//4901
f 2869//4902 2873//4902 2870//4902
f 2876//4903 2875//4903 2871//4903
f 2876//4904 2871//4904 2872//4904
f 2871//4905 2875//4905 2869//4905
f 2869//4906 2875//4906 2874//4906
f 2876//4907 2872//4907 2870//4907
f 2876//4908 2870//4908 2873//4908
g \u513f\u7ae5\u5e8a\xb7\u6795\u59342
f 2877//4909 2878//4909 2879//4909
f 2879//4910 2878//4910 2880//4910
f 2881//4911 2882//4911 2883//4911
f 2881//4912 2883//4912 2884//4912
f 2882//4913 2881//4913 2877//4913
f 2877//4914 2881//4914 2878//4914
f 2884//4915 2883//4915 2879//4915
f 2884//4916 2879//4916 2880//4916
f 2879//4917 2883//4917 2877//4917
f 2877//4918 2883//4918 2882//4918
f 2884//4919 2880//4919 2878//4919
f 2884//4920 2878//4920 2881//4920
g \u8863\u5e3d\u533a\u957f\u67dc
f 2885//4921 2886//4921 2887//4921
f 2887//4922 2886//4922 2888//4922
f 2889//4923 2890//4923 2891//4923
f 2889//4924 2891//4924 2892//4924
f 2890//4925 2889//4925 2885//4925
f 2885//4926 2889//4926 2886//4926
f 2892//4927 2891//4927 2887//4927
f 2892//4928 2887//4928 2888//4928
f 2887//4929 2891//4929 2885//4929
f 2885//4930 2891//4930 2890//4930
f 2892//4931 2888//4931 2886//4931
f 2892//4932 2886//4932 2889//4932
g \u8863\u5e3d\u533a\u957f\u67dc\xb7\u5206\u7f1d1
f 2893//4933 2894//4933 2895//4933
f 2895//4934 2894//4934 2896//4934
f 2897//4935 2898//4935 2899//4935
f 2897//4936 2899//4936 2900//4936
f 2898//4937 2897//4937 2893//4937
f 2893//4938 2897//4938 2894//4938
f 2900//4939 2899//4939 2895//4939
f 2900//4940 2895//4940 2896//4940
f 2895//4941 2899//4941 2893//4941
f 2893//4942 2899//4942 2898//4942
f 2900//4943 2896//4943 2894//4943
f 2900//4944 2894//4944 2897//4944
g \u8863\u5e3d\u533a\u957f\u67dc\xb7\u5206\u7f1d2
f 2901//4945 2902//4945 2903//4945
f 2903//4946 2902//4946 2904//4946
f 2905//4947 2906//4947 2907//4947
f 2905//4948 2907//4948 2908//4948
f 2906//4949 2905//4949 2901//4949
f 2901//4950 2905//4950 2902//4950
f 2908//4951 2907//4951 2903//4951
f 2908//4952 2903//4952 2904//4952
f 2903//4953 2907//4953 2901//4953
f 2901//4954 2907//4954 2906//4954
f 2908//4955 2904//4955 2902//4955
f 2908//4956 2902//4956 2905//4956
g \u4e3b\u5367\u5317\u8863\u67dc
f 2909//4957 2910//4957 2911//4957
f 2911//4958 2910//4958 2912//4958
f 2913//4959 2914//4959 2915//4959
f 2913//4960 2915//4960 2916//4960
f 2914//4961 2913//4961 2909//4961
f 2909//4962 2913//4962 2910//4962
f 2916//4963 2915//4963 2911//4963
f 2916//4964 2911//4964 2912//4964
f 2911//4965 2915//4965 2909//4965
f 2909//4966 2915//4966 2914//4966
f 2916//4967 2912//4967 2910//4967
f 2916//4968 2910//4968 2913//4968
g \u4e3b\u5367\u5317\u8863\u67dc\xb7\u5206\u7f1d1
f 2917//4969 2918//4969 2919//4969
f 2919//4970 2918//4970 2920//4970
f 2921//4971 2922//4971 2923//4971
f 2921//4972 2923//4972 2924//4972
f 2922//4973 2921//4973 2917//4973
f 2917//4974 2921//4974 2918//4974
f 2924//4975 2923//4975 2919//4975
f 2924//4976 2919//4976 2920//4976
f 2919//4977 2923//4977 2917//4977
f 2917//4978 2923//4978 2922//4978
f 2924//4979 2920//4979 2918//4979
f 2924//4980 2918//4980 2921//4980
g \u4e3b\u5367\u5317\u8863\u67dc\xb7\u5206\u7f1d2
f 2925//4981 2926//4981 2927//4981
f 2927//4982 2926//4982 2928//4982
f 2929//4983 2930//4983 2931//4983
f 2929//4984 2931//4984 2932//4984
f 2930//4985 2929//4985 2925//4985
f 2925//4986 2929//4986 2926//4986
f 2932//4987 2931//4987 2927//4987
f 2932//4988 2927//4988 2928//4988
f 2927//4989 2931//4989 2925//4989
f 2925//4990 2931//4990 2930//4990
f 2932//4991 2928//4991 2926//4991
f 2932//4992 2926//4992 2929//4992
g \u4e3b\u5367\u897f\u8863\u67dc
f 2933//4993 2934//4993 2935//4993
f 2933//4994 2936//4994 2934//4994
f 2937//4995 2938//4995 2939//4995
f 2940//4996 2938//4996 2937//4996
f 2938//4997 2940//4997 2933//4997
f 2933//4998 2940//4998 2936//4998
f 2937//4999 2939//4999 2935//4999
f 2937//5000 2935//5000 2934//5000
f 2935//5001 2939//5001 2933//5001
f 2933//5002 2939//5002 2938//5002
f 2937//5003 2934//5003 2936//5003
f 2937//5004 2936//5004 2940//5004
g \u4e3b\u5367\u897f\u8863\u67dc\xb7\u5206\u7f1d1
f 2941//5005 2942//5005 2943//5005
f 2941//5006 2944//5006 2942//5006
f 2945//5007 2946//5007 2947//5007
f 2948//5008 2946//5008 2945//5008
f 2946//5009 2948//5009 2941//5009
f 2941//5010 2948//5010 2944//5010
f 2945//5011 2947//5011 2943//5011
f 2945//5012 2943//5012 2942//5012
f 2943//5013 2947//5013 2941//5013
f 2941//5014 2947//5014 2946//5014
f 2945//5015 2942//5015 2944//5015
f 2945//5016 2944//5016 2948//5016
g \u4e3b\u5367\u897f\u8863\u67dc\xb7\u5206\u7f1d2
f 2949//5017 2950//5017 2951//5017
f 2949//5018 2952//5018 2950//5018
f 2953//5019 2954//5019 2955//5019
f 2956//5020 2954//5020 2953//5020
f 2954//5021 2956//5021 2949//5021
f 2949//5022 2956//5022 2952//5022
f 2953//5023 2955//5023 2951//5023
f 2953//5024 2951//5024 2950//5024
f 2951//5025 2955//5025 2949//5025
f 2949//5026 2955//5026 2954//5026
f 2953//5027 2950//5027 2952//5027
f 2953//5028 2952//5028 2956//5028
g \u8001\u4eba\u623f\u8863\u67dc
f 2957//5029 2958//5029 2959//5029
f 2959//5030 2958//5030 2960//5030
f 2961//5031 2962//5031 2963//5031
f 2961//5032 2963//5032 2964//5032
f 2962//5033 2961//5033 2957//5033
f 2957//5034 2961//5034 2958//5034
f 2964//5035 2963//5035 2959//5035
f 2964//5036 2959//5036 2960//5036
f 2957//5037 2959//5037 2962//5037
f 2959//5038 2963//5038 2962//5038
f 2960//5039 2958//5039 2961//5039
f 2964//5040 2960//5040 2961//5040
g \u8001\u4eba\u623f\u8863\u67dc\xb7\u5206\u7f1d1
f 2965//5041 2966//5041 2967//5041
f 2967//5042 2966//5042 2968//5042
f 2969//5043 2970//5043 2971//5043
f 2969//5044 2971//5044 2972//5044
f 2970//5045 2969//5045 2965//5045
f 2965//5046 2969//5046 2966//5046
f 2972//5047 2971//5047 2967//5047
f 2972//5048 2967//5048 2968//5048
f 2965//5049 2967//5049 2970//5049
f 2967//5050 2971//5050 2970//5050
f 2968//5051 2966//5051 2969//5051
f 2972//5052 2968//5052 2969//5052
g \u8001\u4eba\u623f\u8863\u67dc\xb7\u5206\u7f1d2
f 2973//5053 2974//5053 2975//5053
f 2975//5054 2974//5054 2976//5054
f 2977//5055 2978//5055 2979//5055
f 2977//5056 2979//5056 2980//5056
f 2978//5057 2977//5057 2973//5057
f 2973//5058 2977//5058 2974//5058
f 2980//5059 2979//5059 2975//5059
f 2980//5060 2975//5060 2976//5060
f 2973//5061 2975//5061 2978//5061
f 2975//5062 2979//5062 2978//5062
f 2976//5063 2974//5063 2977//5063
f 2980//5064 2976//5064 2977//5064
g \u513f\u7ae5\u623f\u8863\u67dc
f 2981//5065 2982//5065 2983//5065
f 2981//5066 2984//5066 2982//5066
f 2985//5067 2986//5067 2987//5067
f 2988//5068 2986//5068 2985//5068
f 2986//5069 2988//5069 2981//5069
f 2981//5070 2988//5070 2984//5070
f 2985//5071 2987//5071 2983//5071
f 2985//5072 2983//5072 2982//5072
f 2983//5073 2986//5073 2981//5073
f 2983//5074 2987//5074 2986//5074
f 2988//5075 2982//5075 2984//5075
f 2985//5076 2982//5076 2988//5076
g \u513f\u7ae5\u623f\u8863\u67dc\xb7\u5206\u7f1d1
f 2989//5077 2990//5077 2991//5077
f 2991//5078 2990//5078 2992//5078
f 2993//5079 2994//5079 2995//5079
f 2993//5080 2995//5080 2996//5080
f 2994//5081 2993//5081 2989//5081
f 2989//5082 2993//5082 2990//5082
f 2996//5083 2995//5083 2991//5083
f 2996//5084 2991//5084 2992//5084
f 2989//5085 2991//5085 2994//5085
f 2991//5086 2995//5086 2994//5086
f 2992//5087 2990//5087 2993//5087
f 2996//5088 2992//5088 2993//5088
g \u513f\u7ae5\u623f\u8863\u67dc\xb7\u5206\u7f1d2
f 2997//5089 2998//5089 2999//5089
f 2999//5090 2998//5090 3000//5090
f 3001//5091 3002//5091 3003//5091
f 3001//5092 3003//5092 3004//5092
f 3002//5093 3001//5093 2997//5093
f 2997//5094 3001//5094 2998//5094
f 3004//5095 3003//5095 2999//5095
f 3004//5096 2999//5096 3000//5096
f 2997//5097 2999//5097 3002//5097
f 2999//5098 3003//5098 3002//5098
f 3000//5099 2998//5099 3001//5099
f 3004//5100 3000//5100 3001//5100
g \u513f\u7ae5\u7a97\u8fb9\u4f4e\u4e66\u67dc
f 3005//5101 3006//5101 3007//5101
f 3006//5102 3008//5102 3007//5102
f 3009//5103 3010//5103 3011//5103
f 3012//5104 3009//5104 3011//5104
f 3009//5105 3008//5105 3006//5105
f 3009//5106 3012//5106 3008//5106
f 3007//5107 3010//5107 3005//5107
f 3011//5108 3010//5108 3007//5108
f 3006//5109 3005//5109 3009//5109
f 3005//5110 3010//5110 3009//5110
f 3007//5111 3008//5111 3012//5111
f 3011//5112 3007//5112 3012//5112
g \u4e3b\u5367\u7a97\u8fb9\u68b3\u5986/\u9605\u8bfb\u53f0
f 3013//5113 3014//5113 3015//5113
f 3013//5114 3016//5114 3014//5114
f 3017//5115 3018//5115 3019//5115
f 3020//5116 3018//5116 3017//5116
f 3013//5117 3018//5117 3016//5117
f 3018//5118 3020//5118 3016//5118
f 3019//5119 3015//5119 3014//5119
f 3017//5120 3019//5120 3014//5120
f 3015//5121 3019//5121 3013//5121
f 3013//5122 3019//5122 3018//5122
f 3017//5123 3014//5123 3016//5123
f 3017//5124 3016//5124 3020//5124
g \u513f\u7ae5\u7a97\u8fb9\u5b66\u4e60\u684c
f 3021//5125 3022//5125 3023//5125
f 3021//5126 3024//5126 3022//5126
f 3025//5127 3026//5127 3027//5127
f 3028//5128 3026//5128 3025//5128
f 3026//5129 3028//5129 3021//5129
f 3021//5130 3028//5130 3024//5130
f 3025//5131 3027//5131 3023//5131
f 3025//5132 3023//5132 3022//5132
f 3023//5133 3026//5133 3021//5133
f 3023//5134 3027//5134 3026//5134
f 3028//5135 3022//5135 3024//5135
f 3025//5136 3022//5136 3028//5136
g \u9910\u684c
f 3029//5137 3030//5137 3031//5137
f 3030//5138 3032//5138 3031//5138
f 3033//5139 3034//5139 3035//5139
f 3036//5140 3033//5140 3035//5140
f 3033//5141 3036//5141 3030//5141
f 3030//5142 3036//5142 3032//5142
f 3035//5143 3034//5143 3029//5143
f 3035//5144 3029//5144 3031//5144
f 3029//5145 3034//5145 3030//5145
f 3030//5146 3034//5146 3033//5146
f 3035//5147 3031//5147 3032//5147
f 3035//5148 3032//5148 3036//5148
g \u9910\u6905\xb7\u5ea7\u9762
f 3037//5149 3038//5149 3039//5149
f 3039//5150 3038//5150 3040//5150
f 3041//5151 3042//5151 3043//5151
f 3041//5152 3043//5152 3044//5152
f 3042//5153 3041//5153 3037//5153
f 3037//5154 3041//5154 3038//5154
f 3044//5155 3043//5155 3039//5155
f 3044//5156 3039//5156 3040//5156
f 3037//5157 3039//5157 3042//5157
f 3039//5158 3043//5158 3042//5158
f 3040//5159 3038//5159 3041//5159
f 3044//5160 3040//5160 3041//5160
g \u9910\u6905\xb7\u9760\u80cc
f 3045//5161 3046//5161 3047//5161
f 3045//5162 3048//5162 3046//5162
f 3049//5163 3050//5163 3051//5163
f 3052//5164 3050//5164 3049//5164
f 3050//5165 3048//5165 3045//5165
f 3050//5166 3052//5166 3048//5166
f 3046//5167 3051//5167 3047//5167
f 3049//5168 3051//5168 3046//5168
f 3047//5169 3050//5169 3045//5169
f 3047//5170 3051//5170 3050//5170
f 3052//5171 3046//5171 3048//5171
f 3049//5172 3046//5172 3052//5172
g \u9910\u6905\xb7\u5ea7\u9762001
f 3053//5173 3054//5173 3055//5173
f 3055//5174 3054//5174 3056//5174
f 3057//5175 3058//5175 3059//5175
f 3057//5176 3059//5176 3060//5176
f 3058//5177 3057//5177 3053//5177
f 3053//5178 3057//5178 3054//5178
f 3060//5179 3059//5179 3055//5179
f 3060//5180 3055//5180 3056//5180
f 3053//5181 3055//5181 3058//5181
f 3055//5182 3059//5182 3058//5182
f 3056//5183 3054//5183 3057//5183
f 3060//5184 3056//5184 3057//5184
g \u9910\u6905\xb7\u9760\u80cc001
f 3061//5185 3062//5185 3063//5185
f 3061//5186 3064//5186 3062//5186
f 3065//5187 3066//5187 3067//5187
f 3068//5188 3066//5188 3065//5188
f 3066//5189 3064//5189 3061//5189
f 3066//5190 3068//5190 3064//5190
f 3062//5191 3067//5191 3063//5191
f 3065//5192 3067//5192 3062//5192
f 3063//5193 3066//5193 3061//5193
f 3063//5194 3067//5194 3066//5194
f 3068//5195 3062//5195 3064//5195
f 3065//5196 3062//5196 3068//5196
g \u9910\u6905\xb7\u5ea7\u9762002
f 3069//5197 3070//5197 3071//5197
f 3071//5198 3070//5198 3072//5198
f 3073//5199 3074//5199 3075//5199
f 3073//5200 3075//5200 3076//5200
f 3074//5201 3073//5201 3069//5201
f 3069//5202 3073//5202 3070//5202
f 3076//5203 3075//5203 3071//5203
f 3076//5204 3071//5204 3072//5204
f 3069//5205 3071//5205 3074//5205
f 3071//5206 3075//5206 3074//5206
f 3072//5207 3070//5207 3073//5207
f 3076//5208 3072//5208 3073//5208
g \u9910\u6905\xb7\u9760\u80cc002
f 3077//5209 3078//5209 3079//5209
f 3079//5210 3078//5210 3080//5210
f 3081//5211 3082//5211 3083//5211
f 3081//5212 3083//5212 3084//5212
f 3082//5213 3078//5213 3077//5213
f 3082//5214 3081//5214 3078//5214
f 3080//5215 3083//5215 3079//5215
f 3084//5216 3083//5216 3080//5216
f 3079//5217 3082//5217 3077//5217
f 3079//5218 3083//5218 3082//5218
f 3081//5219 3080//5219 3078//5219
f 3084//5220 3080//5220 3081//5220
g \u9910\u6905\xb7\u5ea7\u9762003
f 3085//5221 3086//5221 3087//5221
f 3087//5222 3086//5222 3088//5222
f 3089//5223 3090//5223 3091//5223
f 3089//5224 3091//5224 3092//5224
f 3090//5225 3089//5225 3085//5225
f 3085//5226 3089//5226 3086//5226
f 3092//5227 3091//5227 3087//5227
f 3092//5228 3087//5228 3088//5228
f 3085//5229 3087//5229 3090//5229
f 3087//5230 3091//5230 3090//5230
f 3088//5231 3086//5231 3089//5231
f 3092//5232 3088//5232 3089//5232
g \u9910\u6905\xb7\u9760\u80cc003
f 3093//5233 3094//5233 3095//5233
f 3095//5234 3094//5234 3096//5234
f 3097//5235 3098//5235 3099//5235
f 3097//5236 3099//5236 3100//5236
f 3098//5237 3094//5237 3093//5237
f 3098//5238 3097//5238 3094//5238
f 3096//5239 3099//5239 3095//5239
f 3100//5240 3099//5240 3096//5240
f 3095//5241 3098//5241 3093//5241
f 3095//5242 3099//5242 3098//5242
f 3097//5243 3096//5243 3094//5243
f 3100//5244 3096//5244 3097//5244
g \u5ba2\u5385\u6c99\u53d1\xb7\u5e95\u5ea7
f 3101//5245 3102//5245 3103//5245
f 3103//5246 3102//5246 3104//5246
f 3105//5247 3106//5247 3107//5247
f 3105//5248 3107//5248 3108//5248
f 3106//5249 3105//5249 3101//5249
f 3101//5250 3105//5250 3102//5250
f 3108//5251 3107//5251 3103//5251
f 3108//5252 3103//5252 3104//5252
f 3103//5253 3107//5253 3101//5253
f 3101//5254 3107//5254 3106//5254
f 3108//5255 3104//5255 3102//5255
f 3108//5256 3102//5256 3105//5256
g \u5ba2\u5385\u6c99\u53d1\xb7\u5750\u57ab
f 3109//5257 3110//5257 3111//5257
f 3111//5258 3110//5258 3112//5258
f 3113//5259 3114//5259 3115//5259
f 3113//5260 3115//5260 3116//5260
f 3114//5261 3113//5261 3109//5261
f 3109//5262 3113//5262 3110//5262
f 3116//5263 3115//5263 3111//5263
f 3116//5264 3111//5264 3112//5264
f 3111//5265 3115//5265 3109//5265
f 3109//5266 3115//5266 3114//5266
f 3116//5267 3112//5267 3110//5267
f 3116//5268 3110//5268 3113//5268
g \u5ba2\u5385\u6c99\u53d1\xb7\u9760\u80cc
f 3117//5269 3118//5269 3119//5269
f 3119//5270 3118//5270 3120//5270
f 3121//5271 3122//5271 3123//5271
f 3121//5272 3123//5272 3124//5272
f 3122//5273 3118//5273 3117//5273
f 3122//5274 3121//5274 3118//5274
f 3120//5275 3123//5275 3119//5275
f 3124//5276 3123//5276 3120//5276
f 3117//5277 3119//5277 3122//5277
f 3119//5278 3123//5278 3122//5278
f 3120//5279 3118//5279 3121//5279
f 3124//5280 3120//5280 3121//5280
g \u5ba2\u5385\u6c99\u53d1\xb7\u6276\u624b
f 3125//5281 3126//5281 3127//5281
f 3127//5282 3126//5282 3128//5282
f 3129//5283 3130//5283 3131//5283
f 3129//5284 3131//5284 3132//5284
f 3125//5285 3130//5285 3126//5285
f 3130//5286 3129//5286 3126//5286
f 3131//5287 3127//5287 3128//5287
f 3132//5288 3131//5288 3128//5288
f 3127//5289 3130//5289 3125//5289
f 3127//5290 3131//5290 3130//5290
f 3129//5291 3128//5291 3126//5291
f 3132//5292 3128//5292 3129//5292
g \u5ba2\u5385\u6c99\u53d1\xb7\u6276\u624b001
f 3133//5293 3134//5293 3135//5293
f 3133//5294 3136//5294 3134//5294
f 3137//5295 3138//5295 3139//5295
f 3140//5296 3138//5296 3137//5296
f 3133//5297 3138//5297 3136//5297
f 3138//5298 3140//5298 3136//5298
f 3139//5299 3135//5299 3134//5299
f 3137//5300 3139//5300 3134//5300
f 3135//5301 3138//5301 3133//5301
f 3135//5302 3139//5302 3138//5302
f 3140//5303 3134//5303 3136//5303
f 3137//5304 3134//5304 3140//5304
g \u7535\u89c6\u5f71\u97f3\u77ee\u67dc
f 3141//5305 3142//5305 3143//5305
f 3143//5306 3142//5306 3144//5306
f 3145//5307 3146//5307 3147//5307
f 3145//5308 3147//5308 3148//5308
f 3146//5309 3145//5309 3141//5309
f 3141//5310 3145//5310 3142//5310
f 3148//5311 3147//5311 3143//5311
f 3148//5312 3143//5312 3144//5312
f 3143//5313 3147//5313 3141//5313
f 3141//5314 3147//5314 3146//5314
f 3148//5315 3144//5315 3142//5315
f 3148//5316 3142//5316 3145//5316
g \u5ba2\u5385\xb755\u201365\u5bf8\u7535\u89c6
f 3149//5317 3150//5317 3151//5317
f 3151//5318 3150//5318 3152//5318
f 3153//5319 3154//5319 3155//5319
f 3153//5320 3155//5320 3156//5320
f 3154//5321 3150//5321 3149//5321
f 3154//5322 3153//5322 3150//5322
f 3152//5323 3155//5323 3151//5323
f 3156//5324 3155//5324 3152//5324
f 3151//5325 3155//5325 3149//5325
f 3149//5326 3155//5326 3154//5326
f 3156//5327 3152//5327 3150//5327
f 3156//5328 3150//5328 3153//5328
g \u5ba2\u5385\u8336\u51e0
f 3157//5329 3158//5329 3159//5329
f 3159//5330 3158//5330 3160//5330
f 3161//5331 3162//5331 3163//5331
f 3161//5332 3163//5332 3164//5332
f 3157//5333 3162//5333 3158//5333
f 3162//5334 3161//5334 3158//5334
f 3163//5335 3159//5335 3160//5335
f 3164//5336 3163//5336 3160//5336
f 3159//5337 3163//5337 3157//5337
f 3157//5338 3163//5338 3162//5338
f 3164//5339 3160//5339 3158//5339
f 3164//5340 3158//5340 3161//5340
g \u5ba2\u5385\u6c99\u53d1\u8fb9\u51e0
f 3165//5341 3166//5341 3167//5341
f 3165//5342 3168//5342 3166//5342
f 3169//5343 3170//5343 3171//5343
f 3172//5344 3170//5344 3169//5344
f 3170//5345 3172//5345 3165//5345
f 3165//5346 3172//5346 3168//5346
f 3169//5347 3171//5347 3167//5347
f 3169//5348 3167//5348 3166//5348
f 3167//5349 3171//5349 3165//5349
f 3165//5350 3171//5350 3170//5350
f 3169//5351 3166//5351 3168//5351
f 3169//5352 3168//5352 3172//5352
g \u9910\u8fb9\u98df\u54c1/\u4e66\u7c4d\u9ad8\u67dc
f 3173//5353 3174//5353 3175//5353
f 3175//5354 3174//5354 3176//5354
f 3177//5355 3178//5355 3179//5355
f 3177//5356 3179//5356 3180//5356
f 3178//5357 3177//5357 3173//5357
f 3173//5358 3177//5358 3174//5358
f 3180//5359 3179//5359 3175//5359
f 3180//5360 3175//5360 3176//5360
f 3175//5361 3179//5361 3173//5361
f 3173//5362 3179//5362 3178//5362
f 3180//5363 3176//5363 3174//5363
f 3180//5364 3174//5364 3177//5364
g \u9910\u8fb9\u67dc/\u5145\u7535\u6536\u7eb3
f 3181//5365 3182//5365 3183//5365
f 3182//5366 3184//5366 3183//5366
f 3185//5367 3186//5367 3187//5367
f 3188//5368 3185//5368 3187//5368
f 3185//5369 3188//5369 3182//5369
f 3182//5370 3188//5370 3184//5370
f 3187//5371 3186//5371 3181//5371
f 3187//5372 3181//5372 3183//5372
f 3182//5373 3181//5373 3185//5373
f 3181//5374 3186//5374 3185//5374
f 3183//5375 3184//5375 3188//5375
f 3187//5376 3183//5376 3188//5376
g \u53a8\u623f\xb7\u8fde\u7eed\u5730\u67dc
f 3189//5377 3190//5377 3191//5377
f 3191//5378 3190//5378 3192//5378
f 3193//5379 3194//5379 3195//5379
f 3193//5380 3195//5380 3196//5380
f 3194//5381 3193//5381 3189//5381
f 3189//5382 3193//5382 3190//5382
f 3196//5383 3195//5383 3191//5383
f 3196//5384 3191//5384 3192//5384
f 3191//5385 3195//5385 3189//5385
f 3189//5386 3195//5386 3194//5386
f 3196//5387 3192//5387 3190//5387
f 3196//5388 3190//5388 3193//5388
g \u53a8\u623f\xb7\u77f3\u6750\u53f0\u9762
f 3197//5389 3198//5389 3199//5389
f 3199//5390 3198//5390 3200//5390
f 3201//5391 3202//5391 3203//5391
f 3201//5392 3203//5392 3204//5392
f 3202//5393 3201//5393 3197//5393
f 3197//5394 3201//5394 3198//5394
f 3204//5395 3203//5395 3199//5395
f 3204//5396 3199//5396 3200//5396
f 3199//5397 3202//5397 3197//5397
f 3199//5398 3203//5398 3202//5398
f 3201//5399 3200//5399 3198//5399
f 3204//5400 3200//5400 3201//5400
g \u53a8\u623f\xb7\u8fde\u7eed\u5907\u9910\u53f0
f 3205//5401 3206//5401 3207//5401
f 3206//5402 3208//5402 3207//5402
f 3209//5403 3210//5403 3211//5403
f 3212//5404 3209//5404 3211//5404
f 3209//5405 3212//5405 3206//5405
f 3206//5406 3212//5406 3208//5406
f 3211//5407 3210//5407 3205//5407
f 3211//5408 3205//5408 3207//5408
f 3205//5409 3210//5409 3206//5409
f 3206//5410 3210//5410 3209//5410
f 3211//5411 3207//5411 3208//5411
f 3211//5412 3208//5412 3212//5412
g \u53a8\u623f\xb7\u7076\u53f0
f 3213//5413 3214//5413 3215//5413
f 3215//5414 3214//5414 3216//5414
f 3217//5415 3218//5415 3219//5415
f 3217//5416 3219//5416 3220//5416
f 3218//5417 3217//5417 3213//5417
f 3213//5418 3217//5418 3214//5418
f 3220//5419 3219//5419 3215//5419
f 3220//5420 3215//5420 3216//5420
f 3215//5421 3218//5421 3213//5421
f 3215//5422 3219//5422 3218//5422
f 3217//5423 3216//5423 3214//5423
f 3220//5424 3216//5424 3217//5424
g \u53a8\u623f\xb7\u6c34\u69fd
f 3221//5425 3222//5425 3223//5425
f 3222//5426 3224//5426 3223//5426
f 3225//5427 3226//5427 3227//5427
f 3228//5428 3225//5428 3227//5428
f 3225//5429 3228//5429 3222//5429
f 3222//5430 3228//5430 3224//5430
f 3227//5431 3226//5431 3221//5431
f 3227//5432 3221//5432 3223//5432
f 3221//5433 3226//5433 3222//5433
f 3222//5434 3226//5434 3225//5434
f 3227//5435 3223//5435 3224//5435
f 3227//5436 3224//5436 3228//5436
g \u8d70\u5eca\xb7\u8584\u578b\u51b0\u7bb1\xb7\u9760\u53a8\u623f\u72ec\u7acb\u5217
f 3229//5437 3230//5437 3231//5437
f 3229//5438 3232//5438 3230//5438
f 3233//5439 3234//5439 3235//5439
f 3236//5440 3234//5440 3233//5440
f 3234//5441 3236//5441 3229//5441
f 3229//5442 3236//5442 3232//5442
f 3233//5443 3235//5443 3231//5443
f 3233//5444 3231//5444 3230//5444
f 3231//5445 3235//5445 3229//5445
f 3229//5446 3235//5446 3234//5446
f 3233//5447 3230//5447 3232//5447
f 3233//5448 3232//5448 3236//5448
g \u8d70\u5eca\xb7\u51b0\u7bb1\u4e0a\u65b9\u9ad8\u67dc
f 3237//5449 3238//5449 3239//5449
f 3239//5450 3238//5450 3240//5450
f 3241//5451 3242//5451 3243//5451
f 3241//5452 3243//5452 3244//5452
f 3242//5453 3241//5453 3237//5453
f 3237//5454 3241//5454 3238//5454
f 3244//5455 3243//5455 3239//5455
f 3244//5456 3239//5456 3240//5456
f 3239//5457 3243//5457 3237//5457
f 3237//5458 3243//5458 3242//5458
f 3244//5459 3240//5459 3238//5459
f 3244//5460 3238//5460 3241//5460
g \u8d70\u5eca\xb7\u84b8\u7bb1/\u70e4\u7bb1\u72ec\u7acb\u5217
f 3245//5461 3246//5461 3247//5461
f 3245//5462 3248//5462 3246//5462
f 3249//5463 3250//5463 3251//5463
f 3252//5464 3250//5464 3249//5464
f 3250//5465 3248//5465 3245//5465
f 3250//5466 3252//5466 3248//5466
f 3246//5467 3251//5467 3247//5467
f 3249//5468 3251//5468 3246//5468
f 3247//5469 3251//5469 3245//5469
f 3245//5470 3251//5470 3250//5470
f 3249//5471 3246//5471 3248//5471
f 3249//5472 3248//5472 3252//5472
g \u8d70\u5eca\xb7\u84b8\u7bb1\u9762\u677f
f 3253//5473 3254//5473 3255//5473
f 3254//5474 3256//5474 3255//5474
f 3257//5475 3258//5475 3259//5475
f 3260//5476 3257//5476 3259//5476
f 3257//5477 3256//5477 3254//5477
f 3257//5478 3260//5478 3256//5478
f 3255//5479 3258//5479 3253//5479
f 3259//5480 3258//5480 3255//5480
f 3254//5481 3253//5481 3257//5481
f 3253//5482 3258//5482 3257//5482
f 3255//5483 3256//5483 3260//5483
f 3259//5484 3255//5484 3260//5484
g \u8d70\u5eca\xb7\u70e4\u7bb1\u9762\u677f
f 3261//5485 3262//5485 3263//5485
f 3262//5486 3264//5486 3263//5486
f 3265//5487 3266//5487 3267//5487
f 3268//5488 3265//5488 3267//5488
f 3265//5489 3264//5489 3262//5489
f 3265//5490 3268//5490 3264//5490
f 3263//5491 3266//5491 3261//5491
f 3267//5492 3266//5492 3263//5492
f 3262//5493 3261//5493 3265//5493
f 3261//5494 3266//5494 3265//5494
f 3263//5495 3264//5495 3268//5495
f 3267//5496 3263//5496 3268//5496
g \u8d70\u5eca\xb7\u84b8\u70e4\u5217\u4e0a\u65b9\u9ad8\u67dc
f 3269//5497 3270//5497 3271//5497
f 3270//5498 3272//5498 3271//5498
f 3273//5499 3274//5499 3275//5499
f 3276//5500 3273//5500 3275//5500
f 3270//5501 3273//5501 3272//5501
f 3273//5502 3276//5502 3272//5502
f 3274//5503 3269//5503 3271//5503
f 3275//5504 3274//5504 3271//5504
f 3269//5505 3274//5505 3270//5505
f 3270//5506 3274//5506 3273//5506
f 3275//5507 3271//5507 3272//5507
f 3275//5508 3272//5508 3276//5508
g \u8d70\u5eca\xb7\u6d17\u8863\u673a/\u70d8\u5e72\u673a\u53e0\u653e\u5217
f 3277//5509 3278//5509 3279//5509
f 3279//5510 3278//5510 3280//5510
f 3281//5511 3282//5511 3283//5511
f 3281//5512 3283//5512 3284//5512
f 3282//5513 3281//5513 3277//5513
f 3277//5514 3281//5514 3278//5514
f 3284//5515 3283//5515 3279//5515
f 3284//5516 3279//5516 3280//5516
f 3279//5517 3283//5517 3277//5517
f 3277//5518 3283//5518 3282//5518
f 3284//5519 3280//5519 3278//5519
f 3284//5520 3278//5520 3281//5520
g \u8d70\u5eca\xb7\u6d17\u8863\u673a\u9762\u677f
f 3285//5521 3286//5521 3287//5521
f 3287//5522 3286//5522 3288//5522
f 3289//5523 3290//5523 3291//5523
f 3289//5524 3291//5524 3292//5524
f 3290//5525 3289//5525 3285//5525
f 3285//5526 3289//5526 3286//5526
f 3292//5527 3291//5527 3287//5527
f 3292//5528 3287//5528 3288//5528
f 3287//5529 3291//5529 3285//5529
f 3285//5530 3291//5530 3290//5530
f 3292//5531 3288//5531 3286//5531
f 3292//5532 3286//5532 3289//5532
g \u8d70\u5eca\xb7\u70d8\u5e72\u673a\u9762\u677f
f 3293//5533 3294//5533 3295//5533
f 3295//5534 3294//5534 3296//5534
f 3297//5535 3298//5535 3299//5535
f 3297//5536 3299//5536 3300//5536
f 3298//5537 3297//5537 3293//5537
f 3293//5538 3297//5538 3294//5538
f 3300//5539 3299//5539 3295//5539
f 3300//5540 3295//5540 3296//5540
f 3295//5541 3299//5541 3293//5541
f 3293//5542 3299//5542 3298//5542
f 3300//5543 3296//5543 3294//5543
f 3300//5544 3294//5544 3297//5544
g \u8d70\u5eca\xb7\u6d17\u70d8\u5217\u4e0a\u65b9\u9ad8\u67dc
f 3301//5545 3302//5545 3303//5545
f 3303//5546 3302//5546 3304//5546
f 3305//5547 3306//5547 3307//5547
f 3305//5548 3307//5548 3308//5548
f 3301//5549 3306//5549 3302//5549
f 3306//5550 3305//5550 3302//5550
f 3307//5551 3303//5551 3304//5551
f 3308//5552 3307//5552 3304//5552
f 3303//5553 3307//5553 3301//5553
f 3301//5554 3307//5554 3306//5554
f 3308//5555 3304//5555 3302//5555
f 3308//5556 3302//5556 3305//5556
g \u4e3b\u536b\xb71500\xd7700 \u6d74\u7f38
f 3309//5557 3310//5557 3311//5557
f 3310//5558 3312//5558 3311//5558
f 3313//5559 3314//5559 3315//5559
f 3316//5560 3313//5560 3315//5560
f 3310//5561 3313//5561 3312//5561
f 3313//5562 3316//5562 3312//5562
f 3314//5563 3309//5563 3311//5563
f 3315//5564 3314//5564 3311//5564
f 3309//5565 3313//5565 3310//5565
f 3309//5566 3314//5566 3313//5566
f 3316//5567 3311//5567 3312//5567
f 3315//5568 3311//5568 3316//5568
g \u4e3b\u536b\xb7\u6d74\u7f38\u5185\u76c6
f 3317//5569 3318//5569 3319//5569
f 3318//5570 3320//5570 3319//5570
f 3321//5571 3322//5571 3323//5571
f 3324//5572 3321//5572 3323//5572
f 3321//5573 3324//5573 3318//5573
f 3318//5574 3324//5574 3320//5574
f 3323//5575 3322//5575 3317//5575
f 3323//5576 3317//5576 3319//5576
f 3317//5577 3321//5577 3318//5577
f 3317//5578 3322//5578 3321//5578
f 3324//5579 3319//5579 3320//5579
f 3323//5580 3319//5580 3324//5580
g \u4e3b\u536b\xb7\u5750\u4fbf\u5668\xb7\u4e00\u4f53\u6c34\u7bb1
f 3325//5581 3326//5581 3327//5581
f 3325//5582 3328//5582 3326//5582
f 3329//5583 3330//5583 3331//5583
f 3332//5584 3330//5584 3329//5584
f 3330//5585 3328//5585 3325//5585
f 3330//5586 3332//5586 3328//5586
f 3326//5587 3331//5587 3327//5587
f 3329//5588 3331//5588 3326//5588
f 3327//5589 3331//5589 3325//5589
f 3325//5590 3331//5590 3330//5590
f 3329//5591 3326//5591 3328//5591
f 3329//5592 3328//5592 3332//5592
g \u4e3b\u536b\xb7\u5750\u4fbf\u5668\xb7\u76c6\u4f53
f 3333//5593 3334//5593 3335//5593
f 3333//5594 3336//5594 3334//5594
f 3337//5595 3338//5595 3339//5595
f 3340//5596 3338//5596 3337//5596
f 3338//5597 3340//5597 3333//5597
f 3333//5598 3340//5598 3336//5598
f 3337//5599 3339//5599 3335//5599
f 3337//5600 3335//5600 3334//5600
f 3335//5601 3339//5601 3333//5601
f 3333//5602 3339//5602 3338//5602
f 3337//5603 3334//5603 3336//5603
f 3337//5604 3336//5604 3340//5604
g \u4e3b\u536b\xb7\u5750\u4fbf\u5668\xb7\u76c6\u4f53\u524d\u5f27
f 3341//5605 3342//5605 3343//5605
f 3341//5606 3343//5606 3344//5606
f 3341//5607 3344//5607 3345//5607
f 3346//5608 3345//5608 3347//5608
f 3346//5609 3341//5609 3345//5609
f 3348//5610 3346//5610 3347//5610
f 3349//5611 3347//5611 3350//5611
f 3349//5612 3350//5612 3351//5612
f 3349//5613 3348//5613 3347//5613
f 3352//5614 3349//5614 3351//5614
f 3353//5615 3351//5615 3354//5615
f 3353//5616 3354//5616 3355//5616
f 3353//5617 3352//5617 3351//5617
f 3356//5618 3353//5618 3355//5618
f 3357//5619 3355//5619 3358//5619
f 3357//5620 3356//5620 3355//5620
f 3359//5621 3358//5621 3360//5621
f 3359//5622 3357//5622 3358//5622
f 3361//5623 3360//5623 3362//5623
f 3361//5624 3359//5624 3360//5624
f 3363//5625 3362//5625 3364//5625
f 3363//5626 3364//5626 3365//5626
f 3363//5627 3361//5627 3362//5627
f 3366//5628 3363//5628 3365//5628
f 3367//5629 3366//5629 3365//5629
f 3367//5630 3365//5630 3368//5630
f 3367//5631 3368//5631 3369//5631
f 3370//5632 3367//5632 3369//5632
f 3371//5633 3370//5633 3369//5633
f 3371//5634 3369//5634 3372//5634
f 3373//5635 3371//5635 3372//5635
f 3373//5636 3372//5636 3374//5636
f 3373//5637 3374//5637 3375//5637
f 3376//5638 3373//5638 3375//5638
f 3377//5639 3376//5639 3375//5639
f 3377//5640 3375//5640 3378//5640
f 3377//5641 3378//5641 3379//5641
f 3380//5642 3377//5642 3379//5642
f 3380//5643 3379//5643 3381//5643
f 3382//5644 3380//5644 3381//5644
f 3382//5645 3381//5645 3383//5645
f 3384//5646 3382//5646 3383//5646
f 3385//5647 3384//5647 3383//5647
f 3385//5648 3383//5648 3386//5648
f 3387//5649 3386//5649 3388//5649
f 3387//5650 3385//5650 3386//5650
f 3389//5651 3388//5651 3390//5651
f 3389//5652 3387//5652 3388//5652
f 3391//5653 3390//5653 3392//5653
f 3391//5654 3389//5654 3390//5654
f 3393//5655 3392//5655 3394//5655
f 3393//5656 3394//5656 3395//5656
f 3393//5657 3391//5657 3392//5657
f 3396//5658 3393//5658 3395//5658
f 3397//5659 3395//5659 3398//5659
f 3397//5660 3396//5660 3395//5660
f 3399//5661 3398//5661 3400//5661
f 3399//5662 3397//5662 3398//5662
f 3401//5663 3400//5663 3402//5663
f 3401//5664 3399//5664 3400//5664
f 3403//5665 3402//5665 3404//5665
f 3403//5666 3401//5666 3402//5666
f 3405//5667 3404//5667 3406//5667
f 3405//5668 3403//5668 3404//5668
f 3407//5669 3406//5669 3408//5669
f 3407//5670 3408//5670 3409//5670
f 3407//5671 3405//5671 3406//5671
f 3410//5672 3407//5672 3409//5672
f 3411//5673 3409//5673 3412//5673
f 3411//5674 3410//5674 3409//5674
f 3413//5675 3412//5675 3414//5675
f 3413//5676 3411//5676 3412//5676
f 3415//5677 3413//5677 3414//5677
f 3415//5678 3414//5678 3416//5678
f 3417//5679 3415//5679 3416//5679
f 3417//5680 3416//5680 3418//5680
f 3419//5681 3417//5681 3418//5681
f 3419//5682 3418//5682 3420//5682
f 3421//5683 3419//5683 3420//5683
f 3421//5684 3420//5684 3422//5684
f 3423//5685 3421//5685 3422//5685
f 3423//5686 3422//5686 3424//5686
f 3423//5687 3424//5687 3425//5687
f 3426//5688 3423//5688 3425//5688
f 3427//5689 3426//5689 3425//5689
f 3427//5690 3425//5690 3428//5690
f 3429//5691 3427//5691 3428//5691
f 3429//5692 3428//5692 3430//5692
f 3431//5693 3429//5693 3430//5693
f 3431//5694 3430//5694 3432//5694
f 3433//5695 3431//5695 3432//5695
f 3433//5696 3432//5696 3434//5696
f 3435//5697 3433//5697 3434//5697
f 3435//5698 3434//5698 3436//5698
f 3435//5699 3436//5699 3437//5699
f 3438//5700 3435//5700 3437//5700
f 3439//5701 3438//5701 3437//5701
f 3439//5702 3437//5702 3440//5702
f 3441//5703 3439//5703 3440//5703
f 3441//5704 3440//5704 3442//5704
f 3441//5705 3442//5705 3443//5705
f 3444//5706 3441//5706 3443//5706
f 3444//5707 3443//5707 3445//5707
f 3446//5708 3444//5708 3445//5708
f 3447//5709 3446//5709 3445//5709
f 3447//5710 3445//5710 3448//5710
f 3449//5711 3447//5711 3448//5711
f 3449//5712 3448//5712 3450//5712
f 3449//5713 3450//5713 3451//5713
f 3452//5714 3449//5714 3451//5714
f 3453//5715 3452//5715 3451//5715
f 3453//5716 3451//5716 3454//5716
f 3455//5717 3454//5717 3456//5717
f 3455//5718 3453//5718 3454//5718
f 3457//5719 3456//5719 3458//5719
f 3457//5720 3455//5720 3456//5720
f 3459//5721 3458//5721 3460//5721
f 3459//5722 3460//5722 3461//5722
f 3459//5723 3457//5723 3458//5723
f 3462//5724 3461//5724 3463//5724
f 3462//5725 3459//5725 3461//5725
f 3464//5726 3462//5726 3463//5726
f 3465//5727 3464//5727 3463//5727
f 3465//5728 3463//5728 3466//5728
f 3465//5729 3466//5729 3467//5729
f 3468//5730 3465//5730 3467//5730
f 3469//5731 3468//5731 3467//5731
f 3469//5732 3467//5732 3470//5732
f 3471//5733 3469//5733 3470//5733
f 3471//5734 3470//5734 3472//5734
f 3473//5735 3471//5735 3472//5735
f 3473//5736 3472//5736 3474//5736
f 3473//5737 3474//5737 3475//5737
f 3476//5738 3473//5738 3475//5738
f 3477//5739 3476//5739 3475//5739
f 3477//5740 3475//5740 3478//5740
f 3479//5741 3477//5741 3478//5741
f 3479//5742 3478//5742 3480//5742
f 3481//5743 3479//5743 3480//5743
f 3481//5744 3480//5744 3482//5744
f 3483//5745 3481//5745 3482//5745
f 3483//5746 3482//5746 3484//5746
f 3485//5747 3483//5747 3484//5747
f 3485//5748 3484//5748 3486//5748
f 3487//5749 3485//5749 3486//5749
f 3487//5750 3486//5750 3488//5750
f 3487//5751 3488//5751 3489//5751
f 3490//5752 3487//5752 3489//5752
f 3491//5753 3489//5753 3492//5753
f 3491//5754 3490//5754 3489//5754
f 3493//5755 3492//5755 3494//5755
f 3493//5756 3491//5756 3492//5756
f 3495//5757 3494//5757 3496//5757
f 3495//5758 3493//5758 3494//5758
f 3497//5759 3496//5759 3498//5759
f 3497//5760 3495//5760 3496//5760
f 3499//5761 3498//5761 3500//5761
f 3499//5762 3500//5762 3501//5762
f 3499//5763 3497//5763 3498//5763
f 3502//5764 3501//5764 3503//5764
f 3502//5765 3499//5765 3501//5765
f 3504//5766 3502//5766 3503//5766
f 3505//5767 3503//5767 3506//5767
f 3505//5768 3504//5768 3503//5768
f 3507//5769 3506//5769 3508//5769
f 3507//5770 3505//5770 3506//5770
f 3509//5771 3508//5771 3510//5771
f 3509//5772 3507//5772 3508//5772
f 3511//5773 3510//5773 3512//5773
f 3511//5774 3512//5774 3513//5774
f 3511//5775 3509//5775 3510//5775
f 3514//5776 3511//5776 3513//5776
f 3515//5777 3514//5777 3513//5777
f 3515//5778 3513//5778 3516//5778
f 3517//5779 3515//5779 3516//5779
f 3517//5780 3516//5780 3518//5780
f 3519//5781 3517//5781 3518//5781
f 3519//5782 3518//5782 3520//5782
f 3519//5783 3520//5783 3521//5783
f 3522//5784 3519//5784 3521//5784
f 3523//5785 3521//5785 3524//5785
f 3523//5786 3522//5786 3521//5786
f 3525//5787 3523//5787 3524//5787
f 3525//5788 3524//5788 3526//5788
f 3525//5789 3526//5789 3527//5789
f 3528//5790 3527//5790 3529//5790
f 3528//5791 3525//5791 3527//5791
f 3530//5792 3528//5792 3529//5792
f 3531//5793 3529//5793 3532//5793
f 3531//5794 3530//5794 3529//5794
f 3533//5795 3532//5795 3534//5795
f 3533//5796 3531//5796 3532//5796
f 3535//5797 3534//5797 3536//5797
f 3535//5798 3533//5798 3534//5798
f 3537//5799 3536//5799 3538//5799
f 3537//5800 3538//5800 3539//5800
f 3537//5801 3535//5801 3536//5801
f 3540//5802 3537//5802 3539//5802
f 3541//5803 3539//5803 3542//5803
f 3541//5804 3540//5804 3539//5804
f 3543//5805 3542//5805 3544//5805
f 3543//5806 3541//5806 3542//5806
f 3545//5807 3544//5807 3546//5807
f 3545//5808 3543//5808 3544//5808
f 3547//5809 3546//5809 3548//5809
f 3547//5810 3548//5810 3549//5810
f 3547//5811 3545//5811 3546//5811
f 3550//5812 3547//5812 3549//5812
f 3551//5813 3549//5813 3552//5813
f 3551//5814 3552//5814 3553//5814
f 3551//5815 3550//5815 3549//5815
f 3554//5816 3553//5816 3555//5816
f 3554//5817 3551//5817 3553//5817
f 3556//5818 3554//5818 3555//5818
f 3557//5819 3555//5819 3558//5819
f 3557//5820 3556//5820 3555//5820
f 3559//5821 3558//5821 3560//5821
f 3559//5822 3557//5822 3558//5822
f 3561//5823 3560//5823 3562//5823
f 3561//5824 3559//5824 3560//5824
f 3563//5825 3562//5825 3564//5825
f 3563//5826 3564//5826 3565//5826
f 3563//5827 3561//5827 3562//5827
f 3566//5828 3563//5828 3565//5828
f 3567//5829 3566//5829 3565//5829
f 3567//5830 3565//5830 3568//5830
f 3567//5831 3568//5831 3569//5831
f 3570//5832 3567//5832 3569//5832
f 3571//5833 3570//5833 3569//5833
f 3571//5834 3569//5834 3572//5834
f 3573//5835 3571//5835 3572//5835
f 3573//5836 3572//5836 3574//5836
f 3575//5837 3573//5837 3574//5837
f 3575//5838 3574//5838 3576//5838
f 3577//5839 3575//5839 3576//5839
f 3577//5840 3576//5840 3578//5840
f 3577//5841 3578//5841 3579//5841
f 3580//5842 3577//5842 3579//5842
f 3581//5843 3580//5843 3579//5843
f 3581//5844 3579//5844 3582//5844
f 3583//5845 3581//5845 3582//5845
f 3583//5846 3582//5846 3584//5846
f 3585//5847 3583//5847 3584//5847
f 3585//5848 3584//5848 3586//5848
f 3587//5849 3585//5849 3586//5849
f 3587//5850 3586//5850 3588//5850
f 3587//5851 3588//5851 3589//5851
f 3590//5852 3587//5852 3589//5852
f 3591//5853 3590//5853 3589//5853
f 3591//5854 3589//5854 3592//5854
f 3342//5855 3592//5855 3343//5855
f 3342//5856 3591//5856 3592//5856
f 3504//5857 3499//5857 3502//5857
f 3493//5858 3495//5858 3497//5858
f 3493//5859 3497//5859 3499//5859
f 3505//5860 3499//5860 3504//5860
f 3505//5861 3493//5861 3499//5861
f 3490//5862 3491//5862 3493//5862
f 3509//5863 3505//5863 3507//5863
f 3511//5864 3505//5864 3509//5864
f 3485//5865 3493//5865 3505//5865
f 3485//5866 3490//5866 3493//5866
f 3485//5867 3487//5867 3490//5867
f 3515//5868 3511//5868 3514//5868
f 3517//5869 3511//5869 3515//5869
f 3479//5870 3481//5870 3483//5870
f 3479//5871 3483//5871 3485//5871
f 3477//5872 3479//5872 3485//5872
f 3522//5873 3517//5873 3519//5873
f 3523//5874 3511//5874 3517//5874
f 3523//5875 3517//5875 3522//5875
f 3473//5876 3476//5876 3477//5876
f 3525//5877 3511//5877 3523//5877
f 3528//5878 3485//5878 3505//5878
f 3528//5879 3505//5879 3511//5879
f 3528//5880 3511//5880 3525//5880
f 3468//5881 3469//5881 3471//5881
f 3468//5882 3471//5882 3473//5882
f 3465//5883 3468//5883 3473//5883
f 3533//5884 3530//5884 3531//5884
f 3462//5885 3464//5885 3465//5885
f 3537//5886 3533//5886 3535//5886
f 3457//5887 3459//5887 3462//5887
f 3457//5888 3477//5888 3485//5888
f 3457//5889 3473//5889 3477//5889
f 3457//5890 3485//5890 3528//5890
f 3457//5891 3528//5891 3530//5891
f 3457//5892 3465//5892 3473//5892
f 3457//5893 3462//5893 3465//5893
f 3541//5894 3533//5894 3537//5894
f 3541//5895 3457//5895 3530//5895
f 3541//5896 3530//5896 3533//5896
f 3541//5897 3537//5897 3540//5897
f 3452//5898 3453//5898 3455//5898
f 3547//5899 3543//5899 3545//5899
f 3449//5900 3452//5900 3455//5900
f 3550//5901 3541//5901 3543//5901
f 3550//5902 3543//5902 3547//5902
f 3554//5903 3550//5903 3551//5903
f 3441//5904 3444//5904 3446//5904
f 3441//5905 3446//5905 3447//5905
f 3441//5906 3447//5906 3449//5906
f 3559//5907 3554//5907 3556//5907
f 3559//5908 3556//5908 3557//5908
f 3438//5909 3441//5909 3449//5909
f 3438//5910 3439//5910 3441//5910
f 3435//5911 3457//5911 3541//5911
f 3435//5912 3449//5912 3455//5912
f 3435//5913 3438//5913 3449//5913
f 3435//5914 3455//5914 3457//5914
f 3567//5915 3563//5915 3566//5915
f 3429//5916 3431//5916 3433//5916
f 3570//5917 3559//5917 3561//5917
f 3570//5918 3561//5918 3563//5918
f 3570//5919 3563//5919 3567//5919
f 3426//5920 3427//5920 3429//5920
f 3573//5921 3570//5921 3571//5921
f 3423//5922 3429//5922 3433//5922
f 3423//5923 3433//5923 3435//5923
f 3423//5924 3426//5924 3429//5924
f 3575//5925 3559//5925 3570//5925
f 3575//5926 3570//5926 3573//5926
f 3421//5927 3423//5927 3435//5927
f 3581//5928 3575//5928 3577//5928
f 3581//5929 3577//5929 3580//5929
f 3581//5930 3554//5930 3559//5930
f 3581//5931 3559//5931 3575//5931
f 3415//5932 3417//5932 3419//5932
f 3415//5933 3419//5933 3421//5933
f 3413//5934 3421//5934 3435//5934
f 3413//5935 3415//5935 3421//5935
f 3587//5936 3581//5936 3583//5936
f 3587//5937 3583//5937 3585//5937
f 3407//5938 3410//5938 3411//5938
f 3407//5939 3411//5939 3413//5939
f 3591//5940 3587//5940 3590//5940
f 3405//5941 3407//5941 3413//5941
f 3405//5942 3541//5942 3550//5942
f 3405//5943 3550//5943 3554//5943
f 3405//5944 3435//5944 3541//5944
f 3405//5945 3413//5945 3435//5945
f 3342//5946 3581//5946 3587//5946
f 3342//5947 3587//5947 3591//5947
f 3346//5948 3342//5948 3341//5948
f 3346//5949 3581//5949 3342//5949
f 3349//5950 3346//5950 3348//5950
f 3393//5951 3396//5951 3397//5951
f 3393//5952 3397//5952 3399//5952
f 3393//5953 3399//5953 3401//5953
f 3393//5954 3401//5954 3403//5954
f 3393//5955 3403//5955 3405//5955
f 3353//5956 3349//5956 3352//5956
f 3356//5957 3349//5957 3353//5957
f 3389//5958 3405//5958 3554//5958
f 3389//5959 3391//5959 3393//5959
f 3389//5960 3393//5960 3405//5960
f 3387//5961 3389//5961 3554//5961
f 3361//5962 3356//5962 3357//5962
f 3361//5963 3357//5963 3359//5963
f 3361//5964 3349//5964 3356//5964
f 3361//5965 3346//5965 3349//5965
f 3366//5966 3361//5966 3363//5966
f 3377//5967 3380//5967 3382//5967
f 3377//5968 3382//5968 3384//5968
f 3377//5969 3384//5969 3385//5969
f 3377//5970 3385//5970 3387//5970
f 3370//5971 3366//5971 3367//5971
f 3371//5972 3581//5972 3346//5972
f 3371//5973 3387//5973 3554//5973
f 3371//5974 3377//5974 3387//5974
f 3371//5975 3346//5975 3361//5975
f 3371//5976 3361//5976 3366//5976
f 3371//5977 3366//5977 3370//5977
f 3371//5978 3554//5978 3581//5978
f 3373//5979 3376//5979 3377//5979
f 3373//5980 3377//5980 3371//5980
f 3500//5981 3503//5981 3501//5981
f 3496//5982 3494//5982 3498//5982
f 3498//5983 3494//5983 3500//5983
f 3500//5984 3506//5984 3503//5984
f 3494//5985 3506//5985 3500//5985
f 3492//5986 3489//5986 3494//5986
f 3506//5987 3510//5987 3508//5987
f 3506//5988 3512//5988 3510//5988
f 3494//5989 3486//5989 3506//5989
f 3489//5990 3486//5990 3494//5990
f 3488//5991 3486//5991 3489//5991
f 3512//5992 3516//5992 3513//5992
f 3512//5993 3518//5993 3516//5993
f 3482//5994 3480//5994 3484//5994
f 3484//5995 3480//5995 3486//5995
f 3480//5996 3478//5996 3486//5996
f 3518//5997 3521//5997 3520//5997
f 3512//5998 3524//5998 3518//5998
f 3518//5999 3524//5999 3521//5999
f 3475//6000 3474//6000 3478//6000
f 3512//6001 3526//6001 3524//6001
f 3486//6002 3527//6002 3506//6002
f 3506//6003 3527//6003 3512//6003
f 3512//6004 3527//6004 3526//6004
f 3470//6005 3467//6005 3472//6005
f 3472//6006 3467//6006 3474//6006
f 3467//6007 3466//6007 3474//6007
f 3529//6008 3534//6008 3532//6008
f 3463//6009 3461//6009 3466//6009
f 3534//6010 3538//6010 3536//6010
f 3460//6011 3458//6011 3461//6011
f 3478//6012 3458//6012 3486//6012
f 3474//6013 3458//6013 3478//6013
f 3486//6014 3458//6014 3527//6014
f 3527//6015 3458//6015 3529//6015
f 3466//6016 3458//6016 3474//6016
f 3461//6017 3458//6017 3466//6017
f 3534//6018 3542//6018 3538//6018
f 3458//6019 3542//6019 3529//6019
f 3529//6020 3542//6020 3534//6020
f 3538//6021 3542//6021 3539//6021
f 3454//6022 3451//6022 3456//6022
f 3544//6023 3548//6023 3546//6023
f 3451//6024 3450//6024 3456//6024
f 3542//6025 3549//6025 3544//6025
f 3544//6026 3549//6026 3548//6026
f 3549//6027 3553//6027 3552//6027
f 3443//6028 3442//6028 3445//6028
f 3445//6029 3442//6029 3448//6029
f 3448//6030 3442//6030 3450//6030
f 3553//6031 3560//6031 3555//6031
f 3555//6032 3560//6032 3558//6032
f 3442//6033 3437//6033 3450//6033
f 3440//6034 3437//6034 3442//6034
f 3458//6035 3436//6035 3542//6035
f 3450//6036 3436//6036 3456//6036
f 3437//6037 3436//6037 3450//6037
f 3456//6038 3436//6038 3458//6038
f 3564//6039 3568//6039 3565//6039
f 3432//6040 3430//6040 3434//6040
f 3560//6041 3569//6041 3562//6041
f 3562//6042 3569//6042 3564//6042
f 3564//6043 3569//6043 3568//6043
f 3428//6044 3425//6044 3430//6044
f 3569//6045 3574//6045 3572//6045
f 3430//6046 3424//6046 3434//6046
f 3434//6047 3424//6047 3436//6047
f 3425//6048 3424//6048 3430//6048
f 3560//6049 3576//6049 3569//6049
f 3569//6050 3576//6050 3574//6050
f 3424//6051 3422//6051 3436//6051
f 3576//6052 3582//6052 3578//6052
f 3578//6053 3582//6053 3579//6053
f 3553//6054 3582//6054 3560//6054
f 3560//6055 3582//6055 3576//6055
f 3418//6056 3416//6056 3420//6056
f 3420//6057 3416//6057 3422//6057
f 3422//6058 3414//6058 3436//6058
f 3416//6059 3414//6059 3422//6059
f 3582//6060 3588//6060 3584//6060
f 3584//6061 3588//6061 3586//6061
f 3409//6062 3408//6062 3412//6062
f 3412//6063 3408//6063 3414//6063
f 3588//6064 3592//6064 3589//6064
f 3408//6065 3406//6065 3414//6065
f 3542//6066 3406//6066 3549//6066
f 3549//6067 3406//6067 3553//6067
f 3436//6068 3406//6068 3542//6068
f 3414//6069 3406//6069 3436//6069
f 3582//6070 3343//6070 3588//6070
f 3588//6071 3343//6071 3592//6071
f 3343//6072 3345//6072 3344//6072
f 3582//6073 3345//6073 3343//6073
f 3345//6074 3350//6074 3347//6074
f 3395//6075 3394//6075 3398//6075
f 3398//6076 3394//6076 3400//6076
f 3400//6077 3394//6077 3402//6077
f 3402//6078 3394//6078 3404//6078
f 3404//6079 3394//6079 3406//6079
f 3350//6080 3354//6080 3351//6080
f 3350//6081 3355//6081 3354//6081
f 3406//6082 3390//6082 3553//6082
f 3392//6083 3390//6083 3394//6083
f 3394//6084 3390//6084 3406//6084
f 3390//6085 3388//6085 3553//6085
f 3355//6086 3362//6086 3358//6086
f 3358//6087 3362//6087 3360//6087
f 3350//6088 3362//6088 3355//6088
f 3345//6089 3362//6089 3350//6089
f 3362//6090 3365//6090 3364//6090
f 3379//6091 3378//6091 3381//6091
f 3381//6092 3378//6092 3383//6092
f 3383//6093 3378//6093 3386//6093
f 3386//6094 3378//6094 3388//6094
f 3365//6095 3369//6095 3368//6095
f 3582//6096 3372//6096 3345//6096
f 3388//6097 3372//6097 3553//6097
f 3378//6098 3372//6098 3388//6098
f 3345//6099 3372//6099 3362//6099
f 3362//6100 3372//6100 3365//6100
f 3365//6101 3372//6101 3369//6101
f 3553//6102 3372//6102 3582//6102
f 3375//6103 3374//6103 3378//6103
f 3378//6104 3374//6104 3372//6104
g \u4e3b\u536b\xb7\u5750\u4fbf\u5668\xb7\u7f13\u964d\u76d6\u677f
f 3593//6105 3594//6105 3595//6105
f 3595//6106 3594//6106 3596//6106
f 3597//6107 3598//6107 3599//6107
f 3597//6108 3599//6108 3600//6108
f 3598//6109 3597//6109 3593//6109
f 3593//6110 3597//6110 3594//6110
f 3600//6111 3599//6111 3595//6111
f 3600//6112 3595//6112 3596//6112
f 3595//6113 3598//6113 3593//6113
f 3595//6114 3599//6114 3598//6114
f 3597//6115 3596//6115 3594//6115
f 3600//6116 3596//6116 3597//6116
g \u6b21\u536b\xb7\u5750\u4fbf\u5668\xb7\u4e00\u4f53\u6c34\u7bb1
f 3601//6117 3602//6117 3603//6117
f 3601//6118 3604//6118 3602//6118
f 3605//6119 3606//6119 3607//6119
f 3608//6120 3606//6120 3605//6120
f 3606//6121 3604//6121 3601//6121
f 3606//6122 3608//6122 3604//6122
f 3602//6123 3607//6123 3603//6123
f 3605//6124 3607//6124 3602//6124
f 3601//6125 3603//6125 3606//6125
f 3603//6126 3607//6126 3606//6126
f 3602//6127 3604//6127 3608//6127
f 3605//6128 3602//6128 3608//6128
g \u6b21\u536b\xb7\u5750\u4fbf\u5668\xb7\u76c6\u4f53
f 3609//6129 3610//6129 3611//6129
f 3611//6130 3610//6130 3612//6130
f 3613//6131 3614//6131 3615//6131
f 3613//6132 3615//6132 3616//6132
f 3609//6133 3614//6133 3610//6133
f 3614//6134 3613//6134 3610//6134
f 3615//6135 3611//6135 3612//6135
f 3616//6136 3615//6136 3612//6136
f 3611//6137 3615//6137 3609//6137
f 3609//6138 3615//6138 3614//6138
f 3616//6139 3612//6139 3610//6139
f 3616//6140 3610//6140 3613//6140
g \u6b21\u536b\xb7\u5750\u4fbf\u5668\xb7\u76c6\u4f53\u524d\u5f27
f 3617//6141 3618//6141 3619//6141
f 3617//6142 3619//6142 3620//6142
f 3617//6143 3620//6143 3621//6143
f 3622//6144 3621//6144 3623//6144
f 3622//6145 3617//6145 3621//6145
f 3624//6146 3622//6146 3623//6146
f 3625//6147 3623//6147 3626//6147
f 3625//6148 3626//6148 3627//6148
f 3625//6149 3624//6149 3623//6149
f 3628//6150 3625//6150 3627//6150
f 3629//6151 3627//6151 3630//6151
f 3629//6152 3630//6152 3631//6152
f 3629//6153 3628//6153 3627//6153
f 3632//6154 3629//6154 3631//6154
f 3633//6155 3631//6155 3634//6155
f 3633//6156 3632//6156 3631//6156
f 3635//6157 3634//6157 3636//6157
f 3635//6158 3633//6158 3634//6158
f 3637//6159 3636//6159 3638//6159
f 3637//6160 3635//6160 3636//6160
f 3639//6161 3638//6161 3640//6161
f 3639//6162 3640//6162 3641//6162
f 3639//6163 3637//6163 3638//6163
f 3642//6164 3639//6164 3641//6164
f 3643//6165 3642//6165 3641//6165
f 3643//6166 3641//6166 3644//6166
f 3643//6167 3644//6167 3645//6167
f 3646//6168 3643//6168 3645//6168
f 3647//6169 3646//6169 3645//6169
f 3647//6170 3645//6170 3648//6170
f 3649//6171 3647//6171 3648//6171
f 3649//6172 3648//6172 3650//6172
f 3649//6173 3650//6173 3651//6173
f 3652//6174 3649//6174 3651//6174
f 3653//6175 3652//6175 3651//6175
f 3653//6176 3651//6176 3654//6176
f 3653//6177 3654//6177 3655//6177
f 3656//6178 3653//6178 3655//6178
f 3656//6179 3655//6179 3657//6179
f 3658//6180 3656//6180 3657//6180
f 3658//6181 3657//6181 3659//6181
f 3660//6182 3658//6182 3659//6182
f 3661//6183 3660//6183 3659//6183
f 3661//6184 3659//6184 3662//6184
f 3663//6185 3662//6185 3664//6185
f 3663//6186 3661//6186 3662//6186
f 3665//6187 3664//6187 3666//6187
f 3665//6188 3663//6188 3664//6188
f 3667//6189 3666//6189 3668//6189
f 3667//6190 3665//6190 3666//6190
f 3669//6191 3668//6191 3670//6191
f 3669//6192 3670//6192 3671//6192
f 3669//6193 3667//6193 3668//6193
f 3672//6194 3669//6194 3671//6194
f 3673//6195 3671//6195 3674//6195
f 3673//6196 3672//6196 3671//6196
f 3675//6197 3674//6197 3676//6197
f 3675//6198 3673//6198 3674//6198
f 3677//6199 3676//6199 3678//6199
f 3677//6200 3675//6200 3676//6200
f 3679//6201 3678//6201 3680//6201
f 3679//6202 3677//6202 3678//6202
f 3681//6203 3680//6203 3682//6203
f 3681//6204 3679//6204 3680//6204
f 3683//6205 3682//6205 3684//6205
f 3683//6206 3684//6206 3685//6206
f 3683//6207 3681//6207 3682//6207
f 3686//6208 3683//6208 3685//6208
f 3687//6209 3685//6209 3688//6209
f 3687//6210 3686//6210 3685//6210
f 3689//6211 3688//6211 3690//6211
f 3689//6212 3687//6212 3688//6212
f 3691//6213 3689//6213 3690//6213
f 3691//6214 3690//6214 3692//6214
f 3693//6215 3691//6215 3692//6215
f 3693//6216 3692//6216 3694//6216
f 3695//6217 3693//6217 3694//6217
f 3695//6218 3694//6218 3696//6218
f 3697//6219 3695//6219 3696//6219
f 3697//6220 3696//6220 3698//6220
f 3699//6221 3697//6221 3698//6221
f 3699//6222 3698//6222 3700//6222
f 3699//6223 3700//6223 3701//6223
f 3702//6224 3699//6224 3701//6224
f 3703//6225 3702//6225 3701//6225
f 3703//6226 3701//6226 3704//6226
f 3705//6227 3703//6227 3704//6227
f 3705//6228 3704//6228 3706//6228
f 3707//6229 3705//6229 3706//6229
f 3707//6230 3706//6230 3708//6230
f 3709//6231 3707//6231 3708//6231
f 3709//6232 3708//6232 3710//6232
f 3711//6233 3709//6233 3710//6233
f 3711//6234 3710//6234 3712//6234
f 3711//6235 3712//6235 3713//6235
f 3714//6236 3711//6236 3713//6236
f 3715//6237 3714//6237 3713//6237
f 3715//6238 3713//6238 3716//6238
f 3717//6239 3715//6239 3716//6239
f 3717//6240 3716//6240 3718//6240
f 3717//6241 3718//6241 3719//6241
f 3720//6242 3717//6242 3719//6242
f 3720//6243 3719//6243 3721//6243
f 3722//6244 3720//6244 3721//6244
f 3723//6245 3722//6245 3721//6245
f 3723//6246 3721//6246 3724//6246
f 3725//6247 3723//6247 3724//6247
f 3725//6248 3724//6248 3726//6248
f 3725//6249 3726//6249 3727//6249
f 3728//6250 3725//6250 3727//6250
f 3729//6251 3728//6251 3727//6251
f 3729//6252 3727//6252 3730//6252
f 3731//6253 3730//6253 3732//6253
f 3731//6254 3729//6254 3730//6254
f 3733//6255 3732//6255 3734//6255
f 3733//6256 3731//6256 3732//6256
f 3735//6257 3734//6257 3736//6257
f 3735//6258 3736//6258 3737//6258
f 3735//6259 3733//6259 3734//6259
f 3738//6260 3737//6260 3739//6260
f 3738//6261 3735//6261 3737//6261
f 3740//6262 3738//6262 3739//6262
f 3741//6263 3740//6263 3739//6263
f 3741//6264 3739//6264 3742//6264
f 3741//6265 3742//6265 3743//6265
f 3744//6266 3741//6266 3743//6266
f 3745//6267 3744//6267 3743//6267
f 3745//6268 3743//6268 3746//6268
f 3747//6269 3745//6269 3746//6269
f 3747//6270 3746//6270 3748//6270
f 3749//6271 3747//6271 3748//6271
f 3749//6272 3748//6272 3750//6272
f 3749//6273 3750//6273 3751//6273
f 3752//6274 3749//6274 3751//6274
f 3753//6275 3752//6275 3751//6275
f 3753//6276 3751//6276 3754//6276
f 3755//6277 3753//6277 3754//6277
f 3755//6278 3754//6278 3756//6278
f 3757//6279 3755//6279 3756//6279
f 3757//6280 3756//6280 3758//6280
f 3759//6281 3757//6281 3758//6281
f 3759//6282 3758//6282 3760//6282
f 3761//6283 3759//6283 3760//6283
f 3761//6284 3760//6284 3762//6284
f 3763//6285 3761//6285 3762//6285
f 3763//6286 3762//6286 3764//6286
f 3763//6287 3764//6287 3765//6287
f 3766//6288 3763//6288 3765//6288
f 3767//6289 3765//6289 3768//6289
f 3767//6290 3766//6290 3765//6290
f 3769//6291 3768//6291 3770//6291
f 3769//6292 3767//6292 3768//6292
f 3771//6293 3770//6293 3772//6293
f 3771//6294 3769//6294 3770//6294
f 3773//6295 3772//6295 3774//6295
f 3773//6296 3771//6296 3772//6296
f 3775//6297 3774//6297 3776//6297
f 3775//6298 3776//6298 3777//6298
f 3775//6299 3773//6299 3774//6299
f 3778//6300 3777//6300 3779//6300
f 3778//6301 3775//6301 3777//6301
f 3780//6302 3778//6302 3779//6302
f 3781//6303 3779//6303 3782//6303
f 3781//6304 3780//6304 3779//6304
f 3783//6305 3782//6305 3784//6305
f 3783//6306 3781//6306 3782//6306
f 3785//6307 3784//6307 3786//6307
f 3785//6308 3783//6308 3784//6308
f 3787//6309 3786//6309 3788//6309
f 3787//6310 3788//6310 3789//6310
f 3787//6311 3785//6311 3786//6311
f 3790//6312 3787//6312 3789//6312
f 3791//6313 3790//6313 3789//6313
f 3791//6314 3789//6314 3792//6314
f 3793//6315 3791//6315 3792//6315
f 3793//6316 3792//6316 3794//6316
f 3795//6317 3793//6317 3794//6317
f 3795//6318 3794//6318 3796//6318
f 3795//6319 3796//6319 3797//6319
f 3798//6320 3795//6320 3797//6320
f 3799//6321 3797//6321 3800//6321
f 3799//6322 3798//6322 3797//6322
f 3801//6323 3799//6323 3800//6323
f 3801//6324 3800//6324 3802//6324
f 3801//6325 3802//6325 3803//6325
f 3804//6326 3803//6326 3805//6326
f 3804//6327 3801//6327 3803//6327
f 3806//6328 3804//6328 3805//6328
f 3807//6329 3805//6329 3808//6329
f 3807//6330 3806//6330 3805//6330
f 3809//6331 3808//6331 3810//6331
f 3809//6332 3807//6332 3808//6332
f 3811//6333 3810//6333 3812//6333
f 3811//6334 3809//6334 3810//6334
f 3813//6335 3812//6335 3814//6335
f 3813//6336 3814//6336 3815//6336
f 3813//6337 3811//6337 3812//6337
f 3816//6338 3813//6338 3815//6338
f 3817//6339 3815//6339 3818//6339
f 3817//6340 3816//6340 3815//6340
f 3819//6341 3818//6341 3820//6341
f 3819//6342 3817//6342 3818//6342
f 3821//6343 3820//6343 3822//6343
f 3821//6344 3819//6344 3820//6344
f 3823//6345 3822//6345 3824//6345
f 3823//6346 3824//6346 3825//6346
f 3823//6347 3821//6347 3822//6347
f 3826//6348 3823//6348 3825//6348
f 3827//6349 3825//6349 3828//6349
f 3827//6350 3828//6350 3829//6350
f 3827//6351 3826//6351 3825//6351
f 3830//6352 3829//6352 3831//6352
f 3830//6353 3827//6353 3829//6353
f 3832//6354 3830//6354 3831//6354
f 3833//6355 3831//6355 3834//6355
f 3833//6356 3832//6356 3831//6356
f 3835//6357 3834//6357 3836//6357
f 3835//6358 3833//6358 3834//6358
f 3837//6359 3836//6359 3838//6359
f 3837//6360 3835//6360 3836//6360
f 3839//6361 3838//6361 3840//6361
f 3839//6362 3840//6362 3841//6362
f 3839//6363 3837//6363 3838//6363
f 3842//6364 3839//6364 3841//6364
f 3843//6365 3842//6365 3841//6365
f 3843//6366 3841//6366 3844//6366
f 3843//6367 3844//6367 3845//6367
f 3846//6368 3843//6368 3845//6368
f 3847//6369 3846//6369 3845//6369
f 3847//6370 3845//6370 3848//6370
f 3849//6371 3847//6371 3848//6371
f 3849//6372 3848//6372 3850//6372
f 3851//6373 3849//6373 3850//6373
f 3851//6374 3850//6374 3852//6374
f 3853//6375 3851//6375 3852//6375
f 3853//6376 3852//6376 3854//6376
f 3853//6377 3854//6377 3855//6377
f 3856//6378 3853//6378 3855//6378
f 3857//6379 3856//6379 3855//6379
f 3857//6380 3855//6380 3858//6380
f 3859//6381 3857//6381 3858//6381
f 3859//6382 3858//6382 3860//6382
f 3861//6383 3859//6383 3860//6383
f 3861//6384 3860//6384 3862//6384
f 3863//6385 3861//6385 3862//6385
f 3863//6386 3862//6386 3864//6386
f 3863//6387 3864//6387 3865//6387
f 3866//6388 3863//6388 3865//6388
f 3867//6389 3866//6389 3865//6389
f 3867//6390 3865//6390 3868//6390
f 3618//6391 3868//6391 3619//6391
f 3618//6392 3867//6392 3868//6392
f 3780//6393 3775//6393 3778//6393
f 3769//6394 3771//6394 3773//6394
f 3781//6395 3775//6395 3780//6395
f 3781//6396 3773//6396 3775//6396
f 3766//6397 3767//6397 3769//6397
f 3785//6398 3781//6398 3783//6398
f 3787//6399 3781//6399 3785//6399
f 3761//6400 3769//6400 3773//6400
f 3761//6401 3773//6401 3781//6401
f 3761//6402 3766//6402 3769//6402
f 3761//6403 3763//6403 3766//6403
f 3791//6404 3787//6404 3790//6404
f 3793//6405 3781//6405 3787//6405
f 3793//6406 3787//6406 3791//6406
f 3755//6407 3757//6407 3759//6407
f 3755//6408 3759//6408 3761//6408
f 3753//6409 3755//6409 3761//6409
f 3798//6410 3793//6410 3795//6410
f 3801//6411 3781//6411 3793//6411
f 3801//6412 3793//6412 3798//6412
f 3801//6413 3798//6413 3799//6413
f 3806//6414 3801//6414 3804//6414
f 3744//6415 3745//6415 3747//6415
f 3744//6416 3747//6416 3749//6416
f 3741//6417 3749//6417 3752//6417
f 3741//6418 3744//6418 3749//6418
f 3741//6419 3752//6419 3753//6419
f 3741//6420 3753//6420 3761//6420
f 3738//6421 3740//6421 3741//6421
f 3733//6422 3735//6422 3738//6422
f 3733//6423 3738//6423 3741//6423
f 3733//6424 3741//6424 3761//6424
f 3817//6425 3813//6425 3816//6425
f 3819//6426 3813//6426 3817//6426
f 3729//6427 3733//6427 3761//6427
f 3729//6428 3761//6428 3781//6428
f 3729//6429 3731//6429 3733//6429
f 3729//6430 3781//6430 3801//6430
f 3729//6431 3801//6431 3806//6431
f 3725//6432 3728//6432 3729//6432
f 3725//6433 3729//6433 3806//6433
f 3827//6434 3819//6434 3821//6434
f 3827//6435 3821//6435 3823//6435
f 3827//6436 3823//6436 3826//6436
f 3830//6437 3819//6437 3827//6437
f 3715//6438 3717//6438 3720//6438
f 3714//6439 3715//6439 3720//6439
f 3714//6440 3720//6440 3722//6440
f 3714//6441 3722//6441 3723//6441
f 3714//6442 3723//6442 3725//6442
f 3711//6443 3725//6443 3806//6443
f 3711//6444 3714//6444 3725//6444
f 3839//6445 3830//6445 3832//6445
f 3839//6446 3832//6446 3833//6446
f 3839//6447 3833//6447 3835//6447
f 3839//6448 3835//6448 3837//6448
f 3709//6449 3711//6449 3806//6449
f 3709//6450 3806//6450 3807//6450
f 3709//6451 3807//6451 3809//6451
f 3709//6452 3809//6452 3811//6452
f 3709//6453 3811//6453 3813//6453
f 3842//6454 3830//6454 3839//6454
f 3851//6455 3847//6455 3849//6455
f 3697//6456 3699//6456 3702//6456
f 3697//6457 3702//6457 3703//6457
f 3697//6458 3703//6458 3705//6458
f 3697//6459 3705//6459 3707//6459
f 3697//6460 3707//6460 3709//6460
f 3853//6461 3842//6461 3843//6461
f 3853//6462 3843//6462 3846//6462
f 3853//6463 3846//6463 3847//6463
f 3853//6464 3830//6464 3842//6464
f 3853//6465 3847//6465 3851//6465
f 3856//6466 3830//6466 3853//6466
f 3691//6467 3693//6467 3695//6467
f 3691//6468 3695//6468 3697//6468
f 3689//6469 3709//6469 3813//6469
f 3689//6470 3697//6470 3709//6470
f 3689//6471 3691//6471 3697//6471
f 3861//6472 3857//6472 3859//6472
f 3686//6473 3687//6473 3689//6473
f 3866//6474 3861//6474 3863//6474
f 3683//6475 3686//6475 3689//6475
f 3618//6476 3861//6476 3866//6476
f 3618//6477 3866//6477 3867//6477
f 3679//6478 3681//6478 3683//6478
f 3677//6479 3679//6479 3683//6479
f 3677//6480 3683//6480 3689//6480
f 3625//6481 3617//6481 3622//6481
f 3625//6482 3622//6482 3624//6482
f 3672//6483 3673//6483 3675//6483
f 3629//6484 3625//6484 3628//6484
f 3665//6485 3813//6485 3819//6485
f 3665//6486 3677//6486 3689//6486
f 3665//6487 3667//6487 3669//6487
f 3665//6488 3669//6488 3672//6488
f 3665//6489 3675//6489 3677//6489
f 3665//6490 3819//6490 3830//6490
f 3665//6491 3672//6491 3675//6491
f 3665//6492 3689//6492 3813//6492
f 3663//6493 3665//6493 3830//6493
f 3639//6494 3629//6494 3632//6494
f 3639//6495 3632//6495 3633//6495
f 3639//6496 3633//6496 3635//6496
f 3639//6497 3635//6497 3637//6497
f 3658//6498 3660//6498 3661//6498
f 3658//6499 3661//6499 3663//6499
f 3642//6500 3625//6500 3629//6500
f 3642//6501 3629//6501 3639//6501
f 3653//6502 3656//6502 3658//6502
f 3653//6503 3658//6503 3663//6503
f 3646//6504 3642//6504 3643//6504
f 3647//6505 3618//6505 3617//6505
f 3647//6506 3856//6506 3857//6506
f 3647//6507 3663//6507 3830//6507
f 3647//6508 3617//6508 3625//6508
f 3647//6509 3625//6509 3642//6509
f 3647//6510 3642//6510 3646//6510
f 3647//6511 3861//6511 3618//6511
f 3647//6512 3830//6512 3856//6512
f 3647//6513 3857//6513 3861//6513
f 3649//6514 3663//6514 3647//6514
f 3649//6515 3652//6515 3653//6515
f 3649//6516 3653//6516 3663//6516
f 3776//6517 3779//6517 3777//6517
f 3772//6518 3770//6518 3774//6518
f 3776//6519 3782//6519 3779//6519
f 3774//6520 3782//6520 3776//6520
f 3768//6521 3765//6521 3770//6521
f 3782//6522 3786//6522 3784//6522
f 3782//6523 3788//6523 3786//6523
f 3770//6524 3762//6524 3774//6524
f 3774//6525 3762//6525 3782//6525
f 3765//6526 3762//6526 3770//6526
f 3764//6527 3762//6527 3765//6527
f 3788//6528 3792//6528 3789//6528
f 3782//6529 3794//6529 3788//6529
f 3788//6530 3794//6530 3792//6530
f 3758//6531 3756//6531 3760//6531
f 3760//6532 3756//6532 3762//6532
f 3756//6533 3754//6533 3762//6533
f 3794//6534 3797//6534 3796//6534
f 3782//6535 3802//6535 3794//6535
f 3794//6536 3802//6536 3797//6536
f 3797//6537 3802//6537 3800//6537
f 3802//6538 3805//6538 3803//6538
f 3746//6539 3743//6539 3748//6539
f 3748//6540 3743//6540 3750//6540
f 3750//6541 3742//6541 3751//6541
f 3743//6542 3742//6542 3750//6542
f 3751//6543 3742//6543 3754//6543
f 3754//6544 3742//6544 3762//6544
f 3739//6545 3737//6545 3742//6545
f 3736//6546 3734//6546 3737//6546
f 3737//6547 3734//6547 3742//6547
f 3742//6548 3734//6548 3762//6548
f 3814//6549 3818//6549 3815//6549
f 3814//6550 3820//6550 3818//6550
f 3734//6551 3730//6551 3762//6551
f 3762//6552 3730//6552 3782//6552
f 3732//6553 3730//6553 3734//6553
f 3782//6554 3730//6554 3802//6554
f 3802//6555 3730//6555 3805//6555
f 3727//6556 3726//6556 3730//6556
f 3730//6557 3726//6557 3805//6557
f 3820//6558 3828//6558 3822//6558
f 3822//6559 3828//6559 3824//6559
f 3824//6560 3828//6560 3825//6560
f 3820//6561 3829//6561 3828//6561
f 3718//6562 3716//6562 3719//6562
f 3716//6563 3713//6563 3719//6563
f 3719//6564 3713//6564 3721//6564
f 3721//6565 3713//6565 3724//6565
f 3724//6566 3713//6566 3726//6566
f 3726//6567 3712//6567 3805//6567
f 3713//6568 3712//6568 3726//6568
f 3829//6569 3840//6569 3831//6569
f 3831//6570 3840//6570 3834//6570
f 3834//6571 3840//6571 3836//6571
f 3836//6572 3840//6572 3838//6572
f 3712//6573 3710//6573 3805//6573
f 3805//6574 3710//6574 3808//6574
f 3808//6575 3710//6575 3810//6575
f 3810//6576 3710//6576 3812//6576
f 3812//6577 3710//6577 3814//6577
f 3829//6578 3841//6578 3840//6578
f 3848//6579 3852//6579 3850//6579
f 3700//6580 3698//6580 3701//6580
f 3701//6581 3698//6581 3704//6581
f 3704//6582 3698//6582 3706//6582
f 3706//6583 3698//6583 3708//6583
f 3708//6584 3698//6584 3710//6584
f 3841//6585 3854//6585 3844//6585
f 3844//6586 3854//6586 3845//6586
f 3845//6587 3854//6587 3848//6587
f 3829//6588 3854//6588 3841//6588
f 3848//6589 3854//6589 3852//6589
f 3829//6590 3855//6590 3854//6590
f 3694//6591 3692//6591 3696//6591
f 3696//6592 3692//6592 3698//6592
f 3710//6593 3690//6593 3814//6593
f 3698//6594 3690//6594 3710//6594
f 3692//6595 3690//6595 3698//6595
f 3858//6596 3862//6596 3860//6596
f 3688//6597 3685//6597 3690//6597
f 3862//6598 3865//6598 3864//6598
f 3685//6599 3684//6599 3690//6599
f 3862//6600 3619//6600 3865//6600
f 3865//6601 3619//6601 3868//6601
f 3682//6602 3680//6602 3684//6602
f 3680//6603 3678//6603 3684//6603
f 3684//6604 3678//6604 3690//6604
f 3620//6605 3626//6605 3621//6605
f 3621//6606 3626//6606 3623//6606
f 3674//6607 3671//6607 3676//6607
f 3626//6608 3630//6608 3627//6608
f 3814//6609 3666//6609 3820//6609
f 3678//6610 3666//6610 3690//6610
f 3668//6611 3666//6611 3670//6611
f 3670//6612 3666//6612 3671//6612
f 3676//6613 3666//6613 3678//6613
f 3820//6614 3666//6614 3829//6614
f 3671//6615 3666//6615 3676//6615
f 3690//6616 3666//6616 3814//6616
f 3666//6617 3664//6617 3829//6617
f 3630//6618 3640//6618 3631//6618
f 3631//6619 3640//6619 3634//6619
f 3634//6620 3640//6620 3636//6620
f 3636//6621 3640//6621 3638//6621
f 3659//6622 3657//6622 3662//6622
f 3662//6623 3657//6623 3664//6623
f 3626//6624 3641//6624 3630//6624
f 3630//6625 3641//6625 3640//6625
f 3655//6626 3654//6626 3657//6626
f 3657//6627 3654//6627 3664//6627
f 3641//6628 3645//6628 3644//6628
f 3619//6629 3648//6629 3620//6629
f 3855//6630 3648//6630 3858//6630
f 3664//6631 3648//6631 3829//6631
f 3620//6632 3648//6632 3626//6632
f 3626//6633 3648//6633 3641//6633
f 3641//6634 3648//6634 3645//6634
f 3862//6635 3648//6635 3619//6635
f 3829//6636 3648//6636 3855//6636
f 3858//6637 3648//6637 3862//6637
f 3664//6638 3650//6638 3648//6638
f 3651//6639 3650//6639 3654//6639
f 3654//6640 3650//6640 3664//6640
g \u6b21\u536b\xb7\u5750\u4fbf\u5668\xb7\u7f13\u964d\u76d6\u677f
f 3869//6641 3870//6641 3871//6641
f 3871//6642 3870//6642 3872//6642
f 3873//6643 3874//6643 3875//6643
f 3873//6644 3875//6644 3876//6644
f 3874//6645 3873//6645 3869//6645
f 3869//6646 3873//6646 3870//6646
f 3876//6647 3875//6647 3871//6647
f 3876//6648 3871//6648 3872//6648
f 3871//6649 3875//6649 3869//6649
f 3869//6650 3875//6650 3874//6650
f 3876//6651 3872//6651 3870//6651
f 3876//6652 3870//6652 3873//6652
g \u4e3b\u536b\xb7\u53f0\u76c6\xb7\u67dc\u4f53
f 3877//6653 3878//6653 3879//6653
f 3877//6654 3880//6654 3878//6654
f 3881//6655 3882//6655 3883//6655
f 3884//6656 3882//6656 3881//6656
f 3882//6657 3884//6657 3877//6657
f 3877//6658 3884//6658 3880//6658
f 3881//6659 3883//6659 3879//6659
f 3881//6660 3879//6660 3878//6660
f 3877//6661 3879//6661 3882//6661
f 3879//6662 3883//6662 3882//6662
f 3878//6663 3880//6663 3884//6663
f 3881//6664 3878//6664 3884//6664
g \u4e3b\u536b\xb7\u53f0\u76c6\xb7\u76c6\u4f53
f 3885//6665 3886//6665 3887//6665
f 3887//6666 3886//6666 3888//6666
f 3889//6667 3890//6667 3891//6667
f 3889//6668 3891//6668 3892//6668
f 3890//6669 3889//6669 3885//6669
f 3885//6670 3889//6670 3886//6670
f 3892//6671 3891//6671 3887//6671
f 3892//6672 3887//6672 3888//6672
f 3885//6673 3887//6673 3890//6673
f 3887//6674 3891//6674 3890//6674
f 3888//6675 3886//6675 3889//6675
f 3892//6676 3888//6676 3889//6676
g \u4e3b\u536b\xb7\u53f0\u76c6\xb7\u9f99\u5934
f 3893//6677 3894//6677 3895//6677
f 3893//6678 3895//6678 3896//6678
f 3897//6679 3896//6679 3898//6679
f 3897//6680 3898//6680 3899//6680
f 3897//6681 3893//6681 3896//6681
f 3900//6682 3899//6682 3901//6682
f 3900//6683 3897//6683 3899//6683
f 3902//6684 3900//6684 3901//6684
f 3903//6685 3901//6685 3904//6685
f 3903//6686 3904//6686 3905//6686
f 3903//6687 3902//6687 3901//6687
f 3906//6688 3905//6688 3907//6688
f 3906//6689 3903//6689 3905//6689
f 3908//6690 3906//6690 3907//6690
f 3909//6691 3907//6691 3910//6691
f 3909//6692 3908//6692 3907//6692
f 3911//6693 3910//6693 3912//6693
f 3911//6694 3909//6694 3910//6694
f 3913//6695 3912//6695 3914//6695
f 3913//6696 3911//6696 3912//6696
f 3915//6697 3913//6697 3914//6697
f 3915//6698 3914//6698 3916//6698
f 3917//6699 3915//6699 3916//6699
f 3917//6700 3916//6700 3918//6700
f 3919//6701 3917//6701 3918//6701
f 3919//6702 3918//6702 3920//6702
f 3921//6703 3919//6703 3920//6703
f 3921//6704 3920//6704 3922//6704
f 3921//6705 3922//6705 3923//6705
f 3924//6706 3921//6706 3923//6706
f 3925//6707 3924//6707 3923//6707
f 3925//6708 3923//6708 3926//6708
f 3925//6709 3926//6709 3927//6709
f 3928//6710 3925//6710 3927//6710
f 3929//6711 3928//6711 3927//6711
f 3929//6712 3927//6712 3930//6712
f 3931//6713 3929//6713 3930//6713
f 3931//6714 3930//6714 3932//6714
f 3933//6715 3931//6715 3932//6715
f 3933//6716 3932//6716 3934//6716
f 3935//6717 3933//6717 3934//6717
f 3935//6718 3934//6718 3936//6718
f 3937//6719 3935//6719 3936//6719
f 3937//6720 3936//6720 3938//6720
f 3939//6721 3938//6721 3940//6721
f 3939//6722 3937//6722 3938//6722
f 3939//6723 3940//6723 3941//6723
f 3942//6724 3939//6724 3941//6724
f 3943//6725 3941//6725 3944//6725
f 3943//6726 3942//6726 3941//6726
f 3945//6727 3944//6727 3946//6727
f 3945//6728 3946//6728 3947//6728
f 3945//6729 3943//6729 3944//6729
f 3948//6730 3947//6730 3949//6730
f 3948//6731 3945//6731 3947//6731
f 3950//6732 3948//6732 3949//6732
f 3951//6733 3949//6733 3952//6733
f 3951//6734 3950//6734 3949//6734
f 3953//6735 3952//6735 3954//6735
f 3953//6736 3951//6736 3952//6736
f 3955//6737 3954//6737 3956//6737
f 3955//6738 3953//6738 3954//6738
f 3957//6739 3956//6739 3958//6739
f 3957//6740 3958//6740 3959//6740
f 3957//6741 3955//6741 3956//6741
f 3960//6742 3959//6742 3961//6742
f 3960//6743 3957//6743 3959//6743
f 3962//6744 3960//6744 3961//6744
f 3963//6745 3961//6745 3964//6745
f 3963//6746 3962//6746 3961//6746
f 3965//6747 3964//6747 3966//6747
f 3965//6748 3963//6748 3964//6748
f 3967//6749 3965//6749 3966//6749
f 3967//6750 3966//6750 3968//6750
f 3969//6751 3967//6751 3968//6751
f 3969//6752 3968//6752 3970//6752
f 3969//6753 3970//6753 3971//6753
f 3972//6754 3969//6754 3971//6754
f 3973//6755 3972//6755 3971//6755
f 3973//6756 3971//6756 3974//6756
f 3973//6757 3974//6757 3975//6757
f 3976//6758 3973//6758 3975//6758
f 3977//6759 3976//6759 3975//6759
f 3977//6760 3975//6760 3978//6760
f 3979//6761 3977//6761 3978//6761
f 3979//6762 3978//6762 3980//6762
f 3981//6763 3979//6763 3980//6763
f 3981//6764 3980//6764 3982//6764
f 3983//6765 3981//6765 3982//6765
f 3983//6766 3982//6766 3984//6766
f 3985//6767 3983//6767 3984//6767
f 3985//6768 3984//6768 3986//6768
f 3987//6769 3985//6769 3986//6769
f 3987//6770 3986//6770 3988//6770
f 3989//6771 3987//6771 3988//6771
f 3989//6772 3988//6772 3990//6772
f 3989//6773 3990//6773 3991//6773
f 3992//6774 3989//6774 3991//6774
f 3993//6775 3992//6775 3991//6775
f 3993//6776 3991//6776 3994//6776
f 3995//6777 3993//6777 3994//6777
f 3995//6778 3994//6778 3996//6778
f 3995//6779 3996//6779 3997//6779
f 3998//6780 3995//6780 3997//6780
f 3999//6781 3998//6781 3997//6781
f 3999//6782 3997//6782 4000//6782
f 4001//6783 3999//6783 4000//6783
f 4001//6784 4000//6784 4002//6784
f 4001//6785 4002//6785 4003//6785
f 4004//6786 4001//6786 4003//6786
f 4005//6787 4004//6787 4003//6787
f 4005//6788 4003//6788 4006//6788
f 4007//6789 4005//6789 4006//6789
f 4007//6790 4006//6790 4008//6790
f 4009//6791 4008//6791 4010//6791
f 4009//6792 4007//6792 4008//6792
f 4009//6793 4010//6793 4011//6793
f 4012//6794 4011//6794 4013//6794
f 4012//6795 4009//6795 4011//6795
f 4014//6796 4012//6796 4013//6796
f 4015//6797 4013//6797 4016//6797
f 4015//6798 4014//6798 4013//6798
f 4017//6799 4015//6799 4016//6799
f 4017//6800 4016//6800 4018//6800
f 4019//6801 4017//6801 4018//6801
f 4019//6802 4018//6802 4020//6802
f 4021//6803 4019//6803 4020//6803
f 4021//6804 4020//6804 4022//6804
f 4021//6805 4022//6805 4023//6805
f 4024//6806 4021//6806 4023//6806
f 4025//6807 4024//6807 4023//6807
f 4025//6808 4023//6808 4026//6808
f 4025//6809 4026//6809 4027//6809
f 4028//6810 4025//6810 4027//6810
f 4029//6811 4028//6811 4027//6811
f 4029//6812 4027//6812 4030//6812
f 4029//6813 4030//6813 4031//6813
f 4032//6814 4029//6814 4031//6814
f 4033//6815 4032//6815 4031//6815
f 4033//6816 4031//6816 4034//6816
f 4035//6817 4033//6817 4034//6817
f 4035//6818 4034//6818 4036//6818
f 4037//6819 4035//6819 4036//6819
f 4037//6820 4036//6820 4038//6820
f 4039//6821 4037//6821 4038//6821
f 4039//6822 4038//6822 4040//6822
f 4041//6823 4039//6823 4040//6823
f 4041//6824 4040//6824 4042//6824
f 4043//6825 4042//6825 4044//6825
f 4043//6826 4041//6826 4042//6826
f 4045//6827 4044//6827 4046//6827
f 4045//6828 4046//6828 4047//6828
f 4045//6829 4043//6829 4044//6829
f 4048//6830 4045//6830 4047//6830
f 4049//6831 4047//6831 4050//6831
f 4049//6832 4048//6832 4047//6832
f 4051//6833 4050//6833 4052//6833
f 4051//6834 4049//6834 4050//6834
f 4053//6835 4052//6835 4054//6835
f 4053//6836 4051//6836 4052//6836
f 4055//6837 4054//6837 4056//6837
f 4055//6838 4053//6838 4054//6838
f 4057//6839 4056//6839 4058//6839
f 4057//6840 4055//6840 4056//6840
f 4059//6841 4058//6841 4060//6841
f 4059//6842 4057//6842 4058//6842
f 4061//6843 4060//6843 4062//6843
f 4061//6844 4062//6844 4063//6844
f 4061//6845 4059//6845 4060//6845
f 4064//6846 4061//6846 4063//6846
f 4065//6847 4063//6847 4066//6847
f 4065//6848 4064//6848 4063//6848
f 4067//6849 4066//6849 4068//6849
f 4067//6850 4065//6850 4066//6850
f 4069//6851 4067//6851 4068//6851
f 4069//6852 4068//6852 4070//6852
f 4071//6853 4069//6853 4070//6853
f 4071//6854 4070//6854 4072//6854
f 4073//6855 4071//6855 4072//6855
f 4073//6856 4072//6856 4074//6856
f 4075//6857 4073//6857 4074//6857
f 4075//6858 4074//6858 4076//6858
f 4077//6859 4076//6859 4078//6859
f 4077//6860 4078//6860 4079//6860
f 4077//6861 4075//6861 4076//6861
f 4080//6862 4077//6862 4079//6862
f 4081//6863 4079//6863 4082//6863
f 4081//6864 4080//6864 4079//6864
f 4083//6865 4082//6865 4084//6865
f 4083//6866 4081//6866 4082//6866
f 4085//6867 4084//6867 4086//6867
f 4085//6868 4083//6868 4084//6868
f 4087//6869 4086//6869 4088//6869
f 4087//6870 4085//6870 4086//6870
f 4089//6871 4088//6871 4090//6871
f 4089//6872 4090//6872 4091//6872
f 4089//6873 4087//6873 4088//6873
f 4092//6874 4089//6874 4091//6874
f 4093//6875 4091//6875 4094//6875
f 4093//6876 4092//6876 4091//6876
f 4095//6877 4094//6877 4096//6877
f 4095//6878 4093//6878 4094//6878
f 4097//6879 4096//6879 4098//6879
f 4097//6880 4095//6880 4096//6880
f 4099//6881 4098//6881 4100//6881
f 4099//6882 4100//6882 4101//6882
f 4099//6883 4097//6883 4098//6883
f 4102//6884 4099//6884 4101//6884
f 4103//6885 4101//6885 4104//6885
f 4103//6886 4104//6886 4105//6886
f 4103//6887 4102//6887 4101//6887
f 4106//6888 4103//6888 4105//6888
f 4106//6889 4105//6889 4107//6889
f 4108//6890 4107//6890 4109//6890
f 4108//6891 4106//6891 4107//6891
f 4110//6892 4108//6892 4109//6892
f 4111//6893 4109//6893 4112//6893
f 4111//6894 4110//6894 4109//6894
f 4113//6895 4112//6895 4114//6895
f 4113//6896 4111//6896 4112//6896
f 4115//6897 4114//6897 4116//6897
f 4115//6898 4113//6898 4114//6898
f 4117//6899 4115//6899 4116//6899
f 4117//6900 4116//6900 4118//6900
f 4119//6901 4117//6901 4118//6901
f 4119//6902 4118//6902 4120//6902
f 4121//6903 4119//6903 4120//6903
f 4121//6904 4120//6904 4122//6904
f 4123//6905 4121//6905 4122//6905
f 4123//6906 4122//6906 4124//6906
f 4125//6907 4123//6907 4124//6907
f 4125//6908 4124//6908 4126//6908
f 4127//6909 4125//6909 4126//6909
f 4127//6910 4126//6910 4128//6910
f 4129//6911 4127//6911 4128//6911
f 4129//6912 4128//6912 4130//6912
f 4131//6913 4129//6913 4130//6913
f 4131//6914 4130//6914 4132//6914
f 4133//6915 4131//6915 4132//6915
f 4133//6916 4132//6916 4134//6916
f 4135//6917 4133//6917 4134//6917
f 4135//6918 4134//6918 4136//6918
f 4137//6919 4135//6919 4136//6919
f 4137//6920 4136//6920 4138//6920
f 4139//6921 4137//6921 4138//6921
f 4139//6922 4138//6922 4140//6922
f 4141//6923 4140//6923 4142//6923
f 4141//6924 4139//6924 4140//6924
f 4143//6925 4141//6925 4142//6925
f 4143//6926 4142//6926 4144//6926
f 3894//6927 4144//6927 3895//6927
f 3894//6928 4143//6928 4144//6928
f 4055//6929 4051//6929 4053//6929
f 4045//6930 4048//6930 4049//6930
f 4037//6931 4039//6931 4041//6931
f 4037//6932 4041//6932 4043//6932
f 4037//6933 4043//6933 4045//6933
f 4069//6934 4065//6934 4067//6934
f 4032//6935 4033//6935 4035//6935
f 4032//6936 4035//6936 4037//6936
f 4073//6937 4069//6937 4071//6937
f 4025//6938 4028//6938 4029//6938
f 4019//6939 4021//6939 4024//6939
f 4019//6940 4024//6940 4025//6940
f 4019//6941 4025//6941 4029//6941
f 4015//6942 4017//6942 4019//6942
f 4087//6943 4083//6943 4085//6943
f 4012//6944 4014//6944 4015//6944
f 4012//6945 4019//6945 4029//6945
f 4012//6946 4015//6946 4019//6946
f 4007//6947 4009//6947 4012//6947
f 4007//6948 4012//6948 4029//6948
f 4001//6949 4007//6949 4029//6949
f 4001//6950 4032//6950 4037//6950
f 4001//6951 4004//6951 4005//6951
f 4001//6952 4005//6952 4007//6952
f 4001//6953 4029//6953 4032//6953
f 3998//6954 4045//6954 4049//6954
f 3998//6955 4037//6955 4045//6955
f 3998//6956 3999//6956 4001//6956
f 3998//6957 4001//6957 4037//6957
f 3993//6958 3995//6958 3998//6958
f 3992//6959 3993//6959 3998//6959
f 4111//6960 4108//6960 4110//6960
f 3987//6961 3992//6961 3998//6961
f 3987//6962 3989//6962 3992//6962
f 3987//6963 3998//6963 4049//6963
f 3987//6964 4049//6964 4051//6964
f 4115//6965 4111//6965 4113//6965
f 3985//6966 3987//6966 4051//6966
f 3985//6967 4051//6967 4055//6967
f 3985//6968 4055//6968 4057//6968
f 3985//6969 4057//6969 4059//6969
f 3983//6970 3985//6970 4059//6970
f 4119//6971 4115//6971 4117//6971
f 3981//6972 3983//6972 4059//6972
f 3981//6973 4059//6973 4061//6973
f 4121//6974 4115//6974 4119//6974
f 4123//6975 4111//6975 4115//6975
f 4123//6976 4115//6976 4121//6976
f 3977//6977 3979//6977 3981//6977
f 4125//6978 4111//6978 4123//6978
f 3973//6979 3977//6979 3981//6979
f 3973//6980 3981//6980 4061//6980
f 3973//6981 3976//6981 3977//6981
f 3973//6982 4065//6982 4069//6982
f 3973//6983 4061//6983 4064//6983
f 3973//6984 4064//6984 4065//6984
f 4133//6985 4125//6985 4127//6985
f 4133//6986 4127//6986 4129//6986
f 4133//6987 4129//6987 4131//6987
f 3967//6988 3973//6988 4069//6988
f 3967//6989 3969//6989 3972//6989
f 3967//6990 3972//6990 3973//6990
f 3967//6991 4069//6991 4073//6991
f 4137//6992 4133//6992 4135//6992
f 4137//6993 4125//6993 4133//6993
f 3963//6994 3965//6994 3967//6994
f 3963//6995 3967//6995 4073//6995
f 3963//6996 4073//6996 4075//6996
f 4139//6997 4125//6997 4137//6997
f 4141//6998 4125//6998 4139//6998
f 3960//6999 3962//6999 3963//6999
f 3960//7000 3963//7000 4075//7000
f 3960//7001 4075//7001 4077//7001
f 3957//7002 3960//7002 4077//7002
f 3955//7003 3957//7003 4077//7003
f 3955//7004 4077//7004 4080//7004
f 3955//7005 4080//7005 4081//7005
f 3893//7006 4141//7006 4143//7006
f 3893//7007 4143//7007 3894//7007
f 3893//7008 4125//7008 4141//7008
f 3953//7009 3955//7009 4081//7009
f 3953//7010 4081//7010 4083//7010
f 3951//7011 4083//7011 4087//7011
f 3951//7012 3953//7012 4083//7012
f 3951//7013 4087//7013 4089//7013
f 3900//7014 3893//7014 3897//7014
f 3900//7015 4125//7015 3893//7015
f 3948//7016 3950//7016 3951//7016
f 3903//7017 3900//7017 3902//7017
f 3945//7018 3948//7018 3951//7018
f 3945//7019 3951//7019 4089//7019
f 3945//7020 4089//7020 4092//7020
f 3945//7021 4092//7021 4093//7021
f 3906//7022 4125//7022 3900//7022
f 3906//7023 3900//7023 3903//7023
f 3943//7024 4093//7024 4095//7024
f 3943//7025 3945//7025 4093//7025
f 3939//7026 4095//7026 4097//7026
f 3939//7027 4097//7027 4099//7027
f 3939//7028 4099//7028 4102//7028
f 3939//7029 4102//7029 4103//7029
f 3939//7030 4103//7030 4106//7030
f 3939//7031 4106//7031 4108//7031
f 3939//7032 3942//7032 3943//7032
f 3939//7033 3943//7033 4095//7033
f 3911//7034 3906//7034 3908//7034
f 3911//7035 3908//7035 3909//7035
f 3911//7036 4125//7036 3906//7036
f 3935//7037 3937//7037 3939//7037
f 3933//7038 3935//7038 3939//7038
f 3917//7039 3911//7039 3913//7039
f 3917//7040 3913//7040 3915//7040
f 3917//7041 4125//7041 3911//7041
f 3931//7042 3939//7042 4108//7042
f 3931//7043 4108//7043 4111//7043
f 3931//7044 3933//7044 3939//7044
f 3921//7045 3917//7045 3919//7045
f 3921//7046 4125//7046 3917//7046
f 3928//7047 3929//7047 3931//7047
f 3925//7048 3921//7048 3924//7048
f 3925//7049 3931//7049 4111//7049
f 3925//7050 4125//7050 3921//7050
f 3925//7051 3928//7051 3931//7051
f 3925//7052 4111//7052 4125//7052
f 4052//7053 4056//7053 4054//7053
f 4047//7054 4046//7054 4050//7054
f 4040//7055 4038//7055 4042//7055
f 4042//7056 4038//7056 4044//7056
f 4044//7057 4038//7057 4046//7057
f 4066//7058 4070//7058 4068//7058
f 4034//7059 4031//7059 4036//7059
f 4036//7060 4031//7060 4038//7060
f 4070//7061 4074//7061 4072//7061
f 4027//7062 4026//7062 4030//7062
f 4022//7063 4020//7063 4023//7063
f 4023//7064 4020//7064 4026//7064
f 4026//7065 4020//7065 4030//7065
f 4018//7066 4016//7066 4020//7066
f 4084//7067 4088//7067 4086//7067
f 4013//7068 4011//7068 4016//7068
f 4020//7069 4011//7069 4030//7069
f 4016//7070 4011//7070 4020//7070
f 4010//7071 4008//7071 4011//7071
f 4011//7072 4008//7072 4030//7072
f 4008//7073 4002//7073 4030//7073
f 4031//7074 4002//7074 4038//7074
f 4003//7075 4002//7075 4006//7075
f 4006//7076 4002//7076 4008//7076
f 4030//7077 4002//7077 4031//7077
f 4046//7078 3997//7078 4050//7078
f 4038//7079 3997//7079 4046//7079
f 4000//7080 3997//7080 4002//7080
f 4002//7081 3997//7081 4038//7081
f 3996//7082 3994//7082 3997//7082
f 3994//7083 3991//7083 3997//7083
f 4107//7084 4112//7084 4109//7084
f 3991//7085 3988//7085 3997//7085
f 3990//7086 3988//7086 3991//7086
f 3997//7087 3988//7087 4050//7087
f 4050//7088 3988//7088 4052//7088
f 4112//7089 4116//7089 4114//7089
f 3988//7090 3986//7090 4052//7090
f 4052//7091 3986//7091 4056//7091
f 4056//7092 3986//7092 4058//7092
f 4058//7093 3986//7093 4060//7093
f 3986//7094 3984//7094 4060//7094
f 4116//7095 4120//7095 4118//7095
f 3984//7096 3982//7096 4060//7096
f 4060//7097 3982//7097 4062//7097
f 4116//7098 4122//7098 4120//7098
f 4112//7099 4124//7099 4116//7099
f 4116//7100 4124//7100 4122//7100
f 3980//7101 3978//7101 3982//7101
f 4112//7102 4126//7102 4124//7102
f 3978//7103 3974//7103 3982//7103
f 3982//7104 3974//7104 4062//7104
f 3975//7105 3974//7105 3978//7105
f 4066//7106 3974//7106 4070//7106
f 4062//7107 3974//7107 4063//7107
f 4063//7108 3974//7108 4066//7108
f 4126//7109 4134//7109 4128//7109
f 4128//7110 4134//7110 4130//7110
f 4130//7111 4134//7111 4132//7111
f 3974//7112 3968//7112 4070//7112
f 3970//7113 3968//7113 3971//7113
f 3971//7114 3968//7114 3974//7114
f 4070//7115 3968//7115 4074//7115
f 4134//7116 4138//7116 4136//7116
f 4126//7117 4138//7117 4134//7117
f 3966//7118 3964//7118 3968//7118
f 3968//7119 3964//7119 4074//7119
f 4074//7120 3964//7120 4076//7120
f 4126//7121 4140//7121 4138//7121
f 4126//7122 4142//7122 4140//7122
f 3961//7123 3959//7123 3964//7123
f 3964//7124 3959//7124 4076//7124
f 4076//7125 3959//7125 4078//7125
f 3959//7126 3958//7126 4078//7126
f 3958//7127 3956//7127 4078//7127
f 4078//7128 3956//7128 4079//7128
f 4079//7129 3956//7129 4082//7129
f 4142//7130 3896//7130 4144//7130
f 4144//7131 3896//7131 3895//7131
f 4126//7132 3896//7132 4142//7132
f 3956//7133 3954//7133 4082//7133
f 4082//7134 3954//7134 4084//7134
f 4084//7135 3952//7135 4088//7135
f 3954//7136 3952//7136 4084//7136
f 4088//7137 3952//7137 4090//7137
f 3896//7138 3899//7138 3898//7138
f 4126//7139 3899//7139 3896//7139
f 3949//7140 3947//7140 3952//7140
f 3899//7141 3904//7141 3901//7141
f 3947//7142 3946//7142 3952//7142
f 3952//7143 3946//7143 4090//7143
f 4090//7144 3946//7144 4091//7144
f 4091//7145 3946//7145 4094//7145
f 4126//7146 3905//7146 3899//7146
f 3899//7147 3905//7147 3904//7147
f 4094//7148 3944//7148 4096//7148
f 3946//7149 3944//7149 4094//7149
f 4096//7150 3940//7150 4098//7150
f 4098//7151 3940//7151 4100//7151
f 4100//7152 3940//7152 4101//7152
f 4101//7153 3940//7153 4104//7153
f 4104//7154 3940//7154 4105//7154
f 4105//7155 3940//7155 4107//7155
f 3941//7156 3940//7156 3944//7156
f 3944//7157 3940//7157 4096//7157
f 3905//7158 3912//7158 3907//7158
f 3907//7159 3912//7159 3910//7159
f 4126//7160 3912//7160 3905//7160
f 3938//7161 3936//7161 3940//7161
f 3936//7162 3934//7162 3940//7162
f 3912//7163 3918//7163 3914//7163
f 3914//7164 3918//7164 3916//7164
f 4126//7165 3918//7165 3912//7165
f 3940//7166 3932//7166 4107//7166
f 4107//7167 3932//7167 4112//7167
f 3934//7168 3932//7168 3940//7168
f 3918//7169 3922//7169 3920//7169
f 4126//7170 3922//7170 3918//7170
f 3930//7171 3927//7171 3932//7171
f 3922//7172 3926//7172 3923//7172
f 3932//7173 3926//7173 4112//7173
f 4126//7174 3926//7174 3922//7174
f 3927//7175 3926//7175 3932//7175
f 4112//7176 3926//7176 4126//7176
g \u6b21\u536b\xb7\u53f0\u76c6\xb7\u67dc\u4f53
f 4145//7177 4146//7177 4147//7177
f 4145//7178 4148//7178 4146//7178
f 4149//7179 4150//7179 4151//7179
f 4152//7180 4150//7180 4149//7180
f 4150//7181 4152//7181 4145//7181
f 4145//7182 4152//7182 4148//7182
f 4149//7183 4151//7183 4147//7183
f 4149//7184 4147//7184 4146//7184
f 4145//7185 4147//7185 4150//7185
f 4147//7186 4151//7186 4150//7186
f 4146//7187 4148//7187 4152//7187
f 4149//7188 4146//7188 4152//7188
g \u6b21\u536b\xb7\u53f0\u76c6\xb7\u76c6\u4f53
f 4153//7189 4154//7189 4155//7189
f 4155//7190 4154//7190 4156//7190
f 4157//7191 4158//7191 4159//7191
f 4157//7192 4159//7192 4160//7192
f 4158//7193 4157//7193 4153//7193
f 4153//7194 4157//7194 4154//7194
f 4160//7195 4159//7195 4155//7195
f 4160//7196 4155//7196 4156//7196
f 4153//7197 4155//7197 4158//7197
f 4155//7198 4159//7198 4158//7198
f 4156//7199 4154//7199 4157//7199
f 4160//7200 4156//7200 4157//7200
g \u6b21\u536b\xb7\u53f0\u76c6\xb7\u9f99\u5934
f 4161//7201 4162//7201 4163//7201
f 4161//7202 4163//7202 4164//7202
f 4165//7203 4164//7203 4166//7203
f 4165//7204 4166//7204 4167//7204
f 4165//7205 4161//7205 4164//7205
f 4168//7206 4167//7206 4169//7206
f 4168//7207 4165//7207 4167//7207
f 4170//7208 4168//7208 4169//7208
f 4171//7209 4169//7209 4172//7209
f 4171//7210 4172//7210 4173//7210
f 4171//7211 4170//7211 4169//7211
f 4174//7212 4173//7212 4175//7212
f 4174//7213 4171//7213 4173//7213
f 4176//7214 4174//7214 4175//7214
f 4177//7215 4175//7215 4178//7215
f 4177//7216 4176//7216 4175//7216
f 4179//7217 4178//7217 4180//7217
f 4179//7218 4177//7218 4178//7218
f 4181//7219 4180//7219 4182//7219
f 4181//7220 4179//7220 4180//7220
f 4183//7221 4181//7221 4182//7221
f 4183//7222 4182//7222 4184//7222
f 4185//7223 4183//7223 4184//7223
f 4185//7224 4184//7224 4186//7224
f 4187//7225 4185//7225 4186//7225
f 4187//7226 4186//7226 4188//7226
f 4189//7227 4187//7227 4188//7227
f 4189//7228 4188//7228 4190//7228
f 4189//7229 4190//7229 4191//7229
f 4192//7230 4189//7230 4191//7230
f 4193//7231 4192//7231 4191//7231
f 4193//7232 4191//7232 4194//7232
f 4193//7233 4194//7233 4195//7233
f 4196//7234 4193//7234 4195//7234
f 4197//7235 4196//7235 4195//7235
f 4197//7236 4195//7236 4198//7236
f 4199//7237 4197//7237 4198//7237
f 4199//7238 4198//7238 4200//7238
f 4201//7239 4199//7239 4200//7239
f 4201//7240 4200//7240 4202//7240
f 4203//7241 4201//7241 4202//7241
f 4203//7242 4202//7242 4204//7242
f 4205//7243 4203//7243 4204//7243
f 4205//7244 4204//7244 4206//7244
f 4207//7245 4206//7245 4208//7245
f 4207//7246 4205//7246 4206//7246
f 4207//7247 4208//7247 4209//7247
f 4210//7248 4207//7248 4209//7248
f 4211//7249 4209//7249 4212//7249
f 4211//7250 4210//7250 4209//7250
f 4213//7251 4212//7251 4214//7251
f 4213//7252 4214//7252 4215//7252
f 4213//7253 4211//7253 4212//7253
f 4216//7254 4215//7254 4217//7254
f 4216//7255 4213//7255 4215//7255
f 4218//7256 4216//7256 4217//7256
f 4219//7257 4217//7257 4220//7257
f 4219//7258 4218//7258 4217//7258
f 4221//7259 4220//7259 4222//7259
f 4221//7260 4219//7260 4220//7260
f 4223//7261 4222//7261 4224//7261
f 4223//7262 4221//7262 4222//7262
f 4225//7263 4224//7263 4226//7263
f 4225//7264 4226//7264 4227//7264
f 4225//7265 4223//7265 4224//7265
f 4228//7266 4227//7266 4229//7266
f 4228//7267 4225//7267 4227//7267
f 4230//7268 4228//7268 4229//7268
f 4231//7269 4229//7269 4232//7269
f 4231//7270 4230//7270 4229//7270
f 4233//7271 4232//7271 4234//7271
f 4233//7272 4231//7272 4232//7272
f 4235//7273 4233//7273 4234//7273
f 4235//7274 4234//7274 4236//7274
f 4237//7275 4235//7275 4236//7275
f 4237//7276 4236//7276 4238//7276
f 4237//7277 4238//7277 4239//7277
f 4240//7278 4237//7278 4239//7278
f 4241//7279 4240//7279 4239//7279
f 4241//7280 4239//7280 4242//7280
f 4241//7281 4242//7281 4243//7281
f 4244//7282 4241//7282 4243//7282
f 4245//7283 4244//7283 4243//7283
f 4245//7284 4243//7284 4246//7284
f 4247//7285 4245//7285 4246//7285
f 4247//7286 4246//7286 4248//7286
f 4249//7287 4247//7287 4248//7287
f 4249//7288 4248//7288 4250//7288
f 4251//7289 4249//7289 4250//7289
f 4251//7290 4250//7290 4252//7290
f 4253//7291 4251//7291 4252//7291
f 4253//7292 4252//7292 4254//7292
f 4255//7293 4253//7293 4254//7293
f 4255//7294 4254//7294 4256//7294
f 4257//7295 4255//7295 4256//7295
f 4257//7296 4256//7296 4258//7296
f 4257//7297 4258//7297 4259//7297
f 4260//7298 4257//7298 4259//7298
f 4261//7299 4260//7299 4259//7299
f 4261//7300 4259//7300 4262//7300
f 4263//7301 4261//7301 4262//7301
f 4263//7302 4262//7302 4264//7302
f 4263//7303 4264//7303 4265//7303
f 4266//7304 4263//7304 4265//7304
f 4267//7305 4266//7305 4265//7305
f 4267//7306 4265//7306 4268//7306
f 4269//7307 4267//7307 4268//7307
f 4269//7308 4268//7308 4270//7308
f 4269//7309 4270//7309 4271//7309
f 4272//7310 4269//7310 4271//7310
f 4273//7311 4272//7311 4271//7311
f 4273//7312 4271//7312 4274//7312
f 4275//7313 4273//7313 4274//7313
f 4275//7314 4274//7314 4276//7314
f 4277//7315 4276//7315 4278//7315
f 4277//7316 4275//7316 4276//7316
f 4277//7317 4278//7317 4279//7317
f 4280//7318 4279//7318 4281//7318
f 4280//7319 4277//7319 4279//7319
f 4282//7320 4280//7320 4281//7320
f 4283//7321 4281//7321 4284//7321
f 4283//7322 4282//7322 4281//7322
f 4285//7323 4283//7323 4284//7323
f 4285//7324 4284//7324 4286//7324
f 4287//7325 4285//7325 4286//7325
f 4287//7326 4286//7326 4288//7326
f 4289//7327 4287//7327 4288//7327
f 4289//7328 4288//7328 4290//7328
f 4289//7329 4290//7329 4291//7329
f 4292//7330 4289//7330 4291//7330
f 4293//7331 4292//7331 4291//7331
f 4293//7332 4291//7332 4294//7332
f 4293//7333 4294//7333 4295//7333
f 4296//7334 4293//7334 4295//7334
f 4297//7335 4296//7335 4295//7335
f 4297//7336 4295//7336 4298//7336
f 4297//7337 4298//7337 4299//7337
f 4300//7338 4297//7338 4299//7338
f 4301//7339 4300//7339 4299//7339
f 4301//7340 4299//7340 4302//7340
f 4303//7341 4301//7341 4302//7341
f 4303//7342 4302//7342 4304//7342
f 4305//7343 4303//7343 4304//7343
f 4305//7344 4304//7344 4306//7344
f 4307//7345 4305//7345 4306//7345
f 4307//7346 4306//7346 4308//7346
f 4309//7347 4307//7347 4308//7347
f 4309//7348 4308//7348 4310//7348
f 4311//7349 4310//7349 4312//7349
f 4311//7350 4309//7350 4310//7350
f 4313//7351 4312//7351 4314//7351
f 4313//7352 4314//7352 4315//7352
f 4313//7353 4311//7353 4312//7353
f 4316//7354 4313//7354 4315//7354
f 4317//7355 4315//7355 4318//7355
f 4317//7356 4316//7356 4315//7356
f 4319//7357 4318//7357 4320//7357
f 4319//7358 4317//7358 4318//7358
f 4321//7359 4320//7359 4322//7359
f 4321//7360 4319//7360 4320//7360
f 4323//7361 4322//7361 4324//7361
f 4323//7362 4321//7362 4322//7362
f 4325//7363 4324//7363 4326//7363
f 4325//7364 4323//7364 4324//7364
f 4327//7365 4326//7365 4328//7365
f 4327//7366 4325//7366 4326//7366
f 4329//7367 4328//7367 4330//7367
f 4329//7368 4330//7368 4331//7368
f 4329//7369 4327//7369 4328//7369
f 4332//7370 4329//7370 4331//7370
f 4333//7371 4331//7371 4334//7371
f 4333//7372 4332//7372 4331//7372
f 4335//7373 4334//7373 4336//7373
f 4335//7374 4333//7374 4334//7374
f 4337//7375 4335//7375 4336//7375
f 4337//7376 4336//7376 4338//7376
f 4339//7377 4337//7377 4338//7377
f 4339//7378 4338//7378 4340//7378
f 4341//7379 4339//7379 4340//7379
f 4341//7380 4340//7380 4342//7380
f 4343//7381 4341//7381 4342//7381
f 4343//7382 4342//7382 4344//7382
f 4345//7383 4344//7383 4346//7383
f 4345//7384 4346//7384 4347//7384
f 4345//7385 4343//7385 4344//7385
f 4348//7386 4345//7386 4347//7386
f 4349//7387 4347//7387 4350//7387
f 4349//7388 4348//7388 4347//7388
f 4351//7389 4350//7389 4352//7389
f 4351//7390 4349//7390 4350//7390
f 4353//7391 4352//7391 4354//7391
f 4353//7392 4351//7392 4352//7392
f 4355//7393 4354//7393 4356//7393
f 4355//7394 4353//7394 4354//7394
f 4357//7395 4356//7395 4358//7395
f 4357//7396 4358//7396 4359//7396
f 4357//7397 4355//7397 4356//7397
f 4360//7398 4357//7398 4359//7398
f 4361//7399 4359//7399 4362//7399
f 4361//7400 4360//7400 4359//7400
f 4363//7401 4362//7401 4364//7401
f 4363//7402 4361//7402 4362//7402
f 4365//7403 4364//7403 4366//7403
f 4365//7404 4363//7404 4364//7404
f 4367//7405 4366//7405 4368//7405
f 4367//7406 4368//7406 4369//7406
f 4367//7407 4365//7407 4366//7407
f 4370//7408 4367//7408 4369//7408
f 4371//7409 4369//7409 4372//7409
f 4371//7410 4372//7410 4373//7410
f 4371//7411 4370//7411 4369//7411
f 4374//7412 4371//7412 4373//7412
f 4374//7413 4373//7413 4375//7413
f 4376//7414 4375//7414 4377//7414
f 4376//7415 4374//7415 4375//7415
f 4378//7416 4376//7416 4377//7416
f 4379//7417 4377//7417 4380//7417
f 4379//7418 4378//7418 4377//7418
f 4381//7419 4380//7419 4382//7419
f 4381//7420 4379//7420 4380//7420
f 4383//7421 4382//7421 4384//7421
f 4383//7422 4381//7422 4382//7422
f 4385//7423 4383//7423 4384//7423
f 4385//7424 4384//7424 4386//7424
f 4387//7425 4385//7425 4386//7425
f 4387//7426 4386//7426 4388//7426
f 4389//7427 4387//7427 4388//7427
f 4389//7428 4388//7428 4390//7428
f 4391//7429 4389//7429 4390//7429
f 4391//7430 4390//7430 4392//7430
f 4393//7431 4391//7431 4392//7431
f 4393//7432 4392//7432 4394//7432
f 4395//7433 4393//7433 4394//7433
f 4395//7434 4394//7434 4396//7434
f 4397//7435 4395//7435 4396//7435
f 4397//7436 4396//7436 4398//7436
f 4399//7437 4397//7437 4398//7437
f 4399//7438 4398//7438 4400//7438
f 4401//7439 4399//7439 4400//7439
f 4401//7440 4400//7440 4402//7440
f 4403//7441 4401//7441 4402//7441
f 4403//7442 4402//7442 4404//7442
f 4405//7443 4403//7443 4404//7443
f 4405//7444 4404//7444 4406//7444
f 4407//7445 4405//7445 4406//7445
f 4407//7446 4406//7446 4408//7446
f 4409//7447 4408//7447 4410//7447
f 4409//7448 4407//7448 4408//7448
f 4411//7449 4409//7449 4410//7449
f 4411//7450 4410//7450 4412//7450
f 4162//7451 4412//7451 4163//7451
f 4162//7452 4411//7452 4412//7452
f 4323//7453 4319//7453 4321//7453
f 4313//7454 4316//7454 4317//7454
f 4305//7455 4307//7455 4309//7455
f 4305//7456 4309//7456 4311//7456
f 4305//7457 4311//7457 4313//7457
f 4337//7458 4333//7458 4335//7458
f 4300//7459 4301//7459 4303//7459
f 4300//7460 4303//7460 4305//7460
f 4341//7461 4337//7461 4339//7461
f 4293//7462 4296//7462 4297//7462
f 4287//7463 4289//7463 4292//7463
f 4287//7464 4292//7464 4293//7464
f 4287//7465 4293//7465 4297//7465
f 4283//7466 4285//7466 4287//7466
f 4355//7467 4351//7467 4353//7467
f 4280//7468 4282//7468 4283//7468
f 4280//7469 4287//7469 4297//7469
f 4280//7470 4283//7470 4287//7470
f 4275//7471 4277//7471 4280//7471
f 4275//7472 4280//7472 4297//7472
f 4269//7473 4275//7473 4297//7473
f 4269//7474 4300//7474 4305//7474
f 4269//7475 4272//7475 4273//7475
f 4269//7476 4273//7476 4275//7476
f 4269//7477 4297//7477 4300//7477
f 4266//7478 4313//7478 4317//7478
f 4266//7479 4305//7479 4313//7479
f 4266//7480 4267//7480 4269//7480
f 4266//7481 4269//7481 4305//7481
f 4261//7482 4263//7482 4266//7482
f 4260//7483 4261//7483 4266//7483
f 4379//7484 4376//7484 4378//7484
f 4255//7485 4260//7485 4266//7485
f 4255//7486 4257//7486 4260//7486
f 4255//7487 4266//7487 4317//7487
f 4255//7488 4317//7488 4319//7488
f 4383//7489 4379//7489 4381//7489
f 4253//7490 4255//7490 4319//7490
f 4253//7491 4319//7491 4323//7491
f 4253//7492 4323//7492 4325//7492
f 4253//7493 4325//7493 4327//7493
f 4251//7494 4253//7494 4327//7494
f 4387//7495 4383//7495 4385//7495
f 4249//7496 4251//7496 4327//7496
f 4249//7497 4327//7497 4329//7497
f 4389//7498 4383//7498 4387//7498
f 4391//7499 4379//7499 4383//7499
f 4391//7500 4383//7500 4389//7500
f 4245//7501 4247//7501 4249//7501
f 4393//7502 4379//7502 4391//7502
f 4241//7503 4245//7503 4249//7503
f 4241//7504 4249//7504 4329//7504
f 4241//7505 4244//7505 4245//7505
f 4241//7506 4333//7506 4337//7506
f 4241//7507 4329//7507 4332//7507
f 4241//7508 4332//7508 4333//7508
f 4401//7509 4393//7509 4395//7509
f 4401//7510 4395//7510 4397//7510
f 4401//7511 4397//7511 4399//7511
f 4235//7512 4241//7512 4337//7512
f 4235//7513 4237//7513 4240//7513
f 4235//7514 4240//7514 4241//7514
f 4235//7515 4337//7515 4341//7515
f 4405//7516 4401//7516 4403//7516
f 4405//7517 4393//7517 4401//7517
f 4231//7518 4233//7518 4235//7518
f 4231//7519 4235//7519 4341//7519
f 4231//7520 4341//7520 4343//7520
f 4407//7521 4393//7521 4405//7521
f 4409//7522 4393//7522 4407//7522
f 4228//7523 4230//7523 4231//7523
f 4228//7524 4231//7524 4343//7524
f 4228//7525 4343//7525 4345//7525
f 4225//7526 4228//7526 4345//7526
f 4223//7527 4225//7527 4345//7527
f 4223//7528 4345//7528 4348//7528
f 4223//7529 4348//7529 4349//7529
f 4161//7530 4409//7530 4411//7530
f 4161//7531 4411//7531 4162//7531
f 4161//7532 4393//7532 4409//7532
f 4221//7533 4223//7533 4349//7533
f 4221//7534 4349//7534 4351//7534
f 4219//7535 4351//7535 4355//7535
f 4219//7536 4221//7536 4351//7536
f 4219//7537 4355//7537 4357//7537
f 4168//7538 4161//7538 4165//7538
f 4168//7539 4393//7539 4161//7539
f 4216//7540 4218//7540 4219//7540
f 4171//7541 4168//7541 4170//7541
f 4213//7542 4216//7542 4219//7542
f 4213//7543 4219//7543 4357//7543
f 4213//7544 4357//7544 4360//7544
f 4213//7545 4360//7545 4361//7545
f 4174//7546 4393//7546 4168//7546
f 4174//7547 4168//7547 4171//7547
f 4211//7548 4361//7548 4363//7548
f 4211//7549 4213//7549 4361//7549
f 4207//7550 4363//7550 4365//7550
f 4207//7551 4365//7551 4367//7551
f 4207//7552 4367//7552 4370//7552
f 4207//7553 4370//7553 4371//7553
f 4207//7554 4371//7554 4374//7554
f 4207//7555 4374//7555 4376//7555
f 4207//7556 4210//7556 4211//7556
f 4207//7557 4211//7557 4363//7557
f 4179//7558 4174//7558 4176//7558
f 4179//7559 4176//7559 4177//7559
f 4179//7560 4393//7560 4174//7560
f 4203//7561 4205//7561 4207//7561
f 4201//7562 4203//7562 4207//7562
f 4185//7563 4179//7563 4181//7563
f 4185//7564 4181//7564 4183//7564
f 4185//7565 4393//7565 4179//7565
f 4199//7566 4207//7566 4376//7566
f 4199//7567 4376//7567 4379//7567
f 4199//7568 4201//7568 4207//7568
f 4189//7569 4185//7569 4187//7569
f 4189//7570 4393//7570 4185//7570
f 4196//7571 4197//7571 4199//7571
f 4193//7572 4189//7572 4192//7572
f 4193//7573 4199//7573 4379//7573
f 4193//7574 4393//7574 4189//7574
f 4193//7575 4196//7575 4199//7575
f 4193//7576 4379//7576 4393//7576
f 4320//7577 4324//7577 4322//7577
f 4315//7578 4314//7578 4318//7578
f 4308//7579 4306//7579 4310//7579
f 4310//7580 4306//7580 4312//7580
f 4312//7581 4306//7581 4314//7581
f 4334//7582 4338//7582 4336//7582
f 4302//7583 4299//7583 4304//7583
f 4304//7584 4299//7584 4306//7584
f 4338//7585 4342//7585 4340//7585
f 4295//7586 4294//7586 4298//7586
f 4290//7587 4288//7587 4291//7587
f 4291//7588 4288//7588 4294//7588
f 4294//7589 4288//7589 4298//7589
f 4286//7590 4284//7590 4288//7590
f 4352//7591 4356//7591 4354//7591
f 4281//7592 4279//7592 4284//7592
f 4288//7593 4279//7593 4298//7593
f 4284//7594 4279//7594 4288//7594
f 4278//7595 4276//7595 4279//7595
f 4279//7596 4276//7596 4298//7596
f 4276//7597 4270//7597 4298//7597
f 4299//7598 4270//7598 4306//7598
f 4271//7599 4270//7599 4274//7599
f 4274//7600 4270//7600 4276//7600
f 4298//7601 4270//7601 4299//7601
f 4314//7602 4265//7602 4318//7602
f 4306//7603 4265//7603 4314//7603
f 4268//7604 4265//7604 4270//7604
f 4270//7605 4265//7605 4306//7605
f 4264//7606 4262//7606 4265//7606
f 4262//7607 4259//7607 4265//7607
f 4375//7608 4380//7608 4377//7608
f 4259//7609 4256//7609 4265//7609
f 4258//7610 4256//7610 4259//7610
f 4265//7611 4256//7611 4318//7611
f 4318//7612 4256//7612 4320//7612
f 4380//7613 4384//7613 4382//7613
f 4256//7614 4254//7614 4320//7614
f 4320//7615 4254//7615 4324//7615
f 4324//7616 4254//7616 4326//7616
f 4326//7617 4254//7617 4328//7617
f 4254//7618 4252//7618 4328//7618
f 4384//7619 4388//7619 4386//7619
f 4252//7620 4250//7620 4328//7620
f 4328//7621 4250//7621 4330//7621
f 4384//7622 4390//7622 4388//7622
f 4380//7623 4392//7623 4384//7623
f 4384//7624 4392//7624 4390//7624
f 4248//7625 4246//7625 4250//7625
f 4380//7626 4394//7626 4392//7626
f 4246//7627 4242//7627 4250//7627
f 4250//7628 4242//7628 4330//7628
f 4243//7629 4242//7629 4246//7629
f 4334//7630 4242//7630 4338//7630
f 4330//7631 4242//7631 4331//7631
f 4331//7632 4242//7632 4334//7632
f 4394//7633 4402//7633 4396//7633
f 4396//7634 4402//7634 4398//7634
f 4398//7635 4402//7635 4400//7635
f 4242//7636 4236//7636 4338//7636
f 4238//7637 4236//7637 4239//7637
f 4239//7638 4236//7638 4242//7638
f 4338//7639 4236//7639 4342//7639
f 4402//7640 4406//7640 4404//7640
f 4394//7641 4406//7641 4402//7641
f 4234//7642 4232//7642 4236//7642
f 4236//7643 4232//7643 4342//7643
f 4342//7644 4232//7644 4344//7644
f 4394//7645 4408//7645 4406//7645
f 4394//7646 4410//7646 4408//7646
f 4229//7647 4227//7647 4232//7647
f 4232//7648 4227//7648 4344//7648
f 4344//7649 4227//7649 4346//7649
f 4227//7650 4226//7650 4346//7650
f 4226//7651 4224//7651 4346//7651
f 4346//7652 4224//7652 4347//7652
f 4347//7653 4224//7653 4350//7653
f 4410//7654 4164//7654 4412//7654
f 4412//7655 4164//7655 4163//7655
f 4394//7656 4164//7656 4410//7656
f 4224//7657 4222//7657 4350//7657
f 4350//7658 4222//7658 4352//7658
f 4352//7659 4220//7659 4356//7659
f 4222//7660 4220//7660 4352//7660
f 4356//7661 4220//7661 4358//7661
f 4164//7662 4167//7662 4166//7662
f 4394//7663 4167//7663 4164//7663
f 4217//7664 4215//7664 4220//7664
f 4167//7665 4172//7665 4169//7665
f 4215//7666 4214//7666 4220//7666
f 4220//7667 4214//7667 4358//7667
f 4358//7668 4214//7668 4359//7668
f 4359//7669 4214//7669 4362//7669
f 4394//7670 4173//7670 4167//7670
f 4167//7671 4173//7671 4172//7671
f 4362//7672 4212//7672 4364//7672
f 4214//7673 4212//7673 4362//7673
f 4364//7674 4208//7674 4366//7674
f 4366//7675 4208//7675 4368//7675
f 4368//7676 4208//7676 4369//7676
f 4369//7677 4208//7677 4372//7677
f 4372//7678 4208//7678 4373//7678
f 4373//7679 4208//7679 4375//7679
f 4209//7680 4208//7680 4212//7680
f 4212//7681 4208//7681 4364//7681
f 4173//7682 4180//7682 4175//7682
f 4175//7683 4180//7683 4178//7683
f 4394//7684 4180//7684 4173//7684
f 4206//7685 4204//7685 4208//7685
f 4204//7686 4202//7686 4208//7686
f 4180//7687 4186//7687 4182//7687
f 4182//7688 4186//7688 4184//7688
f 4394//7689 4186//7689 4180//7689
f 4208//7690 4200//7690 4375//7690
f 4375//7691 4200//7691 4380//7691
f 4202//7692 4200//7692 4208//7692
f 4186//7693 4190//7693 4188//7693
f 4394//7694 4190//7694 4186//7694
f 4198//7695 4195//7695 4200//7695
f 4190//7696 4194//7696 4191//7696
f 4200//7697 4194//7697 4380//7697
f 4394//7698 4194//7698 4190//7698
f 4195//7699 4194//7699 4200//7699
f 4380//7700 4194//7700 4394//7700
g \u4e3b\u536b\xb7\u6dcb\u6d74\xb7\u5e95\u76d8
f 4413//7701 4414//7701 4415//7701
f 4414//7702 4416//7702 4415//7702
f 4417//7703 4418//7703 4419//7703
f 4420//7704 4417//7704 4419//7704
f 4414//7705 4417//7705 4416//7705
f 4417//7706 4420//7706 4416//7706
f 4418//7707 4413//7707 4415//7707
f 4419//7708 4418//7708 4415//7708
f 4413//7709 4417//7709 4414//7709
f 4413//7710 4418//7710 4417//7710
f 4420//7711 4415//7711 4416//7711
f 4419//7712 4415//7712 4420//7712
g \u4e3b\u536b\xb7\u6dcb\u6d74\xb7\u900f\u660e\u73bb\u7483\u5c4f
f 4421//7713 4422//7713 4423//7713
f 4423//7714 4422//7714 4424//7714
f 4425//7715 4426//7715 4427//7715
f 4425//7716 4427//7716 4428//7716
f 4426//7717 4422//7717 4421//7717
f 4426//7718 4425//7718 4422//7718
f 4424//7719 4427//7719 4423//7719
f 4428//7720 4427//7720 4424//7720
f 4423//7721 4426//7721 4421//7721
f 4423//7722 4427//7722 4426//7722
f 4425//7723 4424//7723 4422//7723
f 4428//7724 4424//7724 4425//7724
g \u6b21\u536b\xb7\u6dcb\u6d74\xb7\u5e95\u76d8
f 4429//7725 4430//7725 4431//7725
f 4431//7726 4430//7726 4432//7726
f 4433//7727 4434//7727 4435//7727
f 4433//7728 4435//7728 4436//7728
f 4429//7729 4434//7729 4430//7729
f 4434//7730 4433//7730 4430//7730
f 4435//7731 4431//7731 4432//7731
f 4436//7732 4435//7732 4432//7732
f 4431//7733 4434//7733 4429//7733
f 4431//7734 4435//7734 4434//7734
f 4433//7735 4432//7735 4430//7735
f 4436//7736 4432//7736 4433//7736
g \u6b21\u536b\xb7\u6dcb\u6d74\xb7\u900f\u660e\u73bb\u7483\u5c4f
f 4437//7737 4438//7737 4439//7737
f 4439//7738 4438//7738 4440//7738
f 4441//7739 4442//7739 4443//7739
f 4441//7740 4443//7740 4444//7740
f 4442//7741 4441//7741 4437//7741
f 4437//7742 4441//7742 4438//7742
f 4444//7743 4443//7743 4439//7743
f 4444//7744 4439//7744 4440//7744
f 4439//7745 4443//7745 4437//7745
f 4437//7746 4443//7746 4442//7746
f 4444//7747 4440//7747 4438//7747
f 4444//7748 4438//7748 4441//7748
g \u767d\u8272\u5e73\u540a\u9876\uff08\u53ef\u9690\u85cf\uff09
f 4445//7749 4446//7749 4447//7749
f 4445//7750 4447//7750 4448//7750
f 4449//7751 4445//7751 4448//7751
f 4450//7752 4445//7752 4449//7752
f 4451//7753 4450//7753 4449//7753
f 4451//7754 4449//7754 4452//7754
f 4453//7755 4451//7755 4452//7755
f 4453//7756 4452//7756 4454//7756
f 4455//7757 4453//7757 4454//7757
f 4455//7758 4454//7758 4456//7758
f 4457//7759 4455//7759 4456//7759
f 4458//7760 4455//7760 4457//7760
f 4459//7761 4458//7761 4457//7761
f 4460//7762 4458//7762 4459//7762
f 4461//7763 4460//7763 4459//7763
f 4461//7764 4459//7764 4462//7764
f 4463//7765 4461//7765 4462//7765
f 4464//7766 4461//7766 4463//7766
f 4465//7767 4464//7767 4463//7767
f 4465//7768 4463//7768 4466//7768
f 4467//7769 4465//7769 4466//7769
f 4467//7770 4466//7770 4468//7770
f 4469//7771 4467//7771 4468//7771
f 4469//7772 4468//7772 4470//7772
f 4471//7773 4469//7773 4470//7773
f 4471//7774 4470//7774 4472//7774
f 4446//7775 4471//7775 4472//7775
f 4446//7776 4472//7776 4447//7776
f 4458//7777 4460//7777 4461//7777
f 4464//7778 4458//7778 4461//7778
f 4465//7779 4458//7779 4464//7779
f 4451//7780 4453//7780 4455//7780
f 4450//7781 4451//7781 4455//7781
f 4471//7782 4455//7782 4458//7782
f 4471//7783 4458//7783 4465//7783
f 4471//7784 4450//7784 4455//7784
f 4469//7785 4465//7785 4467//7785
f 4469//7786 4471//7786 4465//7786
f 4446//7787 4445//7787 4450//7787
f 4446//7788 4450//7788 4471//7788
f 4459//7789 4457//7789 4462//7789
f 4457//7790 4463//7790 4462//7790
f 4457//7791 4466//7791 4463//7791
f 4454//7792 4452//7792 4456//7792
f 4452//7793 4449//7793 4456//7793
f 4456//7794 4472//7794 4457//7794
f 4457//7795 4472//7795 4466//7795
f 4449//7796 4472//7796 4456//7796
f 4466//7797 4470//7797 4468//7797
f 4472//7798 4470//7798 4466//7798
f 4448//7799 4447//7799 4449//7799
f 4449//7800 4447//7800 4472//7800
