# Created by FreeCAD <https://www.freecad.org>
v 1993.459961 11705.440430 0.000000
v 1993.459961 11705.440430 2700.000000
v 3093.300049 11705.440430 2700.000000
v 3093.300049 11705.440430 0.000000
v 3093.300049 11587.599609 2700.000000
v 3093.300049 11587.599609 0.000000
v 2111.300049 11587.599609 0.000000
v 2111.300049 11587.599609 2700.000000
v 2111.300049 10085.139648 2700.000000
v 2111.300049 10085.139648 0.000000
v 1993.459961 10085.139648 2700.000000
v 1993.459961 10085.139648 0.000000
v 1993.459961 10085.139648 0.000000
v 1993.459961 10085.139648 2700.000000
v 3849.439941 10085.139648 2700.000000
v 3849.439941 10085.139648 0.000000
v 3849.439941 9849.459961 0.000000
v 3849.439941 9849.459961 2700.000000
v 2238.959961 9849.459961 0.000000
v 2238.959961 9849.459961 2700.000000
v 2238.959961 9643.240234 2700.000000
v 2238.959961 9643.240234 0.000000
v 1993.459961 9643.240234 0.000000
v 1993.459961 9643.240234 2700.000000
v 6913.279785 10085.139648 0.000000
v 5567.939941 10085.139648 0.000000
v 5567.939941 10085.139648 2700.000000
v 6913.279785 10085.139648 2700.000000
v 6913.279785 9849.459961 0.000000
v 6913.279785 9849.459961 2700.000000
v 5793.799805 9849.459961 0.000000
v 5793.799805 9849.459961 2700.000000
v 5793.799805 7649.779785 0.000000
v 5793.799805 7649.779785 2700.000000
v 5567.939941 7649.779785 0.000000
v 5567.939941 7649.779785 2700.000000
v 9662.879883 10085.139648 0.000000
v 8317.540039 10085.139648 0.000000
v 8317.540039 10085.139648 2700.000000
v 9662.879883 10085.139648 2700.000000
v 9662.879883 6510.660156 0.000000
v 9662.879883 6510.660156 2700.000000
v 9427.200195 6510.660156 2700.000000
v 9427.200195 6510.660156 0.000000
v 9427.200195 9849.459961 2700.000000
v 9427.200195 9849.459961 0.000000
v 8317.540039 9849.459961 0.000000
v 8317.540039 9849.459961 2700.000000
v 9427.200195 6824.899902 0.000000
v 6667.779785 6824.899902 0.000000
v 6667.779785 6824.899902 2700.000000
v 9427.200195 6824.899902 2700.000000
v 9427.200195 6589.220215 2700.000000
v 9427.200195 6589.220215 0.000000
v 6667.779785 6589.220215 0.000000
v 6667.779785 6589.220215 2700.000000
v 5793.799805 6874.000000 0.000000
v 5567.939941 6874.000000 0.000000
v 5567.939941 6874.000000 2700.000000
v 5793.799805 6874.000000 2700.000000
v 5793.799805 6589.220215 0.000000
v 5793.799805 6589.220215 2700.000000
v 5567.939941 6589.220215 0.000000
v 5567.939941 6589.220215 2700.000000
v 2238.959961 9024.580078 0.000000
v 1993.459961 9024.580078 0.000000
v 1993.459961 9024.580078 2700.000000
v 2238.959961 9024.580078 2700.000000
v 2238.959961 6815.080078 0.000000
v 2238.959961 6815.080078 2700.000000
v 1993.459961 6815.080078 0.000000
v 1993.459961 6815.080078 2700.000000
v 1993.459961 7649.779785 0.000000
v 1993.459961 7649.779785 2700.000000
v 1797.060059 7649.779785 2700.000000
v 1797.060059 7649.779785 0.000000
v 1797.060059 7885.459961 2700.000000
v 1797.060059 7885.459961 0.000000
v 1993.459961 7885.459961 2700.000000
v 1993.459961 7885.459961 0.000000
v 1198.040039 7885.459961 0.000000
v 0.000000 7885.459961 0.000000
v 0.000000 7885.459961 2700.000000
v 1198.040039 7885.459961 2700.000000
v 1198.040039 7649.779785 2700.000000
v 1198.040039 7649.779785 0.000000
v 235.679993 7649.779785 0.000000
v 235.679993 7649.779785 2700.000000
v 235.679993 2297.879883 2700.000000
v 235.679993 2297.879883 0.000000
v 392.799988 2297.879883 0.000000
v 392.799988 2297.879883 2700.000000
v 392.799988 2052.379883 0.000000
v 392.799988 2052.379883 2700.000000
v 0.000000 2052.379883 0.000000
v 0.000000 2052.379883 2700.000000
v 1993.459961 6815.080078 0.000000
v 1993.459961 6815.080078 2700.000000
v 4566.299805 6815.080078 2700.000000
v 4566.299805 6815.080078 0.000000
v 4566.299805 6579.399902 2700.000000
v 4566.299805 6579.399902 0.000000
v 1993.459961 6579.399902 0.000000
v 1993.459961 6579.399902 2700.000000
v 2238.959961 6579.399902 0.000000
v 1993.459961 6579.399902 0.000000
v 1993.459961 6579.399902 2700.000000
v 2238.959961 6579.399902 2700.000000
v 2238.959961 3279.879883 0.000000
v 2238.959961 3279.879883 2700.000000
v 1993.459961 3279.879883 0.000000
v 1993.459961 3279.879883 2700.000000
v 4438.640137 6579.399902 0.000000
v 4438.640137 6579.399902 2700.000000
v 4566.299805 6579.399902 2700.000000
v 4566.299805 6579.399902 0.000000
v 4566.299805 5587.580078 0.000000
v 4566.299805 5587.580078 2700.000000
v 4664.500000 5587.580078 0.000000
v 4664.500000 5587.580078 2700.000000
v 4664.500000 5459.919922 2700.000000
v 4664.500000 5459.919922 0.000000
v 4438.640137 5459.919922 0.000000
v 4438.640137 5459.919922 2700.000000
v 5558.120117 5567.939941 0.000000
v 5558.120117 5567.939941 2700.000000
v 5793.799805 5567.939941 2700.000000
v 5793.799805 5567.939941 0.000000
v 5793.799805 225.860001 0.000000
v 5793.799805 225.860001 2700.000000
v 5548.299805 225.860001 0.000000
v 5548.299805 225.860001 2700.000000
v 5548.299805 1826.520020 2700.000000
v 5548.299805 1826.520020 0.000000
v 4959.100098 1826.520020 0.000000
v 4959.100098 1826.520020 2700.000000
v 4959.100098 2052.379883 0.000000
v 4959.100098 2052.379883 2700.000000
v 5558.120117 2052.379883 0.000000
v 5558.120117 2052.379883 2700.000000
v 2238.959961 2415.719971 0.000000
v 1993.459961 2415.719971 0.000000
v 1993.459961 2415.719971 2700.000000
v 2238.959961 2415.719971 2700.000000
v 2238.959961 2052.379883 0.000000
v 2238.959961 2052.379883 2700.000000
v 2837.979980 2052.379883 0.000000
v 2837.979980 2052.379883 2700.000000
v 2837.979980 1826.520020 0.000000
v 2837.979980 1826.520020 2700.000000
v 2238.959961 1826.520020 0.000000
v 2238.959961 1826.520020 2700.000000
v 2238.959961 225.860001 2700.000000
v 2238.959961 225.860001 0.000000
v 1993.459961 225.860001 0.000000
v 1993.459961 225.860001 2700.000000
v 2238.959961 225.860001 0.000000
v 1993.459961 225.860001 0.000000
v 1993.459961 225.860001 2700.000000
v 2238.959961 225.860001 2700.000000
v 2238.959961 0.000000 0.000000
v 2238.959961 0.000000 2700.000000
v 1993.459961 0.000000 0.000000
v 1993.459961 0.000000 2700.000000
v 5970.560059 225.860001 0.000000
v 5401.000000 225.860001 0.000000
v 5401.000000 225.860001 2700.000000
v 5970.560059 225.860001 2700.000000
v 5970.560059 0.000000 0.000000
v 5970.560059 0.000000 2700.000000
v 5401.000000 0.000000 0.000000
v 5401.000000 0.000000 2700.000000
v 9427.200195 225.860001 0.000000
v 8965.660156 225.860001 0.000000
v 8965.660156 225.860001 2700.000000
v 9427.200195 225.860001 2700.000000
v 9427.200195 0.000000 0.000000
v 9427.200195 0.000000 2700.000000
v 8965.660156 0.000000 0.000000
v 8965.660156 0.000000 2700.000000
v 12618.700195 5666.140137 0.000000
v 9112.959961 5666.140137 0.000000
v 9112.959961 5666.140137 2700.000000
v 12618.700195 5666.140137 2700.000000
v 12618.700195 0.000000 0.000000
v 12618.700195 0.000000 2700.000000
v 12353.559570 0.000000 0.000000
v 12353.559570 0.000000 2700.000000
v 12353.559570 5420.640137 2700.000000
v 12353.559570 5420.640137 0.000000
v 9348.639648 5420.640137 2700.000000
v 9348.639648 5420.640137 0.000000
v 9348.639648 5302.799805 2700.000000
v 9348.639648 5302.799805 0.000000
v 9112.959961 5302.799805 0.000000
v 9112.959961 5302.799805 2700.000000
v 9348.639648 4507.379883 0.000000
v 9112.959961 4507.379883 0.000000
v 9112.959961 4507.379883 2700.000000
v 9348.639648 4507.379883 2700.000000
v 9348.639648 2052.379883 2700.000000
v 9348.639648 2052.379883 0.000000
v 10163.700195 2052.379883 2700.000000
v 10163.700195 2052.379883 0.000000
v 10163.700195 1826.520020 0.000000
v 10163.700195 1826.520020 2700.000000
v 9112.959961 1826.520020 0.000000
v 9112.959961 1826.520020 2700.000000
v 9112.959961 2445.179932 2700.000000
v 9112.959961 2445.179932 0.000000
v 8720.160156 2445.179932 2700.000000
v 8720.160156 2445.179932 0.000000
v 8720.160156 2680.860107 2700.000000
v 8720.160156 2680.860107 0.000000
v 9112.959961 2680.860107 2700.000000
v 9112.959961 2680.860107 0.000000
v 11567.959961 2052.379883 0.000000
v 11567.959961 2052.379883 2700.000000
v 12353.559570 2052.379883 2700.000000
v 12353.559570 2052.379883 0.000000
v 12353.559570 1826.520020 0.000000
v 12353.559570 1826.520020 2700.000000
v 11567.959961 1826.520020 2700.000000
v 11567.959961 1826.520020 0.000000
v 1109.660034 4851.080078 0.000000
v 235.679993 4851.080078 0.000000
v 235.679993 4851.080078 2700.000000
v 1109.660034 4851.080078 2700.000000
v 1109.660034 4723.419922 2700.000000
v 1109.660034 4723.419922 0.000000
v 235.679993 4723.419922 0.000000
v 235.679993 4723.419922 2700.000000
v 1855.979980 4851.080078 0.000000
v 1855.979980 4851.080078 2700.000000
v 1993.459961 4851.080078 2700.000000
v 1993.459961 4851.080078 0.000000
v 1993.459961 4723.419922 2700.000000
v 1993.459961 4723.419922 0.000000
v 1855.979980 4723.419922 2700.000000
v 1855.979980 4723.419922 0.000000
v 3731.600098 8955.839844 0.000000
v 3731.600098 8955.839844 2700.000000
v 3849.439941 8955.839844 2700.000000
v 3849.439941 8955.839844 0.000000
v 3849.439941 7610.500000 0.000000
v 3849.439941 7610.500000 2700.000000
v 3731.600098 7610.500000 2700.000000
v 3731.600098 7610.500000 0.000000
v 1855.979980 2297.879883 0.000000
v 1855.979980 2297.879883 2700.000000
v 1993.459961 2297.879883 2700.000000
v 1993.459961 2297.879883 0.000000
v 1993.459961 2415.719971 2700.000000
v 1993.459961 2415.719971 0.000000
v 2238.959961 2415.719971 0.000000
v 2238.959961 2415.719971 2700.000000
v 2238.959961 2052.379883 0.000000
v 2238.959961 2052.379883 2700.000000
v 1855.979980 2052.379883 0.000000
v 1855.979980 2052.379883 2700.000000
v 5793.799805 11705.440430 -60.000000
v 1993.459961 11705.440430 -60.000000
v 1993.459961 11705.440430 0.000000
v 5793.799805 11705.440430 0.000000
v 5793.799805 10085.139648 0.000000
v 5793.799805 10085.139648 -60.000000
v 9662.879883 10085.139648 -60.000000
v 9662.879883 10085.139648 0.000000
v 9662.879883 6510.660156 -60.000000
v 9662.879883 6510.660156 0.000000
v 9427.200195 6510.660156 0.000000
v 9427.200195 6510.660156 -60.000000
v 9427.200195 5666.140137 -60.000000
v 9427.200195 5666.140137 0.000000
v 12618.700195 5666.140137 0.000000
v 12618.700195 5666.140137 -60.000000
v 12618.700195 0.000000 0.000000
v 12618.700195 0.000000 -60.000000
v 1993.459961 0.000000 0.000000
v 1993.459961 0.000000 -60.000000
v 1993.459961 2052.379883 0.000000
v 1993.459961 2052.379883 -60.000000
v 0.000000 2052.379883 -60.000000
v 0.000000 2052.379883 0.000000
v 0.000000 7885.459961 -60.000000
v 0.000000 7885.459961 0.000000
v 1993.459961 7885.459961 -60.000000
v 1993.459961 7885.459961 0.000000
v 8631.780273 6465.660156 0.000000
v 8631.780273 6465.660156 2100.000000
v 8631.780273 6510.660156 0.000000
v 8631.780273 6510.660156 2100.000000
v 9427.200195 6465.660156 2100.000000
v 9427.200195 6465.660156 0.000000
v 9427.200195 6510.660156 0.000000
v 9427.200195 6510.660156 2100.000000
v 9367.200195 5715.240234 2100.000000
v 9367.200195 5715.240234 2700.000000
v 9367.200195 6510.660156 2100.000000
v 9367.200195 6510.660156 2700.000000
v 9487.200195 5715.240234 2700.000000
v 9487.200195 5715.240234 2100.000000
v 9487.200195 6510.660156 2100.000000
v 9487.200195 6510.660156 2700.000000
v 5882.180176 6824.899902 0.000000
v 5882.180176 7620.319824 2100.000000
v 5882.180176 7620.319824 0.000000
v 5882.180176 6824.899902 2100.000000
v 5927.180176 7620.319824 2100.000000
v 5927.180176 6824.899902 0.000000
v 5927.180176 7620.319824 0.000000
v 5927.180176 6824.899902 2100.000000
v 5882.180176 6764.899902 2100.000000
v 5882.180176 6764.899902 2700.000000
v 5882.180176 6884.899902 2100.000000
v 5882.180176 6884.899902 2700.000000
v 6677.600098 6764.899902 2700.000000
v 6677.600098 6764.899902 2100.000000
v 6677.600098 6884.899902 2100.000000
v 6677.600098 6884.899902 2700.000000
v 9348.639648 5257.799805 0.000000
v 9348.639648 5257.799805 2100.000000
v 9348.639648 5302.799805 0.000000
v 9348.639648 5302.799805 2100.000000
v 10163.700195 5257.799805 2100.000000
v 10163.700195 5257.799805 0.000000
v 10163.700195 5302.799805 0.000000
v 10163.700195 5302.799805 2100.000000
v 9288.639648 4507.379883 2100.000000
v 9288.639648 4507.379883 2700.000000
v 9288.639648 5302.799805 2100.000000
v 9288.639648 5302.799805 2700.000000
v 9408.639648 4507.379883 2700.000000
v 9408.639648 4507.379883 2100.000000
v 9408.639648 5302.799805 2100.000000
v 9408.639648 5302.799805 2700.000000
v 5410.819824 4644.859863 0.000000
v 5410.819824 4644.859863 2100.000000
v 5410.819824 5459.919922 0.000000
v 5410.819824 5459.919922 2100.000000
v 5455.819824 4644.859863 2100.000000
v 5455.819824 4644.859863 0.000000
v 5455.819824 5459.919922 0.000000
v 5455.819824 5459.919922 2100.000000
v 4664.500000 5399.919922 2100.000000
v 4664.500000 5399.919922 2700.000000
v 4664.500000 5519.919922 2100.000000
v 4664.500000 5519.919922 2700.000000
v 5410.819824 5399.919922 2700.000000
v 5410.819824 5399.919922 2100.000000
v 5410.819824 5519.919922 2100.000000
v 5410.819824 5519.919922 2700.000000
v 2238.959961 2415.719971 0.000000
v 2238.959961 3279.879883 2100.000000
v 2238.959961 3279.879883 0.000000
v 2238.959961 2415.719971 2100.000000
v 2283.959961 3279.879883 2100.000000
v 2283.959961 2415.719971 0.000000
v 2283.959961 3279.879883 0.000000
v 2283.959961 2415.719971 2100.000000
v 1384.619995 2355.719971 2100.000000
v 1384.619995 2355.719971 2700.000000
v 1384.619995 2475.719971 2100.000000
v 1384.619995 2475.719971 2700.000000
v 2238.959961 2355.719971 2700.000000
v 2238.959961 2355.719971 2100.000000
v 2238.959961 2475.719971 2100.000000
v 2238.959961 2475.719971 2700.000000
v 1855.979980 4851.080078 0.000000
v 1855.979980 5577.759766 2100.000000
v 1855.979980 5577.759766 0.000000
v 1855.979980 4851.080078 2100.000000
v 1900.979980 5577.759766 2100.000000
v 1900.979980 4851.080078 0.000000
v 1900.979980 5577.759766 0.000000
v 1900.979980 4851.080078 2100.000000
v 1119.479980 4791.080078 2100.000000
v 1119.479980 4791.080078 2700.000000
v 1119.479980 4911.080078 2100.000000
v 1119.479980 4911.080078 2700.000000
v 1855.979980 4791.080078 2700.000000
v 1855.979980 4791.080078 2100.000000
v 1855.979980 4911.080078 2100.000000
v 1855.979980 4911.080078 2700.000000
v 3731.600098 6874.000000 0.000000
v 3731.600098 6874.000000 2100.000000
v 3731.600098 7620.319824 0.000000
v 3731.600098 7620.319824 2100.000000
v 3776.600098 6874.000000 2100.000000
v 3776.600098 6874.000000 0.000000
v 3776.600098 7620.319824 0.000000
v 3776.600098 7620.319824 2100.000000
v 3671.600098 6874.000000 2100.000000
v 3671.600098 6874.000000 2700.000000
v 3671.600098 7620.319824 2100.000000
v 3671.600098 7620.319824 2700.000000
v 3791.600098 6874.000000 2700.000000
v 3791.600098 6874.000000 2100.000000
v 3791.600098 7620.319824 2100.000000
v 3791.600098 7620.319824 2700.000000
v 3093.300049 11636.700195 850.000000
v 3093.300049 11636.700195 2100.000000
v 3093.300049 11646.519531 850.000000
v 3093.300049 11646.519531 2100.000000
v 5793.799805 11636.700195 2100.000000
v 5793.799805 11636.700195 850.000000
v 5793.799805 11646.519531 850.000000
v 5793.799805 11646.519531 2100.000000
v 3093.300049 11586.519531 0.000000
v 3093.300049 11706.519531 850.000000
v 3093.300049 11706.519531 0.000000
v 3093.300049 11586.519531 850.000000
v 5793.799805 11706.519531 850.000000
v 5793.799805 11586.519531 0.000000
v 5793.799805 11706.519531 0.000000
v 5793.799805 11586.519531 850.000000
v 3093.300049 11586.519531 2100.000000
v 3093.300049 11586.519531 2700.000000
v 3093.300049 11706.519531 2100.000000
v 3093.300049 11706.519531 2700.000000
v 5793.799805 11586.519531 2700.000000
v 5793.799805 11586.519531 2100.000000
v 5793.799805 11706.519531 2100.000000
v 5793.799805 11706.519531 2700.000000
v 5734.879883 10085.139648 850.000000
v 5734.879883 10085.139648 2100.000000
v 5734.879883 11587.599609 850.000000
v 5734.879883 11587.599609 2100.000000
v 5744.700195 10085.139648 2100.000000
v 5744.700195 10085.139648 850.000000
v 5744.700195 11587.599609 850.000000
v 5744.700195 11587.599609 2100.000000
v 5674.879883 10085.139648 0.000000
v 5674.879883 10085.139648 850.000000
v 5674.879883 11587.599609 0.000000
v 5674.879883 11587.599609 850.000000
v 5794.879883 10085.139648 850.000000
v 5794.879883 10085.139648 0.000000
v 5794.879883 11587.599609 0.000000
v 5794.879883 11587.599609 850.000000
v 5674.879883 10085.139648 2100.000000
v 5674.879883 10085.139648 2700.000000
v 5674.879883 11587.599609 2100.000000
v 5674.879883 11587.599609 2700.000000
v 5794.879883 10085.139648 2700.000000
v 5794.879883 10085.139648 2100.000000
v 5794.879883 11587.599609 2100.000000
v 5794.879883 11587.599609 2700.000000
v 6913.279785 9957.480469 850.000000
v 6913.279785 9957.480469 2100.000000
v 6913.279785 9967.299805 850.000000
v 6913.279785 9967.299805 2100.000000
v 8317.540039 9957.480469 2100.000000
v 8317.540039 9957.480469 850.000000
v 8317.540039 9967.299805 850.000000
v 8317.540039 9967.299805 2100.000000
v 6913.279785 9907.299805 0.000000
v 6913.279785 10027.299805 850.000000
v 6913.279785 10027.299805 0.000000
v 6913.279785 9907.299805 850.000000
v 8317.540039 10027.299805 850.000000
v 8317.540039 9907.299805 0.000000
v 8317.540039 10027.299805 0.000000
v 8317.540039 9907.299805 850.000000
v 6913.279785 9907.299805 2100.000000
v 6913.279785 9907.299805 2700.000000
v 6913.279785 10027.299805 2100.000000
v 6913.279785 10027.299805 2700.000000
v 8317.540039 9907.299805 2700.000000
v 8317.540039 9907.299805 2100.000000
v 8317.540039 10027.299805 2100.000000
v 8317.540039 10027.299805 2700.000000
v 2111.300049 9024.580078 850.000000
v 2111.300049 9024.580078 2100.000000
v 2111.300049 9643.240234 850.000000
v 2111.300049 9643.240234 2100.000000
v 2121.120117 9024.580078 2100.000000
v 2121.120117 9024.580078 850.000000
v 2121.120117 9643.240234 850.000000
v 2121.120117 9643.240234 2100.000000
v 2051.300049 9024.580078 0.000000
v 2051.300049 9643.240234 850.000000
v 2051.300049 9643.240234 0.000000
v 2051.300049 9024.580078 850.000000
v 2171.300049 9643.240234 850.000000
v 2171.300049 9024.580078 0.000000
v 2171.300049 9643.240234 0.000000
v 2171.300049 9024.580078 850.000000
v 2051.300049 9024.580078 2100.000000
v 2051.300049 9024.580078 2700.000000
v 2051.300049 9643.240234 2100.000000
v 2051.300049 9643.240234 2700.000000
v 2171.300049 9024.580078 2700.000000
v 2171.300049 9024.580078 2100.000000
v 2171.300049 9643.240234 2100.000000
v 2171.300049 9643.240234 2700.000000
v 1198.040039 7757.799805 850.000000
v 1198.040039 7757.799805 2100.000000
v 1198.040039 7767.620117 850.000000
v 1198.040039 7767.620117 2100.000000
v 1797.060059 7757.799805 2100.000000
v 1797.060059 7757.799805 850.000000
v 1797.060059 7767.620117 850.000000
v 1797.060059 7767.620117 2100.000000
v 1198.040039 7707.620117 0.000000
v 1198.040039 7827.620117 850.000000
v 1198.040039 7827.620117 0.000000
v 1198.040039 7707.620117 850.000000
v 1797.060059 7827.620117 850.000000
v 1797.060059 7707.620117 0.000000
v 1797.060059 7827.620117 0.000000
v 1797.060059 7707.620117 850.000000
v 1198.040039 7707.620117 2100.000000
v 1198.040039 7707.620117 2700.000000
v 1198.040039 7827.620117 2100.000000
v 1198.040039 7827.620117 2700.000000
v 1797.060059 7707.620117 2700.000000
v 1797.060059 7707.620117 2100.000000
v 1797.060059 7827.620117 2100.000000
v 1797.060059 7827.620117 2700.000000
v 235.679993 2170.219971 850.000000
v 235.679993 2170.219971 2100.000000
v 235.679993 2180.040039 850.000000
v 235.679993 2180.040039 2100.000000
v 1855.979980 2170.219971 2100.000000
v 1855.979980 2170.219971 850.000000
v 1855.979980 2180.040039 850.000000
v 1855.979980 2180.040039 2100.000000
v 235.679993 2120.040039 0.000000
v 235.679993 2240.040039 850.000000
v 235.679993 2240.040039 0.000000
v 235.679993 2120.040039 850.000000
v 1855.979980 2240.040039 850.000000
v 1855.979980 2120.040039 0.000000
v 1855.979980 2240.040039 0.000000
v 1855.979980 2120.040039 850.000000
v 235.679993 2120.040039 2100.000000
v 235.679993 2120.040039 2700.000000
v 235.679993 2240.040039 2100.000000
v 235.679993 2240.040039 2700.000000
v 1855.979980 2120.040039 2700.000000
v 1855.979980 2120.040039 2100.000000
v 1855.979980 2240.040039 2100.000000
v 1855.979980 2240.040039 2700.000000
v 2238.959961 108.019997 850.000000
v 2238.959961 108.019997 2100.000000
v 2238.959961 117.839996 850.000000
v 2238.959961 117.839996 2100.000000
v 5401.000000 108.019997 2100.000000
v 5401.000000 108.019997 850.000000
v 5401.000000 117.839996 850.000000
v 5401.000000 117.839996 2100.000000
v 2238.959961 57.840000 0.000000
v 2238.959961 177.839996 850.000000
v 2238.959961 177.839996 0.000000
v 2238.959961 57.840000 850.000000
v 5401.000000 177.839996 850.000000
v 5401.000000 57.840000 0.000000
v 5401.000000 177.839996 0.000000
v 5401.000000 57.840000 850.000000
v 2238.959961 57.840000 2100.000000
v 2238.959961 57.840000 2700.000000
v 2238.959961 177.839996 2100.000000
v 2238.959961 177.839996 2700.000000
v 5401.000000 57.840000 2700.000000
v 5401.000000 57.840000 2100.000000
v 5401.000000 177.839996 2100.000000
v 5401.000000 177.839996 2700.000000
v 5970.560059 108.019997 850.000000
v 5970.560059 108.019997 2100.000000
v 5970.560059 117.839996 850.000000
v 5970.560059 117.839996 2100.000000
v 8965.660156 108.019997 2100.000000
v 8965.660156 108.019997 850.000000
v 8965.660156 117.839996 850.000000
v 8965.660156 117.839996 2100.000000
v 5970.560059 57.840000 0.000000
v 5970.560059 177.839996 850.000000
v 5970.560059 177.839996 0.000000
v 5970.560059 57.840000 850.000000
v 8965.660156 177.839996 850.000000
v 8965.660156 57.840000 0.000000
v 8965.660156 177.839996 0.000000
v 8965.660156 57.840000 850.000000
v 5970.560059 57.840000 2100.000000
v 5970.560059 57.840000 2700.000000
v 5970.560059 177.839996 2100.000000
v 5970.560059 177.839996 2700.000000
v 8965.660156 57.840000 2700.000000
v 8965.660156 57.840000 2100.000000
v 8965.660156 177.839996 2100.000000
v 8965.660156 177.839996 2700.000000
v 9427.200195 108.019997 850.000000
v 9427.200195 108.019997 2100.000000
v 9427.200195 117.839996 850.000000
v 9427.200195 117.839996 2100.000000
v 12353.559570 108.019997 2100.000000
v 12353.559570 108.019997 850.000000
v 12353.559570 117.839996 850.000000
v 12353.559570 117.839996 2100.000000
v 9427.200195 57.840000 0.000000
v 9427.200195 177.839996 850.000000
v 9427.200195 177.839996 0.000000
v 9427.200195 57.840000 850.000000
v 12353.559570 177.839996 850.000000
v 12353.559570 57.840000 0.000000
v 12353.559570 177.839996 0.000000
v 12353.559570 57.840000 850.000000
v 9427.200195 57.840000 2100.000000
v 9427.200195 57.840000 2700.000000
v 9427.200195 177.839996 2100.000000
v 9427.200195 177.839996 2700.000000
v 12353.559570 57.840000 2700.000000
v 12353.559570 57.840000 2100.000000
v 12353.559570 177.839996 2100.000000
v 12353.559570 177.839996 2700.000000
v 10163.700195 1924.719971 0.000000
v 10163.700195 1934.540039 2100.000000
v 10163.700195 1934.540039 0.000000
v 10163.700195 1924.719971 2100.000000
v 11567.959961 1934.540039 2100.000000
v 11567.959961 1924.719971 0.000000
v 11567.959961 1934.540039 0.000000
v 11567.959961 1924.719971 2100.000000
v 10163.700195 1874.540039 2100.000000
v 10163.700195 1874.540039 2700.000000
v 10163.700195 1994.540039 2100.000000
v 10163.700195 1994.540039 2700.000000
v 11567.959961 1874.540039 2700.000000
v 11567.959961 1874.540039 2100.000000
v 11567.959961 1994.540039 2100.000000
v 11567.959961 1994.540039 2700.000000
v 9171.879883 225.860001 0.000000
v 9171.879883 225.860001 2100.000000
v 9171.879883 1826.520020 0.000000
v 9171.879883 1826.520020 2100.000000
v 9181.700195 225.860001 2100.000000
v 9181.700195 225.860001 0.000000
v 9181.700195 1826.520020 0.000000
v 9181.700195 1826.520020 2100.000000
v 9111.879883 1826.520020 2100.000000
v 9111.879883 225.860001 2100.000000
v 9111.879883 1826.520020 2700.000000
v 9111.879883 225.860001 2700.000000
v 9231.879883 225.860001 2100.000000
v 9231.879883 1826.520020 2100.000000
v 9231.879883 1826.520020 2700.000000
v 9231.879883 225.860001 2700.000000
v 3849.439941 10016.400391 0.000000
v 3849.439941 10026.219727 2100.000000
v 3849.439941 10026.219727 0.000000
v 3849.439941 10016.400391 2100.000000
v 5567.939941 10026.219727 2100.000000
v 5567.939941 10016.400391 0.000000
v 5567.939941 10026.219727 0.000000
v 5567.939941 10016.400391 2100.000000
v 3849.439941 9966.219727 2100.000000
v 3849.439941 9966.219727 2700.000000
v 3849.439941 10086.219727 2100.000000
v 3849.439941 10086.219727 2700.000000
v 5567.939941 9966.219727 2700.000000
v 5567.939941 9966.219727 2100.000000
v 5567.939941 10086.219727 2100.000000
v 5567.939941 10086.219727 2700.000000
v 3446.820068 4232.419922 0.000000
v 3446.820068 2396.080078 0.000000
v 3446.820068 4232.419922 920.000000
v 3446.820068 2396.080078 920.000000
v 5548.299805 2396.080078 0.000000
v 5548.299805 4232.419922 0.000000
v 5548.299805 4232.419922 920.000000
v 5548.299805 2396.080078 920.000000
v 7315.899902 9299.540039 0.000000
v 7315.899902 7482.839844 0.000000
v 7315.899902 9299.540039 920.000000
v 7315.899902 7482.839844 920.000000
v 9427.200195 7482.839844 0.000000
v 9427.200195 9299.540039 0.000000
v 9427.200195 9299.540039 920.000000
v 9427.200195 7482.839844 920.000000
v 10252.080078 2572.840088 0.000000
v 10252.080078 2572.840088 920.000000
v 10252.080078 4124.399902 0.000000
v 10252.080078 4124.399902 920.000000
v 12353.559570 2572.840088 920.000000
v 12353.559570 2572.840088 0.000000
v 12353.559570 4124.399902 0.000000
v 12353.559570 4124.399902 920.000000
v 235.679993 2415.719971 0.000000
v 235.679993 2415.719971 2300.000000
v 235.679993 4723.419922 0.000000
v 235.679993 4723.419922 2300.000000
v 824.880005 2415.719971 2300.000000
v 824.880005 2415.719971 0.000000
v 824.880005 4723.419922 0.000000
v 824.880005 4723.419922 2300.000000
v 2111.300049 10988.580078 0.000000
v 2111.300049 10988.580078 900.000000
v 2111.300049 11587.599609 0.000000
v 2111.300049 11587.599609 900.000000
v 5685.779785 10988.580078 900.000000
v 5685.779785 10988.580078 0.000000
v 5685.779785 11587.599609 0.000000
v 5685.779785 11587.599609 900.000000
v 7914.919922 6707.060059 0.000000
v 7914.919922 6972.200195 850.000000
v 7914.919922 6972.200195 0.000000
v 7914.919922 6707.060059 850.000000
v 9230.799805 6972.200195 850.000000
v 9230.799805 6707.060059 0.000000
v 9230.799805 6972.200195 0.000000
v 9230.799805 6707.060059 850.000000
v 2238.959961 7118.518066 0.000000
v 2238.959961 7718.520020 1170.000000
v 2238.959961 7718.520020 0.000000
v 2238.959961 7118.518066 1170.000000
v 2738.994385 7718.520020 1170.000000
v 2738.994385 7118.518066 0.000000
v 2738.994385 7718.520020 0.000000
v 2738.994385 7118.518066 1170.000000
v 2238.959961 8143.431641 0.000000
v 2238.959961 8543.400391 820.000000
v 2238.959961 8543.400391 0.000000
v 2238.959961 8143.431641 820.000000
v 2938.929688 8543.400391 820.000000
v 2938.929688 8143.431641 0.000000
v 2938.929688 8543.400391 0.000000
v 2938.929688 8143.431641 820.000000
v 2238.959961 8838.000000 0.000000
v 2238.959961 8838.000000 2113.000000
v 2238.959961 9849.459961 0.000000
v 2238.959961 9849.459961 2113.000000
v 3731.600098 8838.000000 2113.000000
v 3731.600098 8838.000000 0.000000
v 3731.600098 9849.459961 0.000000
v 3731.600098 9849.459961 2113.000000
v 2111.300049 10085.139648 0.000000
v 2111.300049 10978.759766 900.000000
v 2111.300049 10978.759766 0.000000
v 2111.300049 10085.139648 900.000000
v 2808.520020 10978.759766 900.000000
v 2808.520020 10085.139648 0.000000
v 2808.520020 10978.759766 0.000000
v 2808.520020 10085.139648 900.000000
v 3849.439941 9073.679688 0.000000
v 3849.439941 9073.679688 2400.000000
v 3849.439941 9967.299805 0.000000
v 3849.439941 9967.299805 2400.000000
v 4468.100098 9073.679688 2400.000000
v 4468.100098 9073.679688 0.000000
v 4468.100098 9967.299805 0.000000
v 4468.100098 9967.299805 2400.000000
v 3849.439941 8386.280273 0.000000
v 3849.439941 9073.679688 2400.000000
v 3849.439941 9073.679688 0.000000
v 3849.439941 8386.280273 2400.000000
v 4468.100098 9073.679688 2400.000000
v 4468.100098 8386.280273 0.000000
v 4468.100098 9073.679688 0.000000
v 4468.100098 8386.280273 2400.000000
v 3849.439941 7669.419922 0.000000
v 3849.439941 7669.419922 2400.000000
v 3849.439941 8386.280273 0.000000
v 3849.439941 8386.280273 2400.000000
v 4468.100098 7669.419922 2400.000000
v 4468.100098 7669.419922 0.000000
v 4468.100098 8386.280273 0.000000
v 4468.100098 8386.280273 2400.000000
v 6579.399902 5037.660156 0.000000
v 6579.399902 4232.419922 0.000000
v 6579.399902 5037.660156 760.000000
v 6579.399902 4232.419922 760.000000
v 8003.299805 4232.419922 0.000000
v 8003.299805 5037.660156 0.000000
v 8003.299805 5037.660156 760.000000
v 8003.299805 4232.419922 760.000000
v 6756.160156 5076.939941 0.000000
v 6756.160156 5450.100098 800.000000
v 6756.160156 5450.100098 0.000000
v 6756.160156 5076.939941 800.000000
v 7129.319824 5450.100098 800.000000
v 7129.319824 5076.939941 0.000000
v 7129.319824 5450.100098 0.000000
v 7129.319824 5076.939941 800.000000
v 7394.459961 5076.939941 0.000000
v 7394.459961 5450.100098 800.000000
v 7394.459961 5450.100098 0.000000
v 7394.459961 5076.939941 800.000000
v 7767.620117 5450.100098 800.000000
v 7767.620117 5076.939941 0.000000
v 7767.620117 5450.100098 0.000000
v 7767.620117 5076.939941 800.000000
v 6756.160156 3770.879883 0.000000
v 6756.160156 4144.040039 800.000000
v 6756.160156 4144.040039 0.000000
v 6756.160156 3770.879883 800.000000
v 7129.319824 4144.040039 800.000000
v 7129.319824 3770.879883 0.000000
v 7129.319824 4144.040039 0.000000
v 7129.319824 3770.879883 800.000000
v 7394.459961 3770.879883 0.000000
v 7394.459961 4144.040039 800.000000
v 7394.459961 4144.040039 0.000000
v 7394.459961 3770.879883 800.000000
v 7767.620117 4144.040039 800.000000
v 7767.620117 3770.879883 0.000000
v 7767.620117 4144.040039 0.000000
v 7767.620117 3770.879883 800.000000
v 8052.399902 225.860001 0.000000
v 8052.399902 225.860001 830.000000
v 8052.399902 2425.540039 0.000000
v 8052.399902 2425.540039 830.000000
v 8955.839844 225.860001 830.000000
v 8955.839844 225.860001 0.000000
v 8955.839844 2425.540039 0.000000
v 8955.839844 2425.540039 830.000000
v 5813.439941 422.260010 0.000000
v 5813.439941 422.260010 500.000000
v 5813.439941 2229.139893 0.000000
v 5813.439941 2229.139893 500.000000
v 6157.140137 422.260010 500.000000
v 6157.140137 422.260010 0.000000
v 6157.140137 2229.139893 0.000000
v 6157.140137 2229.139893 500.000000
v 7070.399902 500.820007 0.000000
v 7070.399902 500.820007 450.000000
v 7070.399902 1394.439941 0.000000
v 7070.399902 1394.439941 450.000000
v 7620.319824 500.820007 450.000000
v 7620.319824 500.820007 0.000000
v 7620.319824 1394.439941 0.000000
v 7620.319824 1394.439941 450.000000
v 5793.799805 3584.300049 0.000000
v 5793.799805 3584.300049 2300.000000
v 5793.799805 5567.939941 0.000000
v 5793.799805 5567.939941 2300.000000
v 6196.419922 3584.300049 2300.000000
v 6196.419922 3584.300049 0.000000
v 6196.419922 5567.939941 0.000000
v 6196.419922 5567.939941 2300.000000
v 5793.799805 3584.300049 0.000000
v 5793.799805 2680.860107 0.000000
v 5793.799805 3584.300049 850.000000
v 5793.799805 2680.860107 850.000000
v 6196.419922 2680.860107 0.000000
v 6196.419922 3584.300049 0.000000
v 6196.419922 3584.300049 850.000000
v 6196.419922 2680.860107 850.000000
v 8317.540039 2523.739990 0.000000
v 8317.540039 2936.179932 500.000000
v 8317.540039 2936.179932 0.000000
v 8317.540039 2523.739990 500.000000
v 8729.980469 2936.179932 500.000000
v 8729.980469 2523.739990 0.000000
v 8729.980469 2936.179932 0.000000
v 8729.980469 2523.739990 500.000000
v 235.679993 6628.500000 0.000000
v 235.679993 6628.500000 2113.000000
v 235.679993 7649.779785 0.000000
v 235.679993 7649.779785 2113.000000
v 1993.459961 6628.500000 2113.000000
v 1993.459961 6628.500000 0.000000
v 1993.459961 7649.779785 0.000000
v 1993.459961 7649.779785 2113.000000
v 235.679993 5884.831543 0.000000
v 235.679993 5884.831543 820.000000
v 235.679993 6284.799805 0.000000
v 235.679993 6284.799805 820.000000
v 935.649597 5884.831543 820.000000
v 935.649597 5884.831543 0.000000
v 935.649597 6284.799805 0.000000
v 935.649597 6284.799805 820.000000
v 235.679993 5007.217773 0.000000
v 235.679993 5607.220215 1170.000000
v 235.679993 5607.220215 0.000000
v 235.679993 5007.217773 1170.000000
v 735.714417 5607.220215 1170.000000
v 735.714417 5007.217773 0.000000
v 735.714417 5607.220215 0.000000
v 735.714417 5007.217773 1170.000000
v 235.679993 5007.217773 1000.000000
v 235.679993 5007.217773 2000.000000
v 235.679993 5607.220215 1000.000000
v 235.679993 5607.220215 2000.000000
v 385.631409 5007.217773 2000.000000
v 385.631409 5007.217773 1000.000000
v 385.631409 5607.220215 1000.000000
v 385.631409 5607.220215 2000.000000
v 2238.959961 5990.200195 0.000000
v 2238.959961 5990.200195 2300.000000
v 2238.959961 6579.399902 0.000000
v 2238.959961 6579.399902 2300.000000
v 4438.640137 5990.200195 2300.000000
v 4438.640137 5990.200195 0.000000
v 4438.640137 6579.399902 0.000000
v 4438.640137 6579.399902 2300.000000
v 2238.959961 4566.299805 0.000000
v 2238.959961 5990.200195 2300.000000
v 2238.959961 5990.200195 0.000000
v 2238.959961 4566.299805 2300.000000
v 2828.159912 5990.200195 2300.000000
v 2828.159912 4566.299805 0.000000
v 2828.159912 5990.200195 0.000000
v 2828.159912 4566.299805 2300.000000
v 5882.180176 7836.359863 0.000000
v 5882.180176 7836.359863 2300.000000
v 5882.180176 9849.459961 0.000000
v 5882.180176 9849.459961 2300.000000
v 6392.819824 7836.359863 2300.000000
v 6392.819824 7836.359863 0.000000
v 6392.819824 9849.459961 0.000000
v 6392.819824 9849.459961 2300.000000
v 10360.099609 4801.979980 0.000000
v 10360.099609 5420.640137 2300.000000
v 10360.099609 5420.640137 0.000000
v 10360.099609 4801.979980 2300.000000
v 12353.559570 5420.640137 2300.000000
v 12353.559570 4801.979980 0.000000
v 12353.559570 5420.640137 0.000000
v 12353.559570 4801.979980 2300.000000
v 2238.959961 225.860001 0.000000
v 2238.959961 225.860001 2300.000000
v 2238.959961 1826.520020 0.000000
v 2238.959961 1826.520020 2300.000000
v 2837.979980 225.860001 2300.000000
v 2837.979980 225.860001 0.000000
v 2837.979980 1826.520020 0.000000
v 2837.979980 1826.520020 2300.000000
v 4978.740234 225.860001 0.000000
v 4978.740234 225.860001 2300.000000
v 4978.740234 1826.520020 0.000000
v 4978.740234 1826.520020 2300.000000
v 5548.299805 225.860001 2300.000000
v 5548.299805 225.860001 0.000000
v 5548.299805 1826.520020 0.000000
v 5548.299805 1826.520020 2300.000000
v 12049.139648 1826.520020 0.000000
v 12049.139648 225.860001 0.000000
v 12049.139648 1826.520020 1100.000000
v 12049.139648 225.860001 1100.000000
v 12353.559570 225.860001 0.000000
v 12353.559570 1826.520020 0.000000
v 12353.559570 1826.520020 1100.000000
v 12353.559570 225.860001 1100.000000
v 2837.979980 225.860001 0.000000
v 2837.979980 677.580017 750.000000
v 2837.979980 677.580017 0.000000
v 2837.979980 225.860001 750.000000
v 4036.020020 677.580017 750.000000
v 4036.020020 225.860001 0.000000
v 4036.020020 677.580017 0.000000
v 4036.020020 225.860001 750.000000
v 3240.600098 785.599976 0.000000
v 3240.600098 785.599976 800.000000
v 3240.600098 1266.780029 0.000000
v 3240.600098 1266.780029 800.000000
v 3692.320068 785.599976 800.000000
v 3692.320068 785.599976 0.000000
v 3692.320068 1266.780029 0.000000
v 3692.320068 1266.780029 800.000000
v 9820.000000 235.679993 0.000000
v 9820.000000 834.700012 750.000000
v 9820.000000 834.700012 0.000000
v 9820.000000 235.679993 750.000000
v 11617.059570 834.700012 750.000000
v 11617.059570 235.679993 0.000000
v 11617.059570 834.700012 0.000000
v 11617.059570 235.679993 750.000000
v 10360.099609 864.159973 0.000000
v 10360.099609 864.159973 800.000000
v 10360.099609 1345.339966 0.000000
v 10360.099609 1345.339966 800.000000
v 10802.000000 864.159973 800.000000
v 10802.000000 864.159973 0.000000
v 10802.000000 1345.339966 0.000000
v 10802.000000 1345.339966 800.000000
v 235.679993 6952.560059 0.000000
v 235.679993 6952.560059 600.000000
v 235.679993 7649.779785 0.000000
v 235.679993 7649.779785 600.000000
v 1738.140015 6952.560059 600.000000
v 1738.140015 6952.560059 0.000000
v 1738.140015 7649.779785 0.000000
v 1738.140015 7649.779785 600.000000
vn 0.000000 1.000000 0.000000
vn 0.000000 1.000000 -0.000000
vn 1.000000 0.000000 -0.000000
vn 1.000000 0.000000 0.000000
vn 0.000000 -1.000000 0.000000
vn 0.000000 -1.000000 0.000000
vn 1.000000 0.000000 -0.000000
vn 1.000000 0.000000 0.000000
vn 0.000000 -1.000000 0.000000
vn 0.000000 -1.000000 0.000000
vn -1.000000 0.000000 0.000000
vn -1.000000 0.000000 0.000000
vn 0.000000 0.000000 -1.000000
vn 0.000000 -0.000000 -1.000000
vn 0.000000 0.000000 -1.000000
vn 0.000000 0.000000 -1.000000
vn 0.000000 0.000000 1.000000
vn 0.000000 -0.000000 1.000000
vn 0.000000 0.000000 1.000000
vn 0.000000 0.000000 1.000000
vn 0.000000 1.000000 0.000000
vn 0.000000 1.000000 -0.000000
vn 1.000000 0.000000 0.000000
vn 1.000000 0.000000 0.000000
vn 0.000000 -1.000000 0.000000
vn 0.000000 -1.000000 0.000000
vn 1.000000 0.000000 -0.000000
vn 1.000000 0.000000 0.000000
vn 0.000000 -1.000000 0.000000
vn 0.000000 -1.000000 0.000000
vn -1.000000 0.000000 0.000000
vn -1.000000 0.000000 0.000000
vn 0.000000 0.000000 -1.000000
vn 0.000000 0.000000 -1.000000
vn 0.000000 0.000000 -1.000000
vn 0.000000 0.000000 -1.000000
vn 0.000000 0.000000 1.000000
vn 0.000000 0.000000 1.000000
vn 0.000000 0.000000 1.000000
vn 0.000000 0.000000 1.000000
vn 0.000000 1.000000 0.000000
vn 0.000000 1.000000 -0.000000
vn 1.000000 0.000000 0.000000
vn 1.000000 0.000000 0.000000
vn 0.000000 -1.000000 0.000000
vn 0.000000 -1.000000 0.000000
vn 1.000000 0.000000 0.000000
vn 1.000000 0.000000 0.000000
vn 0.000000 -1.000000 0.000000
vn 0.000000 -1.000000 0.000000
vn -1.000000 0.000000 0.000000
vn -1.000000 0.000000 0.000000
vn 0.000000 0.000000 -1.000000
vn 0.000000 -0.000000 -1.000000
vn 0.000000 0.000000 -1.000000
vn 0.000000 0.000000 -1.000000
vn 0.000000 0.000000 1.000000
vn 0.000000 -0.000000 1.000000
vn 0.000000 0.000000 1.000000
vn 0.000000 0.000000 1.000000
vn 0.000000 1.000000 0.000000
vn 0.000000 1.000000 -0.000000
vn 1.000000 0.000000 0.000000
vn 1.000000 0.000000 0.000000
vn 0.000000 -1.000000 0.000000
vn 0.000000 -1.000000 0.000000
vn -1.000000 -0.000000 0.000000
vn -1.000000 0.000000 0.000000
vn 0.000000 -1.000000 0.000000
vn 0.000000 -1.000000 0.000000
vn -1.000000 0.000000 0.000000
vn -1.000000 0.000000 0.000000
vn 0.000000 0.000000 -1.000000
vn 0.000000 0.000000 -1.000000
vn 0.000000 0.000000 -1.000000
vn 0.000000 0.000000 -1.000000
vn 0.000000 0.000000 1.000000
vn 0.000000 0.000000 1.000000
vn 0.000000 0.000000 1.000000
vn 0.000000 0.000000 1.000000
vn 0.000000 1.000000 0.000000
vn 0.000000 1.000000 -0.000000
vn 1.000000 0.000000 -0.000000
vn 1.000000 0.000000 0.000000
vn 0.000000 -1.000000 0.000000
vn 0.000000 -1.000000 0.000000
vn -1.000000 0.000000 0.000000
vn -1.000000 0.000000 0.000000
vn 0.000000 0.000000 -1.000000
vn 0.000000 0.000000 -1.000000
vn 0.000000 0.000000 1.000000
vn 0.000000 0.000000 1.000000
vn 0.000000 1.000000 0.000000
vn 0.000000 1.000000 -0.000000
vn 1.000000 0.000000 0.000000
vn 1.000000 0.000000 0.000000
vn 0.000000 -1.000000 0.000000
vn 0.000000 -1.000000 0.000000
vn -1.000000 0.000000 0.000000
vn -1.000000 0.000000 0.000000
vn 0.000000 0.000000 -1.000000
vn 0.000000 0.000000 -1.000000
vn 0.000000 0.000000 1.000000
vn 0.000000 0.000000 1.000000
vn 0.000000 1.000000 0.000000
vn 0.000000 1.000000 -0.000000
vn 1.000000 0.000000 0.000000
vn 1.000000 0.000000 0.000000
vn 0.000000 -1.000000 0.000000
vn 0.000000 -1.000000 0.000000
vn -1.000000 0.000000 0.000000
vn -1.000000 0.000000 0.000000
vn 0.000000 -1.000000 0.000000
vn 0.000000 -1.000000 0.000000
vn -1.000000 0.000000 0.000000
vn -1.000000 0.000000 0.000000
vn 0.000000 1.000000 0.000000
vn 0.000000 1.000000 -0.000000
vn -1.000000 0.000000 0.000000
vn -1.000000 0.000000 0.000000
vn 0.000000 0.000000 -1.000000
vn 0.000000 0.000000 -1.000000
vn 0.000000 0.000000 -1.000000
vn 0.000000 0.000000 -1.000000
vn 0.000000 -0.000000 -1.000000
vn 0.000000 0.000000 -1.000000
vn 0.000000 0.000000 1.000000
vn 0.000000 0.000000 1.000000
vn 0.000000 0.000000 1.000000
vn 0.000000 0.000000 1.000000
vn 0.000000 -0.000000 1.000000
vn 0.000000 0.000000 1.000000
vn 0.000000 1.000000 0.000000
vn 0.000000 1.000000 -0.000000
vn 1.000000 0.000000 -0.000000
vn 1.000000 0.000000 0.000000
vn 0.000000 -1.000000 0.000000
vn 0.000000 -1.000000 0.000000
vn 1.000000 -0.000000 0.000000
vn 1.000000 0.000000 0.000000
vn 0.000000 1.000000 0.000000
vn 0.000000 1.000000 -0.000000
vn 1.000000 0.000000 0.000000
vn 1.000000 0.000000 0.000000
vn 0.000000 -1.000000 0.000000
vn 0.000000 -1.000000 0.000000
vn -1.000000 -0.000000 0.000000
vn -1.000000 0.000000 0.000000
vn 0.000000 0.000000 -1.000000
vn 0.000000 -0.000000 -1.000000
vn 0.000000 0.000000 -1.000000
vn 0.000000 0.000000 -1.000000
vn 0.000000 0.000000 -1.000000
vn 0.000000 0.000000 -1.000000
vn 0.000000 0.000000 1.000000
vn 0.000000 0.000000 1.000000
vn 0.000000 0.000000 1.000000
vn 0.000000 0.000000 1.000000
vn 0.000000 0.000000 1.000000
vn 0.000000 0.000000 1.000000
vn 0.000000 1.000000 0.000000
vn 0.000000 1.000000 -0.000000
vn 1.000000 0.000000 -0.000000
vn 1.000000 0.000000 0.000000
vn 0.000000 -1.000000 0.000000
vn 0.000000 -1.000000 0.000000
vn -1.000000 0.000000 0.000000
vn -1.000000 0.000000 0.000000
vn 0.000000 0.000000 -1.000000
vn 0.000000 0.000000 -1.000000
vn 0.000000 0.000000 1.000000
vn 0.000000 0.000000 1.000000
vn 0.000000 1.000000 0.000000
vn 0.000000 1.000000 -0.000000
vn 1.000000 0.000000 0.000000
vn 1.000000 0.000000 0.000000
vn 0.000000 -1.000000 0.000000
vn 0.000000 -1.000000 0.000000
vn -1.000000 0.000000 0.000000
vn -1.000000 0.000000 0.000000
vn 0.000000 0.000000 -1.000000
vn 0.000000 0.000000 -1.000000
vn 0.000000 0.000000 1.000000
vn 0.000000 0.000000 1.000000
vn 0.000000 1.000000 0.000000
vn 0.000000 1.000000 -0.000000
vn 1.000000 0.000000 0.000000
vn 1.000000 0.000000 0.000000
vn 0.000000 1.000000 0.000000
vn 0.000000 1.000000 -0.000000
vn 1.000000 0.000000 -0.000000
vn 1.000000 0.000000 0.000000
vn 0.000000 -1.000000 0.000000
vn 0.000000 -1.000000 0.000000
vn -1.000000 0.000000 0.000000
vn -1.000000 0.000000 0.000000
vn 0.000000 0.000000 -1.000000
vn 0.000000 -0.000000 -1.000000
vn 0.000000 0.000000 -1.000000
vn 0.000000 0.000000 -1.000000
vn 0.000000 0.000000 1.000000
vn 0.000000 0.000000 1.000000
vn 0.000000 0.000000 1.000000
vn 0.000000 0.000000 1.000000
vn 0.000000 1.000000 0.000000
vn 0.000000 1.000000 -0.000000
vn 1.000000 0.000000 0.000000
vn 1.000000 0.000000 0.000000
vn 0.000000 -1.000000 0.000000
vn 0.000000 -1.000000 0.000000
vn -1.000000 0.000000 0.000000
vn -1.000000 0.000000 0.000000
vn 0.000000 -1.000000 0.000000
vn 0.000000 -1.000000 0.000000
vn -1.000000 0.000000 0.000000
vn -1.000000 0.000000 0.000000
vn 0.000000 1.000000 0.000000
vn 0.000000 1.000000 -0.000000
vn -1.000000 -0.000000 0.000000
vn -1.000000 0.000000 0.000000
vn 0.000000 0.000000 -1.000000
vn 0.000000 0.000000 -1.000000
vn 0.000000 0.000000 -1.000000
vn 0.000000 0.000000 -1.000000
vn 0.000000 -0.000000 -1.000000
vn 0.000000 -0.000000 -1.000000
vn 0.000000 0.000000 1.000000
vn 0.000000 0.000000 1.000000
vn 0.000000 0.000000 1.000000
vn 0.000000 0.000000 1.000000
vn 0.000000 -0.000000 1.000000
vn 0.000000 0.000000 1.000000
vn 0.000000 1.000000 0.000000
vn 0.000000 1.000000 -0.000000
vn 1.000000 0.000000 0.000000
vn 1.000000 0.000000 0.000000
vn 0.000000 1.000000 0.000000
vn 0.000000 1.000000 -0.000000
vn 1.000000 0.000000 0.000000
vn 1.000000 0.000000 0.000000
vn 0.000000 -1.000000 0.000000
vn 0.000000 -1.000000 0.000000
vn 1.000000 0.000000 -0.000000
vn 1.000000 0.000000 0.000000
vn 0.000000 -1.000000 0.000000
vn 0.000000 -1.000000 0.000000
vn -1.000000 0.000000 0.000000
vn -1.000000 0.000000 0.000000
vn 0.000000 -0.000000 -1.000000
vn 0.000000 0.000000 -1.000000
vn 0.000000 0.000000 -1.000000
vn 0.000000 0.000000 -1.000000
vn 0.000000 0.000000 -1.000000
vn 0.000000 0.000000 -1.000000
vn 0.000000 -0.000000 1.000000
vn 0.000000 0.000000 1.000000
vn 0.000000 0.000000 1.000000
vn 0.000000 0.000000 1.000000
vn 0.000000 0.000000 1.000000
vn 0.000000 0.000000 1.000000
vn 0.000000 1.000000 0.000000
vn 0.000000 1.000000 -0.000000
vn 1.000000 0.000000 0.000000
vn 1.000000 0.000000 0.000000
vn 0.000000 -1.000000 0.000000
vn 0.000000 -1.000000 0.000000
vn -1.000000 0.000000 0.000000
vn -1.000000 0.000000 0.000000
vn 0.000000 0.000000 -1.000000
vn 0.000000 0.000000 -1.000000
vn 0.000000 0.000000 1.000000
vn 0.000000 0.000000 1.000000
vn 0.000000 1.000000 0.000000
vn 0.000000 1.000000 -0.000000
vn 1.000000 0.000000 0.000000
vn 1.000000 0.000000 0.000000
vn 0.000000 -1.000000 0.000000
vn 0.000000 -1.000000 0.000000
vn -1.000000 0.000000 0.000000
vn -1.000000 0.000000 0.000000
vn 0.000000 0.000000 -1.000000
vn 0.000000 0.000000 -1.000000
vn 0.000000 0.000000 1.000000
vn 0.000000 0.000000 1.000000
vn 0.000000 1.000000 0.000000
vn 0.000000 1.000000 -0.000000
vn 1.000000 0.000000 0.000000
vn 1.000000 0.000000 0.000000
vn 0.000000 -1.000000 0.000000
vn 0.000000 -1.000000 0.000000
vn -1.000000 0.000000 0.000000
vn -1.000000 0.000000 0.000000
vn 0.000000 0.000000 -1.000000
vn 0.000000 0.000000 -1.000000
vn 0.000000 0.000000 1.000000
vn 0.000000 0.000000 1.000000
vn 0.000000 1.000000 0.000000
vn 0.000000 1.000000 -0.000000
vn 1.000000 0.000000 0.000000
vn 1.000000 0.000000 0.000000
vn 0.000000 -1.000000 0.000000
vn 0.000000 -1.000000 0.000000
vn -1.000000 -0.000000 0.000000
vn -1.000000 0.000000 0.000000
vn 0.000000 -1.000000 0.000000
vn 0.000000 -1.000000 0.000000
vn 1.000000 0.000000 -0.000000
vn 1.000000 0.000000 0.000000
vn 0.000000 -1.000000 0.000000
vn 0.000000 -1.000000 0.000000
vn -1.000000 0.000000 0.000000
vn -1.000000 0.000000 0.000000
vn 0.000000 0.000000 -1.000000
vn 0.000000 0.000000 -1.000000
vn 0.000000 0.000000 -1.000000
vn 0.000000 0.000000 -1.000000
vn 0.000000 0.000000 -1.000000
vn 0.000000 0.000000 -1.000000
vn 0.000000 0.000000 1.000000
vn 0.000000 0.000000 1.000000
vn 0.000000 0.000000 1.000000
vn 0.000000 0.000000 1.000000
vn 0.000000 0.000000 1.000000
vn 0.000000 0.000000 1.000000
vn 0.000000 1.000000 0.000000
vn 0.000000 1.000000 -0.000000
vn 1.000000 0.000000 -0.000000
vn 1.000000 0.000000 0.000000
vn 0.000000 1.000000 0.000000
vn 0.000000 1.000000 -0.000000
vn 1.000000 0.000000 0.000000
vn 1.000000 0.000000 0.000000
vn 0.000000 -1.000000 0.000000
vn 0.000000 -1.000000 0.000000
vn -1.000000 0.000000 0.000000
vn -1.000000 0.000000 0.000000
vn 0.000000 -1.000000 0.000000
vn 0.000000 -1.000000 0.000000
vn -1.000000 0.000000 0.000000
vn -1.000000 0.000000 0.000000
vn 0.000000 1.000000 0.000000
vn 0.000000 1.000000 -0.000000
vn -1.000000 0.000000 0.000000
vn -1.000000 0.000000 0.000000
vn 0.000000 0.000000 -1.000000
vn 0.000000 0.000000 -1.000000
vn 0.000000 0.000000 -1.000000
vn 0.000000 0.000000 -1.000000
vn 0.000000 0.000000 -1.000000
vn 0.000000 0.000000 -1.000000
vn 0.000000 0.000000 -1.000000
vn 0.000000 -0.000000 -1.000000
vn 0.000000 0.000000 1.000000
vn 0.000000 0.000000 1.000000
vn 0.000000 0.000000 1.000000
vn 0.000000 0.000000 1.000000
vn 0.000000 0.000000 1.000000
vn 0.000000 0.000000 1.000000
vn 0.000000 0.000000 1.000000
vn 0.000000 -0.000000 1.000000
vn 0.000000 1.000000 0.000000
vn 0.000000 1.000000 -0.000000
vn 1.000000 0.000000 0.000000
vn 1.000000 0.000000 0.000000
vn 0.000000 -1.000000 0.000000
vn 0.000000 -1.000000 0.000000
vn -1.000000 0.000000 0.000000
vn -1.000000 0.000000 0.000000
vn 0.000000 0.000000 -1.000000
vn 0.000000 0.000000 -1.000000
vn 0.000000 0.000000 1.000000
vn 0.000000 0.000000 1.000000
vn 0.000000 1.000000 0.000000
vn 0.000000 1.000000 -0.000000
vn 1.000000 0.000000 -0.000000
vn 1.000000 0.000000 0.000000
vn 0.000000 -1.000000 0.000000
vn 0.000000 -1.000000 0.000000
vn -1.000000 0.000000 0.000000
vn -1.000000 0.000000 0.000000
vn 0.000000 0.000000 -1.000000
vn 0.000000 0.000000 -1.000000
vn 0.000000 0.000000 1.000000
vn 0.000000 0.000000 1.000000
vn 0.000000 1.000000 0.000000
vn 0.000000 1.000000 -0.000000
vn 1.000000 0.000000 -0.000000
vn 1.000000 0.000000 0.000000
vn 0.000000 -1.000000 0.000000
vn 0.000000 -1.000000 0.000000
vn -1.000000 0.000000 0.000000
vn -1.000000 0.000000 0.000000
vn 0.000000 0.000000 -1.000000
vn 0.000000 0.000000 -1.000000
vn 0.000000 0.000000 1.000000
vn 0.000000 0.000000 1.000000
vn 0.000000 1.000000 0.000000
vn 0.000000 1.000000 -0.000000
vn 1.000000 0.000000 0.000000
vn 1.000000 0.000000 0.000000
vn 0.000000 -1.000000 0.000000
vn 0.000000 -1.000000 0.000000
vn -1.000000 0.000000 0.000000
vn -1.000000 0.000000 0.000000
vn 0.000000 0.000000 -1.000000
vn 0.000000 0.000000 -1.000000
vn 0.000000 0.000000 1.000000
vn 0.000000 0.000000 1.000000
vn 0.000000 1.000000 0.000000
vn 0.000000 1.000000 -0.000000
vn -1.000000 0.000000 0.000000
vn -1.000000 0.000000 0.000000
vn 0.000000 1.000000 0.000000
vn 0.000000 1.000000 -0.000000
vn 1.000000 0.000000 0.000000
vn 1.000000 0.000000 0.000000
vn 0.000000 -1.000000 0.000000
vn 0.000000 -1.000000 0.000000
vn -1.000000 0.000000 0.000000
vn -1.000000 0.000000 0.000000
vn 0.000000 0.000000 -1.000000
vn 0.000000 -0.000000 -1.000000
vn 0.000000 0.000000 -1.000000
vn 0.000000 0.000000 -1.000000
vn 0.000000 0.000000 1.000000
vn 0.000000 0.000000 1.000000
vn 0.000000 0.000000 1.000000
vn 0.000000 0.000000 1.000000
vn 0.000000 1.000000 0.000000
vn 0.000000 1.000000 -0.000000
vn 1.000000 -0.000000 0.000000
vn 1.000000 0.000000 0.000000
vn 0.000000 1.000000 0.000000
vn 0.000000 1.000000 -0.000000
vn 1.000000 0.000000 0.000000
vn 1.000000 0.000000 0.000000
vn 0.000000 -1.000000 0.000000
vn 0.000000 -1.000000 0.000000
vn 1.000000 0.000000 0.000000
vn 1.000000 0.000000 0.000000
vn 0.000000 1.000000 0.000000
vn 0.000000 1.000000 -0.000000
vn 1.000000 -0.000000 0.000000
vn 1.000000 0.000000 0.000000
vn 0.000000 -1.000000 0.000000
vn 0.000000 -1.000000 0.000000
vn -1.000000 -0.000000 0.000000
vn -1.000000 0.000000 0.000000
vn 0.000000 -1.000000 0.000000
vn 0.000000 -1.000000 0.000000
vn -1.000000 0.000000 0.000000
vn -1.000000 0.000000 0.000000
vn 0.000000 1.000000 0.000000
vn 0.000000 1.000000 -0.000000
vn -1.000000 0.000000 0.000000
vn -1.000000 0.000000 0.000000
vn 0.000000 0.000000 -1.000000
vn 0.000000 0.000000 -1.000000
vn 0.000000 0.000000 -1.000000
vn 0.000000 -0.000000 -1.000000
vn 0.000000 0.000000 -1.000000
vn 0.000000 0.000000 -1.000000
vn 0.000000 0.000000 -1.000000
vn 0.000000 0.000000 -1.000000
vn 0.000000 0.000000 -1.000000
vn 0.000000 0.000000 -1.000000
vn 0.000000 0.000000 -1.000000
vn 0.000000 0.000000 -1.000000
vn 0.000000 0.000000 1.000000
vn 0.000000 0.000000 1.000000
vn 0.000000 0.000000 1.000000
vn 0.000000 -0.000000 1.000000
vn 0.000000 0.000000 1.000000
vn 0.000000 0.000000 1.000000
vn 0.000000 0.000000 1.000000
vn 0.000000 0.000000 1.000000
vn 0.000000 0.000000 1.000000
vn 0.000000 0.000000 1.000000
vn 0.000000 0.000000 1.000000
vn 0.000000 0.000000 1.000000
vn -1.000000 0.000000 0.000000
vn -1.000000 0.000000 0.000000
vn 1.000000 0.000000 0.000000
vn 1.000000 -0.000000 0.000000
vn 0.000000 -1.000000 0.000000
vn 0.000000 -1.000000 0.000000
vn 0.000000 1.000000 0.000000
vn 0.000000 1.000000 0.000000
vn 0.000000 0.000000 -1.000000
vn 0.000000 0.000000 -1.000000
vn 0.000000 0.000000 1.000000
vn 0.000000 0.000000 1.000000
vn -1.000000 0.000000 0.000000
vn -1.000000 0.000000 0.000000
vn 1.000000 0.000000 0.000000
vn 1.000000 -0.000000 0.000000
vn 0.000000 -1.000000 0.000000
vn 0.000000 -1.000000 0.000000
vn 0.000000 1.000000 0.000000
vn 0.000000 1.000000 0.000000
vn 0.000000 0.000000 -1.000000
vn 0.000000 0.000000 -1.000000
vn 0.000000 0.000000 1.000000
vn 0.000000 0.000000 1.000000
vn -1.000000 0.000000 0.000000
vn -1.000000 0.000000 0.000000
vn 1.000000 0.000000 0.000000
vn 1.000000 -0.000000 0.000000
vn 0.000000 -1.000000 0.000000
vn 0.000000 -1.000000 0.000000
vn 0.000000 1.000000 0.000000
vn 0.000000 1.000000 0.000000
vn 0.000000 0.000000 -1.000000
vn 0.000000 0.000000 -1.000000
vn 0.000000 0.000000 1.000000
vn 0.000000 0.000000 1.000000
vn -1.000000 0.000000 0.000000
vn -1.000000 0.000000 0.000000
vn 1.000000 0.000000 0.000000
vn 1.000000 -0.000000 0.000000
vn 0.000000 -1.000000 0.000000
vn 0.000000 -1.000000 0.000000
vn 0.000000 1.000000 0.000000
vn 0.000000 1.000000 0.000000
vn 0.000000 0.000000 -1.000000
vn 0.000000 0.000000 -1.000000
vn 0.000000 0.000000 1.000000
vn 0.000000 0.000000 1.000000
vn -1.000000 0.000000 0.000000
vn -1.000000 0.000000 0.000000
vn 1.000000 0.000000 0.000000
vn 1.000000 -0.000000 0.000000
vn 0.000000 -1.000000 0.000000
vn 0.000000 -1.000000 0.000000
vn 0.000000 1.000000 0.000000
vn 0.000000 1.000000 0.000000
vn 0.000000 0.000000 -1.000000
vn 0.000000 0.000000 -1.000000
vn 0.000000 0.000000 1.000000
vn 0.000000 0.000000 1.000000
vn -1.000000 0.000000 0.000000
vn -1.000000 0.000000 0.000000
vn 1.000000 0.000000 0.000000
vn 1.000000 -0.000000 0.000000
vn 0.000000 -1.000000 0.000000
vn 0.000000 -1.000000 0.000000
vn 0.000000 1.000000 0.000000
vn 0.000000 1.000000 0.000000
vn 0.000000 0.000000 -1.000000
vn 0.000000 0.000000 -1.000000
vn 0.000000 0.000000 1.000000
vn 0.000000 0.000000 1.000000
vn -1.000000 0.000000 0.000000
vn -1.000000 0.000000 0.000000
vn 1.000000 0.000000 0.000000
vn 1.000000 -0.000000 0.000000
vn 0.000000 -1.000000 0.000000
vn 0.000000 -1.000000 0.000000
vn 0.000000 1.000000 0.000000
vn 0.000000 1.000000 0.000000
vn 0.000000 0.000000 -1.000000
vn 0.000000 0.000000 -1.000000
vn 0.000000 0.000000 1.000000
vn 0.000000 0.000000 1.000000
vn -1.000000 0.000000 0.000000
vn -1.000000 0.000000 0.000000
vn 1.000000 0.000000 0.000000
vn 1.000000 -0.000000 0.000000
vn 0.000000 -1.000000 0.000000
vn 0.000000 -1.000000 0.000000
vn 0.000000 1.000000 0.000000
vn 0.000000 1.000000 0.000000
vn 0.000000 0.000000 -1.000000
vn 0.000000 0.000000 -1.000000
vn 0.000000 0.000000 1.000000
vn 0.000000 0.000000 1.000000
vn -1.000000 0.000000 0.000000
vn -1.000000 0.000000 0.000000
vn 1.000000 0.000000 0.000000
vn 1.000000 -0.000000 0.000000
vn 0.000000 -1.000000 0.000000
vn 0.000000 -1.000000 0.000000
vn 0.000000 1.000000 0.000000
vn 0.000000 1.000000 0.000000
vn 0.000000 0.000000 -1.000000
vn 0.000000 0.000000 -1.000000
vn 0.000000 0.000000 1.000000
vn 0.000000 0.000000 1.000000
vn -1.000000 0.000000 0.000000
vn -1.000000 0.000000 0.000000
vn 1.000000 0.000000 0.000000
vn 1.000000 -0.000000 0.000000
vn 0.000000 -1.000000 0.000000
vn 0.000000 -1.000000 0.000000
vn 0.000000 1.000000 0.000000
vn 0.000000 1.000000 0.000000
vn 0.000000 0.000000 -1.000000
vn 0.000000 0.000000 -1.000000
vn 0.000000 0.000000 1.000000
vn 0.000000 0.000000 1.000000
vn -1.000000 0.000000 0.000000
vn -1.000000 0.000000 0.000000
vn 1.000000 0.000000 0.000000
vn 1.000000 -0.000000 0.000000
vn 0.000000 -1.000000 0.000000
vn 0.000000 -1.000000 0.000000
vn 0.000000 1.000000 0.000000
vn 0.000000 1.000000 0.000000
vn 0.000000 0.000000 -1.000000
vn 0.000000 0.000000 -1.000000
vn 0.000000 0.000000 1.000000
vn 0.000000 0.000000 1.000000
vn -1.000000 0.000000 0.000000
vn -1.000000 0.000000 0.000000
vn 1.000000 0.000000 0.000000
vn 1.000000 -0.000000 0.000000
vn 0.000000 -1.000000 0.000000
vn 0.000000 -1.000000 0.000000
vn 0.000000 1.000000 0.000000
vn 0.000000 1.000000 0.000000
vn 0.000000 0.000000 -1.000000
vn 0.000000 0.000000 -1.000000
vn 0.000000 0.000000 1.000000
vn 0.000000 0.000000 1.000000
vn -1.000000 0.000000 0.000000
vn -1.000000 0.000000 0.000000
vn 1.000000 0.000000 0.000000
vn 1.000000 -0.000000 0.000000
vn 0.000000 -1.000000 0.000000
vn 0.000000 -1.000000 0.000000
vn 0.000000 1.000000 0.000000
vn 0.000000 1.000000 0.000000
vn 0.000000 0.000000 -1.000000
vn 0.000000 0.000000 -1.000000
vn 0.000000 0.000000 1.000000
vn 0.000000 0.000000 1.000000
vn -1.000000 0.000000 0.000000
vn -1.000000 0.000000 0.000000
vn 1.000000 0.000000 0.000000
vn 1.000000 -0.000000 0.000000
vn 0.000000 -1.000000 0.000000
vn 0.000000 -1.000000 0.000000
vn 0.000000 1.000000 0.000000
vn 0.000000 1.000000 0.000000
vn 0.000000 0.000000 -1.000000
vn 0.000000 0.000000 -1.000000
vn 0.000000 0.000000 1.000000
vn 0.000000 0.000000 1.000000
vn -1.000000 0.000000 0.000000
vn -1.000000 0.000000 0.000000
vn 1.000000 0.000000 0.000000
vn 1.000000 -0.000000 0.000000
vn 0.000000 -1.000000 0.000000
vn 0.000000 -1.000000 0.000000
vn 0.000000 1.000000 0.000000
vn 0.000000 1.000000 0.000000
vn 0.000000 0.000000 -1.000000
vn 0.000000 0.000000 -1.000000
vn 0.000000 0.000000 1.000000
vn 0.000000 0.000000 1.000000
vn -1.000000 0.000000 0.000000
vn -1.000000 0.000000 0.000000
vn 1.000000 0.000000 0.000000
vn 1.000000 -0.000000 0.000000
vn 0.000000 -1.000000 0.000000
vn 0.000000 -1.000000 0.000000
vn 0.000000 1.000000 0.000000
vn 0.000000 1.000000 0.000000
vn 0.000000 0.000000 -1.000000
vn 0.000000 0.000000 -1.000000
vn 0.000000 0.000000 1.000000
vn 0.000000 0.000000 1.000000
vn -1.000000 0.000000 0.000000
vn -1.000000 0.000000 0.000000
vn 1.000000 0.000000 0.000000
vn 1.000000 -0.000000 0.000000
vn 0.000000 -1.000000 0.000000
vn 0.000000 -1.000000 0.000000
vn 0.000000 1.000000 0.000000
vn 0.000000 1.000000 0.000000
vn 0.000000 0.000000 -1.000000
vn 0.000000 0.000000 -1.000000
vn 0.000000 0.000000 1.000000
vn 0.000000 0.000000 1.000000
vn -1.000000 0.000000 0.000000
vn -1.000000 0.000000 0.000000
vn 1.000000 0.000000 0.000000
vn 1.000000 -0.000000 0.000000
vn 0.000000 -1.000000 0.000000
vn 0.000000 -1.000000 0.000000
vn 0.000000 1.000000 0.000000
vn 0.000000 1.000000 0.000000
vn 0.000000 0.000000 -1.000000
vn 0.000000 0.000000 -1.000000
vn 0.000000 0.000000 1.000000
vn 0.000000 0.000000 1.000000
vn -1.000000 0.000000 0.000000
vn -1.000000 0.000000 0.000000
vn 1.000000 0.000000 0.000000
vn 1.000000 -0.000000 0.000000
vn 0.000000 -1.000000 0.000000
vn 0.000000 -1.000000 0.000000
vn 0.000000 1.000000 0.000000
vn 0.000000 1.000000 0.000000
vn 0.000000 0.000000 -1.000000
vn 0.000000 0.000000 -1.000000
vn 0.000000 0.000000 1.000000
vn 0.000000 0.000000 1.000000
vn -1.000000 0.000000 0.000000
vn -1.000000 0.000000 0.000000
vn 1.000000 0.000000 0.000000
vn 1.000000 -0.000000 0.000000
vn 0.000000 -1.000000 0.000000
vn 0.000000 -1.000000 0.000000
vn 0.000000 1.000000 0.000000
vn 0.000000 1.000000 0.000000
vn 0.000000 0.000000 -1.000000
vn 0.000000 0.000000 -1.000000
vn 0.000000 0.000000 1.000000
vn 0.000000 0.000000 1.000000
vn -1.000000 0.000000 0.000000
vn -1.000000 0.000000 0.000000
vn 1.000000 0.000000 0.000000
vn 1.000000 -0.000000 0.000000
vn 0.000000 -1.000000 0.000000
vn 0.000000 -1.000000 0.000000
vn 0.000000 1.000000 0.000000
vn 0.000000 1.000000 0.000000
vn 0.000000 0.000000 -1.000000
vn 0.000000 0.000000 -1.000000
vn 0.000000 0.000000 1.000000
vn 0.000000 0.000000 1.000000
vn -1.000000 0.000000 0.000000
vn -1.000000 0.000000 0.000000
vn 1.000000 0.000000 0.000000
vn 1.000000 -0.000000 0.000000
vn 0.000000 -1.000000 0.000000
vn 0.000000 -1.000000 0.000000
vn 0.000000 1.000000 0.000000
vn 0.000000 1.000000 0.000000
vn 0.000000 0.000000 -1.000000
vn 0.000000 0.000000 -1.000000
vn 0.000000 0.000000 1.000000
vn 0.000000 0.000000 1.000000
vn -1.000000 0.000000 0.000000
vn -1.000000 0.000000 0.000000
vn 1.000000 0.000000 0.000000
vn 1.000000 -0.000000 0.000000
vn 0.000000 -1.000000 0.000000
vn 0.000000 -1.000000 0.000000
vn 0.000000 1.000000 0.000000
vn 0.000000 1.000000 0.000000
vn 0.000000 0.000000 -1.000000
vn 0.000000 0.000000 -1.000000
vn 0.000000 0.000000 1.000000
vn 0.000000 0.000000 1.000000
vn -1.000000 0.000000 0.000000
vn -1.000000 0.000000 0.000000
vn 1.000000 0.000000 0.000000
vn 1.000000 -0.000000 0.000000
vn 0.000000 -1.000000 0.000000
vn 0.000000 -1.000000 0.000000
vn 0.000000 1.000000 0.000000
vn 0.000000 1.000000 0.000000
vn 0.000000 0.000000 -1.000000
vn 0.000000 0.000000 -1.000000
vn 0.000000 0.000000 1.000000
vn 0.000000 0.000000 1.000000
vn -1.000000 0.000000 0.000000
vn -1.000000 0.000000 0.000000
vn 1.000000 0.000000 0.000000
vn 1.000000 -0.000000 0.000000
vn 0.000000 -1.000000 0.000000
vn 0.000000 -1.000000 0.000000
vn 0.000000 1.000000 0.000000
vn 0.000000 1.000000 0.000000
vn 0.000000 0.000000 -1.000000
vn 0.000000 0.000000 -1.000000
vn 0.000000 0.000000 1.000000
vn 0.000000 0.000000 1.000000
vn -1.000000 0.000000 0.000000
vn -1.000000 0.000000 0.000000
vn 1.000000 0.000000 0.000000
vn 1.000000 -0.000000 0.000000
vn 0.000000 -1.000000 0.000000
vn 0.000000 -1.000000 0.000000
vn 0.000000 1.000000 0.000000
vn 0.000000 1.000000 0.000000
vn 0.000000 0.000000 -1.000000
vn 0.000000 0.000000 -1.000000
vn 0.000000 0.000000 1.000000
vn 0.000000 0.000000 1.000000
vn -1.000000 0.000000 0.000000
vn -1.000000 0.000000 0.000000
vn 1.000000 0.000000 0.000000
vn 1.000000 -0.000000 0.000000
vn 0.000000 -1.000000 0.000000
vn 0.000000 -1.000000 0.000000
vn 0.000000 1.000000 0.000000
vn 0.000000 1.000000 0.000000
vn 0.000000 0.000000 -1.000000
vn 0.000000 0.000000 -1.000000
vn 0.000000 0.000000 1.000000
vn 0.000000 0.000000 1.000000
vn -1.000000 0.000000 0.000000
vn -1.000000 0.000000 0.000000
vn 1.000000 0.000000 0.000000
vn 1.000000 -0.000000 0.000000
vn 0.000000 -1.000000 0.000000
vn 0.000000 -1.000000 0.000000
vn 0.000000 1.000000 0.000000
vn 0.000000 1.000000 0.000000
vn 0.000000 0.000000 -1.000000
vn 0.000000 0.000000 -1.000000
vn 0.000000 0.000000 1.000000
vn 0.000000 0.000000 1.000000
vn -1.000000 0.000000 0.000000
vn -1.000000 0.000000 0.000000
vn 1.000000 0.000000 0.000000
vn 1.000000 -0.000000 0.000000
vn 0.000000 -1.000000 0.000000
vn 0.000000 -1.000000 0.000000
vn 0.000000 1.000000 0.000000
vn 0.000000 1.000000 0.000000
vn 0.000000 0.000000 -1.000000
vn 0.000000 0.000000 -1.000000
vn 0.000000 0.000000 1.000000
vn 0.000000 0.000000 1.000000
vn -1.000000 0.000000 0.000000
vn -1.000000 0.000000 0.000000
vn 1.000000 0.000000 0.000000
vn 1.000000 -0.000000 0.000000
vn 0.000000 -1.000000 0.000000
vn 0.000000 -1.000000 0.000000
vn 0.000000 1.000000 0.000000
vn 0.000000 1.000000 0.000000
vn 0.000000 0.000000 -1.000000
vn 0.000000 0.000000 -1.000000
vn 0.000000 0.000000 1.000000
vn 0.000000 0.000000 1.000000
vn -1.000000 0.000000 0.000000
vn -1.000000 0.000000 0.000000
vn 1.000000 0.000000 0.000000
vn 1.000000 -0.000000 0.000000
vn 0.000000 -1.000000 0.000000
vn 0.000000 -1.000000 0.000000
vn 0.000000 1.000000 0.000000
vn 0.000000 1.000000 0.000000
vn 0.000000 0.000000 -1.000000
vn 0.000000 0.000000 -1.000000
vn 0.000000 0.000000 1.000000
vn 0.000000 0.000000 1.000000
vn -1.000000 0.000000 0.000000
vn -1.000000 0.000000 0.000000
vn 1.000000 0.000000 0.000000
vn 1.000000 -0.000000 0.000000
vn 0.000000 -1.000000 0.000000
vn 0.000000 -1.000000 0.000000
vn 0.000000 1.000000 0.000000
vn 0.000000 1.000000 0.000000
vn 0.000000 0.000000 -1.000000
vn 0.000000 0.000000 -1.000000
vn 0.000000 0.000000 1.000000
vn 0.000000 0.000000 1.000000
vn -1.000000 0.000000 0.000000
vn -1.000000 0.000000 0.000000
vn 1.000000 0.000000 0.000000
vn 1.000000 -0.000000 0.000000
vn 0.000000 -1.000000 0.000000
vn 0.000000 -1.000000 0.000000
vn 0.000000 1.000000 0.000000
vn 0.000000 1.000000 0.000000
vn 0.000000 0.000000 -1.000000
vn 0.000000 0.000000 -1.000000
vn 0.000000 0.000000 1.000000
vn 0.000000 0.000000 1.000000
vn -1.000000 0.000000 0.000000
vn -1.000000 0.000000 0.000000
vn 1.000000 0.000000 0.000000
vn 1.000000 -0.000000 0.000000
vn 0.000000 -1.000000 0.000000
vn 0.000000 -1.000000 0.000000
vn 0.000000 1.000000 0.000000
vn 0.000000 1.000000 0.000000
vn 0.000000 0.000000 -1.000000
vn 0.000000 0.000000 -1.000000
vn 0.000000 0.000000 1.000000
vn 0.000000 0.000000 1.000000
vn -1.000000 0.000000 0.000000
vn -1.000000 0.000000 0.000000
vn 1.000000 0.000000 0.000000
vn 1.000000 -0.000000 0.000000
vn 0.000000 -1.000000 0.000000
vn 0.000000 -1.000000 0.000000
vn 0.000000 1.000000 0.000000
vn 0.000000 1.000000 0.000000
vn 0.000000 0.000000 -1.000000
vn 0.000000 0.000000 -1.000000
vn 0.000000 0.000000 1.000000
vn 0.000000 0.000000 1.000000
vn -1.000000 0.000000 0.000000
vn -1.000000 0.000000 0.000000
vn 1.000000 0.000000 0.000000
vn 1.000000 -0.000000 0.000000
vn 0.000000 -1.000000 0.000000
vn 0.000000 -1.000000 0.000000
vn 0.000000 1.000000 0.000000
vn 0.000000 1.000000 0.000000
vn 0.000000 0.000000 -1.000000
vn 0.000000 0.000000 -1.000000
vn 0.000000 0.000000 1.000000
vn 0.000000 0.000000 1.000000
vn -1.000000 0.000000 0.000000
vn -1.000000 0.000000 0.000000
vn 1.000000 0.000000 0.000000
vn 1.000000 -0.000000 0.000000
vn 0.000000 -1.000000 0.000000
vn 0.000000 -1.000000 0.000000
vn 0.000000 1.000000 0.000000
vn 0.000000 1.000000 0.000000
vn 0.000000 0.000000 -1.000000
vn 0.000000 0.000000 -1.000000
vn 0.000000 0.000000 1.000000
vn 0.000000 0.000000 1.000000
vn -1.000000 0.000000 0.000000
vn -1.000000 0.000000 0.000000
vn 1.000000 0.000000 0.000000
vn 1.000000 -0.000000 0.000000
vn 0.000000 -1.000000 0.000000
vn 0.000000 -1.000000 0.000000
vn 0.000000 1.000000 0.000000
vn 0.000000 1.000000 0.000000
vn 0.000000 0.000000 -1.000000
vn 0.000000 0.000000 -1.000000
vn 0.000000 0.000000 1.000000
vn 0.000000 0.000000 1.000000
vn -1.000000 0.000000 0.000000
vn -1.000000 0.000000 0.000000
vn 1.000000 0.000000 0.000000
vn 1.000000 -0.000000 0.000000
vn 0.000000 -1.000000 0.000000
vn 0.000000 -1.000000 0.000000
vn 0.000000 1.000000 0.000000
vn 0.000000 1.000000 0.000000
vn 0.000000 0.000000 -1.000000
vn 0.000000 0.000000 -1.000000
vn 0.000000 0.000000 1.000000
vn 0.000000 0.000000 1.000000
vn -1.000000 0.000000 0.000000
vn -1.000000 0.000000 0.000000
vn 1.000000 0.000000 0.000000
vn 1.000000 -0.000000 0.000000
vn 0.000000 -1.000000 0.000000
vn 0.000000 -1.000000 0.000000
vn 0.000000 1.000000 0.000000
vn 0.000000 1.000000 0.000000
vn 0.000000 0.000000 -1.000000
vn 0.000000 0.000000 -1.000000
vn 0.000000 0.000000 1.000000
vn 0.000000 0.000000 1.000000
vn -1.000000 0.000000 0.000000
vn -1.000000 0.000000 0.000000
vn 1.000000 0.000000 0.000000
vn 1.000000 -0.000000 0.000000
vn 0.000000 -1.000000 0.000000
vn 0.000000 -1.000000 0.000000
vn 0.000000 1.000000 0.000000
vn 0.000000 1.000000 0.000000
vn 0.000000 0.000000 -1.000000
vn 0.000000 0.000000 -1.000000
vn 0.000000 0.000000 1.000000
vn 0.000000 0.000000 1.000000
vn -1.000000 0.000000 0.000000
vn -1.000000 0.000000 0.000000
vn 1.000000 0.000000 0.000000
vn 1.000000 -0.000000 0.000000
vn 0.000000 -1.000000 0.000000
vn 0.000000 -1.000000 0.000000
vn 0.000000 1.000000 0.000000
vn 0.000000 1.000000 0.000000
vn 0.000000 0.000000 -1.000000
vn 0.000000 0.000000 -1.000000
vn 0.000000 0.000000 1.000000
vn 0.000000 0.000000 1.000000
vn -1.000000 0.000000 0.000000
vn -1.000000 0.000000 0.000000
vn 1.000000 0.000000 0.000000
vn 1.000000 -0.000000 0.000000
vn 0.000000 -1.000000 0.000000
vn 0.000000 -1.000000 0.000000
vn 0.000000 1.000000 0.000000
vn 0.000000 1.000000 0.000000
vn 0.000000 0.000000 -1.000000
vn 0.000000 0.000000 -1.000000
vn 0.000000 0.000000 1.000000
vn 0.000000 0.000000 1.000000
vn -1.000000 0.000000 0.000000
vn -1.000000 0.000000 0.000000
vn 1.000000 0.000000 0.000000
vn 1.000000 -0.000000 0.000000
vn 0.000000 -1.000000 0.000000
vn 0.000000 -1.000000 0.000000
vn 0.000000 1.000000 0.000000
vn 0.000000 1.000000 0.000000
vn 0.000000 0.000000 -1.000000
vn 0.000000 0.000000 -1.000000
vn 0.000000 0.000000 1.000000
vn 0.000000 0.000000 1.000000
vn -1.000000 0.000000 0.000000
vn -1.000000 0.000000 0.000000
vn 1.000000 0.000000 0.000000
vn 1.000000 -0.000000 0.000000
vn 0.000000 -1.000000 0.000000
vn 0.000000 -1.000000 0.000000
vn 0.000000 1.000000 0.000000
vn 0.000000 1.000000 0.000000
vn 0.000000 0.000000 -1.000000
vn 0.000000 0.000000 -1.000000
vn 0.000000 0.000000 1.000000
vn 0.000000 0.000000 1.000000
vn -1.000000 0.000000 0.000000
vn -1.000000 0.000000 0.000000
vn 1.000000 0.000000 0.000000
vn 1.000000 -0.000000 0.000000
vn 0.000000 -1.000000 0.000000
vn 0.000000 -1.000000 0.000000
vn 0.000000 1.000000 0.000000
vn 0.000000 1.000000 0.000000
vn 0.000000 0.000000 -1.000000
vn 0.000000 0.000000 -1.000000
vn 0.000000 0.000000 1.000000
vn 0.000000 0.000000 1.000000
vn -1.000000 0.000000 0.000000
vn -1.000000 0.000000 0.000000
vn 1.000000 0.000000 0.000000
vn 1.000000 -0.000000 0.000000
vn 0.000000 -1.000000 0.000000
vn 0.000000 -1.000000 0.000000
vn 0.000000 1.000000 0.000000
vn 0.000000 1.000000 0.000000
vn 0.000000 0.000000 -1.000000
vn 0.000000 0.000000 -1.000000
vn 0.000000 0.000000 1.000000
vn 0.000000 0.000000 1.000000
vn -1.000000 0.000000 0.000000
vn -1.000000 0.000000 0.000000
vn 1.000000 0.000000 0.000000
vn 1.000000 -0.000000 0.000000
vn 0.000000 -1.000000 0.000000
vn 0.000000 -1.000000 0.000000
vn 0.000000 1.000000 0.000000
vn 0.000000 1.000000 0.000000
vn 0.000000 0.000000 -1.000000
vn 0.000000 0.000000 -1.000000
vn 0.000000 0.000000 1.000000
vn 0.000000 0.000000 1.000000
vn -1.000000 0.000000 0.000000
vn -1.000000 0.000000 0.000000
vn 1.000000 0.000000 0.000000
vn 1.000000 -0.000000 0.000000
vn 0.000000 -1.000000 0.000000
vn 0.000000 -1.000000 0.000000
vn 0.000000 1.000000 0.000000
vn 0.000000 1.000000 0.000000
vn 0.000000 0.000000 -1.000000
vn 0.000000 0.000000 -1.000000
vn 0.000000 0.000000 1.000000
vn 0.000000 0.000000 1.000000
vn -1.000000 0.000000 0.000000
vn -1.000000 0.000000 0.000000
vn 1.000000 0.000000 0.000000
vn 1.000000 -0.000000 0.000000
vn 0.000000 -1.000000 0.000000
vn 0.000000 -1.000000 0.000000
vn 0.000000 1.000000 0.000000
vn 0.000000 1.000000 0.000000
vn 0.000000 0.000000 -1.000000
vn 0.000000 0.000000 -1.000000
vn 0.000000 0.000000 1.000000
vn 0.000000 0.000000 1.000000
vn -1.000000 0.000000 0.000000
vn -1.000000 0.000000 0.000000
vn 1.000000 0.000000 0.000000
vn 1.000000 -0.000000 0.000000
vn 0.000000 -1.000000 0.000000
vn 0.000000 -1.000000 0.000000
vn 0.000000 1.000000 0.000000
vn 0.000000 1.000000 0.000000
vn 0.000000 0.000000 -1.000000
vn 0.000000 0.000000 -1.000000
vn 0.000000 0.000000 1.000000
vn 0.000000 0.000000 1.000000
vn -1.000000 0.000000 0.000000
vn -1.000000 0.000000 0.000000
vn 1.000000 0.000000 0.000000
vn 1.000000 -0.000000 0.000000
vn 0.000000 -1.000000 0.000000
vn 0.000000 -1.000000 0.000000
vn 0.000000 1.000000 0.000000
vn 0.000000 1.000000 0.000000
vn 0.000000 0.000000 -1.000000
vn 0.000000 0.000000 -1.000000
vn 0.000000 0.000000 1.000000
vn 0.000000 0.000000 1.000000
vn -1.000000 0.000000 0.000000
vn -1.000000 0.000000 0.000000
vn 1.000000 0.000000 0.000000
vn 1.000000 -0.000000 0.000000
vn 0.000000 -1.000000 0.000000
vn 0.000000 -1.000000 0.000000
vn 0.000000 1.000000 0.000000
vn 0.000000 1.000000 0.000000
vn 0.000000 0.000000 -1.000000
vn 0.000000 0.000000 -1.000000
vn 0.000000 0.000000 1.000000
vn 0.000000 0.000000 1.000000
vn -1.000000 0.000000 0.000000
vn -1.000000 0.000000 0.000000
vn 1.000000 0.000000 0.000000
vn 1.000000 -0.000000 0.000000
vn 0.000000 -1.000000 0.000000
vn 0.000000 -1.000000 0.000000
vn 0.000000 1.000000 0.000000
vn 0.000000 1.000000 0.000000
vn 0.000000 0.000000 -1.000000
vn 0.000000 0.000000 -1.000000
vn 0.000000 0.000000 1.000000
vn 0.000000 0.000000 1.000000
vn -1.000000 0.000000 0.000000
vn -1.000000 0.000000 0.000000
vn 1.000000 0.000000 0.000000
vn 1.000000 -0.000000 0.000000
vn 0.000000 -1.000000 0.000000
vn 0.000000 -1.000000 0.000000
vn 0.000000 1.000000 0.000000
vn 0.000000 1.000000 0.000000
vn 0.000000 0.000000 -1.000000
vn 0.000000 0.000000 -1.000000
vn 0.000000 0.000000 1.000000
vn 0.000000 0.000000 1.000000
vn -1.000000 0.000000 0.000000
vn -1.000000 0.000000 0.000000
vn 1.000000 0.000000 0.000000
vn 1.000000 -0.000000 0.000000
vn 0.000000 -1.000000 0.000000
vn 0.000000 -1.000000 0.000000
vn 0.000000 1.000000 0.000000
vn 0.000000 1.000000 0.000000
vn 0.000000 0.000000 -1.000000
vn 0.000000 0.000000 -1.000000
vn 0.000000 0.000000 1.000000
vn 0.000000 0.000000 1.000000
vn -1.000000 0.000000 0.000000
vn -1.000000 0.000000 0.000000
vn 1.000000 0.000000 0.000000
vn 1.000000 -0.000000 0.000000
vn 0.000000 -1.000000 0.000000
vn 0.000000 -1.000000 0.000000
vn 0.000000 1.000000 0.000000
vn 0.000000 1.000000 0.000000
vn 0.000000 0.000000 -1.000000
vn 0.000000 0.000000 -1.000000
vn 0.000000 0.000000 1.000000
vn 0.000000 0.000000 1.000000
vn -1.000000 0.000000 0.000000
vn -1.000000 0.000000 0.000000
vn 1.000000 0.000000 0.000000
vn 1.000000 -0.000000 0.000000
vn 0.000000 -1.000000 0.000000
vn 0.000000 -1.000000 0.000000
vn 0.000000 1.000000 0.000000
vn 0.000000 1.000000 0.000000
vn 0.000000 0.000000 -1.000000
vn 0.000000 0.000000 -1.000000
vn 0.000000 0.000000 1.000000
vn 0.000000 0.000000 1.000000
vn -1.000000 0.000000 0.000000
vn -1.000000 0.000000 0.000000
vn 1.000000 0.000000 0.000000
vn 1.000000 -0.000000 0.000000
vn 0.000000 -1.000000 0.000000
vn 0.000000 -1.000000 0.000000
vn 0.000000 1.000000 0.000000
vn 0.000000 1.000000 0.000000
vn 0.000000 0.000000 -1.000000
vn 0.000000 0.000000 -1.000000
vn 0.000000 0.000000 1.000000
vn 0.000000 0.000000 1.000000
vn -1.000000 0.000000 0.000000
vn -1.000000 0.000000 0.000000
vn 1.000000 0.000000 0.000000
vn 1.000000 -0.000000 0.000000
vn 0.000000 -1.000000 0.000000
vn 0.000000 -1.000000 0.000000
vn 0.000000 1.000000 0.000000
vn 0.000000 1.000000 0.000000
vn 0.000000 0.000000 -1.000000
vn 0.000000 0.000000 -1.000000
vn 0.000000 0.000000 1.000000
vn 0.000000 0.000000 1.000000
vn -1.000000 0.000000 0.000000
vn -1.000000 0.000000 0.000000
vn 1.000000 0.000000 0.000000
vn 1.000000 -0.000000 0.000000
vn 0.000000 -1.000000 0.000000
vn 0.000000 -1.000000 0.000000
vn 0.000000 1.000000 0.000000
vn 0.000000 1.000000 0.000000
vn 0.000000 0.000000 -1.000000
vn 0.000000 0.000000 -1.000000
vn 0.000000 0.000000 1.000000
vn 0.000000 0.000000 1.000000
vn -1.000000 0.000000 0.000000
vn -1.000000 0.000000 0.000000
vn 1.000000 0.000000 0.000000
vn 1.000000 -0.000000 0.000000
vn 0.000000 -1.000000 0.000000
vn 0.000000 -1.000000 0.000000
vn 0.000000 1.000000 0.000000
vn 0.000000 1.000000 0.000000
vn 0.000000 0.000000 -1.000000
vn 0.000000 0.000000 -1.000000
vn 0.000000 0.000000 1.000000
vn 0.000000 0.000000 1.000000
vn -1.000000 0.000000 0.000000
vn -1.000000 0.000000 0.000000
vn 1.000000 0.000000 0.000000
vn 1.000000 -0.000000 0.000000
vn 0.000000 -1.000000 0.000000
vn 0.000000 -1.000000 0.000000
vn 0.000000 1.000000 0.000000
vn 0.000000 1.000000 0.000000
vn 0.000000 0.000000 -1.000000
vn 0.000000 0.000000 -1.000000
vn 0.000000 0.000000 1.000000
vn 0.000000 0.000000 1.000000
vn -1.000000 0.000000 0.000000
vn -1.000000 0.000000 0.000000
vn 1.000000 0.000000 0.000000
vn 1.000000 -0.000000 0.000000
vn 0.000000 -1.000000 0.000000
vn 0.000000 -1.000000 0.000000
vn 0.000000 1.000000 0.000000
vn 0.000000 1.000000 0.000000
vn 0.000000 0.000000 -1.000000
vn 0.000000 0.000000 -1.000000
vn 0.000000 0.000000 1.000000
vn 0.000000 0.000000 1.000000
vn -1.000000 0.000000 0.000000
vn -1.000000 0.000000 0.000000
vn 1.000000 0.000000 0.000000
vn 1.000000 -0.000000 0.000000
vn 0.000000 -1.000000 0.000000
vn 0.000000 -1.000000 0.000000
vn 0.000000 1.000000 0.000000
vn 0.000000 1.000000 0.000000
vn 0.000000 0.000000 -1.000000
vn 0.000000 0.000000 -1.000000
vn 0.000000 0.000000 1.000000
vn 0.000000 0.000000 1.000000
vn -1.000000 0.000000 0.000000
vn -1.000000 0.000000 0.000000
vn 1.000000 0.000000 0.000000
vn 1.000000 -0.000000 0.000000
vn 0.000000 -1.000000 0.000000
vn 0.000000 -1.000000 0.000000
vn 0.000000 1.000000 0.000000
vn 0.000000 1.000000 0.000000
vn 0.000000 0.000000 -1.000000
vn 0.000000 0.000000 -1.000000
vn 0.000000 0.000000 1.000000
vn 0.000000 0.000000 1.000000
vn -1.000000 0.000000 0.000000
vn -1.000000 0.000000 0.000000
vn 1.000000 0.000000 0.000000
vn 1.000000 -0.000000 0.000000
vn 0.000000 -1.000000 0.000000
vn 0.000000 -1.000000 0.000000
vn 0.000000 1.000000 0.000000
vn 0.000000 1.000000 0.000000
vn 0.000000 0.000000 -1.000000
vn 0.000000 0.000000 -1.000000
vn 0.000000 0.000000 1.000000
vn 0.000000 0.000000 1.000000
vn -1.000000 0.000000 0.000000
vn -1.000000 0.000000 0.000000
vn 1.000000 0.000000 0.000000
vn 1.000000 -0.000000 0.000000
vn 0.000000 -1.000000 0.000000
vn 0.000000 -1.000000 0.000000
vn 0.000000 1.000000 0.000000
vn 0.000000 1.000000 0.000000
vn 0.000000 0.000000 -1.000000
vn 0.000000 0.000000 -1.000000
vn 0.000000 0.000000 1.000000
vn 0.000000 0.000000 1.000000
vn -1.000000 0.000000 0.000000
vn -1.000000 0.000000 0.000000
vn 1.000000 0.000000 0.000000
vn 1.000000 -0.000000 0.000000
vn 0.000000 -1.000000 0.000000
vn 0.000000 -1.000000 0.000000
vn 0.000000 1.000000 0.000000
vn 0.000000 1.000000 0.000000
vn 0.000000 0.000000 -1.000000
vn 0.000000 0.000000 -1.000000
vn 0.000000 0.000000 1.000000
vn 0.000000 0.000000 1.000000
vn -1.000000 0.000000 0.000000
vn -1.000000 0.000000 0.000000
vn 1.000000 0.000000 0.000000
vn 1.000000 -0.000000 0.000000
vn 0.000000 -1.000000 0.000000
vn 0.000000 -1.000000 0.000000
vn 0.000000 1.000000 0.000000
vn 0.000000 1.000000 0.000000
vn 0.000000 0.000000 -1.000000
vn 0.000000 0.000000 -1.000000
vn 0.000000 0.000000 1.000000
vn 0.000000 0.000000 1.000000
vn -1.000000 0.000000 0.000000
vn -1.000000 0.000000 0.000000
vn 1.000000 0.000000 0.000000
vn 1.000000 -0.000000 0.000000
vn 0.000000 -1.000000 0.000000
vn 0.000000 -1.000000 0.000000
vn 0.000000 1.000000 0.000000
vn 0.000000 1.000000 0.000000
vn 0.000000 0.000000 -1.000000
vn 0.000000 0.000000 -1.000000
vn 0.000000 0.000000 1.000000
vn 0.000000 0.000000 1.000000
vn -1.000000 0.000000 0.000000
vn -1.000000 0.000000 0.000000
vn 1.000000 0.000000 0.000000
vn 1.000000 -0.000000 0.000000
vn 0.000000 -1.000000 0.000000
vn 0.000000 -1.000000 0.000000
vn 0.000000 1.000000 0.000000
vn 0.000000 1.000000 0.000000
vn 0.000000 0.000000 -1.000000
vn 0.000000 0.000000 -1.000000
vn 0.000000 0.000000 1.000000
vn 0.000000 0.000000 1.000000
vn -1.000000 0.000000 0.000000
vn -1.000000 0.000000 0.000000
vn 1.000000 0.000000 0.000000
vn 1.000000 -0.000000 0.000000
vn 0.000000 -1.000000 0.000000
vn 0.000000 -1.000000 0.000000
vn 0.000000 1.000000 0.000000
vn 0.000000 1.000000 0.000000
vn 0.000000 0.000000 -1.000000
vn 0.000000 0.000000 -1.000000
vn 0.000000 0.000000 1.000000
vn 0.000000 0.000000 1.000000
vn -1.000000 0.000000 0.000000
vn -1.000000 0.000000 0.000000
vn 1.000000 0.000000 0.000000
vn 1.000000 -0.000000 0.000000
vn 0.000000 -1.000000 0.000000
vn 0.000000 -1.000000 0.000000
vn 0.000000 1.000000 0.000000
vn 0.000000 1.000000 0.000000
vn 0.000000 0.000000 -1.000000
vn 0.000000 0.000000 -1.000000
vn 0.000000 0.000000 1.000000
vn 0.000000 0.000000 1.000000
vn -1.000000 0.000000 0.000000
vn -1.000000 0.000000 0.000000
vn 1.000000 0.000000 0.000000
vn 1.000000 -0.000000 0.000000
vn 0.000000 -1.000000 0.000000
vn 0.000000 -1.000000 0.000000
vn 0.000000 1.000000 0.000000
vn 0.000000 1.000000 0.000000
vn 0.000000 0.000000 -1.000000
vn 0.000000 0.000000 -1.000000
vn 0.000000 0.000000 1.000000
vn 0.000000 0.000000 1.000000
vn -1.000000 0.000000 0.000000
vn -1.000000 0.000000 0.000000
vn 1.000000 0.000000 0.000000
vn 1.000000 -0.000000 0.000000
vn 0.000000 -1.000000 0.000000
vn 0.000000 -1.000000 0.000000
vn 0.000000 1.000000 0.000000
vn 0.000000 1.000000 0.000000
vn 0.000000 0.000000 -1.000000
vn 0.000000 0.000000 -1.000000
vn 0.000000 0.000000 1.000000
vn 0.000000 0.000000 1.000000
vn -1.000000 0.000000 0.000000
vn -1.000000 0.000000 0.000000
vn 1.000000 0.000000 0.000000
vn 1.000000 -0.000000 0.000000
vn 0.000000 -1.000000 0.000000
vn 0.000000 -1.000000 0.000000
vn 0.000000 1.000000 0.000000
vn 0.000000 1.000000 0.000000
vn 0.000000 0.000000 -1.000000
vn 0.000000 0.000000 -1.000000
vn 0.000000 0.000000 1.000000
vn 0.000000 0.000000 1.000000
vn -1.000000 0.000000 0.000000
vn -1.000000 0.000000 0.000000
vn 1.000000 0.000000 0.000000
vn 1.000000 -0.000000 0.000000
vn 0.000000 -1.000000 0.000000
vn 0.000000 -1.000000 0.000000
vn 0.000000 1.000000 0.000000
vn 0.000000 1.000000 0.000000
vn 0.000000 0.000000 -1.000000
vn 0.000000 0.000000 -1.000000
vn 0.000000 0.000000 1.000000
vn 0.000000 0.000000 1.000000
vn -1.000000 0.000000 0.000000
vn -1.000000 0.000000 0.000000
vn 1.000000 0.000000 0.000000
vn 1.000000 -0.000000 0.000000
vn 0.000000 -1.000000 0.000000
vn 0.000000 -1.000000 0.000000
vn 0.000000 1.000000 0.000000
vn 0.000000 1.000000 0.000000
vn 0.000000 0.000000 -1.000000
vn 0.000000 0.000000 -1.000000
vn 0.000000 0.000000 1.000000
vn 0.000000 0.000000 1.000000
vn -1.000000 0.000000 0.000000
vn -1.000000 0.000000 0.000000
vn 1.000000 0.000000 0.000000
vn 1.000000 -0.000000 0.000000
vn 0.000000 -1.000000 0.000000
vn 0.000000 -1.000000 0.000000
vn 0.000000 1.000000 0.000000
vn 0.000000 1.000000 0.000000
vn 0.000000 0.000000 -1.000000
vn 0.000000 0.000000 -1.000000
vn 0.000000 0.000000 1.000000
vn 0.000000 0.000000 1.000000
vn -1.000000 0.000000 0.000000
vn -1.000000 0.000000 0.000000
vn 1.000000 0.000000 0.000000
vn 1.000000 -0.000000 0.000000
vn 0.000000 -1.000000 0.000000
vn 0.000000 -1.000000 0.000000
vn 0.000000 1.000000 0.000000
vn 0.000000 1.000000 0.000000
vn 0.000000 0.000000 -1.000000
vn 0.000000 0.000000 -1.000000
vn 0.000000 0.000000 1.000000
vn 0.000000 0.000000 1.000000
vn -1.000000 0.000000 0.000000
vn -1.000000 0.000000 0.000000
vn 1.000000 0.000000 0.000000
vn 1.000000 -0.000000 0.000000
vn 0.000000 -1.000000 0.000000
vn 0.000000 -1.000000 0.000000
vn 0.000000 1.000000 0.000000
vn 0.000000 1.000000 0.000000
vn 0.000000 0.000000 -1.000000
vn 0.000000 0.000000 -1.000000
vn 0.000000 0.000000 1.000000
vn 0.000000 0.000000 1.000000
vn -1.000000 0.000000 0.000000
vn -1.000000 0.000000 0.000000
vn 1.000000 0.000000 0.000000
vn 1.000000 -0.000000 0.000000
vn 0.000000 -1.000000 0.000000
vn 0.000000 -1.000000 0.000000
vn 0.000000 1.000000 0.000000
vn 0.000000 1.000000 0.000000
vn 0.000000 0.000000 -1.000000
vn 0.000000 0.000000 -1.000000
vn 0.000000 0.000000 1.000000
vn 0.000000 0.000000 1.000000
vn -1.000000 0.000000 0.000000
vn -1.000000 0.000000 0.000000
vn 1.000000 0.000000 0.000000
vn 1.000000 -0.000000 0.000000
vn 0.000000 -1.000000 0.000000
vn 0.000000 -1.000000 0.000000
vn 0.000000 1.000000 0.000000
vn 0.000000 1.000000 0.000000
vn 0.000000 0.000000 -1.000000
vn 0.000000 0.000000 -1.000000
vn 0.000000 0.000000 1.000000
vn 0.000000 0.000000 1.000000
vn -1.000000 0.000000 0.000000
vn -1.000000 0.000000 0.000000
vn 1.000000 0.000000 0.000000
vn 1.000000 -0.000000 0.000000
vn 0.000000 -1.000000 0.000000
vn 0.000000 -1.000000 0.000000
vn 0.000000 1.000000 0.000000
vn 0.000000 1.000000 0.000000
vn 0.000000 0.000000 -1.000000
vn 0.000000 0.000000 -1.000000
vn 0.000000 0.000000 1.000000
vn 0.000000 0.000000 1.000000
vn -1.000000 0.000000 0.000000
vn -1.000000 0.000000 0.000000
vn 1.000000 0.000000 0.000000
vn 1.000000 -0.000000 0.000000
vn 0.000000 -1.000000 0.000000
vn 0.000000 -1.000000 0.000000
vn 0.000000 1.000000 0.000000
vn 0.000000 1.000000 0.000000
vn 0.000000 0.000000 -1.000000
vn 0.000000 0.000000 -1.000000
vn 0.000000 0.000000 1.000000
vn 0.000000 0.000000 1.000000
vn -1.000000 0.000000 0.000000
vn -1.000000 0.000000 0.000000
vn 1.000000 0.000000 0.000000
vn 1.000000 -0.000000 0.000000
vn 0.000000 -1.000000 0.000000
vn 0.000000 -1.000000 0.000000
vn 0.000000 1.000000 0.000000
vn 0.000000 1.000000 0.000000
vn 0.000000 0.000000 -1.000000
vn 0.000000 0.000000 -1.000000
vn 0.000000 0.000000 1.000000
vn 0.000000 0.000000 1.000000
g \u53a8\u623f\u897f\u5317\u5899
f 1//1 2//1 3//1
f 4//2 1//2 3//2
f 4//3 3//3 5//3
f 6//4 4//4 5//4
f 7//5 6//5 5//5
f 7//6 5//6 8//6
f 7//7 8//7 9//7
f 10//8 7//8 9//8
f 10//9 9//9 11//9
f 12//10 10//10 11//10
f 12//11 11//11 2//11
f 1//12 12//12 2//12
f 7//13 4//13 6//13
f 7//14 10//14 12//14
f 1//15 4//15 7//15
f 1//16 7//16 12//16
f 3//17 8//17 5//17
f 9//18 8//18 11//18
f 3//19 2//19 8//19
f 8//20 2//20 11//20
g \u53a8\u623f\u5357\u5899
f 13//21 14//21 15//21
f 16//22 13//22 15//22
f 17//23 16//23 15//23
f 17//24 15//24 18//24
f 19//25 17//25 18//25
f 19//26 18//26 20//26
f 19//27 20//27 21//27
f 22//28 19//28 21//28
f 23//29 22//29 21//29
f 23//30 21//30 24//30
f 23//31 24//31 14//31
f 13//32 23//32 14//32
f 19//33 16//33 17//33
f 23//34 19//34 22//34
f 13//35 19//35 23//35
f 13//36 16//36 19//36
f 15//37 20//37 18//37
f 20//38 24//38 21//38
f 20//39 14//39 24//39
f 15//40 14//40 20//40
g \u6b21\u5367\u4e00\u897f\u5317\u5899
f 25//41 26//41 27//41
f 25//42 27//42 28//42
f 29//43 25//43 28//43
f 29//44 28//44 30//44
f 31//45 29//45 30//45
f 31//46 30//46 32//46
f 33//47 31//47 32//47
f 33//48 32//48 34//48
f 35//49 33//49 34//49
f 35//50 34//50 36//50
f 35//51 36//51 27//51
f 26//52 35//52 27//52
f 31//53 25//53 29//53
f 31//54 33//54 35//54
f 26//55 25//55 31//55
f 26//56 31//56 35//56
f 28//57 32//57 30//57
f 34//58 32//58 36//58
f 28//59 27//59 32//59
f 32//60 27//60 36//60
g \u6b21\u5367\u4e00\u4e1c\u5317\u5899
f 37//61 38//61 39//61
f 37//62 39//62 40//62
f 41//63 37//63 40//63
f 41//64 40//64 42//64
f 41//65 42//65 43//65
f 44//66 41//66 43//66
f 45//67 44//67 43//67
f 46//68 44//68 45//68
f 47//69 46//69 45//69
f 47//70 45//70 48//70
f 38//71 47//71 48//71
f 38//72 48//72 39//72
f 46//73 37//73 41//73
f 46//74 41//74 44//74
f 38//75 46//75 47//75
f 38//76 37//76 46//76
f 40//77 45//77 42//77
f 42//78 45//78 43//78
f 45//79 39//79 48//79
f 40//80 39//80 45//80
g \u6b21\u5367\u4e00\u5357\u5899
f 49//81 50//81 51//81
f 49//82 51//82 52//82
f 49//83 52//83 53//83
f 54//84 49//84 53//84
f 55//85 54//85 53//85
f 55//86 53//86 56//86
f 55//87 56//87 51//87
f 50//88 55//88 51//88
f 50//89 49//89 54//89
f 50//90 54//90 55//90
f 52//91 51//91 53//91
f 53//92 51//92 56//92
g \u6b21\u5367\u4e00\u95e8\u8fb9
f 57//93 58//93 59//93
f 57//94 59//94 60//94
f 61//95 57//95 60//95
f 61//96 60//96 62//96
f 63//97 61//97 62//97
f 63//98 62//98 64//98
f 58//99 63//99 64//99
f 58//100 64//100 59//100
f 58//101 57//101 61//101
f 58//102 61//102 63//102
f 60//103 59//103 62//103
f 62//104 59//104 64//104
g \u6b21\u536b\u897f\u5899
f 65//105 66//105 67//105
f 65//106 67//106 68//106
f 69//107 65//107 68//107
f 69//108 68//108 70//108
f 71//109 69//109 70//109
f 71//110 70//110 72//110
f 73//111 71//111 72//111
f 73//112 72//112 74//112
f 73//113 74//113 75//113
f 76//114 73//114 75//114
f 76//115 75//115 77//115
f 78//116 76//116 77//116
f 78//117 77//117 79//117
f 80//118 78//118 79//118
f 66//119 80//119 79//119
f 66//120 79//120 67//120
f 73//121 69//121 71//121
f 78//122 73//122 76//122
f 78//123 80//123 73//123
f 66//124 65//124 80//124
f 65//125 69//125 73//125
f 65//126 73//126 80//126
f 70//127 74//127 72//127
f 74//128 77//128 75//128
f 79//129 77//129 74//129
f 68//130 67//130 79//130
f 70//131 68//131 74//131
f 74//132 68//132 79//132
g \u897f\u7ffc\u5916\u5899
f 81//133 82//133 83//133
f 81//134 83//134 84//134
f 81//135 84//135 85//135
f 86//136 81//136 85//136
f 87//137 86//137 85//137
f 87//138 85//138 88//138
f 89//139 87//139 88//139
f 90//140 87//140 89//140
f 91//141 90//141 89//141
f 91//142 89//142 92//142
f 93//143 91//143 92//143
f 93//144 92//144 94//144
f 95//145 93//145 94//145
f 95//146 94//146 96//146
f 83//147 95//147 96//147
f 82//148 95//148 83//148
f 90//149 91//149 93//149
f 90//150 93//150 95//150
f 87//151 81//151 86//151
f 82//152 87//152 90//152
f 82//153 90//153 95//153
f 82//154 81//154 87//154
f 92//155 89//155 94//155
f 94//156 89//156 96//156
f 84//157 88//157 85//157
f 88//158 83//158 89//158
f 89//159 83//159 96//159
f 84//160 83//160 88//160
g \u4e3b\u5367\u5317\u5899
f 97//161 98//161 99//161
f 100//162 97//162 99//162
f 100//163 99//163 101//163
f 102//164 100//164 101//164
f 103//165 102//165 101//165
f 103//166 101//166 104//166
f 103//167 104//167 98//167
f 97//168 103//168 98//168
f 97//169 100//169 102//169
f 97//170 102//170 103//170
f 99//171 98//171 101//171
f 101//172 98//172 104//172
g \u4e3b\u5367\u8863\u5e3d\u533a\u4e1c\u5899
f 105//173 106//173 107//173
f 105//174 107//174 108//174
f 109//175 105//175 108//175
f 109//176 108//176 110//176
f 111//177 109//177 110//177
f 111//178 110//178 112//178
f 106//179 111//179 112//179
f 106//180 112//180 107//180
f 106//181 105//181 109//181
f 106//182 109//182 111//182
f 108//183 107//183 110//183
f 110//184 107//184 112//184
g \u4e3b\u5367\u5317\u5899\u8f6c\u89d2
f 113//185 114//185 115//185
f 116//186 113//186 115//186
f 117//187 116//187 115//187
f 117//188 115//188 118//188
f 119//189 117//189 118//189
f 119//190 118//190 120//190
f 119//191 120//191 121//191
f 122//192 119//192 121//192
f 123//193 122//193 121//193
f 123//194 121//194 124//194
f 113//195 123//195 124//195
f 113//196 124//196 114//196
f 117//197 119//197 122//197
f 117//198 122//198 123//198
f 113//199 116//199 117//199
f 113//200 117//200 123//200
f 120//201 118//201 121//201
f 121//202 118//202 124//202
f 115//203 114//203 118//203
f 118//204 114//204 124//204
g \u4e3b\u5367\u4e1c\u5899
f 125//205 126//205 127//205
f 128//206 125//206 127//206
f 129//207 128//207 127//207
f 129//208 127//208 130//208
f 131//209 129//209 130//209
f 131//210 130//210 132//210
f 131//211 132//211 133//211
f 134//212 131//212 133//212
f 135//213 134//213 133//213
f 135//214 133//214 136//214
f 137//215 135//215 136//215
f 137//216 136//216 138//216
f 139//217 137//217 138//217
f 139//218 138//218 140//218
f 126//219 139//219 140//219
f 125//220 139//220 126//220
f 134//221 129//221 131//221
f 137//222 134//222 135//222
f 137//223 139//223 134//223
f 125//224 128//224 139//224
f 128//225 129//225 139//225
f 139//226 129//226 134//226
f 130//227 133//227 132//227
f 133//228 138//228 136//228
f 140//229 138//229 133//229
f 127//230 126//230 140//230
f 130//231 127//231 140//231
f 130//232 140//232 133//232
g \u4e3b\u5367\u897f\u5357\u8f6c\u89d2
f 141//233 142//233 143//233
f 141//234 143//234 144//234
f 145//235 141//235 144//235
f 145//236 144//236 146//236
f 147//237 145//237 146//237
f 147//238 146//238 148//238
f 149//239 147//239 148//239
f 149//240 148//240 150//240
f 151//241 149//241 150//241
f 151//242 150//242 152//242
f 151//243 152//243 153//243
f 154//244 151//244 153//244
f 155//245 154//245 153//245
f 155//246 153//246 156//246
f 142//247 155//247 156//247
f 142//248 156//248 143//248
f 151//249 154//249 155//249
f 145//250 147//250 149//250
f 145//251 149//251 151//251
f 142//252 141//252 145//252
f 142//253 145//253 151//253
f 142//254 151//254 155//254
f 153//255 152//255 156//255
f 148//256 146//256 150//256
f 150//257 146//257 152//257
f 144//258 143//258 146//258
f 146//259 143//259 152//259
f 152//260 143//260 156//260
g \u4e3b\u5367\u897f\u5357\u7aef\u67f1
f 157//261 158//261 159//261
f 157//262 159//262 160//262
f 161//263 157//263 160//263
f 161//264 160//264 162//264
f 163//265 161//265 162//265
f 163//266 162//266 164//266
f 158//267 163//267 164//267
f 158//268 164//268 159//268
f 163//269 157//269 161//269
f 158//270 157//270 163//270
f 160//271 164//271 162//271
f 160//272 159//272 164//272
g \u4e3b\u5367\u5ba2\u5385\u5357\u7aef\u67f1
f 165//273 166//273 167//273
f 165//274 167//274 168//274
f 169//275 165//275 168//275
f 169//276 168//276 170//276
f 171//277 169//277 170//277
f 171//278 170//278 172//278
f 166//279 171//279 172//279
f 166//280 172//280 167//280
f 166//281 165//281 169//281
f 166//282 169//282 171//282
f 168//283 167//283 170//283
f 170//284 167//284 172//284
g \u5ba2\u5385\u6b21\u5367\u4e8c\u5357\u7aef\u67f1
f 173//285 174//285 175//285
f 173//286 175//286 176//286
f 177//287 173//287 176//287
f 177//288 176//288 178//288
f 179//289 177//289 178//289
f 179//290 178//290 180//290
f 174//291 179//291 180//291
f 174//292 180//292 175//292
f 174//293 173//293 177//293
f 174//294 177//294 179//294
f 176//295 175//295 178//295
f 178//296 175//296 180//296
g \u6b21\u5367\u4e8c\u4e1c\u5317\u5916\u5899
f 181//297 182//297 183//297
f 181//298 183//298 184//298
f 185//299 181//299 184//299
f 185//300 184//300 186//300
f 187//301 185//301 186//301
f 187//302 186//302 188//302
f 189//303 187//303 188//303
f 190//304 187//304 189//304
f 191//305 190//305 189//305
f 192//306 190//306 191//306
f 192//307 191//307 193//307
f 194//308 192//308 193//308
f 195//309 194//309 193//309
f 195//310 193//310 196//310
f 182//311 195//311 196//311
f 182//312 196//312 183//312
f 190//313 181//313 185//313
f 190//314 185//314 187//314
f 195//315 192//315 194//315
f 182//316 190//316 192//316
f 182//317 181//317 190//317
f 182//318 192//318 195//318
f 184//319 189//319 186//319
f 186//320 189//320 188//320
f 191//321 196//321 193//321
f 189//322 183//322 191//322
f 184//323 183//323 189//323
f 191//324 183//324 196//324
g \u6b21\u5367\u4e8c\u897f\u5899\u8f6c\u89d2
f 197//325 198//325 199//325
f 197//326 199//326 200//326
f 197//327 200//327 201//327
f 202//328 197//328 201//328
f 202//329 201//329 203//329
f 204//330 202//330 203//330
f 205//331 204//331 203//331
f 205//332 203//332 206//332
f 207//333 205//333 206//333
f 207//334 206//334 208//334
f 207//335 208//335 209//335
f 210//336 207//336 209//336
f 210//337 209//337 211//337
f 212//338 210//338 211//338
f 212//339 211//339 213//339
f 214//340 212//340 213//340
f 214//341 213//341 215//341
f 216//342 214//342 215//342
f 198//343 216//343 215//343
f 198//344 215//344 199//344
f 202//345 204//345 205//345
f 207//346 202//346 205//346
f 210//347 202//347 207//347
f 216//348 202//348 210//348
f 214//349 210//349 212//349
f 214//350 216//350 210//350
f 198//351 197//351 216//351
f 197//352 202//352 216//352
f 203//353 201//353 206//353
f 201//354 208//354 206//354
f 201//355 209//355 208//355
f 201//356 215//356 209//356
f 209//357 213//357 211//357
f 215//358 213//358 209//358
f 200//359 199//359 215//359
f 201//360 200//360 215//360
g \u6b21\u5367\u4e8c\u4e1c\u5357\u95e8\u8fb9
f 217//361 218//361 219//361
f 220//362 217//362 219//362
f 221//363 220//363 219//363
f 221//364 219//364 222//364
f 221//365 222//365 223//365
f 224//366 221//366 223//366
f 217//367 224//367 223//367
f 217//368 223//368 218//368
f 217//369 220//369 221//369
f 217//370 221//370 224//370
f 219//371 218//371 222//371
f 222//372 218//372 223//372
g \u4e3b\u536b\u8863\u5e3d\u533a\u9694\u5899\u897f
f 225//373 226//373 227//373
f 225//374 227//374 228//374
f 225//375 228//375 229//375
f 230//376 225//376 229//376
f 231//377 230//377 229//377
f 231//378 229//378 232//378
f 231//379 232//379 227//379
f 226//380 231//380 227//380
f 226//381 225//381 230//381
f 226//382 230//382 231//382
f 228//383 227//383 229//383
f 229//384 227//384 232//384
g \u4e3b\u536b\u8863\u5e3d\u533a\u9694\u5899\u4e1c
f 233//385 234//385 235//385
f 236//386 233//386 235//386
f 236//387 235//387 237//387
f 238//388 236//388 237//388
f 238//389 237//389 239//389
f 240//390 238//390 239//390
f 240//391 239//391 234//391
f 233//392 240//392 234//392
f 240//393 236//393 238//393
f 233//394 236//394 240//394
f 235//395 239//395 237//395
f 235//396 234//396 239//396
g \u6b21\u536b\u5bb6\u653f\u9694\u5899
f 241//397 242//397 243//397
f 244//398 241//398 243//398
f 245//399 244//399 243//399
f 245//400 243//400 246//400
f 245//401 246//401 247//401
f 248//402 245//402 247//402
f 241//403 248//403 247//403
f 241//404 247//404 242//404
f 241//405 244//405 245//405
f 241//406 245//406 248//406
f 243//407 242//407 246//407
f 246//408 242//408 247//408
g \u897f\u7ffc\u5357\u7a97\u95e8\u8fb9
f 249//409 250//409 251//409
f 252//410 249//410 251//410
f 252//411 251//411 253//411
f 254//412 252//412 253//412
f 255//413 254//413 253//413
f 255//414 253//414 256//414
f 257//415 255//415 256//415
f 257//416 256//416 258//416
f 259//417 257//417 258//417
f 259//418 258//418 260//418
f 249//419 259//419 260//419
f 249//420 260//420 250//420
f 252//421 255//421 257//421
f 252//422 257//422 259//422
f 254//423 255//423 252//423
f 249//424 252//424 259//424
f 256//425 251//425 258//425
f 258//426 251//426 260//426
f 256//427 253//427 251//427
f 251//428 250//428 260//428
g \u5730\u576a\u57fa\u51c6
f 261//429 262//429 263//429
f 261//430 263//430 264//430
f 265//431 261//431 264//431
f 266//432 261//432 265//432
f 267//433 266//433 265//433
f 267//434 265//434 268//434
f 269//435 267//435 268//435
f 269//436 268//436 270//436
f 271//437 269//437 270//437
f 272//438 269//438 271//438
f 273//439 272//439 271//439
f 273//440 271//440 274//440
f 275//441 273//441 274//441
f 276//442 273//442 275//442
f 277//443 276//443 275//443
f 278//444 276//444 277//444
f 279//445 278//445 277//445
f 280//446 278//446 279//446
f 281//447 280//447 279//447
f 282//448 280//448 281//448
f 283//449 282//449 281//449
f 283//450 281//450 284//450
f 285//451 283//451 284//451
f 285//452 284//452 286//452
f 287//453 285//453 286//453
f 287//454 286//454 288//454
f 262//455 287//455 288//455
f 262//456 288//456 263//456
f 273//457 276//457 278//457
f 280//458 273//458 278//458
f 282//459 273//459 280//459
f 267//460 269//460 272//460
f 266//461 267//461 272//461
f 287//462 272//462 273//462
f 287//463 273//463 282//463
f 287//464 266//464 272//464
f 285//465 282//465 283//465
f 285//466 287//466 282//466
f 262//467 261//467 266//467
f 262//468 266//468 287//468
f 275//469 274//469 277//469
f 274//470 279//470 277//470
f 274//471 281//471 279//471
f 270//472 268//472 271//472
f 268//473 265//473 271//473
f 271//474 288//474 274//474
f 274//475 288//475 281//475
f 265//476 288//476 271//476
f 281//477 286//477 284//477
f 288//478 286//478 281//478
f 264//479 263//479 265//479
f 265//480 263//480 288//480
g \u5165\u6237\u95e8
f 289//481 290//481 291//481
f 291//482 290//482 292//482
f 293//483 294//483 295//483
f 293//484 295//484 296//484
f 294//485 290//485 289//485
f 294//486 293//486 290//486
f 292//487 295//487 291//487
f 296//488 295//488 292//488
f 291//489 295//489 289//489
f 289//490 295//490 294//490
f 296//491 292//491 290//491
f 296//492 290//492 293//492
g \u5165\u6237\u95e8\u4e0a\u65b9\u5899
f 297//493 298//493 299//493
f 299//494 298//494 300//494
f 301//495 302//495 303//495
f 301//496 303//496 304//496
f 302//497 301//497 297//497
f 297//498 301//498 298//498
f 304//499 303//499 299//499
f 304//500 299//500 300//500
f 297//501 299//501 302//501
f 299//502 303//502 302//502
f 300//503 298//503 301//503
f 304//504 300//504 301//504
g \u6b21\u5367\u4e00\u95e8
f 305//505 306//505 307//505
f 305//506 308//506 306//506
f 309//507 310//507 311//507
f 312//508 310//508 309//508
f 310//509 312//509 305//509
f 305//510 312//510 308//510
f 309//511 311//511 307//511
f 309//512 307//512 306//512
f 307//513 311//513 305//513
f 305//514 311//514 310//514
f 309//515 306//515 308//515
f 309//516 308//516 312//516
g \u6b21\u5367\u4e00\u95e8\u4e0a\u65b9\u5899
f 313//517 314//517 315//517
f 315//518 314//518 316//518
f 317//519 318//519 319//519
f 317//520 319//520 320//520
f 318//521 317//521 313//521
f 313//522 317//522 314//522
f 320//523 319//523 315//523
f 320//524 315//524 316//524
f 315//525 318//525 313//525
f 315//526 319//526 318//526
f 317//527 316//527 314//527
f 320//528 316//528 317//528
g \u6b21\u5367\u4e8c\u95e8
f 321//529 322//529 323//529
f 323//530 322//530 324//530
f 325//531 326//531 327//531
f 325//532 327//532 328//532
f 326//533 322//533 321//533
f 326//534 325//534 322//534
f 324//535 327//535 323//535
f 328//536 327//536 324//536
f 323//537 327//537 321//537
f 321//538 327//538 326//538
f 328//539 324//539 322//539
f 328//540 322//540 325//540
g \u6b21\u5367\u4e8c\u95e8\u4e0a\u65b9\u5899
f 329//541 330//541 331//541
f 331//542 330//542 332//542
f 333//543 334//543 335//543
f 333//544 335//544 336//544
f 334//545 333//545 329//545
f 329//546 333//546 330//546
f 336//547 335//547 331//547
f 336//548 331//548 332//548
f 329//549 331//549 334//549
f 331//550 335//550 334//550
f 332//551 330//551 333//551
f 336//552 332//552 333//552
g \u4e3b\u5367\u95e8
f 337//553 338//553 339//553
f 339//554 338//554 340//554
f 341//555 342//555 343//555
f 341//556 343//556 344//556
f 342//557 341//557 337//557
f 337//558 341//558 338//558
f 344//559 343//559 339//559
f 344//560 339//560 340//560
f 337//561 339//561 342//561
f 339//562 343//562 342//562
f 340//563 338//563 341//563
f 344//564 340//564 341//564
g \u4e3b\u5367\u95e8\u4e0a\u65b9\u5899
f 345//565 346//565 347//565
f 347//566 346//566 348//566
f 349//567 350//567 351//567
f 349//568 351//568 352//568
f 350//569 349//569 345//569
f 345//570 349//570 346//570
f 352//571 351//571 347//571
f 352//572 347//572 348//572
f 347//573 350//573 345//573
f 347//574 351//574 350//574
f 349//575 348//575 346//575
f 352//576 348//576 349//576
g \u8863\u5e3d\u533a\u95e8
f 353//577 354//577 355//577
f 353//578 356//578 354//578
f 357//579 358//579 359//579
f 360//580 358//580 357//580
f 358//581 360//581 353//581
f 353//582 360//582 356//582
f 357//583 359//583 355//583
f 357//584 355//584 354//584
f 353//585 355//585 358//585
f 355//586 359//586 358//586
f 354//587 356//587 360//587
f 357//588 354//588 360//588
g \u8863\u5e3d\u533a\u95e8\u4e0a\u65b9\u5899
f 361//589 362//589 363//589
f 363//590 362//590 364//590
f 365//591 366//591 367//591
f 365//592 367//592 368//592
f 366//593 365//593 361//593
f 361//594 365//594 362//594
f 368//595 367//595 363//595
f 368//596 363//596 364//596
f 363//597 367//597 361//597
f 361//598 367//598 366//598
f 368//599 364//599 362//599
f 368//600 362//600 365//600
g \u4e3b\u536b\u95e8
f 369//601 370//601 371//601
f 369//602 372//602 370//602
f 373//603 374//603 375//603
f 376//604 374//604 373//604
f 374//605 376//605 369//605
f 369//606 376//606 372//606
f 373//607 375//607 371//607
f 373//608 371//608 370//608
f 371//609 375//609 369//609
f 369//610 375//610 374//610
f 373//611 370//611 372//611
f 373//612 372//612 376//612
g \u4e3b\u536b\u95e8\u4e0a\u65b9\u5899
f 377//613 378//613 379//613
f 379//614 378//614 380//614
f 381//615 382//615 383//615
f 381//616 383//616 384//616
f 377//617 382//617 378//617
f 382//618 381//618 378//618
f 383//619 379//619 380//619
f 384//620 383//620 380//620
f 379//621 383//621 377//621
f 377//622 383//622 382//622
f 384//623 380//623 378//623
f 384//624 378//624 381//624
g \u6b21\u536b\u95e8
f 385//625 386//625 387//625
f 387//626 386//626 388//626
f 389//627 390//627 391//627
f 389//628 391//628 392//628
f 390//629 389//629 385//629
f 385//630 389//630 386//630
f 392//631 391//631 387//631
f 392//632 387//632 388//632
f 387//633 391//633 385//633
f 385//634 391//634 390//634
f 392//635 388//635 386//635
f 392//636 386//636 389//636
g \u6b21\u536b\u95e8\u4e0a\u65b9\u5899
f 393//637 394//637 395//637
f 395//638 394//638 396//638
f 397//639 398//639 399//639
f 397//640 399//640 400//640
f 398//641 397//641 393//641
f 393//642 397//642 394//642
f 400//643 399//643 395//643
f 400//644 395//644 396//644
f 393//645 395//645 398//645
f 395//646 399//646 398//646
f 396//647 394//647 397//647
f 400//648 396//648 397//648
g \u53a8\u623f\u5317\u7a97
f 401//649 402//649 403//649
f 403//650 402//650 404//650
f 405//651 406//651 407//651
f 405//652 407//652 408//652
f 401//653 406//653 402//653
f 406//654 405//654 402//654
f 407//655 403//655 404//655
f 408//656 407//656 404//656
f 403//657 406//657 401//657
f 403//658 407//658 406//658
f 405//659 404//659 402//659
f 408//660 404//660 405//660
g \u53a8\u623f\u5317\u7a97\u7a97\u4e0b\u5899
f 409//661 410//661 411//661
f 409//662 412//662 410//662
f 413//663 414//663 415//663
f 416//664 414//664 413//664
f 409//665 414//665 412//665
f 414//666 416//666 412//666
f 415//667 411//667 410//667
f 413//668 415//668 410//668
f 411//669 415//669 409//669
f 409//670 415//670 414//670
f 413//671 410//671 412//671
f 413//672 412//672 416//672
g \u53a8\u623f\u5317\u7a97\u4e0a\u65b9\u5899
f 417//673 418//673 419//673
f 419//674 418//674 420//674
f 421//675 422//675 423//675
f 421//676 423//676 424//676
f 422//677 421//677 417//677
f 417//678 421//678 418//678
f 424//679 423//679 419//679
f 424//680 419//680 420//680
f 419//681 423//681 417//681
f 417//682 423//682 422//682
f 424//683 420//683 418//683
f 424//684 418//684 421//684
g \u53a8\u623f\u4e1c\u7a97
f 425//685 426//685 427//685
f 427//686 426//686 428//686
f 429//687 430//687 431//687
f 429//688 431//688 432//688
f 430//689 429//689 425//689
f 425//690 429//690 426//690
f 432//691 431//691 427//691
f 432//692 427//692 428//692
f 427//693 431//693 425//693
f 425//694 431//694 430//694
f 432//695 428//695 426//695
f 432//696 426//696 429//696
g \u53a8\u623f\u4e1c\u7a97\u7a97\u4e0b\u5899
f 433//697 434//697 435//697
f 435//698 434//698 436//698
f 437//699 438//699 439//699
f 437//700 439//700 440//700
f 438//701 434//701 433//701
f 438//702 437//702 434//702
f 436//703 439//703 435//703
f 440//704 439//704 436//704
f 435//705 439//705 433//705
f 433//706 439//706 438//706
f 440//707 436//707 434//707
f 440//708 434//708 437//708
g \u53a8\u623f\u4e1c\u7a97\u4e0a\u65b9\u5899
f 441//709 442//709 443//709
f 443//710 442//710 444//710
f 445//711 446//711 447//711
f 445//712 447//712 448//712
f 446//713 445//713 441//713
f 441//714 445//714 442//714
f 448//715 447//715 443//715
f 448//716 443//716 444//716
f 443//717 447//717 441//717
f 441//718 447//718 446//718
f 448//719 444//719 442//719
f 448//720 442//720 445//720
g \u6b21\u5367\u4e00\u5317\u7a97
f 449//721 450//721 451//721
f 451//722 450//722 452//722
f 453//723 454//723 455//723
f 453//724 455//724 456//724
f 454//725 453//725 449//725
f 449//726 453//726 450//726
f 456//727 455//727 451//727
f 456//728 451//728 452//728
f 451//729 454//729 449//729
f 451//730 455//730 454//730
f 453//731 452//731 450//731
f 456//732 452//732 453//732
g \u6b21\u5367\u4e00\u5317\u7a97\u7a97\u4e0b\u5899
f 457//733 458//733 459//733
f 457//734 460//734 458//734
f 461//735 462//735 463//735
f 464//736 462//736 461//736
f 462//737 464//737 457//737
f 457//738 464//738 460//738
f 461//739 463//739 459//739
f 461//740 459//740 458//740
f 459//741 463//741 457//741
f 457//742 463//742 462//742
f 461//743 458//743 460//743
f 461//744 460//744 464//744
g \u6b21\u5367\u4e00\u5317\u7a97\u4e0a\u65b9\u5899
f 465//745 466//745 467//745
f 467//746 466//746 468//746
f 469//747 470//747 471//747
f 469//748 471//748 472//748
f 470//749 469//749 465//749
f 465//750 469//750 466//750
f 472//751 471//751 467//751
f 472//752 467//752 468//752
f 467//753 471//753 465//753
f 465//754 471//754 470//754
f 472//755 468//755 466//755
f 472//756 466//756 469//756
g \u6b21\u536b\u897f\u7a97
f 473//757 474//757 475//757
f 475//758 474//758 476//758
f 477//759 478//759 479//759
f 477//760 479//760 480//760
f 478//761 477//761 473//761
f 473//762 477//762 474//762
f 480//763 479//763 475//763
f 480//764 475//764 476//764
f 475//765 479//765 473//765
f 473//766 479//766 478//766
f 480//767 476//767 474//767
f 480//768 474//768 477//768
g \u6b21\u536b\u897f\u7a97\u7a97\u4e0b\u5899
f 481//769 482//769 483//769
f 481//770 484//770 482//770
f 485//771 486//771 487//771
f 488//772 486//772 485//772
f 486//773 484//773 481//773
f 486//774 488//774 484//774
f 482//775 487//775 483//775
f 485//776 487//776 482//776
f 481//777 483//777 486//777
f 483//778 487//778 486//778
f 482//779 484//779 488//779
f 485//780 482//780 488//780
g \u6b21\u536b\u897f\u7a97\u4e0a\u65b9\u5899
f 489//781 490//781 491//781
f 491//782 490//782 492//782
f 493//783 494//783 495//783
f 493//784 495//784 496//784
f 494//785 493//785 489//785
f 489//786 493//786 490//786
f 496//787 495//787 491//787
f 496//788 491//788 492//788
f 489//789 491//789 494//789
f 491//790 495//790 494//790
f 492//791 490//791 493//791
f 496//792 492//792 493//792
g \u4e3b\u536b\u5317\u7a97
f 497//793 498//793 499//793
f 499//794 498//794 500//794
f 501//795 502//795 503//795
f 501//796 503//796 504//796
f 502//797 501//797 497//797
f 497//798 501//798 498//798
f 504//799 503//799 499//799
f 504//800 499//800 500//800
f 499//801 503//801 497//801
f 497//802 503//802 502//802
f 504//803 500//803 498//803
f 504//804 498//804 501//804
g \u4e3b\u536b\u5317\u7a97\u7a97\u4e0b\u5899
f 505//805 506//805 507//805
f 505//806 508//806 506//806
f 509//807 510//807 511//807
f 512//808 510//808 509//808
f 510//809 512//809 505//809
f 505//810 512//810 508//810
f 509//811 511//811 507//811
f 509//812 507//812 506//812
f 507//813 511//813 505//813
f 505//814 511//814 510//814
f 509//815 506//815 508//815
f 509//816 508//816 512//816
g \u4e3b\u536b\u5317\u7a97\u4e0a\u65b9\u5899
f 513//817 514//817 515//817
f 515//818 514//818 516//818
f 517//819 518//819 519//819
f 517//820 519//820 520//820
f 518//821 517//821 513//821
f 513//822 517//822 514//822
f 520//823 519//823 515//823
f 520//824 515//824 516//824
f 515//825 519//825 513//825
f 513//826 519//826 518//826
f 520//827 516//827 514//827
f 520//828 514//828 517//828
g \u8863\u5e3d\u533a\u5357\u7a97
f 521//829 522//829 523//829
f 523//830 522//830 524//830
f 525//831 526//831 527//831
f 525//832 527//832 528//832
f 521//833 526//833 522//833
f 526//834 525//834 522//834
f 527//835 523//835 524//835
f 528//836 527//836 524//836
f 523//837 527//837 521//837
f 521//838 527//838 526//838
f 528//839 524//839 522//839
f 528//840 522//840 525//840
g \u8863\u5e3d\u533a\u5357\u7a97\u7a97\u4e0b\u5899
f 529//841 530//841 531//841
f 529//842 532//842 530//842
f 533//843 534//843 535//843
f 536//844 534//844 533//844
f 529//845 534//845 532//845
f 534//846 536//846 532//846
f 535//847 531//847 530//847
f 533//848 535//848 530//848
f 531//849 534//849 529//849
f 531//850 535//850 534//850
f 536//851 530//851 532//851
f 533//852 530//852 536//852
g \u8863\u5e3d\u533a\u5357\u7a97\u4e0a\u65b9\u5899
f 537//853 538//853 539//853
f 539//854 538//854 540//854
f 541//855 542//855 543//855
f 541//856 543//856 544//856
f 537//857 542//857 538//857
f 542//858 541//858 538//858
f 543//859 539//859 540//859
f 544//860 543//860 540//860
f 539//861 542//861 537//861
f 539//862 543//862 542//862
f 541//863 540//863 538//863
f 544//864 540//864 541//864
g \u4e3b\u5367\u5357\u7a97
f 545//865 546//865 547//865
f 547//866 546//866 548//866
f 549//867 550//867 551//867
f 549//868 551//868 552//868
f 550//869 549//869 545//869
f 545//870 549//870 546//870
f 552//871 551//871 547//871
f 552//872 547//872 548//872
f 547//873 551//873 545//873
f 545//874 551//874 550//874
f 552//875 548//875 546//875
f 552//876 546//876 549//876
g \u4e3b\u5367\u5357\u7a97\u7a97\u4e0b\u5899
f 553//877 554//877 555//877
f 553//878 556//878 554//878
f 557//879 558//879 559//879
f 560//880 558//880 557//880
f 558//881 560//881 553//881
f 553//882 560//882 556//882
f 557//883 559//883 555//883
f 557//884 555//884 554//884
f 555//885 558//885 553//885
f 555//886 559//886 558//886
f 560//887 554//887 556//887
f 557//888 554//888 560//888
g \u4e3b\u5367\u5357\u7a97\u4e0a\u65b9\u5899
f 561//889 562//889 563//889
f 563//890 562//890 564//890
f 565//891 566//891 567//891
f 565//892 567//892 568//892
f 561//893 566//893 562//893
f 566//894 565//894 562//894
f 567//895 563//895 564//895
f 568//896 567//896 564//896
f 563//897 566//897 561//897
f 563//898 567//898 566//898
f 565//899 564//899 562//899
f 568//900 564//900 565//900
g \u5ba2\u5385\u5357\u7a97
f 569//901 570//901 571//901
f 571//902 570//902 572//902
f 573//903 574//903 575//903
f 573//904 575//904 576//904
f 569//905 574//905 570//905
f 574//906 573//906 570//906
f 575//907 571//907 572//907
f 576//908 575//908 572//908
f 571//909 575//909 569//909
f 569//910 575//910 574//910
f 576//911 572//911 570//911
f 576//912 570//912 573//912
g \u5ba2\u5385\u5357\u7a97\u7a97\u4e0b\u5899
f 577//913 578//913 579//913
f 577//914 580//914 578//914
f 581//915 582//915 583//915
f 584//916 582//916 581//916
f 582//917 584//917 577//917
f 577//918 584//918 580//918
f 581//919 583//919 579//919
f 581//920 579//920 578//920
f 579//921 582//921 577//921
f 579//922 583//922 582//922
f 584//923 578//923 580//923
f 581//924 578//924 584//924
g \u5ba2\u5385\u5357\u7a97\u4e0a\u65b9\u5899
f 585//925 586//925 587//925
f 587//926 586//926 588//926
f 589//927 590//927 591//927
f 589//928 591//928 592//928
f 590//929 589//929 585//929
f 585//930 589//930 586//930
f 592//931 591//931 587//931
f 592//932 587//932 588//932
f 587//933 590//933 585//933
f 587//934 591//934 590//934
f 589//935 588//935 586//935
f 592//936 588//936 589//936
g \u6b21\u5367\u4e8c\u7a97\u8fb9\u5357\u7a97
f 593//937 594//937 595//937
f 595//938 594//938 596//938
f 597//939 598//939 599//939
f 597//940 599//940 600//940
f 598//941 597//941 593//941
f 593//942 597//942 594//942
f 600//943 599//943 595//943
f 600//944 595//944 596//944
f 595//945 599//945 593//945
f 593//946 599//946 598//946
f 600//947 596//947 594//947
f 600//948 594//948 597//948
g \u6b21\u5367\u4e8c\u7a97\u8fb9\u5357\u7a97\u7a97\u4e0b\u5899
f 601//949 602//949 603//949
f 601//950 604//950 602//950
f 605//951 606//951 607//951
f 608//952 606//952 605//952
f 606//953 608//953 601//953
f 601//954 608//954 604//954
f 605//955 607//955 603//955
f 605//956 603//956 602//956
f 603//957 607//957 601//957
f 601//958 607//958 606//958
f 605//959 602//959 604//959
f 605//960 604//960 608//960
g \u6b21\u5367\u4e8c\u7a97\u8fb9\u5357\u7a97\u4e0a\u65b9\u5899
f 609//961 610//961 611//961
f 611//962 610//962 612//962
f 613//963 614//963 615//963
f 613//964 615//964 616//964
f 614//965 613//965 609//965
f 609//966 613//966 610//966
f 616//967 615//967 611//967
f 616//968 611//968 612//968
f 611//969 615//969 609//969
f 609//970 615//970 614//970
f 616//971 612//971 610//971
f 616//972 610//972 613//972
g \u6b21\u5367\u4e8c\u7a97\u8fb9\u79fb\u95e8
f 617//973 618//973 619//973
f 617//974 620//974 618//974
f 621//975 622//975 623//975
f 624//976 622//976 621//976
f 622//977 624//977 617//977
f 617//978 624//978 620//978
f 621//979 623//979 619//979
f 621//980 619//980 618//980
f 619//981 622//981 617//981
f 619//982 623//982 622//982
f 624//983 618//983 620//983
f 621//984 618//984 624//984
g \u6b21\u5367\u4e8c\u7a97\u8fb9\u79fb\u95e8\u4e0a\u65b9\u5899
f 625//985 626//985 627//985
f 627//986 626//986 628//986
f 629//987 630//987 631//987
f 629//988 631//988 632//988
f 630//989 629//989 625//989
f 625//990 629//990 626//990
f 632//991 631//991 627//991
f 632//992 627//992 628//992
f 627//993 631//993 625//993
f 625//994 631//994 630//994
f 632//995 628//995 626//995
f 632//996 626//996 629//996
g \u5ba2\u5385\u7a97\u8fb9\u79fb\u95e8
f 633//997 634//997 635//997
f 635//998 634//998 636//998
f 637//999 638//999 639//999
f 637//1000 639//1000 640//1000
f 638//1001 634//1001 633//1001
f 638//1002 637//1002 634//1002
f 636//1003 639//1003 635//1003
f 640//1004 639//1004 636//1004
f 635//1005 639//1005 633//1005
f 633//1006 639//1006 638//1006
f 640//1007 636//1007 634//1007
f 640//1008 634//1008 637//1008
g \u5ba2\u5385\u7a97\u8fb9\u79fb\u95e8\u4e0a\u65b9\u5899
f 641//1009 642//1009 643//1009
f 642//1010 644//1010 643//1010
f 645//1011 646//1011 647//1011
f 648//1012 645//1012 647//1012
f 645//1013 648//1013 642//1013
f 642//1014 648//1014 644//1014
f 647//1015 646//1015 641//1015
f 647//1016 641//1016 643//1016
f 641//1017 646//1017 642//1017
f 642//1018 646//1018 645//1018
f 647//1019 643//1019 644//1019
f 647//1020 644//1020 648//1020
g \u53a8\u623f\u79fb\u95e8
f 649//1021 650//1021 651//1021
f 649//1022 652//1022 650//1022
f 653//1023 654//1023 655//1023
f 656//1024 654//1024 653//1024
f 654//1025 652//1025 649//1025
f 654//1026 656//1026 652//1026
f 650//1027 655//1027 651//1027
f 653//1028 655//1028 650//1028
f 651//1029 654//1029 649//1029
f 651//1030 655//1030 654//1030
f 656//1031 650//1031 652//1031
f 653//1032 650//1032 656//1032
g \u53a8\u623f\u79fb\u95e8\u4e0a\u65b9\u5899
f 657//1033 658//1033 659//1033
f 659//1034 658//1034 660//1034
f 661//1035 662//1035 663//1035
f 661//1036 663//1036 664//1036
f 657//1037 662//1037 658//1037
f 662//1038 661//1038 658//1038
f 663//1039 659//1039 660//1039
f 664//1040 663//1040 660//1040
f 659//1041 663//1041 657//1041
f 657//1042 663//1042 662//1042
f 664//1043 660//1043 658//1043
f 664//1044 658//1044 661//1044
g \u4e3b\u5367\u5e8a
f 665//1045 666//1045 667//1045
f 666//1046 668//1046 667//1046
f 669//1047 670//1047 671//1047
f 672//1048 669//1048 671//1048
f 669//1049 672//1049 666//1049
f 666//1050 672//1050 668//1050
f 671//1051 670//1051 665//1051
f 671//1052 665//1052 667//1052
f 665//1053 670//1053 666//1053
f 666//1054 670//1054 669//1054
f 671//1055 667//1055 668//1055
f 671//1056 668//1056 672//1056
g \u6b21\u5367\u4e00\u5e8a
f 673//1057 674//1057 675//1057
f 674//1058 676//1058 675//1058
f 677//1059 678//1059 679//1059
f 680//1060 677//1060 679//1060
f 677//1061 680//1061 674//1061
f 674//1062 680//1062 676//1062
f 679//1063 678//1063 673//1063
f 679//1064 673//1064 675//1064
f 673//1065 677//1065 674//1065
f 673//1066 678//1066 677//1066
f 680//1067 675//1067 676//1067
f 679//1068 675//1068 680//1068
g \u6b21\u5367\u4e8c\u5e8a
f 681//1069 682//1069 683//1069
f 683//1070 682//1070 684//1070
f 685//1071 686//1071 687//1071
f 685//1072 687//1072 688//1072
f 686//1073 685//1073 681//1073
f 681//1074 685//1074 682//1074
f 688//1075 687//1075 683//1075
f 688//1076 683//1076 684//1076
f 683//1077 686//1077 681//1077
f 683//1078 687//1078 686//1078
f 685//1079 684//1079 682//1079
f 688//1080 684//1080 685//1080
g \u8863\u5e3d\u533a\u957f\u67dc
f 689//1081 690//1081 691//1081
f 691//1082 690//1082 692//1082
f 693//1083 694//1083 695//1083
f 693//1084 695//1084 696//1084
f 694//1085 693//1085 689//1085
f 689//1086 693//1086 690//1086
f 696//1087 695//1087 691//1087
f 696//1088 691//1088 692//1088
f 691//1089 695//1089 689//1089
f 689//1090 695//1090 694//1090
f 696//1091 692//1091 690//1091
f 696//1092 690//1092 693//1092
g \u53a8\u623f\u6a71\u67dc
f 697//1093 698//1093 699//1093
f 699//1094 698//1094 700//1094
f 701//1095 702//1095 703//1095
f 701//1096 703//1096 704//1096
f 697//1097 702//1097 698//1097
f 702//1098 701//1098 698//1098
f 703//1099 699//1099 700//1099
f 704//1100 703//1100 700//1100
f 699//1101 703//1101 697//1101
f 697//1102 703//1102 702//1102
f 704//1103 700//1103 698//1103
f 704//1104 698//1104 701//1104
g \u6b21\u5367\u4e00\u77ee\u67dc
f 705//1105 706//1105 707//1105
f 705//1106 708//1106 706//1106
f 709//1107 710//1107 711//1107
f 712//1108 710//1108 709//1108
f 710//1109 712//1109 705//1109
f 705//1110 712//1110 708//1110
f 709//1111 711//1111 707//1111
f 709//1112 707//1112 706//1112
f 707//1113 711//1113 705//1113
f 705//1114 711//1114 710//1114
f 709//1115 706//1115 708//1115
f 709//1116 708//1116 712//1116
g \u6b21\u536b\u53f0\u76c6
f 713//1117 714//1117 715//1117
f 713//1118 716//1118 714//1118
f 717//1119 718//1119 719//1119
f 720//1120 718//1120 717//1120
f 718//1121 716//1121 713//1121
f 718//1122 720//1122 716//1122
f 714//1123 719//1123 715//1123
f 717//1124 719//1124 714//1124
f 713//1125 715//1125 718//1125
f 715//1126 719//1126 718//1126
f 714//1127 716//1127 720//1127
f 717//1128 714//1128 720//1128
g \u6b21\u536b\u9a6c\u6876
f 721//1129 722//1129 723//1129
f 721//1130 724//1130 722//1130
f 725//1131 726//1131 727//1131
f 728//1132 726//1132 725//1132
f 726//1133 728//1133 721//1133
f 721//1134 728//1134 724//1134
f 725//1135 727//1135 723//1135
f 725//1136 723//1136 722//1136
f 723//1137 727//1137 721//1137
f 721//1138 727//1138 726//1138
f 725//1139 722//1139 724//1139
f 725//1140 724//1140 728//1140
g \u6b21\u536b\u6dcb\u6d74
f 729//1141 730//1141 731//1141
f 731//1142 730//1142 732//1142
f 733//1143 734//1143 735//1143
f 733//1144 735//1144 736//1144
f 734//1145 733//1145 729//1145
f 729//1146 733//1146 730//1146
f 736//1147 735//1147 731//1147
f 736//1148 731//1148 732//1148
f 731//1149 734//1149 729//1149
f 731//1150 735//1150 734//1150
f 733//1151 732//1151 730//1151
f 736//1152 732//1152 733//1152
g \u53a8\u623f\u8fde\u7eed\u5907\u9910\u53f0
f 737//1153 738//1153 739//1153
f 737//1154 740//1154 738//1154
f 741//1155 742//1155 743//1155
f 744//1156 742//1156 741//1156
f 742//1157 744//1157 737//1157
f 737//1158 744//1158 740//1158
f 741//1159 743//1159 739//1159
f 741//1160 739//1160 738//1160
f 739//1161 743//1161 737//1161
f 737//1162 743//1162 742//1162
f 741//1163 738//1163 740//1163
f 741//1164 740//1164 744//1164
g \u8fc7\u9053\u8584\u578b\u51b0\u7bb1\uff08\u2264840\u5bbd\xd7600\u6df1\uff09
f 745//1165 746//1165 747//1165
f 747//1166 746//1166 748//1166
f 749//1167 750//1167 751//1167
f 749//1168 751//1168 752//1168
f 750//1169 746//1169 745//1169
f 750//1170 749//1170 746//1170
f 748//1171 751//1171 747//1171
f 752//1172 751//1172 748//1172
f 747//1173 751//1173 745//1173
f 745//1174 751//1174 750//1174
f 752//1175 748//1175 746//1175
f 752//1176 746//1176 749//1176
g \u8fc7\u9053\u84b8\u7bb1\u70e4\u7bb1\u72ec\u7acb\u5217
f 753//1177 754//1177 755//1177
f 753//1178 756//1178 754//1178
f 757//1179 758//1179 759//1179
f 760//1180 758//1180 757//1180
f 758//1181 756//1181 753//1181
f 758//1182 760//1182 756//1182
f 754//1183 759//1183 755//1183
f 757//1184 759//1184 754//1184
f 755//1185 759//1185 753//1185
f 753//1186 759//1186 758//1186
f 757//1187 754//1187 756//1187
f 757//1188 756//1188 760//1188
g \u8fc7\u9053\u6d17\u8863\u673a\u70d8\u5e72\u673a\u53e0\u653e\u5217
f 761//1189 762//1189 763//1189
f 763//1190 762//1190 764//1190
f 765//1191 766//1191 767//1191
f 765//1192 767//1192 768//1192
f 766//1193 762//1193 761//1193
f 766//1194 765//1194 762//1194
f 764//1195 767//1195 763//1195
f 768//1196 767//1196 764//1196
f 763//1197 767//1197 761//1197
f 761//1198 767//1198 766//1198
f 768//1199 764//1199 762//1199
f 768//1200 762//1200 765//1200
g 4\u4eba\u9910\u684c\uff08\u52a0\u7aef\u6905\u53ef6\u4eba\uff09
f 769//1201 770//1201 771//1201
f 770//1202 772//1202 771//1202
f 773//1203 774//1203 775//1203
f 776//1204 773//1204 775//1204
f 773//1205 776//1205 770//1205
f 770//1206 776//1206 772//1206
f 775//1207 774//1207 769//1207
f 775//1208 769//1208 771//1208
f 769//1209 774//1209 770//1209
f 770//1210 774//1210 773//1210
f 775//1211 771//1211 772//1211
f 775//1212 772//1212 776//1212
g \u9910\u6905
f 777//1213 778//1213 779//1213
f 777//1214 780//1214 778//1214
f 781//1215 782//1215 783//1215
f 784//1216 782//1216 781//1216
f 782//1217 780//1217 777//1217
f 782//1218 784//1218 780//1218
f 778//1219 783//1219 779//1219
f 781//1220 783//1220 778//1220
f 777//1221 779//1221 782//1221
f 779//1222 783//1222 782//1222
f 778//1223 780//1223 784//1223
f 781//1224 778//1224 784//1224
g \u9910\u6905001
f 785//1225 786//1225 787//1225
f 785//1226 788//1226 786//1226
f 789//1227 790//1227 791//1227
f 792//1228 790//1228 789//1228
f 790//1229 788//1229 785//1229
f 790//1230 792//1230 788//1230
f 786//1231 791//1231 787//1231
f 789//1232 791//1232 786//1232
f 785//1233 787//1233 790//1233
f 787//1234 791//1234 790//1234
f 786//1235 788//1235 792//1235
f 789//1236 786//1236 792//1236
g \u9910\u6905002
f 793//1237 794//1237 795//1237
f 793//1238 796//1238 794//1238
f 797//1239 798//1239 799//1239
f 800//1240 798//1240 797//1240
f 798//1241 796//1241 793//1241
f 798//1242 800//1242 796//1242
f 794//1243 799//1243 795//1243
f 797//1244 799//1244 794//1244
f 793//1245 795//1245 798//1245
f 795//1246 799//1246 798//1246
f 794//1247 796//1247 800//1247
f 797//1248 794//1248 800//1248
g \u9910\u6905003
f 801//1249 802//1249 803//1249
f 801//1250 804//1250 802//1250
f 805//1251 806//1251 807//1251
f 808//1252 806//1252 805//1252
f 806//1253 804//1253 801//1253
f 806//1254 808//1254 804//1254
f 802//1255 807//1255 803//1255
f 805//1256 807//1256 802//1256
f 801//1257 803//1257 806//1257
f 803//1258 807//1258 806//1258
f 802//1259 804//1259 808//1259
f 805//1260 802//1260 808//1260
g \u53cc\u4eba/\u5c0f\u4e09\u4eba\u6c99\u53d1\uff08\u7ea62200\xd7900\uff09
f 809//1261 810//1261 811//1261
f 811//1262 810//1262 812//1262
f 813//1263 814//1263 815//1263
f 813//1264 815//1264 816//1264
f 814//1265 813//1265 809//1265
f 809//1266 813//1266 810//1266
f 816//1267 815//1267 811//1267
f 816//1268 811//1268 812//1268
f 811//1269 815//1269 809//1269
f 809//1270 815//1270 814//1270
f 816//1271 812//1271 810//1271
f 816//1272 810//1272 813//1272
g \u7535\u89c6\u5f71\u97f3\u77ee\u67dc\uff08\u7ea61800\xd7350\uff09
f 817//1273 818//1273 819//1273
f 819//1274 818//1274 820//1274
f 821//1275 822//1275 823//1275
f 821//1276 823//1276 824//1276
f 822//1277 821//1277 817//1277
f 817//1278 821//1278 818//1278
f 824//1279 823//1279 819//1279
f 824//1280 819//1280 820//1280
f 819//1281 823//1281 817//1281
f 817//1282 823//1282 822//1282
f 824//1283 820//1283 818//1283
f 824//1284 818//1284 821//1284
g \u5ba2\u5385\u8336\u51e0\uff08\u7ea6900\xd7550\uff09
f 825//1285 826//1285 827//1285
f 827//1286 826//1286 828//1286
f 829//1287 830//1287 831//1287
f 829//1288 831//1288 832//1288
f 825//1289 830//1289 826//1289
f 830//1290 829//1290 826//1290
f 831//1291 827//1291 828//1291
f 832//1292 831//1292 828//1292
f 827//1293 831//1293 825//1293
f 825//1294 831//1294 830//1294
f 832//1295 828//1295 826//1295
f 832//1296 826//1296 829//1296
g \u9910\u8fb9\u98df\u54c1/\u4e66\u7c4d\u9ad8\u67dc\uff08\u7ea6900\xd7400\uff09
f 833//1297 834//1297 835//1297
f 835//1298 834//1298 836//1298
f 837//1299 838//1299 839//1299
f 837//1300 839//1300 840//1300
f 838//1301 837//1301 833//1301
f 833//1302 837//1302 834//1302
f 840//1303 839//1303 835//1303
f 840//1304 835//1304 836//1304
f 835//1305 839//1305 833//1305
f 833//1306 839//1306 838//1306
f 840//1307 836//1307 834//1307
f 840//1308 834//1308 837//1308
g \u9910\u8fb9\u67dc/\u5145\u7535\u6536\u7eb3\uff08\u7ea6900\xd7400\uff09
f 841//1309 842//1309 843//1309
f 842//1310 844//1310 843//1310
f 845//1311 846//1311 847//1311
f 848//1312 845//1312 847//1312
f 845//1313 848//1313 842//1313
f 842//1314 848//1314 844//1314
f 847//1315 846//1315 841//1315
f 847//1316 841//1316 843//1316
f 842//1317 841//1317 845//1317
f 841//1318 846//1318 845//1318
f 843//1319 844//1319 848//1319
f 847//1320 843//1320 848//1320
g \u6c99\u53d1\u8fb9\u51e0
f 849//1321 850//1321 851//1321
f 849//1322 852//1322 850//1322
f 853//1323 854//1323 855//1323
f 856//1324 854//1324 853//1324
f 854//1325 856//1325 849//1325
f 849//1326 856//1326 852//1326
f 853//1327 855//1327 851//1327
f 853//1328 851//1328 850//1328
f 851//1329 855//1329 849//1329
f 849//1330 855//1330 854//1330
f 853//1331 850//1331 852//1331
f 853//1332 852//1332 856//1332
g \u4e3b\u536b\u6dcb\u6d74
f 857//1333 858//1333 859//1333
f 859//1334 858//1334 860//1334
f 861//1335 862//1335 863//1335
f 861//1336 863//1336 864//1336
f 862//1337 858//1337 857//1337
f 862//1338 861//1338 858//1338
f 860//1339 863//1339 859//1339
f 864//1340 863//1340 860//1340
f 859//1341 862//1341 857//1341
f 859//1342 863//1342 862//1342
f 861//1343 860//1343 858//1343
f 864//1344 860//1344 861//1344
g \u4e3b\u536b\u9a6c\u6876
f 865//1345 866//1345 867//1345
f 867//1346 866//1346 868//1346
f 869//1347 870//1347 871//1347
f 869//1348 871//1348 872//1348
f 870//1349 869//1349 865//1349
f 865//1350 869//1350 866//1350
f 872//1351 871//1351 867//1351
f 872//1352 867//1352 868//1352
f 867//1353 871//1353 865//1353
f 865//1354 871//1354 870//1354
f 872//1355 868//1355 866//1355
f 872//1356 866//1356 869//1356
g \u4e3b\u536b\u53f0\u76c6
f 873//1357 874//1357 875//1357
f 873//1358 876//1358 874//1358
f 877//1359 878//1359 879//1359
f 880//1360 878//1360 877//1360
f 878//1361 876//1361 873//1361
f 878//1362 880//1362 876//1362
f 874//1363 879//1363 875//1363
f 877//1364 879//1364 874//1364
f 873//1365 875//1365 878//1365
f 875//1366 879//1366 878//1366
f 874//1367 876//1367 880//1367
f 877//1368 874//1368 880//1368
g \u4e3b\u536b\u955c\u67dc
f 881//1369 882//1369 883//1369
f 883//1370 882//1370 884//1370
f 885//1371 886//1371 887//1371
f 885//1372 887//1372 888//1372
f 886//1373 885//1373 881//1373
f 881//1374 885//1374 882//1374
f 888//1375 887//1375 883//1375
f 888//1376 883//1376 884//1376
f 883//1377 887//1377 881//1377
f 881//1378 887//1378 886//1378
f 888//1379 884//1379 882//1379
f 888//1380 882//1380 885//1380
g \u4e3b\u5367\u5317\u8863\u67dc
f 889//1381 890//1381 891//1381
f 891//1382 890//1382 892//1382
f 893//1383 894//1383 895//1383
f 893//1384 895//1384 896//1384
f 894//1385 893//1385 889//1385
f 889//1386 893//1386 890//1386
f 896//1387 895//1387 891//1387
f 896//1388 891//1388 892//1388
f 891//1389 895//1389 889//1389
f 889//1390 895//1390 894//1390
f 896//1391 892//1391 890//1391
f 896//1392 890//1392 893//1392
g \u4e3b\u5367\u897f\u8863\u67dc
f 897//1393 898//1393 899//1393
f 897//1394 900//1394 898//1394
f 901//1395 902//1395 903//1395
f 904//1396 902//1396 901//1396
f 902//1397 904//1397 897//1397
f 897//1398 904//1398 900//1398
f 901//1399 903//1399 899//1399
f 901//1400 899//1400 898//1400
f 899//1401 903//1401 897//1401
f 897//1402 903//1402 902//1402
f 901//1403 898//1403 900//1403
f 901//1404 900//1404 904//1404
g \u8001\u4eba\u623f\u8863\u67dc
f 905//1405 906//1405 907//1405
f 907//1406 906//1406 908//1406
f 909//1407 910//1407 911//1407
f 909//1408 911//1408 912//1408
f 910//1409 909//1409 905//1409
f 905//1410 909//1410 906//1410
f 912//1411 911//1411 907//1411
f 912//1412 907//1412 908//1412
f 905//1413 907//1413 910//1413
f 907//1414 911//1414 910//1414
f 908//1415 906//1415 909//1415
f 912//1416 908//1416 909//1416
g \u513f\u7ae5\u623f\u8863\u67dc
f 913//1417 914//1417 915//1417
f 913//1418 916//1418 914//1418
f 917//1419 918//1419 919//1419
f 920//1420 918//1420 917//1420
f 918//1421 920//1421 913//1421
f 913//1422 920//1422 916//1422
f 917//1423 919//1423 915//1423
f 917//1424 915//1424 914//1424
f 915//1425 918//1425 913//1425
f 915//1426 919//1426 918//1426
f 920//1427 914//1427 916//1427
f 917//1428 914//1428 920//1428
g \u4e3b\u5367\u7a97\u8fb9\u6536\u7eb3\u67dc
f 921//1429 922//1429 923//1429
f 923//1430 922//1430 924//1430
f 925//1431 926//1431 927//1431
f 925//1432 927//1432 928//1432
f 926//1433 925//1433 921//1433
f 921//1434 925//1434 922//1434
f 928//1435 927//1435 923//1435
f 928//1436 923//1436 924//1436
f 923//1437 927//1437 921//1437
f 921//1438 927//1438 926//1438
f 928//1439 924//1439 922//1439
f 928//1440 922//1440 925//1440
g \u4e3b\u5367\u7a97\u8fb9\u4e1c\u67dc
f 929//1441 930//1441 931//1441
f 931//1442 930//1442 932//1442
f 933//1443 934//1443 935//1443
f 933//1444 935//1444 936//1444
f 934//1445 933//1445 929//1445
f 929//1446 933//1446 930//1446
f 936//1447 935//1447 931//1447
f 936//1448 931//1448 932//1448
f 929//1449 931//1449 934//1449
f 931//1450 935//1450 934//1450
f 932//1451 930//1451 933//1451
f 936//1452 932//1452 933//1452
g \u513f\u7ae5\u7a97\u8fb9\u4e66\u67dc\uff08\u7ea6300\u6df1\uff09
f 937//1453 938//1453 939//1453
f 938//1454 940//1454 939//1454
f 941//1455 942//1455 943//1455
f 944//1456 941//1456 943//1456
f 941//1457 940//1457 938//1457
f 941//1458 944//1458 940//1458
f 939//1459 942//1459 937//1459
f 943//1460 942//1460 939//1460
f 938//1461 937//1461 941//1461
f 937//1462 942//1462 941//1462
f 939//1463 940//1463 944//1463
f 943//1464 939//1464 944//1464
g \u4e3b\u5367\u7a97\u8fb9\u68b3\u5986\u9605\u8bfb\u53f0\uff081200\xd7450\uff09
f 945//1465 946//1465 947//1465
f 945//1466 948//1466 946//1466
f 949//1467 950//1467 951//1467
f 952//1468 950//1468 949//1468
f 945//1469 950//1469 948//1469
f 950//1470 952//1470 948//1470
f 951//1471 947//1471 946//1471
f 949//1472 951//1472 946//1472
f 947//1473 951//1473 945//1473
f 945//1474 951//1474 950//1474
f 949//1475 946//1475 948//1475
f 949//1476 948//1476 952//1476
g \u4e3b\u5367\u7a97\u8fb9\u6d3b\u52a8\u6905
f 953//1477 954//1477 955//1477
f 955//1478 954//1478 956//1478
f 957//1479 958//1479 959//1479
f 957//1480 959//1480 960//1480
f 958//1481 957//1481 953//1481
f 953//1482 957//1482 954//1482
f 960//1483 959//1483 955//1483
f 960//1484 955//1484 956//1484
f 955//1485 959//1485 953//1485
f 953//1486 959//1486 958//1486
f 960//1487 956//1487 954//1487
f 960//1488 954//1488 957//1488
g \u513f\u7ae5\u7a97\u8fb9\u5b66\u4e60\u684c\uff081800\xd7600\uff09
f 961//1489 962//1489 963//1489
f 961//1490 964//1490 962//1490
f 965//1491 966//1491 967//1491
f 968//1492 966//1492 965//1492
f 966//1493 968//1493 961//1493
f 961//1494 968//1494 964//1494
f 965//1495 967//1495 963//1495
f 965//1496 963//1496 962//1496
f 963//1497 966//1497 961//1497
f 963//1498 967//1498 966//1498
f 968//1499 962//1499 964//1499
f 965//1500 962//1500 968//1500
g \u513f\u7ae5\u5b66\u4e60\u6905
f 969//1501 970//1501 971//1501
f 971//1502 970//1502 972//1502
f 973//1503 974//1503 975//1503
f 973//1504 975//1504 976//1504
f 974//1505 970//1505 969//1505
f 974//1506 973//1506 970//1506
f 972//1507 975//1507 971//1507
f 976//1508 975//1508 972//1508
f 971//1509 975//1509 969//1509
f 969//1510 975//1510 974//1510
f 976//1511 972//1511 970//1511
f 976//1512 970//1512 973//1512
g \u4e3b\u536b\u6d74\u7f381500\xd7700
f 977//1513 978//1513 979//1513
f 979//1514 978//1514 980//1514
f 981//1515 982//1515 983//1515
f 981//1516 983//1516 984//1516
f 982//1517 981//1517 977//1517
f 977//1518 981//1518 978//1518
f 984//1519 983//1519 979//1519
f 984//1520 979//1520 980//1520
f 979//1521 982//1521 977//1521
f 979//1522 983//1522 982//1522
f 981//1523 980//1523 978//1523
f 984//1524 980//1524 981//1524
